ticker,ticker_sec,name,sector,weight,cik,sic,annual_form,annual_period,annual_filed,annual_adsh,latest_10q_period,latest_10q_filed,sec_quarters_used,annual_revenue,annual_revenue_tag,annual_revenue_date,prior_revenue,prior_revenue_date,annual_net_income,annual_net_income_tag,annual_net_income_date,prior_net_income,prior_net_income_date,annual_operating_income,annual_operating_income_tag,annual_operating_income_date,prior_operating_income,prior_operating_income_date,annual_operating_cash_flow,annual_operating_cash_flow_tag,annual_operating_cash_flow_date,prior_operating_cash_flow,prior_operating_cash_flow_date,annual_capex,annual_capex_tag,annual_capex_date,prior_capex,prior_capex_date,annual_diluted_shares,annual_diluted_shares_tag,annual_diluted_shares_date,prior_diluted_shares,prior_diluted_shares_date,annual_assets,annual_assets_tag,annual_assets_date,annual_equity,annual_equity_tag,annual_equity_date,annual_cash,annual_cash_tag,annual_cash_date,annual_debt,annual_debt_tag,annual_debt_date,annual_fcf,revenue_yoy,net_income_yoy,diluted_shares_yoy,operating_margin,net_margin,fcf_margin,roe_simple,debt_to_equity,core_metric_coverage_pct,extended_metric_coverage_pct,data_quality_flags,data_status
NVDA,NVDA,NVIDIA CORP,-,8.074113,0001045810,3674,10-K,20260131,20260225,0001045810-26-000021,20260430,20260520,2025Q3;2025Q4;2026Q1;2026Q2,215938000000.0,Revenues,20260131,130497000000.0,20250131,120067000000.0,NetIncomeLoss,20260131,72880000000.0,20250131,130387000000.0,OperatingIncomeLoss,20260131,81453000000.0,20250131,102718000000.0,NetCashProvidedByUsedInOperatingActivities,20260131,64089000000.0,20250131,6042000000.0,PaymentsToAcquireProductiveAssets,20260131,3236000000.0,20250131,24514000000.0,WeightedAverageNumberOfDilutedSharesOutstanding,20260131,24804000000.0,20250131,206803000000.0,Assets,20260131,157293000000.0,StockholdersEquity,20260131,10605000000.0,CashAndCashEquivalentsAtCarryingValue,20260131,7469000000.0,LongTermDebtNoncurrent,20260131,96676000000.0,0.6547353579009478,0.6474615806805708,-0.01169166263505883,0.6038168363141272,0.5560253406070261,0.44770258129648327,0.7633333969089534,0.047484630593859864,100.0,100.0,OK,PRESENT
AAPL,AAPL,APPLE INC,-,7.026636,0000320193,3571,10-K,20250930,20251031,0000320193-25-000079,20260331,20260501,2025Q3;2025Q4;2026Q1;2026Q2,416161000000.0,RevenueFromContractWithCustomerExcludingAssessedTax,20250930,391035000000.0,20240930,112010000000.0,NetIncomeLoss,20250930,93736000000.0,20240930,133050000000.0,OperatingIncomeLoss,20250930,123216000000.0,20240930,111482000000.0,NetCashProvidedByUsedInOperatingActivities,20250930,118254000000.0,20240930,12715000000.0,PaymentsToAcquirePropertyPlantAndEquipment,20250930,9447000000.0,20240930,15004697000.0,WeightedAverageNumberOfDilutedSharesOutstanding,20250930,15408095000.0,20240930,359241000000.0,Assets,20250930,73733000000.0,StockholdersEquity,20250930,35934000000.0,CashAndCashEquivalentsAtCarryingValue,20250930,90678000000.0,LongTermDebtCurrent+LongTermDebtNoncurrent,20250930+20250930,98767000000.0,0.06425511782832749,0.1949517794657336,-0.026180913344576395,0.31970799762591884,0.2691506412181824,0.23732882225869315,1.5191298333175105,1.229815686327696,100.0,100.0,OK,PRESENT
MSFT,MSFT,MICROSOFT CORP,-,5.689832,0000789019,7372,10-K,20250630,20250730,0000950170-25-100235,20260331,20260429,2025Q3;2025Q4;2026Q1;2026Q2,281724000000.0,RevenueFromContractWithCustomerExcludingAssessedTax,20250630,245122000000.0,20240630,101832000000.0,NetIncomeLoss,20250630,88136000000.0,20240630,128528000000.0,OperatingIncomeLoss,20250630,109433000000.0,20240630,136162000000.0,NetCashProvidedByUsedInOperatingActivities,20250630,118548000000.0,20240630,64551000000.0,PaymentsToAcquirePropertyPlantAndEquipment,20250630,44477000000.0,20240630,7465000000.0,WeightedAverageNumberOfDilutedSharesOutstanding,20250630,7469000000.0,20240630,619003000000.0,Assets,20250630,343479000000.0,StockholdersEquity,20250630,30242000000.0,CashAndCashEquivalentsAtCarryingValue,20250630,43151000000.0,LongTermDebtCurrent+LongTermDebtNoncurrent,20250630+20250630,71611000000.0,0.14932156232406713,0.15539620586366532,-0.0005355469272995128,0.4562195624085985,0.3614601524896707,0.2541884965427156,0.2964722734140952,0.12562922332951942,100.0,100.0,OK,PRESENT
AMZN,AMZN,AMAZON.COM INC,-,3.839695,0001018724,5961,10-K,20251231,20260206,0001018724-26-000004,20260331,20260430,2025Q3;2025Q4;2026Q1;2026Q2,716924000000.0,RevenueFromContractWithCustomerExcludingAssessedTax,20251231,637959000000.0,20241231,77670000000.0,NetIncomeLoss,20251231,59248000000.0,20241231,79975000000.0,OperatingIncomeLoss,20251231,68593000000.0,20241231,139514000000.0,NetCashProvidedByUsedInOperatingActivities,20251231,115877000000.0,20241231,131819000000.0,PaymentsToAcquireProductiveAssets,20251231,82999000000.0,20241231,10827000000.0,WeightedAverageNumberOfDilutedSharesOutstanding,20251231,10721000000.0,20241231,818042000000.0,Assets,20251231,411065000000.0,StockholdersEquity,20251231,86810000000.0,CashAndCashEquivalentsAtCarryingValue,20251231,65648000000.0,LongTermDebtNoncurrent,20251231,7695000000.0,0.12377754683294695,0.3109303267620849,0.009887137393899792,0.11155296795755199,0.10833784334183261,0.010733355278941701,0.1889482198679041,0.1597022368725141,100.0,100.0,OK,PRESENT
GOOGL,GOOGL,ALPHABET INC CL A,-,3.004561,0001652044,7370,10-K,20251231,20260205,0001652044-26-000018,20260331,20260430,2025Q3;2025Q4;2026Q1;2026Q2,402836000000.0,Revenues,20251231,350018000000.0,20241231,132170000000.0,NetIncomeLoss,20251231,100118000000.0,20241231,129039000000.0,OperatingIncomeLoss,20251231,112390000000.0,20241231,164713000000.0,NetCashProvidedByUsedInOperatingActivities,20251231,125299000000.0,20241231,91447000000.0,PaymentsToAcquirePropertyPlantAndEquipment,20251231,52535000000.0,20241231,,,,,,595281000000.0,Assets,20251231,415265000000.0,StockholdersEquity,20251231,30708000000.0,CashAndCashEquivalentsAtCarryingValue,20251231,46547000000.0,LongTermDebtNoncurrent,20251231,73266000000.0,0.1509008108154437,0.3201422321660441,,0.32032638592380025,0.3280987796522654,0.18187550268595656,0.3182786895115167,0.11208987032376916,83.3,87.5,MISSING_DILUTED_SHARES,PARTIAL
AVGO,AVGO,BROADCOM INC,-,2.647594,0001730168,3674,10-K,20251031,20251218,0001730168-25-000121,20260430,20260609,2025Q3;2025Q4;2026Q1;2026Q2,63887000000.0,RevenueFromContractWithCustomerExcludingAssessedTax,20251031,51574000000.0,20241031,23126000000.0,ProfitLoss,20251031,5895000000.0,20241031,25484000000.0,OperatingIncomeLoss,20251031,13463000000.0,20241031,27537000000.0,NetCashProvidedByUsedInOperatingActivities,20251031,19962000000.0,20241031,623000000.0,PaymentsToAcquirePropertyPlantAndEquipment,20251031,548000000.0,20241031,4853000000.0,WeightedAverageNumberOfDilutedSharesOutstanding,20251031,4778000000.0,20241031,171092000000.0,Assets,20251031,81292000000.0,StockholdersEquityIncludingPortionAttributableToNoncontrollingInterest,20251031,16178000000.0,CashAndCashEquivalentsAtCarryingValue,20251031,61984000000.0,LongTermDebtAndCapitalLeaseObligations,20251031,26914000000.0,0.23874432853763516,2.922985581000848,0.015696944328170703,0.3988917933225852,0.3619828760154648,0.4212750637844945,0.2844806377011268,0.7624858534665158,100.0,100.0,OK,PRESENT
GOOG,GOOG,ALPHABET INC CL C,-,2.393675,0001652044,7370,10-K,20251231,20260205,0001652044-26-000018,20260331,20260430,2025Q3;2025Q4;2026Q1;2026Q2,402836000000.0,Revenues,20251231,350018000000.0,20241231,132170000000.0,NetIncomeLoss,20251231,100118000000.0,20241231,129039000000.0,OperatingIncomeLoss,20251231,112390000000.0,20241231,164713000000.0,NetCashProvidedByUsedInOperatingActivities,20251231,125299000000.0,20241231,91447000000.0,PaymentsToAcquirePropertyPlantAndEquipment,20251231,52535000000.0,20241231,,,,,,595281000000.0,Assets,20251231,415265000000.0,StockholdersEquity,20251231,30708000000.0,CashAndCashEquivalentsAtCarryingValue,20251231,46547000000.0,LongTermDebtNoncurrent,20251231,73266000000.0,0.1509008108154437,0.3201422321660441,,0.32032638592380025,0.3280987796522654,0.18187550268595656,0.3182786895115167,0.11208987032376916,83.3,87.5,MISSING_DILUTED_SHARES,PARTIAL
META,META,META PLATFORMS INC CLASS A,-,1.897786,0001326801,7370,10-K,20251231,20260129,0001628280-26-003942,20260331,20260430,2025Q3;2025Q4;2026Q1;2026Q2,200966000000.0,RevenueFromContractWithCustomerExcludingAssessedTax,20251231,164501000000.0,20241231,60458000000.0,NetIncomeLoss,20251231,62360000000.0,20241231,83276000000.0,OperatingIncomeLoss,20251231,69380000000.0,20241231,115800000000.0,NetCashProvidedByUsedInOperatingActivities,20251231,91328000000.0,20241231,69691000000.0,PaymentsToAcquirePropertyPlantAndEquipment,20251231,37256000000.0,20241231,2574000000.0,WeightedAverageNumberOfDilutedSharesOutstanding,20251231,2614000000.0,20241231,366021000000.0,Assets,20251231,217243000000.0,StockholdersEquity,20251231,35873000000.0,CashAndCashEquivalentsAtCarryingValue,20251231,58744000000.0,LongTermDebtNoncurrent,20251231,46109000000.0,0.22167038498246217,-0.030500320718409246,-0.015302218821729108,0.41437855159579234,0.3008369574952977,0.2294368201586338,0.2782966539773433,0.27040687156778354,100.0,100.0,OK,PRESENT
MU,MU,MICRON TECHNOLOGY INC,-,1.632455,0000723125,3674,10-K,20250831,20251003,0000723125-25-000028,20260531,20260625,2025Q3;2025Q4;2026Q1;2026Q2,37378000000.0,RevenueFromContractWithCustomerExcludingAssessedTax,20250831,25111000000.0,20240831,8539000000.0,NetIncomeLoss,20250831,778000000.0,20240831,9770000000.0,OperatingIncomeLoss,20250831,1304000000.0,20240831,17525000000.0,NetCashProvidedByUsedInOperatingActivities,20250831,8507000000.0,20240831,15857000000.0,PaymentsToAcquirePropertyPlantAndEquipment,20250831,8386000000.0,20240831,1125000000.0,WeightedAverageNumberOfDilutedSharesOutstanding,20250831,1118000000.0,20240831,82798000000.0,Assets,20250831,54165000000.0,StockholdersEquity,20250831,9642000000.0,CashAndCashEquivalentsAtCarryingValue,20250831,14017000000.0,LongTermDebtAndCapitalLeaseObligations,20250831,1668000000.0,0.4885110111106685,9.975578406169666,0.0062611806797854275,0.2613837016426775,0.22844989030980792,0.04462518058751137,0.1576479276285424,0.25878334717991325,100.0,100.0,OK,PRESENT
TSLA,TSLA,TESLA INC,-,1.564033,0001318605,3711,10-K,20251231,20260129,0001628280-26-003952,20260331,20260423,2025Q3;2025Q4;2026Q1;2026Q2,94827000000.0,RevenueFromContractWithCustomerExcludingAssessedTax,20251231,97690000000.0,20241231,3794000000.0,NetIncomeLoss,20251231,7091000000.0,20241231,4355000000.0,OperatingIncomeLoss,20251231,7076000000.0,20241231,14747000000.0,NetCashProvidedByUsedInOperatingActivities,20251231,14923000000.0,20241231,8527000000.0,PaymentsToAcquirePropertyPlantAndEquipment,20251231,11342000000.0,20241231,3528000000.0,WeightedAverageNumberOfDilutedSharesOutstanding,20251231,3498000000.0,20241231,137806000000.0,Assets,20251231,82137000000.0,StockholdersEquity,20251231,16513000000.0,CashAndCashEquivalentsAtCarryingValue,20251231,,,,6220000000.0,-0.02930699150373628,-0.4649555774925962,0.00857632933104635,0.04592573845001951,0.04000970187815706,0.06559313275754795,0.04619111971462313,,100.0,87.5,OK,PRESENT
JPM,JPM,JPMORGAN CHASE + CO,-,1.440334,0000019617,6021,10-K,20251231,20260213,0001628280-26-008131,20260331,20260501,2025Q3;2025Q4;2026Q1;2026Q2,,,,,,57048000000.0,NetIncomeLoss,20251231,58471000000.0,20241231,,,,,,-147782000000.0,NetCashProvidedByUsedInOperatingActivities,20251231,-42012000000.0,20241231,,,,,,2781500000.0,WeightedAverageNumberOfDilutedSharesOutstanding,20251231,2879000000.0,20241231,4424900000000.0,Assets,20251231,362438000000.0,StockholdersEquity,20251231,343338000000.0,CashCashEquivalentsRestrictedCashAndRestrictedCashEquivalents,20251231,64776000000.0,ShortTermBorrowings,20251231,,,-0.02433685074652392,-0.03386592566863489,,,,0.1574007140531622,0.17872298158581607,83.3,75.0,MISSING_REVENUE,PARTIAL
BRK.B,BRK-B,BERKSHIRE HATHAWAY INC CL B,-,1.395181,0001067983,6331,10-K,20251231,20260302,0001193125-26-083899,20260331,20260504,2025Q3;2025Q4;2026Q1;2026Q2,371444000000.0,Revenues,20251231,371433000000.0,20241231,66968000000.0,NetIncomeLoss,20251231,88995000000.0,20241231,,,,,,45969000000.0,NetCashProvidedByUsedInOperatingActivities,20251231,30592000000.0,20241231,20927000000.0,PaymentsToAcquirePropertyPlantAndEquipment,20251231,18976000000.0,20241231,,,,,,1222176000000.0,Assets,20251231,717419000000.0,StockholdersEquity,20251231,52569000000.0,CashCashEquivalentsRestrictedCashAndRestrictedCashEquivalents,20251231,,,,25042000000.0,2.9615031513108292e-05,-0.24750828698241478,,,0.18029097252883342,0.06741796879206556,0.09334572962243821,,83.3,75.0,MISSING_DILUTED_SHARES,PARTIAL
LLY,LLY,ELI LILLY + CO,-,1.381568,0000059478,2834,10-K,20251231,20260212,0000059478-26-000013,20260331,20260430,2025Q3;2025Q4;2026Q1;2026Q2,65179000000.0,Revenues,20251231,45043000000.0,20241231,20640000000.0,NetIncomeLoss,20251231,10590000000.0,20241231,,,,,,16813000000.0,NetCashProvidedByUsedInOperatingActivities,20251231,8818000000.0,20241231,,,,,,899300000.0,WeightedAverageNumberOfDilutedSharesOutstanding,20251231,904100000.0,20241231,112476000000.0,Assets,20251231,26535000000.0,StockholdersEquity,20251231,7268000000.0,CashAndCashEquivalentsAtCarryingValue,20251231,40868000000.0,LongTermDebtNoncurrent,20251231,,0.44703949559309986,0.9490084985835694,-0.005309147218228061,,0.31666641096058545,,0.7778405879027699,1.5401545129074807,100.0,87.5,OK,PRESENT
AMD,AMD,ADVANCED MICRO DEVICES,-,1.158868,0000002488,3674,10-K,20251231,20260204,0000002488-26-000018,20260331,20260506,2025Q3;2025Q4;2026Q1;2026Q2,34639000000.0,RevenueFromContractWithCustomerExcludingAssessedTax,20251231,25785000000.0,20241231,4335000000.0,NetIncomeLoss,20251231,1641000000.0,20241231,3694000000.0,OperatingIncomeLoss,20251231,1900000000.0,20241231,7709000000.0,NetCashProvidedByUsedInOperatingActivities,20251231,3041000000.0,20241231,974000000.0,PaymentsToAcquirePropertyPlantAndEquipment,20251231,636000000.0,20241231,1636000000.0,WeightedAverageNumberOfDilutedSharesOutstanding,20251231,1637000000.0,20241231,76926000000.0,Assets,20251231,62999000000.0,StockholdersEquity,20251231,5539000000.0,CashAndCashEquivalentsAtCarryingValue,20251231,3222000000.0,ShortTermBorrowings+LongTermDebtNoncurrent,20251231+20251231,6735000000.0,0.3433779329067288,1.6416819012797075,-0.0006108735491753281,0.10664280146655504,0.12514795461762754,0.19443401945783653,0.06881061604152447,0.051143668947126145,100.0,100.0,OK,PRESENT
XOM,XOM,EXXONMOBIL HOLDINGS CORP,-,1.007198,0002115436,,,,,,,,2025Q3;2025Q4;2026Q1;2026Q2,,,,,,,,,,,,,,,,,,,,,,,,,,,,,,,,,,,,,,,,,,,,,,,,,,,,0.0,0.0,MISSING_ANNUAL_FILING_IN_BULK_WINDOW;MISSING_REVENUE;MISSING_NET_INCOME;MISSING_ASSETS;MISSING_EQUITY;MISSING_OPERATING_CASH_FLOW;MISSING_DILUTED_SHARES,PARTIAL
JNJ,JNJ,JOHNSON + JOHNSON,-,0.966164,0000200406,2834,10-K,20251231,20260211,0000200406-26-000016,20260331,20260422,2025Q3;2025Q4;2026Q1;2026Q2,94193000000.0,RevenueFromContractWithCustomerExcludingAssessedTax,20251231,88821000000.0,20241231,26804000000.0,NetIncomeLoss,20251231,14066000000.0,20241231,,,,,,24530000000.0,NetCashProvidedByUsedInOperatingActivities,20251231,24266000000.0,20241231,4832000000.0,PaymentsToAcquirePropertyPlantAndEquipment,20251231,4424000000.0,20241231,2429400000.0,WeightedAverageNumberOfDilutedSharesOutstanding,20251231,2429400000.0,20241231,199210000000.0,Assets,20251231,81544000000.0,StockholdersEquityIncludingPortionAttributableToNoncontrollingInterest,20251231,19709000000.0,CashAndCashEquivalentsAtCarryingValue,20251231,47933000000.0,ShortTermBorrowings+LongTermDebtNoncurrent,20251231+20251231,19698000000.0,0.06048119251078021,0.9055879425565192,0.0,,0.2845646704107524,0.2091238202414192,0.3287059746885117,0.5878176199352497,100.0,100.0,OK,PRESENT
V,V,VISA INC CLASS A SHARES,-,0.950521,0001403161,7389,10-K,20250930,20251106,0001403161-25-000089,20260331,20260429,2025Q3;2025Q4;2026Q1;2026Q2,40000000000.0,RevenueFromContractWithCustomerExcludingAssessedTax,20250930,35926000000.0,20240930,20058000000.0,ProfitLoss,20250930,19743000000.0,20240930,23994000000.0,OperatingIncomeLoss,20250930,23595000000.0,20240930,23059000000.0,NetCashProvidedByUsedInOperatingActivities,20250930,19950000000.0,20240930,1482000000.0,PaymentsToAcquireProductiveAssets,20250930,1257000000.0,20240930,,,,,,99627000000.0,Assets,20250930,37909000000.0,StockholdersEquityIncludingPortionAttributableToNoncontrollingInterest,20250930,17164000000.0,CashAndCashEquivalentsAtCarryingValue,20250930,25171000000.0,LongTermDebtCurrent+LongTermDebtNoncurrent,20250930+20250930,21577000000.0,0.11339976618604908,0.01595502203312571,,0.59985,0.50145,0.539425,0.5291091825160252,0.6639848057189586,83.3,87.5,MISSING_DILUTED_SHARES,PARTIAL
MA,MA,MASTERCARD INC A,-,0.717819,0001141391,7389,10-K,20251231,20260211,0001141391-26-000013,20260331,20260430,2025Q3;2025Q4;2026Q1;2026Q2,32791000000.0,Revenues,20251231,28167000000.0,20241231,14968000000.0,ProfitLoss,20251231,12874000000.0,20241231,18897000000.0,OperatingIncomeLoss,20251231,15582000000.0,20241231,17648000000.0,NetCashProvidedByUsedInOperatingActivities,20251231,14780000000.0,20241231,489000000.0,PaymentsToAcquirePropertyPlantAndEquipment,20251231,474000000.0,20241231,906000000.0,WeightedAverageNumberOfDilutedSharesOutstanding,20251231,927000000.0,20241231,54157000000.0,Assets,20251231,7737000000.0,StockholdersEquity,20251231,10566000000.0,CashAndCashEquivalentsAtCarryingValue,20251231,19000000000.0,LongTermDebtCurrent+LongTermDebtNoncurrent,20251231+20251231,17159000000.0,0.16416373770724602,0.16265340997359012,-0.02265372168284785,0.5762861760849013,0.45646671342746487,0.5232838278796011,1.9345999741501874,2.455732195941579,100.0,100.0,OK,PRESENT
WMT,WMT,WALMART INC,-,0.694071,0000104169,5331,10-K,20260131,20260313,0000104169-26-000055,20260430,20260529,2025Q3;2025Q4;2026Q1;2026Q2,706413000000.0,RevenueFromContractWithCustomerExcludingAssessedTax,20260131,674538000000.0,20250131,21893000000.0,NetIncomeLoss,20260131,19436000000.0,20250131,29825000000.0,OperatingIncomeLoss,20260131,29348000000.0,20250131,41565000000.0,NetCashProvidedByUsedInOperatingActivities,20260131,36443000000.0,20250131,26642000000.0,PaymentsToAcquirePropertyPlantAndEquipment,20260131,23783000000.0,20250131,8022000000.0,WeightedAverageNumberOfDilutedSharesOutstanding,20260131,8081000000.0,20250131,284668000000.0,Assets,20260131,99617000000.0,StockholdersEquity,20260131,10727000000.0,CashAndCashEquivalentsAtCarryingValue,20260131,38166000000.0,LongTermDebtCurrent+LongTermDebtNoncurrent,20260131+20260131,14923000000.0,0.047254565346948496,0.12641490018522328,-0.0073010765994308,0.04222034418958881,0.030991785258765055,0.02112503592091312,0.21977172570946726,0.38312737785719303,100.0,100.0,OK,PRESENT
ABBV,ABBV,ABBVIE INC,-,0.683906,0001551152,2834,10-K,20251231,20260220,0001551152-26-000008,20260331,20260508,2025Q3;2025Q4;2026Q1;2026Q2,61160000000.0,Revenues,20251231,56334000000.0,20241231,4226000000.0,NetIncomeLoss,20251231,4278000000.0,20241231,15075000000.0,OperatingIncomeLoss,20251231,9137000000.0,20241231,19030000000.0,NetCashProvidedByUsedInOperatingActivities,20251231,18806000000.0,20241231,1214000000.0,PaymentsToAcquirePropertyPlantAndEquipment,20251231,974000000.0,20241231,1773000000.0,WeightedAverageNumberOfDilutedSharesOutstanding,20251231,1773000000.0,20241231,133960000000.0,Assets,20251231,-3270000000.0,StockholdersEquity,20251231,5229000000.0,CashAndCashEquivalentsAtCarryingValue,20251231,58941000000.0,LongTermDebtAndCapitalLeaseObligations,20251231,17816000000.0,0.08566762523520421,-0.012155212716222552,0.0,0.24648463047743624,0.06909744931327665,0.29130150425114454,-1.2923547400611621,-18.024770642201833,100.0,100.0,OK,PRESENT
INTC,INTC,INTEL CORP,-,0.66738,0000050863,3674,10-K,20251231,20260123,0000050863-26-000011,20260331,20260424,2025Q3;2025Q4;2026Q1;2026Q2,52853000000.0,RevenueFromContractWithCustomerExcludingAssessedTax,20251231,53101000000.0,20241231,-267000000.0,NetIncomeLoss,20251231,-18756000000.0,20241231,-2214000000.0,OperatingIncomeLoss,20251231,-11678000000.0,20241231,9697000000.0,NetCashProvidedByUsedInOperatingActivities,20251231,8288000000.0,20241231,14646000000.0,PaymentsToAcquirePropertyPlantAndEquipment,20251231,23944000000.0,20241231,4530000000.0,WeightedAverageNumberOfDilutedSharesOutstanding,20251231,4280000000.0,20241231,211429000000.0,Assets,20251231,114281000000.0,StockholdersEquity,20251231,14265000000.0,CashAndCashEquivalentsAtCarryingValue,20251231,44086000000.0,LongTermDebtNoncurrent,20251231,-4949000000.0,-0.004670345191239322,-0.9857645553422905,0.05841121495327095,-0.04188976973870925,-0.005051747299112633,-0.0936370688513424,-0.002336346374287939,0.38576841294703407,100.0,100.0,OK,PRESENT
CSCO,CSCO,CISCO SYSTEMS INC,-,0.658823,0000858877,3576,10-K,20250731,20250903,0000858877-25-000111,20260430,20260519,2025Q3;2025Q4;2026Q1;2026Q2,56654000000.0,RevenueFromContractWithCustomerExcludingAssessedTax,20250731,53803000000.0,20240731,10180000000.0,NetIncomeLoss,20250731,10320000000.0,20240731,11760000000.0,OperatingIncomeLoss,20250731,12181000000.0,20240731,14193000000.0,NetCashProvidedByUsedInOperatingActivities,20250731,10880000000.0,20240731,905000000.0,PaymentsToAcquirePropertyPlantAndEquipment,20250731,670000000.0,20240731,3998000000.0,WeightedAverageNumberOfDilutedSharesOutstanding,20250731,4062000000.0,20240731,122291000000.0,Assets,20250731,46843000000.0,StockholdersEquity,20250731,8346000000.0,CashAndCashEquivalentsAtCarryingValue,20250731,22861000000.0,LongTermDebtNoncurrent,20250731,13288000000.0,0.05298961024478199,-0.013565891472868241,-0.015755785327424943,0.20757581106364953,0.17968722420305716,0.23454654569845024,0.21732169160813783,0.48803449821744976,100.0,100.0,OK,PRESENT
PLTR,PLTR,PALANTIR TECHNOLOGIES INC A,-,0.645953,0001321655,7372,10-K,20251231,20260217,0001321655-26-000011,20260331,20260505,2025Q3;2025Q4;2026Q1;2026Q2,4475446000.0,RevenueFromContractWithCustomerExcludingAssessedTax,20251231,2865507000.0,20241231,1625033000.0,NetIncomeLoss,20251231,462190000.0,20241231,1414015000.0,OperatingIncomeLoss,20251231,310403000.0,20241231,2134473000.0,NetCashProvidedByUsedInOperatingActivities,20251231,1153865000.0,20241231,33882000.0,PaymentsToAcquirePropertyPlantAndEquipment,20251231,12634000.0,20241231,2565197000.0,WeightedAverageNumberOfDilutedSharesOutstanding,20251231,2450818000.0,20241231,8900392000.0,Assets,20251231,7387268000.0,StockholdersEquity,20251231,1423796000.0,CashAndCashEquivalentsAtCarryingValue,20251231,,,,2100591000.0,0.5618339093221549,2.5159414959215907,0.04666972414924331,0.3159495165398041,0.3630996776634105,0.4693590314797676,0.21997753431985953,,100.0,87.5,OK,PRESENT
COST,COST,COSTCO WHOLESALE CORP,-,0.63215,0000909832,5331,10-K,20250831,20251008,0000909832-25-000101,20260430,20260603,2025Q3;2025Q4;2026Q1;2026Q2,275235000000.0,RevenueFromContractWithCustomerExcludingAssessedTax,20250831,254453000000.0,20240831,8099000000.0,NetIncomeLoss,20250831,7367000000.0,20240831,10383000000.0,OperatingIncomeLoss,20250831,9285000000.0,20240831,13335000000.0,NetCashProvidedByUsedInOperatingActivities,20250831,11339000000.0,20240831,5498000000.0,PaymentsToAcquirePropertyPlantAndEquipment,20250831,4710000000.0,20240831,444803000.0,WeightedAverageNumberOfDilutedSharesOutstanding,20250831,444759000.0,20240831,77099000000.0,Assets,20250831,29164000000.0,StockholdersEquity,20250831,14161000000.0,CashAndCashEquivalentsAtCarryingValue,20250831,5713000000.0,LongTermDebtNoncurrent,20250831,7837000000.0,0.08167323631476142,0.09936201981810777,9.892998230509598e-05,0.03772412665540356,0.029425763438516175,0.028473849619416135,0.27770539020710466,0.19589219585790701,100.0,100.0,OK,PRESENT
BAC,BAC,BANK OF AMERICA CORP,-,0.610468,0000070858,6021,10-K,20251231,20260225,0000070858-26-000157,20260331,20260501,2025Q3;2025Q4;2026Q1;2026Q2,113097000000.0,Revenues,20251231,105856000000.0,20241231,30509000000.0,NetIncomeLoss,20251231,26973000000.0,20241231,,,,,,12613000000.0,NetCashProvidedByUsedInOperatingActivities,20251231,-8805000000.0,20241231,,,,,,7680900000.0,WeightedAverageNumberOfDilutedSharesOutstanding,20251231,7935800000.0,20241231,3411738000000.0,Assets,20251231,303243000000.0,StockholdersEquity,20251231,231845000000.0,CashCashEquivalentsRestrictedCashAndRestrictedCashEquivalents,20251231,317816000000.0,LongTermDebt,20251231,,0.06840424727932293,0.131094057019983,-0.03212026512764943,,0.2697595869032777,,0.10060908248500378,1.0480571686733082,100.0,87.5,OK,PRESENT
CVX,CVX,CHEVRON CORP,-,0.582543,0000093410,2911,10-K,20251231,20260224,0000093410-26-000078,20260331,20260507,2025Q3;2025Q4;2026Q1;2026Q2,184432000000.0,RevenueFromContractWithCustomerExcludingAssessedTax,20251231,193414000000.0,20241231,12299000000.0,NetIncomeLoss,20251231,17661000000.0,20241231,,,,,,33939000000.0,NetCashProvidedByUsedInOperatingActivities,20251231,31492000000.0,20241231,17347000000.0,PaymentsToAcquireProductiveAssets,20251231,16448000000.0,20241231,,,,,,324012000000.0,Assets,20251231,186450000000.0,StockholdersEquity,20251231,7285000000.0,CashCashEquivalentsRestrictedCashAndRestrictedCashEquivalents,20251231,977000000.0,ShortTermBorrowings,20251231,16592000000.0,-0.046439244315302886,-0.3036068172810147,,,0.06668582458575519,0.08996269627830311,0.06596406543309198,0.0052400107267363905,83.3,87.5,MISSING_DILUTED_SHARES,PARTIAL
LRCX,LRCX,LAM RESEARCH CORP,-,0.569349,0000707549,3559,10-K,20250630,20250811,0000707549-25-000075,20260331,20260423,2025Q3;2025Q4;2026Q1;2026Q2,18435591000.0,RevenueFromContractWithCustomerExcludingAssessedTax,20250630,14905386000.0,20240630,5358217000.0,NetIncomeLoss,20250630,3827772000.0,20240630,5900968000.0,OperatingIncomeLoss,20250630,4263913000.0,20240630,6173264000.0,NetCashProvidedByUsedInOperatingActivities,20250630,4652269000.0,20240630,759186000.0,PaymentsToAcquireProductiveAssets,20250630,396670000.0,20240630,1290142000.0,WeightedAverageNumberOfDilutedSharesOutstanding,20250630,1319949000.0,20240630,21345260000.0,Assets,20250630,9861619000.0,StockholdersEquity,20250630,6390659000.0,CashAndCashEquivalentsAtCarryingValue,20250630,3730194000.0,LongTermDebtAndCapitalLeaseObligations,20250630,5414078000.0,0.23684089764599192,0.3998265831925203,-0.022581933089839024,0.32008564303688447,0.29064525243589967,0.29367531531807145,0.5433405001754783,0.3782537127017379,100.0,100.0,OK,PRESENT
CAT,CAT,CATERPILLAR INC,-,0.554465,0000018230,3531,10-K,20251231,20260213,0000018230-26-000008,20260331,20260506,2025Q3;2025Q4;2026Q1;2026Q2,67589000000.0,Revenues,20251231,64809000000.0,20241231,8882000000.0,ProfitLoss,20251231,10788000000.0,20241231,11151000000.0,OperatingIncomeLoss,20251231,13072000000.0,20241231,11739000000.0,NetCashProvidedByUsedInOperatingActivities,20251231,12035000000.0,20241231,2821000000.0,PaymentsToAcquirePropertyPlantAndEquipment,20251231,1988000000.0,20241231,472300000.0,WeightedAverageNumberOfDilutedSharesOutstanding,20251231,489400000.0,20241231,98585000000.0,Assets,20251231,21318000000.0,StockholdersEquityIncludingPortionAttributableToNoncontrollingInterest,20251231,9980000000.0,CashAndCashEquivalentsAtCarryingValue,20251231,5514000000.0,ShortTermBorrowings,20251231,8918000000.0,0.04289527689055528,-0.17667779013718943,-0.034940743767879034,0.16498246756128956,0.13141191614020034,0.13194454718963144,0.416643212308847,0.258654658035463,100.0,100.0,OK,PRESENT
MRK,MRK,MERCK + CO. INC.,-,0.551048,0000310158,2834,10-K,20251231,20260224,0000310158-26-000063,20260331,20260504,2025Q3;2025Q4;2026Q1;2026Q2,65011000000.0,Revenues,20251231,64168000000.0,20241231,18254000000.0,NetIncomeLoss,20251231,17117000000.0,20241231,,,,,,16472000000.0,NetCashProvidedByUsedInOperatingActivities,20251231,21468000000.0,20241231,4112000000.0,PaymentsToAcquirePropertyPlantAndEquipment,20251231,3372000000.0,20241231,,,,,,136866000000.0,Assets,20251231,52606000000.0,StockholdersEquity,20251231,14565000000.0,CashAndCashEquivalentsAtCarryingValue,20251231,46750000000.0,LongTermDebtNoncurrent,20251231,12360000000.0,0.013137389352948503,0.06642519133025648,,,0.2807832520650351,0.19012167171709404,0.34699463939474584,0.8886818994031099,83.3,87.5,MISSING_DILUTED_SHARES,PARTIAL
AMAT,AMAT,APPLIED MATERIALS INC,-,0.549368,0000006951,3674,10-K,20251031,20251212,0001628280-25-056742,20260430,20260521,2025Q3;2025Q4;2026Q1;2026Q2,28368000000.0,RevenueFromContractWithCustomerExcludingAssessedTax,20251031,27176000000.0,20241031,6998000000.0,NetIncomeLoss,20251031,7177000000.0,20241031,8289000000.0,OperatingIncomeLoss,20251031,7867000000.0,20241031,7958000000.0,NetCashProvidedByUsedInOperatingActivities,20251031,8677000000.0,20241031,2260000000.0,PaymentsToAcquirePropertyPlantAndEquipment,20251031,1190000000.0,20241031,808000000.0,WeightedAverageNumberOfDilutedSharesOutstanding,20251031,834000000.0,20241031,36299000000.0,Assets,20251031,20415000000.0,StockholdersEquity,20251031,7241000000.0,CashAndCashEquivalentsAtCarryingValue,20251031,6555000000.0,ShortTermBorrowings+LongTermDebtNoncurrent,20251031+20251031,5698000000.0,0.04386223138063006,-0.024940783056987548,-0.031175059952038398,0.2921954314720812,0.24668640721940213,0.20086012408347434,0.34278716629928974,0.32108743570903747,100.0,100.0,OK,PRESENT
UNH,UNH,UNITEDHEALTH GROUP INC,-,0.533819,0000731766,6324,10-K,20251231,20260302,0000731766-26-000062,20260331,20260505,2025Q3;2025Q4;2026Q1;2026Q2,447567000000.0,Revenues,20251231,400278000000.0,20241231,12056000000.0,NetIncomeLoss,20251231,14405000000.0,20241231,18964000000.0,OperatingIncomeLoss,20251231,32287000000.0,20241231,19697000000.0,NetCashProvidedByUsedInOperatingActivities,20251231,24204000000.0,20241231,3622000000.0,PaymentsToAcquirePropertyPlantAndEquipment,20251231,3499000000.0,20241231,911000000.0,WeightedAverageNumberOfDilutedSharesOutstanding,20251231,929000000.0,20241231,309581000000.0,Assets,20251231,100090000000.0,StockholdersEquityIncludingPortionAttributableToNoncontrollingInterest,20251231,24365000000.0,CashAndCashEquivalentsAtCarryingValue,20251231,72320000000.0,LongTermDebtNoncurrent,20251231,16075000000.0,0.11814039242726304,-0.16306837903505722,-0.019375672766415497,0.04237130977038075,0.026936749134766416,0.035916410280471975,0.12045159356579078,0.7225497052652613,100.0,100.0,OK,PRESENT
GE,GE,GENERAL ELECTRIC,-,0.528724,0000040545,3600,10-K,20251231,20260129,0000040545-26-000008,20260331,20260421,2025Q3;2025Q4;2026Q1;2026Q2,45855000000.0,Revenues,20251231,38702000000.0,20241231,8704000000.0,NetIncomeLoss,20251231,6556000000.0,20241231,,,,,,8537000000.0,NetCashProvidedByUsedInOperatingActivities,20251231,4710000000.0,20241231,1273000000.0,PaymentsToAcquireProductiveAssets,20251231,1032000000.0,20241231,,,,,,130169000000.0,Assets,20251231,18677000000.0,StockholdersEquity,20251231,12392000000.0,CashCashEquivalentsRestrictedCashAndRestrictedCashEquivalents,20251231,18808000000.0,LongTermDebtAndCapitalLeaseObligations,20251231,7264000000.0,0.1848224897938091,0.32763880414887137,,,0.1898157234761749,0.15841238687166068,0.4660277346468919,1.0070139744070248,83.3,87.5,MISSING_DILUTED_SHARES,PARTIAL
KO,KO,COCA COLA CO/THE,-,0.518241,0000021344,2080,10-K,20251231,20260220,0001628280-26-010047,20260331,20260430,2025Q3;2025Q4;2026Q1;2026Q2,47941000000.0,Revenues,20251231,47061000000.0,20241231,13107000000.0,NetIncomeLoss,20251231,10631000000.0,20241231,13762000000.0,OperatingIncomeLoss,20251231,9992000000.0,20241231,7408000000.0,NetCashProvidedByUsedInOperatingActivities,20251231,6805000000.0,20241231,2112000000.0,PaymentsToAcquirePropertyPlantAndEquipment,20251231,2064000000.0,20241231,4313000000.0,WeightedAverageNumberOfDilutedSharesOutstanding,20251231,4320000000.0,20241231,104816000000.0,Assets,20251231,32169000000.0,StockholdersEquity,20251231,10270000000.0,CashAndCashEquivalentsAtCarryingValue,20251231,42119000000.0,LongTermDebtAndCapitalLeaseObligations,20251231,5296000000.0,0.018699135164998548,0.2329037719875835,-0.0016203703703703276,0.28706117936630443,0.2733985523873094,0.11046911829123297,0.4074419472162641,1.3093039883117288,100.0,100.0,OK,PRESENT
NFLX,NFLX,NETFLIX INC,-,0.515113,0001065280,7841,10-K,20251231,20260123,0001065280-26-000034,20260331,20260417,2025Q3;2025Q4;2026Q1;2026Q2,45183036000.0,Revenues,20251231,39000966000.0,20241231,10981201000.0,NetIncomeLoss,20251231,8711631000.0,20241231,13326603000.0,OperatingIncomeLoss,20251231,10417614000.0,20241231,10149273000.0,NetCashProvidedByUsedInOperatingActivities,20251231,7361364000.0,20241231,688220000.0,PaymentsToAcquirePropertyPlantAndEquipment,20251231,439538000.0,20241231,4343863000.0,WeightedAverageNumberOfDilutedSharesOutstanding,20251231,4392608000.0,20241231,55596993000.0,Assets,20251231,26615488000.0,StockholdersEquity,20251231,9033681000.0,CashAndCashEquivalentsAtCarryingValue,20251231,14462836000.0,ShortTermBorrowings+LongTermDebtNoncurrent,20251231+20251231,9461053000.0,0.15851068919677536,0.2605218242140881,-0.011097052138501762,0.29494704605507255,0.24303813935832022,0.20939391943471883,0.41258687422902035,0.5433992418249104,100.0,100.0,OK,PRESENT
PG,PG,PROCTER + GAMBLE CO/THE,-,0.510048,0000080424,2840,10-K,20250630,20250804,0000080424-25-000076,20260331,20260424,2025Q3;2025Q4;2026Q1;2026Q2,84284000000.0,Revenues,20250630,84039000000.0,20240630,15974000000.0,NetIncomeLoss,20250630,14879000000.0,20240630,20451000000.0,OperatingIncomeLoss,20250630,18545000000.0,20240630,17817000000.0,NetCashProvidedByUsedInOperatingActivities,20250630,19846000000.0,20240630,3773000000.0,PaymentsToAcquirePropertyPlantAndEquipment,20250630,3322000000.0,20240630,,,,,,125231000000.0,Assets,20250630,52284000000.0,StockholdersEquityIncludingPortionAttributableToNoncontrollingInterest,20250630,9556000000.0,CashCashEquivalentsRestrictedCashAndRestrictedCashEquivalents,20250630,24995000000.0,LongTermDebtNoncurrent,20250630,14044000000.0,0.0029153131284285205,0.0735936554876,,0.24264391818138675,0.1895258886621423,0.16662711783968487,0.3055236783719685,0.4780621222553745,83.3,87.5,MISSING_DILUTED_SHARES,PARTIAL
HD,HD,HOME DEPOT INC,-,0.492842,0000354950,5211,10-K,20260131,20260318,0001628280-26-019436,20260430,20260527,2025Q3;2025Q4;2026Q1;2026Q2,164683000000.0,RevenueFromContractWithCustomerExcludingAssessedTax,20260131,159514000000.0,20250131,14156000000.0,NetIncomeLoss,20260131,14806000000.0,20250131,20890000000.0,OperatingIncomeLoss,20260131,21526000000.0,20250131,16325000000.0,NetCashProvidedByUsedInOperatingActivities,20260131,19810000000.0,20250131,3679000000.0,PaymentsToAcquireProductiveAssets,20260131,3485000000.0,20250131,995000000.0,WeightedAverageNumberOfDilutedSharesOutstanding,20260131,993000000.0,20250131,105095000000.0,Assets,20260131,12813000000.0,StockholdersEquity,20260131,1389000000.0,CashAndCashEquivalentsAtCarryingValue,20260131,46341000000.0,LongTermDebtAndCapitalLeaseObligations,20260131,12646000000.0,0.032404679213109855,-0.04390112116709444,0.002014098690835908,0.12684976591390731,0.08595908503002739,0.07678995403289957,1.1048154218371966,3.616717396394287,100.0,100.0,OK,PRESENT
PANW,PANW,PALO ALTO NETWORKS INC,-,0.467774,0001327567,3577,10-K,20250731,20250829,0001327567-25-000027,20260430,20260603,2025Q3;2025Q4;2026Q1;2026Q2,9221500000.0,RevenueFromContractWithCustomerExcludingAssessedTax,20250731,8027500000.0,20240731,1133900000.0,NetIncomeLoss,20250731,2577600000.0,20240731,1242900000.0,OperatingIncomeLoss,20250731,683900000.0,20240731,3716000000.0,NetCashProvidedByUsedInOperatingActivities,20250731,3257600000.0,20240731,246200000.0,PaymentsToAcquireProductiveAssets,20250731,156800000.0,20240731,709300000.0,WeightedAverageNumberOfDilutedSharesOutstanding,20250731,707900000.0,20240731,23576200000.0,Assets,20250731,7824400000.0,StockholdersEquity,20250731,2268600000.0,CashAndCashEquivalentsAtCarryingValue,20250731,,,,3469800000.0,0.1487387106820306,-0.5600946617008069,0.001977680463342235,0.1347828444396248,0.12296264165265955,0.37627284064414684,0.14491846020142118,,100.0,87.5,OK,PRESENT
GS,GS,GOLDMAN SACHS GROUP INC,-,0.454554,0000886982,6211,10-K,20251231,20260225,0000886982-26-000091,20260331,20260501,2025Q3;2025Q4;2026Q1;2026Q2,,,,,,17176000000.0,NetIncomeLoss,20251231,14276000000.0,20241231,,,,,,-45154000000.0,NetCashProvidedByUsedInOperatingActivities,20251231,-13212000000.0,20241231,2064000000.0,PaymentsToAcquirePropertyPlantAndEquipment,20251231,2091000000.0,20241231,317600000.0,WeightedAverageNumberOfDilutedSharesOutstanding,20251231,333600000.0,20241231,1809320000000.0,Assets,20251231,124972000000.0,StockholdersEquity,20251231,164259000000.0,CashAndCashEquivalentsAtCarryingValue,20251231,,,,-47218000000.0,,0.20313813393107316,-0.04796163069544368,,,,0.13743878628812853,,83.3,75.0,MISSING_REVENUE,PARTIAL
PM,PM,PHILIP MORRIS INTERNATIONAL,-,0.440613,0001413329,2111,10-K,20251231,20260206,0001628280-26-005939,20260331,20260424,2025Q3;2025Q4;2026Q1;2026Q2,40648000000.0,RevenueFromContractWithCustomerExcludingAssessedTax,20251231,37878000000.0,20241231,11348000000.0,NetIncomeLoss,20251231,7057000000.0,20241231,14892000000.0,OperatingIncomeLoss,20251231,13402000000.0,20241231,12233000000.0,NetCashProvidedByUsedInOperatingActivities,20251231,12217000000.0,20241231,1569000000.0,PaymentsToAcquirePropertyPlantAndEquipment,20251231,1444000000.0,20241231,,,,,,69185000000.0,Assets,20251231,-9994000000.0,StockholdersEquity,20251231,4872000000.0,CashAndCashEquivalentsAtCarryingValue,20251231,45134000000.0,LongTermDebtAndCapitalLeaseObligations,20251231,10664000000.0,0.07312952109403881,0.6080487459260309,,0.36636488880141704,0.279177327297776,0.2623499311159221,-1.135481288773264,-4.51610966579948,83.3,87.5,MISSING_DILUTED_SHARES,PARTIAL
RTX,RTX,RTX CORP,-,0.422392,0000101829,3724,10-K,20251231,20260206,0000101829-26-000006,20260331,20260421,2025Q3;2025Q4;2026Q1;2026Q2,88603000000.0,RevenueFromContractWithCustomerExcludingAssessedTax,20251231,80738000000.0,20241231,6732000000.0,NetIncomeLoss,20251231,4774000000.0,20241231,9300000000.0,OperatingIncomeLoss,20251231,6538000000.0,20241231,10567000000.0,NetCashProvidedByUsedInOperatingActivities,20251231,7159000000.0,20241231,2627000000.0,PaymentsToAcquirePropertyPlantAndEquipment,20251231,2625000000.0,20241231,1356400000.0,WeightedAverageNumberOfDilutedSharesOutstanding,20251231,1343600000.0,20241231,171079000000.0,Assets,20251231,65245000000.0,StockholdersEquity,20251231,7435000000.0,CashAndCashEquivalentsAtCarryingValue,20251231,34288000000.0,LongTermDebtAndCapitalLeaseObligations,20251231,7940000000.0,0.09741385716762863,0.41013824884792616,0.009526644834772169,0.10496258591695541,0.07597936864440256,0.0896132185140458,0.10318032033105985,0.5255268602958081,100.0,100.0,OK,PRESENT
WFC,WFC,WELLS FARGO + CO,-,0.399015,0000072971,6021,10-K,20251231,20260224,0000072971-26-000133,20260331,20260429,2025Q3;2025Q4;2026Q1;2026Q2,,,,,,21338000000.0,NetIncomeLoss,20251231,19722000000.0,20241231,,,,,,-19001000000.0,NetCashProvidedByUsedInOperatingActivities,20251231,3035000000.0,20241231,,,,,,3242300000.0,WeightedAverageNumberOfDilutedSharesOutstanding,20251231,3467600000.0,20241231,2148631000000.0,Assets,20251231,181117000000.0,StockholdersEquity,20251231,172593000000.0,CashCashEquivalentsRestrictedCashAndRestrictedCashEquivalents,20251231,174712000000.0,LongTermDebt,20251231,,,0.08193895142480478,-0.06497289191371558,,,,0.11781334717337412,0.9646361191936704,83.3,75.0,MISSING_REVENUE,PARTIAL
MS,MS,MORGAN STANLEY,-,0.385942,0000895421,6211,10-K,20251231,20260219,0000895421-26-000086,20260331,20260505,2025Q3;2025Q4;2026Q1;2026Q2,,,,,,16861000000.0,NetIncomeLoss,20251231,13390000000.0,20241231,,,,,,-17889000000.0,NetCashProvidedByUsedInOperatingActivities,20251231,1362000000.0,20241231,,,,,,1592000000.0,WeightedAverageNumberOfDilutedSharesOutstanding,20251231,1611000000.0,20241231,1420270000000.0,Assets,20251231,111632000000.0,StockholdersEquity,20251231,111695000000.0,CashAndCashEquivalentsAtCarryingValue,20251231,,,,,,0.25922330097087376,-0.011793916821849826,,,,0.15104092016626058,,83.3,62.5,MISSING_REVENUE,PARTIAL
ORCL,ORCL,ORACLE CORP,-,0.382192,0001341439,7372,10-K,20260531,20260622,0001193125-26-277521,20260228,20260311,2025Q3;2025Q4;2026Q1;2026Q2,67357000000.0,RevenueFromContractWithCustomerExcludingAssessedTax,20260531,57399000000.0,20250531,17087000000.0,NetIncomeLoss,20260531,12443000000.0,20250531,20606000000.0,OperatingIncomeLoss,20260531,17678000000.0,20250531,31977000000.0,NetCashProvidedByUsedInOperatingActivities,20260531,20821000000.0,20250531,55663000000.0,PaymentsToAcquirePropertyPlantAndEquipment,20260531,21215000000.0,20250531,2914000000.0,WeightedAverageNumberOfDilutedSharesOutstanding,20260531,2866000000.0,20250531,261759000000.0,Assets,20260531,42508000000.0,StockholdersEquity,20260531,31289000000.0,CashAndCashEquivalentsAtCarryingValue,20260531,,,,-23686000000.0,0.1734873429850694,0.3732218918267298,0.016748080949057886,0.30592217586887777,0.2536781626260077,-0.351648677939932,0.4019713936200245,,100.0,87.5,OK,PRESENT
GEV,GEV,GE VERNOVA INC,-,0.364701,0001996810,3600,10-K,20251231,20260129,0001996810-26-000015,20260331,20260422,2025Q3;2025Q4;2026Q1;2026Q2,38068000000.0,RevenueFromContractWithCustomerExcludingAssessedTax,20251231,34935000000.0,20241231,4884000000.0,NetIncomeLoss,20251231,1552000000.0,20241231,1388000000.0,OperatingIncomeLoss,20251231,471000000.0,20241231,4987000000.0,NetCashProvidedByUsedInOperatingActivities,20251231,2583000000.0,20241231,1277000000.0,PaymentsToAcquireProductiveAssets,20251231,883000000.0,20241231,276000000.0,WeightedAverageNumberOfDilutedSharesOutstanding,20251231,278000000.0,20241231,63016000000.0,Assets,20251231,11178000000.0,StockholdersEquity,20251231,8848000000.0,CashCashEquivalentsRestrictedCashAndRestrictedCashEquivalents,20251231,,,,3710000000.0,0.08968083583798481,2.1469072164948453,-0.007194244604316502,0.03646106966481034,0.1282967321634969,0.0974571818850478,0.4369296833064949,,100.0,87.5,OK,PRESENT
TXN,TXN,TEXAS INSTRUMENTS INC,-,0.358504,0000097476,3674,10-K,20251231,20260206,0000097476-26-000059,20260331,20260424,2025Q3;2025Q4;2026Q1;2026Q2,17682000000.0,RevenueFromContractWithCustomerExcludingAssessedTax,20251231,15641000000.0,20241231,5001000000.0,NetIncomeLoss,20251231,4799000000.0,20241231,6023000000.0,OperatingIncomeLoss,20251231,5465000000.0,20241231,7153000000.0,NetCashProvidedByUsedInOperatingActivities,20251231,6318000000.0,20241231,4550000000.0,PaymentsToAcquirePropertyPlantAndEquipment,20251231,4820000000.0,20241231,913000000.0,WeightedAverageNumberOfDilutedSharesOutstanding,20251231,919000000.0,20241231,34585000000.0,Assets,20251231,16273000000.0,StockholdersEquity,20251231,3225000000.0,CashAndCashEquivalentsAtCarryingValue,20251231,14048000000.0,LongTermDebtCurrent+LongTermDebtNoncurrent,20251231+20251231,2603000000.0,0.13049037785307838,0.04209210252135853,-0.006528835690968404,0.3406288881348264,0.2828299966067187,0.1472118538626852,0.3073188717507528,0.8632704479813188,100.0,100.0,OK,PRESENT
CRWD,CRWD,CROWDSTRIKE HOLDINGS INC A,-,0.355078,0001535527,7372,10-K,20260131,20260305,0001535527-26-000010,20260430,20260604,2025Q3;2025Q4;2026Q1;2026Q2,,,,,,-162502000.0,NetIncomeLoss,20260131,-15241000.0,20250131,-293292000.0,OperatingIncomeLoss,20260131,-116400000.0,20250131,1612349000.0,NetCashProvidedByUsedInOperatingActivities,20260131,1381727000.0,20250131,302108000.0,PaymentsToAcquirePropertyPlantAndEquipment,20260131,254852000.0,20250131,250576000.0,WeightedAverageNumberOfDilutedSharesOutstanding,20260131,244750000.0,20250131,11086684000.0,Assets,20260131,4428390000.0,StockholdersEquity,20260131,5230125000.0,CashAndCashEquivalentsAtCarryingValue,20260131,745471000.0,LongTermDebtNoncurrent,20260131,1310241000.0,,9.662161275506856,0.023803881511746727,,,,-0.0366955033319107,0.16833905776139862,83.3,87.5,MISSING_REVENUE,PARTIAL
SNDK,SNDK,SANDISK CORP,-,0.350454,0002023554,3572,10-K,20250630,20250821,0002023554-25-000034,20260331,20260501,2025Q3;2025Q4;2026Q1;2026Q2,7355000000.0,RevenueFromContractWithCustomerExcludingAssessedTax,20250630,6663000000.0,20240630,-1641000000.0,NetIncomeLoss,20250630,-672000000.0,20240630,-1377000000.0,OperatingIncomeLoss,20250630,-468000000.0,20240630,84000000.0,NetCashProvidedByUsedInOperatingActivities,20250630,-309000000.0,20240630,204000000.0,PaymentsToAcquirePropertyPlantAndEquipment,20250630,166000000.0,20240630,145000000.0,WeightedAverageNumberOfDilutedSharesOutstanding,20250630,145000000.0,20240630,12985000000.0,Assets,20250630,9216000000.0,StockholdersEquity,20250630,1481000000.0,CashAndCashEquivalentsAtCarryingValue,20250630,1849000000.0,LongTermDebtCurrent+LongTermDebtNoncurrent,20250630+20250630,-120000000.0,0.10385712141677916,1.4419642857142856,0.0,-0.18721957851801496,-0.22311352821210062,-0.016315431679129844,-0.17805989583333334,0.2006293402777778,100.0,100.0,OK,PRESENT
AMGN,AMGN,AMGEN INC,-,0.35034,0000318154,2836,10-K,20251231,20260213,0000318154-26-000010,20260331,20260501,2025Q3;2025Q4;2026Q1;2026Q2,36751000000.0,RevenueFromContractWithCustomerExcludingAssessedTax,20251231,33424000000.0,20241231,7711000000.0,NetIncomeLoss,20251231,4090000000.0,20241231,9080000000.0,OperatingIncomeLoss,20251231,7258000000.0,20241231,9958000000.0,NetCashProvidedByUsedInOperatingActivities,20251231,11490000000.0,20241231,1858000000.0,PaymentsToAcquirePropertyPlantAndEquipment,20251231,1096000000.0,20241231,542000000.0,WeightedAverageNumberOfDilutedSharesOutstanding,20251231,541000000.0,20241231,90586000000.0,Assets,20251231,8658000000.0,StockholdersEquity,20251231,9129000000.0,CashAndCashEquivalentsAtCarryingValue,20251231,54604000000.0,LongTermDebtCurrent+LongTermDebtNoncurrent,20251231+20251231,8100000000.0,0.09953925323121116,0.8853300733496332,0.001848428835489857,0.24706810699028597,0.20981741993415146,0.22040216592745776,0.8906213906213907,6.306768306768307,100.0,100.0,OK,PRESENT
TMO,TMO,THERMO FISHER SCIENTIFIC INC,-,0.346211,0000097745,3829,10-K,20251231,20260226,0000097745-26-000018,20260331,20260501,2025Q3;2025Q4;2026Q1;2026Q2,44556000000.0,RevenueFromContractWithCustomerExcludingAssessedTax,20251231,42879000000.0,20241231,6704000000.0,NetIncomeLoss,20251231,6335000000.0,20241231,7746000000.0,OperatingIncomeLoss,20251231,7337000000.0,20241231,7818000000.0,NetCashProvidedByUsedInOperatingActivities,20251231,8667000000.0,20241231,1525000000.0,PaymentsToAcquirePropertyPlantAndEquipment,20251231,1400000000.0,20241231,378000000.0,WeightedAverageNumberOfDilutedSharesOutstanding,20251231,383000000.0,20241231,110343000000.0,Assets,20251231,53407000000.0,StockholdersEquity,20251231,9852000000.0,CashAndCashEquivalentsAtCarryingValue,20251231,35852000000.0,LongTermDebtAndCapitalLeaseObligations,20251231,6293000000.0,0.039110053872525086,0.05824782951854779,-0.01305483028720622,0.17384863991381633,0.15046233952778526,0.14123799263847742,0.12552661636115117,0.6712977699552493,100.0,100.0,OK,PRESENT
KLAC,KLAC,KLA CORP,-,0.346032,0000319201,3827,10-K,20250630,20250808,0000319201-25-000024,20260331,20260430,2025Q3;2025Q4;2026Q1;2026Q2,12156162000.0,RevenueFromContractWithCustomerExcludingAssessedTax,20250630,9812247000.0,20240630,4061643000.0,NetIncomeLoss,20250630,2761896000.0,20240630,,,,,,4081903000.0,NetCashProvidedByUsedInOperatingActivities,20250630,3308575000.0,20240630,335259000.0,PaymentsToAcquirePropertyPlantAndEquipment,20250630,277384000.0,20240630,133750000.0,WeightedAverageNumberOfDilutedSharesOutstanding,20250630,136187000.0,20240630,16067926000.0,Assets,20250630,4692453000.0,StockholdersEquity,20250630,2078908000.0,CashAndCashEquivalentsAtCarryingValue,20250630,5884257000.0,LongTermDebt,20250630,3746644000.0,0.2388764775285417,0.47059954466062437,-0.01789451269210718,,0.33412215138297763,0.3082094496601806,0.8655692449130551,1.2539831512430706,100.0,100.0,OK,PRESENT
LIN,LIN,LINDE PLC,-,0.341602,0001707925,2810,10-K,20251231,20260225,0001628280-26-011430,20260331,20260501,2025Q3;2025Q4;2026Q1;2026Q2,33986000000.0,RevenueFromContractWithCustomerExcludingAssessedTax,20251231,33005000000.0,20241231,6898000000.0,NetIncomeLoss,20251231,6565000000.0,20241231,8923000000.0,OperatingIncomeLoss,20251231,8635000000.0,20241231,10350000000.0,NetCashProvidedByUsedInOperatingActivities,20251231,9423000000.0,20241231,5261000000.0,PaymentsToAcquirePropertyPlantAndEquipment,20251231,4497000000.0,20241231,472195000.0,WeightedAverageNumberOfDilutedSharesOutstanding,20251231,482092000.0,20241231,86817000000.0,Assets,20251231,38245000000.0,StockholdersEquity,20251231,5056000000.0,CashAndCashEquivalentsAtCarryingValue,20251231,20683000000.0,LongTermDebtAndCapitalLeaseObligations,20251231,5089000000.0,0.029722769277382266,0.0507235338918508,-0.02052927656961745,0.26254928499970576,0.20296592714647207,0.14973812746425,0.18036344620211792,0.5408027193097137,100.0,100.0,OK,PRESENT
C,C,CITIGROUP INC,-,0.338802,0000831001,6021,10-K,20251231,20260220,0000831001-26-000011,20260331,20260507,2025Q3;2025Q4;2026Q1;2026Q2,85225000000.0,Revenues,20251231,80722000000.0,20241231,14306000000.0,NetIncomeLoss,20251231,12682000000.0,20241231,,,,,,-67632000000.0,NetCashProvidedByUsedInOperatingActivities,20251231,-19669000000.0,20241231,6520000000.0,PaymentsToAcquirePropertyPlantAndEquipment,20251231,6500000000.0,20241231,1873100000.0,WeightedAverageNumberOfDilutedSharesOutstanding,20251231,1940100000.0,20241231,2657202000000.0,Assets,20251231,212291000000.0,StockholdersEquity,20251231,349579000000.0,CashCashEquivalentsRestrictedCashAndRestrictedCashEquivalents,20251231,315827000000.0,LongTermDebt,20251231,-74152000000.0,0.0557840489581527,0.12805551174893548,-0.03453430235554866,,0.16786154297447933,-0.870073335288941,0.06738863164241536,1.4877079103683153,100.0,100.0,OK,PRESENT
IBM,IBM,INTL BUSINESS MACHINES CORP,-,0.331724,0000051143,3570,10-K,20251231,20260224,0000051143-26-000010,20260331,20260423,2025Q3;2025Q4;2026Q1;2026Q2,67535000000.0,Revenues,20251231,62753000000.0,20241231,10593000000.0,NetIncomeLoss,20251231,6023000000.0,20241231,,,,,,13193000000.0,NetCashProvidedByUsedInOperatingActivities,20251231,13445000000.0,20241231,1091000000.0,PaymentsToAcquirePropertyPlantAndEquipment,20251231,1048000000.0,20241231,948675228.0,WeightedAverageNumberOfDilutedSharesOutstanding,20251231,937161224.0,20241231,151880000000.0,Assets,20251231,32648000000.0,StockholdersEquity,20251231,13587000000.0,CashAndCashEquivalentsAtCarryingValue,20251231,61260000000.0,ShortTermBorrowings+LongTermDebtNoncurrent,20251231+20251231,12102000000.0,0.07620352811817765,0.7587580939731031,0.012286043964618854,,0.15685200266528468,0.1791959724587251,0.3244609164420485,1.8763783386424895,100.0,100.0,OK,PRESENT
CRM,CRM,SALESFORCE INC,-,0.31799,0001108524,7372,10-K,20260131,20260302,0001108524-26-000060,20260430,20260528,2025Q3;2025Q4;2026Q1;2026Q2,41525000000.0,RevenueFromContractWithCustomerExcludingAssessedTax,20260131,37895000000.0,20250131,7457000000.0,NetIncomeLoss,20260131,6197000000.0,20250131,8331000000.0,OperatingIncomeLoss,20260131,7205000000.0,20250131,14996000000.0,NetCashProvidedByUsedInOperatingActivities,20260131,13092000000.0,20250131,594000000.0,PaymentsToAcquirePropertyPlantAndEquipment,20260131,658000000.0,20250131,956000000.0,WeightedAverageNumberOfDilutedSharesOutstanding,20260131,974000000.0,20250131,112305000000.0,Assets,20260131,59142000000.0,StockholdersEquity,20260131,7327000000.0,CashAndCashEquivalentsAtCarryingValue,20260131,10439000000.0,LongTermDebtNoncurrent,20260131,14402000000.0,0.09579100145137875,0.2033241891237696,-0.01848049281314168,0.20062612883804937,0.179578567128236,0.34682721252257676,0.1260863684014744,0.1765073889959758,100.0,100.0,OK,PRESENT
VZ,VZ,VERIZON COMMUNICATIONS INC,-,0.315292,0000732712,4813,10-K,20251231,20260217,0000732712-26-000007,20260331,20260501,2025Q3;2025Q4;2026Q1;2026Q2,138191000000.0,Revenues,20251231,134788000000.0,20241231,17174000000.0,NetIncomeLoss,20251231,17506000000.0,20241231,29259000000.0,OperatingIncomeLoss,20251231,28686000000.0,20241231,37137000000.0,NetCashProvidedByUsedInOperatingActivities,20251231,36912000000.0,20241231,,,,,,4231000000.0,WeightedAverageNumberOfDilutedSharesOutstanding,20251231,4223000000.0,20241231,404258000000.0,Assets,20251231,105741000000.0,StockholdersEquityIncludingPortionAttributableToNoncontrollingInterest,20251231,19048000000.0,CashAndCashEquivalentsAtCarryingValue,20251231,139532000000.0,LongTermDebtAndCapitalLeaseObligations,20251231,,0.02524705463394361,-0.018964926310979124,0.001894387875917669,0.2117286943433364,0.12427726841834852,,0.1624157138669012,1.3195638399485536,100.0,87.5,OK,PRESENT
ANET,ANET,ARISTA NETWORKS INC,-,0.305028,0001596532,3576,10-K,20251231,20260217,0001596532-26-000013,20260331,20260506,2025Q3;2025Q4;2026Q1;2026Q2,9005700000.0,RevenueFromContractWithCustomerExcludingAssessedTax,20251231,7003100000.0,20241231,3511400000.0,NetIncomeLoss,20251231,2852100000.0,20241231,3856100000.0,OperatingIncomeLoss,20251231,2944600000.0,20241231,4371900000.0,NetCashProvidedByUsedInOperatingActivities,20251231,3708200000.0,20241231,119500000.0,PaymentsToAcquireProductiveAssets,20251231,32000000.0,20241231,1275700000.0,WeightedAverageNumberOfDilutedSharesOutstanding,20251231,1281100000.0,20241231,19448600000.0,Assets,20251231,12370500000.0,StockholdersEquity,20251231,1963900000.0,CashAndCashEquivalentsAtCarryingValue,20251231,,,,4252400000.0,0.28595907526666764,0.23116300269976509,-0.004215127624697557,0.42818437211987964,0.3899086134337142,0.47218983532651543,0.28385271411826524,,100.0,87.5,OK,PRESENT
APH,APH,AMPHENOL CORP CL A,-,0.294457,0000820313,3678,10-K,20251231,20260211,0001104659-26-013549,20260331,20260501,2025Q3;2025Q4;2026Q1;2026Q2,23094700000.0,RevenueFromContractWithCustomerExcludingAssessedTax,20251231,15222700000.0,20241231,4270300000.0,NetIncomeLoss,20251231,2424000000.0,20241231,5868600000.0,OperatingIncomeLoss,20251231,3156900000.0,20241231,5374700000.0,NetCashProvidedByUsedInOperatingActivities,20251231,2814700000.0,20241231,996600000.0,PaymentsToAcquirePropertyPlantAndEquipment,20251231,665400000.0,20241231,1277500000.0,WeightedAverageNumberOfDilutedSharesOutstanding,20251231,1263600000.0,20241231,36236900000.0,Assets,20251231,13413100000.0,StockholdersEquity,20251231,11130600000.0,CashAndCashEquivalentsAtCarryingValue,20251231,14564800000.0,LongTermDebtAndCapitalLeaseObligations,20251231,4378100000.0,0.5171224552806006,0.7616749174917492,0.01100031655587208,0.2541102504037723,0.1849038956990132,0.18957163331846702,0.3183678642521117,1.0858638196986528,100.0,100.0,OK,PRESENT
ABT,ABT,ABBOTT LABORATORIES,-,0.290176,0000001800,2834,10-K,20251231,20260220,0001628280-26-010185,20260331,20260429,2025Q3;2025Q4;2026Q1;2026Q2,44328000000.0,RevenueFromContractWithCustomerExcludingAssessedTax,20251231,41950000000.0,20241231,6524000000.0,NetIncomeLoss,20251231,13402000000.0,20241231,8053000000.0,OperatingIncomeLoss,20251231,6825000000.0,20241231,9566000000.0,NetCashProvidedByUsedInOperatingActivities,20251231,8558000000.0,20241231,2171000000.0,PaymentsToAcquirePropertyPlantAndEquipment,20251231,2207000000.0,20241231,1748000000.0,WeightedAverageNumberOfDilutedSharesOutstanding,20251231,1748000000.0,20241231,86713000000.0,Assets,20251231,52130000000.0,StockholdersEquity,20251231,8522000000.0,CashAndCashEquivalentsAtCarryingValue,20251231,12929000000.0,LongTermDebtCurrent+LongTermDebtNoncurrent,20251231+20251231,7395000000.0,0.05668653158522052,-0.513206984032234,0.0,0.18166847139505504,0.14717560007218913,0.1668245804006497,0.12514866679455208,0.24801457893727222,100.0,100.0,OK,PRESENT
PEP,PEP,PEPSICO INC,-,0.289547,0000077476,2080,10-K,20251231,20260203,0000077476-26-000007,20260331,20260416,2025Q3;2025Q4;2026Q1;2026Q2,93925000000.0,Revenues,20251231,91854000000.0,20241231,8240000000.0,NetIncomeLoss,20251231,9578000000.0,20241231,11498000000.0,OperatingIncomeLoss,20251231,12887000000.0,20241231,12087000000.0,NetCashProvidedByUsedInOperatingActivities,20251231,12507000000.0,20241231,4415000000.0,PaymentsToAcquireProductiveAssets,20251231,5318000000.0,20241231,1373000000.0,WeightedAverageNumberOfDilutedSharesOutstanding,20251231,1378000000.0,20241231,107399000000.0,Assets,20251231,20406000000.0,StockholdersEquity,20251231,9159000000.0,CashAndCashEquivalentsAtCarryingValue,20251231,42321000000.0,LongTermDebtNoncurrent,20251231,7672000000.0,0.022546650118666633,-0.13969513468365002,-0.0036284470246734646,0.12241682193239287,0.08772957146659568,0.08168219323928666,0.4038028030971283,2.073948838576889,100.0,100.0,OK,PRESENT
DIS,DIS,WALT DISNEY CO/THE,-,0.281912,0001744489,7990,10-K,20250930,20251113,0001744489-25-000155,20260331,20260506,2025Q3;2025Q4;2026Q1;2026Q2,94425000000.0,Revenues,20250930,91361000000.0,20240930,12404000000.0,NetIncomeLoss,20250930,4972000000.0,20240930,,,,,,18101000000.0,NetCashProvidedByUsedInOperatingActivities,20250930,13971000000.0,20240930,8024000000.0,PaymentsToAcquirePropertyPlantAndEquipment,20250930,5412000000.0,20240930,1811000000.0,WeightedAverageNumberOfDilutedSharesOutstanding,20250930,1831000000.0,20240930,197514000000.0,Assets,20250930,109869000000.0,StockholdersEquity,20250930,5695000000.0,CashAndCashEquivalentsAtCarryingValue,20250930,42026000000.0,LongTermDebtCurrent+LongTermDebtNoncurrent,20250930+20250930,10077000000.0,0.03353728615054563,1.4947707160096542,-0.010922992900054607,,0.1313635160180037,0.10671961874503574,0.11289808772265152,0.3825100801864038,100.0,100.0,OK,PRESENT
MCD,MCD,MCDONALD S CORP,-,0.280668,0000063908,5812,10-K,20251231,20260224,0000063908-26-000035,20260331,20260507,2025Q3;2025Q4;2026Q1;2026Q2,26885000000.0,Revenues,20251231,25920000000.0,20241231,8563000000.0,NetIncomeLoss,20251231,8223000000.0,20241231,12393000000.0,OperatingIncomeLoss,20251231,11712000000.0,20241231,10551000000.0,NetCashProvidedByUsedInOperatingActivities,20251231,9447000000.0,20241231,3365000000.0,PaymentsToAcquirePropertyPlantAndEquipment,20251231,2775000000.0,20241231,716.4,WeightedAverageNumberOfDilutedSharesOutstanding,20251231,721.9,20241231,59515000000.0,Assets,20251231,-1791000000.0,StockholdersEquity,20251231,774000000.0,CashAndCashEquivalentsAtCarryingValue,20251231,39973000000.0,LongTermDebtNoncurrent,20251231,7186000000.0,0.037229938271605034,0.04134744010701685,-0.007618783765064419,0.4609633624697787,0.31850474242142457,0.26728659103589364,-4.781127861529872,-22.318816303740928,100.0,100.0,OK,PRESENT
STX,STX,SEAGATE TECHNOLOGY HOLDINGS,-,0.280312,0001137789,3572,10-K,20250630,20250801,0001137789-25-000157,20260331,20260429,2025Q3;2025Q4;2026Q1;2026Q2,9097000000.0,RevenueFromContractWithCustomerExcludingAssessedTax,20250630,6551000000.0,20240630,1469000000.0,NetIncomeLoss,20250630,335000000.0,20240630,1890000000.0,OperatingIncomeLoss,20250630,452000000.0,20240630,1083000000.0,NetCashProvidedByUsedInOperatingActivities,20250630,918000000.0,20240630,265000000.0,PaymentsToAcquirePropertyPlantAndEquipment,20250630,254000000.0,20240630,217000000.0,WeightedAverageNumberOfDilutedSharesOutstanding,20250630,212000000.0,20240630,8023000000.0,Assets,20250630,-453000000.0,StockholdersEquity,20250630,891000000.0,CashAndCashEquivalentsAtCarryingValue,20250630,4995000000.0,LongTermDebtCurrent+LongTermDebtNoncurrent,20250630+20250630,818000000.0,0.38864295527400405,3.3850746268656717,0.02358490566037741,0.20776080026382324,0.16148180718918326,0.08991975376497746,-3.2428256070640176,-11.026490066225165,100.0,100.0,OK,PRESENT
MRVL,MRVL,MARVELL TECHNOLOGY INC,-,0.279648,0001835632,3674,10-K,20260131,20260311,0001835632-26-000011,20260430,20260528,2025Q3;2025Q4;2026Q1;2026Q2,8194600000.0,RevenueFromContractWithCustomerExcludingAssessedTax,20260131,5767300000.0,20250131,2670100000.0,NetIncomeLoss,20260131,-885000000.0,20250131,1322900000.0,OperatingIncomeLoss,20260131,-720300000.0,20250131,1750500000.0,NetCashProvidedByUsedInOperatingActivities,20260131,1681200000.0,20250131,354100000.0,PaymentsToAcquirePropertyPlantAndEquipment,20260131,284600000.0,20250131,869700000.0,WeightedAverageNumberOfDilutedSharesOutstanding,20260131,865500000.0,20250131,22285300000.0,Assets,20260131,14308400000.0,StockholdersEquity,20260131,2638800000.0,CashAndCashEquivalentsAtCarryingValue,20260131,499800000.0,ShortTermBorrowings,20260131,1396400000.0,0.42087285211450776,-4.0170621468926555,0.004852686308492116,0.16143557952798185,0.3258365264930564,0.17040490078832402,0.1866106622683179,0.03493053031785524,100.0,100.0,OK,PRESENT
GILD,GILD,GILEAD SCIENCES INC,-,0.274244,0000882095,2836,10-K,20251231,20260224,0000882095-26-000006,20260331,20260507,2025Q3;2025Q4;2026Q1;2026Q2,29443000000.0,RevenueFromContractWithCustomerExcludingAssessedTax,20251231,28754000000.0,20241231,8510000000.0,NetIncomeLoss,20251231,480000000.0,20241231,10022000000.0,OperatingIncomeLoss,20251231,1662000000.0,20241231,10019000000.0,NetCashProvidedByUsedInOperatingActivities,20251231,10828000000.0,20241231,563000000.0,PaymentsToAcquirePropertyPlantAndEquipment,20251231,523000000.0,20241231,1255000000.0,WeightedAverageNumberOfDilutedSharesOutstanding,20251231,1255000000.0,20241231,59023000000.0,Assets,20251231,22703000000.0,StockholdersEquity,20251231,7564000000.0,CashCashEquivalentsRestrictedCashAndRestrictedCashEquivalents,20251231,22129000000.0,LongTermDebtNoncurrent,20251231,9456000000.0,0.023961883564025843,16.729166666666668,0.0,0.34038650952688243,0.28903304690418774,0.32116292497367793,0.37484032947187595,0.9747169977536009,100.0,100.0,OK,PRESENT
T,T,AT+T INC,-,0.271531,0000732717,4813,10-K,20251231,20260209,0000732717-26-000120,20260331,20260427,2025Q3;2025Q4;2026Q1;2026Q2,125648000000.0,Revenues,20251231,122336000000.0,20241231,21953000000.0,NetIncomeLoss,20251231,10948000000.0,20241231,24162000000.0,OperatingIncomeLoss,20251231,19049000000.0,20241231,40284000000.0,NetCashProvidedByUsedInOperatingActivities,20251231,38771000000.0,20241231,20842000000.0,PaymentsToAcquireProductiveAssets,20251231,20263000000.0,20241231,,,,,,420198000000.0,Assets,20251231,126491000000.0,StockholdersEquityIncludingPortionAttributableToNoncontrollingInterest,20251231,18234000000.0,CashAndCashEquivalentsAtCarryingValue,20251231,127089000000.0,LongTermDebtAndCapitalLeaseObligations,20251231,19442000000.0,0.027072979335600378,1.0052064303982462,,0.1922991213548962,0.17471826053737424,0.15473385967146314,0.17355384968100498,1.0047276090789068,83.3,87.5,MISSING_DILUTED_SHARES,PARTIAL
QCOM,QCOM,QUALCOMM INC,-,0.27122,0000804328,3663,10-K,20250930,20251105,0000804328-25-000085,20260331,20260429,2025Q3;2025Q4;2026Q1;2026Q2,44284000000.0,Revenues,20250930,38962000000.0,20240930,5541000000.0,NetIncomeLoss,20250930,10142000000.0,20240930,12355000000.0,OperatingIncomeLoss,20250930,10071000000.0,20240930,14012000000.0,NetCashProvidedByUsedInOperatingActivities,20250930,12202000000.0,20240930,1192000000.0,PaymentsToAcquireProductiveAssets,20250930,1041000000.0,20240930,1105000000.0,WeightedAverageNumberOfDilutedSharesOutstanding,20250930,1130000000.0,20240930,50143000000.0,Assets,20250930,21206000000.0,StockholdersEquityIncludingPortionAttributableToNoncontrollingInterest,20250930,5520000000.0,CashAndCashEquivalentsAtCarryingValue,20250930,14811000000.0,LongTermDebt,20250930,12820000000.0,0.13659463066577682,-0.45365805561033323,-0.02212389380530977,0.27899467076144885,0.1251241983560654,0.28949507722879597,0.26129397340375365,0.6984344053569744,100.0,100.0,OK,PRESENT
SCHW,SCHW,SCHWAB (CHARLES) CORP,-,0.270999,0000316709,6211,10-K,20251231,20260225,0000316709-26-000009,20260331,20260508,2025Q3;2025Q4;2026Q1;2026Q2,23921000000.0,Revenues,20251231,19606000000.0,20241231,8852000000.0,NetIncomeLoss,20251231,5942000000.0,20241231,,,,,,9311000000.0,NetCashProvidedByUsedInOperatingActivities,20251231,2670000000.0,20241231,548000000.0,PaymentsToAcquirePropertyPlantAndEquipment,20251231,620000000.0,20241231,1809000000.0,WeightedAverageNumberOfDilutedSharesOutstanding,20251231,1834000000.0,20241231,490995000000.0,Assets,20251231,49425000000.0,StockholdersEquity,20251231,46030000000.0,CashAndCashEquivalentsAtCarryingValue,20251231,22199000000.0,LongTermDebtAndCapitalLeaseObligations,20251231,8763000000.0,0.2200856880546771,0.4897340962638843,-0.0136314067611778,,0.37005141925504786,0.366330839011747,0.179099645928174,0.44914516944865956,100.0,100.0,OK,PRESENT
UNP,UNP,UNION PACIFIC CORP,-,0.269452,0000100885,4011,10-K,20251231,20260206,0000100885-26-000037,20260331,20260423,2025Q3;2025Q4;2026Q1;2026Q2,24510000000.0,RevenueFromContractWithCustomerExcludingAssessedTax,20251231,24250000000.0,20241231,7138000000.0,NetIncomeLoss,20251231,6747000000.0,20241231,9846000000.0,OperatingIncomeLoss,20251231,9713000000.0,20241231,9290000000.0,NetCashProvidedByUsedInOperatingActivities,20251231,9346000000.0,20241231,3791000000.0,PaymentsToAcquirePropertyPlantAndEquipment,20251231,3452000000.0,20241231,595900000.0,WeightedAverageNumberOfDilutedSharesOutstanding,20251231,608600000.0,20241231,69698000000.0,Assets,20251231,18467000000.0,StockholdersEquity,20251231,1266000000.0,CashAndCashEquivalentsAtCarryingValue,20251231,30294000000.0,LongTermDebtAndCapitalLeaseObligations,20251231,5499000000.0,0.010721649484536133,0.05795168222913882,-0.02086756490305619,0.40171358629130965,0.2912280701754386,0.2243574051407589,0.3865273190014621,1.640439703254454,100.0,100.0,OK,PRESENT
ADI,ADI,ANALOG DEVICES INC,-,0.266069,0000006281,3674,10-K,20251031,20251125,0000006281-25-000153,20260430,20260520,2025Q3;2025Q4;2026Q1;2026Q2,11019707000.0,RevenueFromContractWithCustomerExcludingAssessedTax,20251031,9427157000.0,20241031,2267342000.0,NetIncomeLoss,20251031,1635273000.0,20241031,2932496000.0,OperatingIncomeLoss,20251031,2032798000.0,20241031,4812202000.0,NetCashProvidedByUsedInOperatingActivities,20251031,3852529000.0,20241031,533552000.0,PaymentsToAcquirePropertyPlantAndEquipment,20251031,730463000.0,20241031,496709000.0,WeightedAverageNumberOfDilutedSharesOutstanding,20251031,498697000.0,20241031,47992712000.0,Assets,20251031,33815755000.0,StockholdersEquity,20251031,2499406000.0,CashAndCashEquivalentsAtCarryingValue,20251031,8145066000.0,LongTermDebtCurrent+LongTermDebtNoncurrent,20251031+20251031,4278650000.0,0.16893216056548122,0.38652200580575835,-0.0039863885285053025,0.26611379050277834,0.20575338346110292,0.38827257385337016,0.06704987068897324,0.24086601053266443,100.0,100.0,OK,PRESENT
AXP,AXP,AMERICAN EXPRESS CO,-,0.265246,0000004962,6199,10-K,20251231,20260206,0000004962-26-000080,20260331,20260423,2025Q3;2025Q4;2026Q1;2026Q2,,,,,,10833000000.0,NetIncomeLoss,20251231,10129000000.0,20241231,,,,,,18428000000.0,NetCashProvidedByUsedInOperatingActivities,20251231,14050000000.0,20241231,2425000000.0,PaymentsToAcquirePropertyPlantAndEquipment,20251231,1911000000.0,20241231,696000000.0,WeightedAverageNumberOfDilutedSharesOutstanding,20251231,713000000.0,20241231,300052000000.0,Assets,20251231,33474000000.0,StockholdersEquity,20251231,47792000000.0,CashCashEquivalentsRestrictedCashAndRestrictedCashEquivalents,20251231,56387000000.0,LongTermDebt,20251231,16003000000.0,,0.06950340606180272,-0.02384291725105192,,,,0.32362430543108084,1.6845014040748043,83.3,87.5,MISSING_REVENUE,PARTIAL
NEE,NEE,NEXTERA ENERGY INC,-,0.259186,0000753308,4911,10-K,20251231,20260213,0000753308-26-000015,20260331,20260423,2025Q3;2025Q4;2026Q1;2026Q2,,,,,,6835000000.0,NetIncomeLoss,20251231,6946000000.0,20241231,8280000000.0,OperatingIncomeLoss,20251231,7479000000.0,20241231,12485000000.0,NetCashProvidedByUsedInOperatingActivities,20251231,13260000000.0,20241231,,,,,,,,,,,212721000000.0,Assets,20251231,54608000000.0,StockholdersEquity,20251231,2812000000.0,CashAndCashEquivalentsAtCarryingValue,20251231,93056000000.0,LongTermDebtCurrent+LongTermDebtNoncurrent,20251231+20251231,,,-0.015980420385833582,,,,,0.12516481101670085,1.70407266334603,66.7,62.5,MISSING_REVENUE;MISSING_DILUTED_SHARES,PARTIAL
BLK,BLK,BLACKROCK INC,-,0.251816,0002012383,6211,10-K,20251231,20260225,0001193125-26-071966,20260331,20260506,2025Q3;2025Q4;2026Q1;2026Q2,24216000000.0,RevenueFromContractWithCustomerExcludingAssessedTax,20251231,20407000000.0,20241231,5553000000.0,NetIncomeLoss,20251231,6369000000.0,20241231,7045000000.0,OperatingIncomeLoss,20251231,7574000000.0,20241231,3927000000.0,NetCashProvidedByUsedInOperatingActivities,20251231,4956000000.0,20241231,375000000.0,PaymentsToAcquirePropertyPlantAndEquipment,20251231,255000000.0,20241231,160866521.0,WeightedAverageNumberOfDilutedSharesOutstanding,20251231,151615085.0,20241231,169998000000.0,Assets,20251231,55888000000.0,StockholdersEquity,20251231,11468000000.0,CashAndCashEquivalentsAtCarryingValue,20251231,12768000000.0,LongTermDebt,20251231,3552000000.0,0.1866516391434312,-0.1281205840791333,0.06101923169452439,0.2909233564585398,0.22931119920713577,0.1466798810703667,0.09935943315201833,0.22845691382765532,100.0,100.0,OK,PRESENT
WELL,WELL,WELLTOWER INC,-,0.251702,0000766704,6798,10-K,20251231,20260212,0000766704-26-000010,20260331,20260429,2025Q3;2025Q4;2026Q1;2026Q2,8452996000.0,RevenueFromContractWithCustomerExcludingAssessedTax,20251231,6027149000.0,20241231,961837000.0,ProfitLoss,20251231,972857000.0,20241231,,,,,,2881677000.0,NetCashProvidedByUsedInOperatingActivities,20251231,2256421000.0,20241231,,,,,,679521000.0,WeightedAverageNumberOfDilutedSharesOutstanding,20251231,608750000.0,20241231,67303047000.0,Assets,20251231,42129498000.0,StockholdersEquity,20251231,5033678000.0,CashAndCashEquivalentsAtCarryingValue,20251231,,,,,0.40248664833074477,-0.011327461281565587,0.11625626283367563,,0.11378652018763524,,0.022830488034773166,,100.0,75.0,OK,PRESENT
DE,DE,DEERE + CO,-,0.248301,0000315189,3523,10-K,20251031,20251218,0001104659-25-122321,20260430,20260528,2025Q3;2025Q4;2026Q1;2026Q2,45684000000.0,Revenues,20251031,51716000000.0,20241031,5027000000.0,NetIncomeLoss,20251031,7100000000.0,20241031,,,,,,7459000000.0,NetCashProvidedByUsedInOperatingActivities,20251031,9231000000.0,20241031,1360000000.0,PaymentsToAcquirePropertyPlantAndEquipment,20251031,1640000000.0,20241031,271700000.0,WeightedAverageNumberOfDilutedSharesOutstanding,20251031,277100000.0,20241031,105996000000.0,Assets,20251031,25950000000.0,StockholdersEquity,20251031,8276000000.0,CashAndCashEquivalentsAtCarryingValue,20251031,,,,6099000000.0,-0.11663701755742906,-0.2919718309859155,-0.019487549621075462,,0.1100385255231591,0.13350407144733387,0.19371868978805395,,100.0,87.5,OK,PRESENT
BA,BA,BOEING CO/THE,-,0.247248,0000012927,3721,10-K,20251231,20260130,0001628280-26-004357,20260331,20260422,2025Q3;2025Q4;2026Q1;2026Q2,89463000000.0,Revenues,20251231,66517000000.0,20241231,2235000000.0,NetIncomeLoss,20251231,-11817000000.0,20241231,4281000000.0,OperatingIncomeLoss,20251231,-10707000000.0,20241231,1065000000.0,NetCashProvidedByUsedInOperatingActivities,20251231,-12080000000.0,20241231,2942000000.0,PaymentsToAcquirePropertyPlantAndEquipment,20251231,2230000000.0,20241231,,,,,,168235000000.0,Assets,20251231,5454000000.0,StockholdersEquity,20251231,10921000000.0,CashAndCashEquivalentsAtCarryingValue,20251231,45637000000.0,LongTermDebtAndCapitalLeaseObligations,20251231,-1877000000.0,0.3449644451794278,-1.189134298045189,,0.0478521847020556,0.024982394956574228,-0.020980740641382473,0.4097909790979098,8.367620095342868,83.3,87.5,MISSING_DILUTED_SHARES,PARTIAL
PFE,PFE,PFIZER INC,-,0.244725,0000078003,2834,10-K,20251231,20260226,0000078003-26-000026,20260331,20260505,2025Q3;2025Q4;2026Q1;2026Q2,62579000000.0,Revenues,20251231,63627000000.0,20241231,7771000000.0,NetIncomeLoss,20251231,8031000000.0,20241231,,,,,,11704000000.0,NetCashProvidedByUsedInOperatingActivities,20251231,12744000000.0,20241231,2629000000.0,PaymentsToAcquirePropertyPlantAndEquipment,20251231,2909000000.0,20241231,5713000000.0,WeightedAverageNumberOfDilutedSharesOutstanding,20251231,5700000000.0,20241231,208160000000.0,Assets,20251231,86476000000.0,StockholdersEquity,20251231,1142000000.0,CashAndCashEquivalentsAtCarryingValue,20251231,64638000000.0,LongTermDebtCurrent+LongTermDebtNoncurrent,20251231+20251231,9075000000.0,-0.01647099501783833,-0.032374548624081734,0.002280701754385994,,0.12417903769635182,0.14501669889259974,0.0898630833988621,0.747467505435034,100.0,100.0,OK,PRESENT
COP,COP,CONOCOPHILLIPS,-,0.243617,0001163165,2911,10-K,20251231,20260217,0001163165-26-000009,20260331,20260430,2025Q3;2025Q4;2026Q1;2026Q2,58944000000.0,Revenues,20251231,54745000000.0,20241231,7988000000.0,NetIncomeLoss,20251231,9245000000.0,20241231,,,,,,19796000000.0,NetCashProvidedByUsedInOperatingActivities,20251231,20124000000.0,20241231,,,,,,1253446000.0,WeightedAverageNumberOfDilutedSharesOutstanding,20251231,1180871000.0,20241231,121939000000.0,Assets,20251231,64487000000.0,StockholdersEquity,20251231,6497000000.0,CashAndCashEquivalentsAtCarryingValue,20251231,22424000000.0,LongTermDebtAndCapitalLeaseObligations,20251231,,0.07670106859073877,-0.13596538669551106,0.06145887230696667,,0.1355184581976113,,0.12386992727216338,0.347728999643339,100.0,87.5,OK,PRESENT
ETN,ETN,EATON CORP PLC,-,0.235551,0001551182,3590,10-K,20251231,20260226,0001551182-26-000007,20260331,20260505,2025Q3;2025Q4;2026Q1;2026Q2,27448000000.0,RevenueFromContractWithCustomerExcludingAssessedTax,20251231,24878000000.0,20241231,4087000000.0,NetIncomeLoss,20251231,3794000000.0,20241231,,,,,,4472000000.0,NetCashProvidedByUsedInOperatingActivities,20251231,4327000000.0,20241231,919000000.0,PaymentsToAcquirePropertyPlantAndEquipment,20251231,808000000.0,20241231,391200000.0,WeightedAverageNumberOfDilutedSharesOutstanding,20251231,399400000.0,20241231,41251000000.0,Assets,20251231,19425000000.0,StockholdersEquity,20251231,622000000.0,CashAndCashEquivalentsAtCarryingValue,20251231,8758000000.0,LongTermDebtAndCapitalLeaseObligations,20251231,3553000000.0,0.10330412412573353,0.07722720084343693,-0.020530796194291434,,0.1488997376858059,0.12944476828912854,0.2103989703989704,0.45086229086229085,100.0,100.0,OK,PRESENT
WDC,WDC,WESTERN DIGITAL CORP,-,0.234324,0000106040,3572,10-K,20250630,20250814,0000106040-25-000038,20260331,20260501,2025Q3;2025Q4;2026Q1;2026Q2,9520000000.0,RevenueFromContractWithCustomerExcludingAssessedTax,20250630,6317000000.0,20240630,1889000000.0,NetIncomeLoss,20250630,-798000000.0,20240630,2334000000.0,OperatingIncomeLoss,20250630,-403000000.0,20240630,1691000000.0,NetCashProvidedByUsedInOperatingActivities,20250630,-294000000.0,20240630,412000000.0,PaymentsToAcquirePropertyPlantAndEquipment,20250630,487000000.0,20240630,,,,,,14002000000.0,Assets,20250630,5311000000.0,StockholdersEquity,20250630,2114000000.0,CashAndCashEquivalentsAtCarryingValue,20250630,4711000000.0,LongTermDebtCurrent+LongTermDebtNoncurrent,20250630+20250630,1279000000.0,0.5070444831407313,-3.3671679197994986,,0.24516806722689075,0.19842436974789915,0.1343487394957983,0.3556768970062135,0.8870269252494822,83.3,87.5,MISSING_DILUTED_SHARES,PARTIAL
BKNG,BKNG,BOOKING HOLDINGS INC,-,0.232851,0001075531,4700,10-K,20251231,20260218,0001075531-26-000009,20260331,20260428,2025Q3;2025Q4;2026Q1;2026Q2,26917000000.0,Revenues,20251231,23739000000.0,20241231,,,,,,8825000000.0,OperatingIncomeLoss,20251231,7555000000.0,20241231,9409000000.0,NetCashProvidedByUsedInOperatingActivities,20251231,8323000000.0,20241231,322000000.0,PaymentsToAcquirePropertyPlantAndEquipment,20251231,429000000.0,20241231,32639000.0,WeightedAverageNumberOfDilutedSharesOutstanding,20251231,34064000.0,20241231,29264000000.0,Assets,20251231,-5578000000.0,StockholdersEquity,20251231,17203000000.0,CashAndCashEquivalentsAtCarryingValue,20251231,18736000000.0,LongTermDebtCurrent+LongTermDebtNoncurrent,20251231+20251231,9087000000.0,0.1338725304351489,,-0.04183302019727575,0.3278597169075306,,0.33759334249730655,,-3.3589100035855144,83.3,87.5,MISSING_NET_INCOME,PARTIAL
UBER,UBER,UBER TECHNOLOGIES INC,-,0.232426,0001543151,7389,10-K,20251231,20260213,0001543151-26-000015,20260331,20260506,2025Q3;2025Q4;2026Q1;2026Q2,52017000000.0,Revenues,20251231,43978000000.0,20241231,10053000000.0,NetIncomeLoss,20251231,9856000000.0,20241231,5565000000.0,OperatingIncomeLoss,20251231,2799000000.0,20241231,10099000000.0,NetCashProvidedByUsedInOperatingActivities,20251231,7137000000.0,20241231,336000000.0,PaymentsToAcquirePropertyPlantAndEquipment,20251231,242000000.0,20241231,2119689000.0,WeightedAverageNumberOfDilutedSharesOutstanding,20251231,2150508000.0,20241231,61802000000.0,Assets,20251231,27041000000.0,StockholdersEquity,20251231,7105000000.0,CashAndCashEquivalentsAtCarryingValue,20251231,10521000000.0,LongTermDebtNoncurrent,20251231,9763000000.0,0.1827959434262585,0.019987824675324672,-0.014331032481627592,0.10698425514735567,0.19326374070015573,0.18768864025222523,0.3717687955327096,0.3890758477866943,100.0,100.0,OK,PRESENT
NOW,NOW,SERVICENOW INC,-,0.230319,0001373715,7372,10-K,20251231,20260129,0001373715-26-000007,20260331,20260423,2025Q3;2025Q4;2026Q1;2026Q2,13278000000.0,RevenueFromContractWithCustomerExcludingAssessedTax,20251231,10984000000.0,20241231,1748000000.0,NetIncomeLoss,20251231,1425000000.0,20241231,1824000000.0,OperatingIncomeLoss,20251231,1364000000.0,20241231,5444000000.0,NetCashProvidedByUsedInOperatingActivities,20251231,4267000000.0,20241231,868000000.0,PaymentsToAcquirePropertyPlantAndEquipment,20251231,852000000.0,20241231,1046691000.0,WeightedAverageNumberOfDilutedSharesOutstanding,20251231,1042113000.0,20241231,26038000000.0,Assets,20251231,12964000000.0,StockholdersEquity,20251231,3726000000.0,CashAndCashEquivalentsAtCarryingValue,20251231,,,,4576000000.0,0.20884923525127452,0.22666666666666657,0.004392997688350553,0.13737008585630367,0.13164633227895767,0.3446302153938846,0.13483492749151496,,100.0,87.5,OK,PRESENT
TJX,TJX,TJX COMPANIES INC,-,0.223513,0000109198,5651,10-K,20260131,20260331,0000109198-26-000008,20260430,20260529,2025Q3;2025Q4;2026Q1;2026Q2,,,,,,5494000000.0,NetIncomeLoss,20260131,4864000000.0,20250131,,,,,,6874000000.0,NetCashProvidedByUsedInOperatingActivities,20260131,6116000000.0,20250131,1957000000.0,PaymentsToAcquirePropertyPlantAndEquipment,20260131,1918000000.0,20250131,1128000000.0,WeightedAverageNumberOfDilutedSharesOutstanding,20260131,1142000000.0,20250131,35767000000.0,Assets,20260131,10190000000.0,StockholdersEquity,20260131,6230000000.0,CashAndCashEquivalentsAtCarryingValue,20260131,2869000000.0,LongTermDebtCurrent+LongTermDebtNoncurrent,20260131+20260131,4917000000.0,,0.12952302631578938,-0.012259194395796813,,,,0.5391560353287537,0.2815505397448479,83.3,87.5,MISSING_REVENUE,PARTIAL
VRTX,VRTX,VERTEX PHARMACEUTICALS INC,-,0.208474,0000875320,2834,10-K,20251231,20260213,0000875320-26-000056,20260331,20260505,2025Q3;2025Q4;2026Q1;2026Q2,12001300000.0,RevenueFromContractWithCustomerExcludingAssessedTax,20251231,11020100000.0,20241231,3953200000.0,NetIncomeLoss,20251231,-535600000.0,20241231,4173300000.0,OperatingIncomeLoss,20251231,-232900000.0,20241231,3631400000.0,NetCashProvidedByUsedInOperatingActivities,20251231,-492600000.0,20241231,437600000.0,PaymentsToAcquirePropertyPlantAndEquipment,20251231,297700000.0,20241231,258000000.0,WeightedAverageNumberOfDilutedSharesOutstanding,20251231,257900000.0,20241231,25643000000.0,Assets,20251231,18665800000.0,StockholdersEquity,20251231,5084800000.0,CashAndCashEquivalentsAtCarryingValue,20251231,,,,3193800000.0,0.08903730456166459,-8.380881254667663,0.0003877471888329431,0.3477373284560839,0.32939764858806964,0.26612117020656095,0.21178840446163572,,100.0,87.5,OK,PRESENT
BMY,BMY,BRISTOL MYERS SQUIBB CO,-,0.205806,0000014272,2834,10-K,20251231,20260211,0000014272-26-000004,20260331,20260430,2025Q3;2025Q4;2026Q1;2026Q2,48194000000.0,Revenues,20251231,48300000000.0,20241231,7054000000.0,NetIncomeLoss,20251231,-8948000000.0,20241231,,,,,,14156000000.0,NetCashProvidedByUsedInOperatingActivities,20251231,15190000000.0,20241231,1311000000.0,PaymentsToAcquirePropertyPlantAndEquipment,20251231,1248000000.0,20241231,,,,,,90038000000.0,Assets,20251231,18473000000.0,StockholdersEquity,20251231,10209000000.0,CashAndCashEquivalentsAtCarryingValue,20251231,42850000000.0,LongTermDebtNoncurrent,20251231,12845000000.0,-0.002194616977225672,-1.7883325882878855,,,0.14636676764742498,0.26652695356268413,0.38185459860336707,2.3196015806853247,83.3,87.5,MISSING_DILUTED_SHARES,PARTIAL
NEM,NEM,NEWMONT CORP,-,0.203,0001164727,1040,10-K,20251231,20260219,0001164727-26-000010,20260331,20260423,2025Q3;2025Q4;2026Q1;2026Q2,22669000000.0,RevenueFromContractWithCustomerExcludingAssessedTax,20251231,18682000000.0,20241231,7085000000.0,NetIncomeLoss,20251231,3348000000.0,20241231,,,,,,10334000000.0,NetCashProvidedByUsedInOperatingActivities,20251231,6363000000.0,20241231,3035000000.0,PaymentsToAcquireProductiveAssets,20251231,3402000000.0,20241231,1108000000.0,WeightedAverageNumberOfDilutedSharesOutstanding,20251231,1148000000.0,20241231,57121000000.0,Assets,20251231,33867000000.0,StockholdersEquity,20251231,7647000000.0,CashAndCashEquivalentsAtCarryingValue,20251231,5115000000.0,LongTermDebtCurrent+LongTermDebtNoncurrent,20251231+20251231,7299000000.0,0.21341398137244405,1.1161887694145758,-0.03484320557491294,,0.31254135603687855,0.32198156072169043,0.209200696843535,0.15103197803171228,100.0,100.0,OK,PRESENT
DHR,DHR,DANAHER CORP,-,0.202926,0000313616,3823,10-K,20251231,20260224,0000313616-26-000062,20260331,20260421,2025Q3;2025Q4;2026Q1;2026Q2,24568000000.0,RevenueFromContractWithCustomerExcludingAssessedTax,20251231,23875000000.0,20241231,3614000000.0,NetIncomeLoss,20251231,3899000000.0,20241231,4690000000.0,OperatingIncomeLoss,20251231,4863000000.0,20241231,6416000000.0,NetCashProvidedByUsedInOperatingActivities,20251231,6688000000.0,20241231,1156000000.0,PaymentsToAcquirePropertyPlantAndEquipment,20251231,1392000000.0,20241231,716100000.0,WeightedAverageNumberOfDilutedSharesOutstanding,20251231,737200000.0,20241231,83464000000.0,Assets,20251231,52534000000.0,StockholdersEquity,20251231,4615000000.0,CashCashEquivalentsRestrictedCashAndRestrictedCashEquivalents,20251231,18416000000.0,LongTermDebtNoncurrent,20251231,5260000000.0,0.02902617801047125,-0.07309566555527058,-0.028621812262615287,0.19089873005535657,0.14710192119830673,0.2140996418104852,0.06879354322914684,0.3505539269806221,100.0,100.0,OK,PRESENT
COF,COF,CAPITAL ONE FINANCIAL CORP,-,0.201449,0000927628,6021,10-K,20251231,20260219,0000927628-26-000024,20260331,20260507,2025Q3;2025Q4;2026Q1;2026Q2,,,,,,2453000000.0,NetIncomeLoss,20251231,4750000000.0,20241231,,,,,,27718000000.0,NetCashProvidedByUsedInOperatingActivities,20251231,18159000000.0,20241231,1578000000.0,PaymentsToAcquirePropertyPlantAndEquipment,20251231,1204000000.0,20241231,,,,,,669009000000.0,Assets,20251231,113616000000.0,StockholdersEquity,20251231,62093000000.0,CashCashEquivalentsRestrictedCashAndRestrictedCashEquivalents,20251231,,,,26140000000.0,,-0.483578947368421,,,,,0.021590268976200536,,66.7,62.5,MISSING_REVENUE;MISSING_DILUTED_SHARES,PARTIAL
ISRG,ISRG,INTUITIVE SURGICAL INC,-,0.201353,0001035267,3842,10-K,20251231,20260203,0001035267-26-000010,20260331,20260422,2025Q3;2025Q4;2026Q1;2026Q2,10064700000.0,RevenueFromContractWithCustomerExcludingAssessedTax,20251231,8352100000.0,20241231,2856000000.0,NetIncomeLoss,20251231,2322600000.0,20241231,2945500000.0,OperatingIncomeLoss,20251231,2348900000.0,20241231,3030500000.0,NetCashProvidedByUsedInOperatingActivities,20251231,2415000000.0,20241231,539800000.0,PaymentsToAcquireProductiveAssets,20251231,1111200000.0,20241231,362700000.0,WeightedAverageNumberOfDilutedSharesOutstanding,20251231,362000000.0,20241231,20458700000.0,Assets,20251231,17824000000.0,StockholdersEquity,20251231,3368000000.0,CashAndCashEquivalentsAtCarryingValue,20251231,,,,2490700000.0,0.20505022688904595,0.22965641952983717,0.001933701657458542,0.29265651236499846,0.28376404661837906,0.24746887636988682,0.16023339317773788,,100.0,87.5,OK,PRESENT
PLD,PLD,PROLOGIS INC,-,0.200115,0001045609,6798,10-K,20251231,20260213,0001193125-26-051453,20260331,20260430,2025Q3;2025Q4;2026Q1;2026Q2,8790127000.0,Revenues,20251231,8201610000.0,20241231,3328231000.0,NetIncomeLoss,20251231,3731635000.0,20241231,4357864000.0,OperatingIncomeLoss,20251231,4415920000.0,20241231,5008434000.0,NetCashProvidedByUsedInOperatingActivities,20251231,4912209000.0,20241231,,,,,,956832000.0,WeightedAverageNumberOfDilutedSharesOutstanding,20251231,953590000.0,20241231,98724256000.0,Assets,20251231,53193178000.0,StockholdersEquity,20251231,1145647000.0,CashAndCashEquivalentsAtCarryingValue,20251231,35037073000.0,LongTermDebt,20251231,,0.07175627712119947,-0.10810382044331779,0.0033997839742447855,0.4957680361159742,0.37863286844433536,,0.06256875646722969,0.6586760618062715,100.0,87.5,OK,PRESENT
SPGI,SPGI,S+P GLOBAL INC,-,0.199337,0000064040,7320,10-K,20251231,20260211,0000064040-26-000013,20260331,20260428,2025Q3;2025Q4;2026Q1;2026Q2,15336000000.0,RevenueFromContractWithCustomerExcludingAssessedTax,20251231,14208000000.0,20241231,4471000000.0,NetIncomeLoss,20251231,3852000000.0,20241231,6478000000.0,OperatingIncomeLoss,20251231,5580000000.0,20241231,5651000000.0,NetCashProvidedByUsedInOperatingActivities,20251231,5689000000.0,20241231,195000000.0,PaymentsToAcquireProductiveAssets,20251231,124000000.0,20241231,305100000.0,WeightedAverageNumberOfDilutedSharesOutstanding,20251231,311900000.0,20241231,61200000000.0,Assets,20251231,31127000000.0,StockholdersEquity,20251231,1745000000.0,CashAndCashEquivalentsAtCarryingValue,20251231,12370000000.0,LongTermDebtNoncurrent,20251231,5456000000.0,0.07939189189189189,0.16069574247144347,-0.02180185957037517,0.42240479916536255,0.29153625456442356,0.3557642149191445,0.1436373566357182,0.39740418286375173,100.0,100.0,OK,PRESENT
DELL,DELL,DELL TECHNOLOGIES C,-,0.19907,0001571996,3571,10-K,20260131,20260316,0001571996-26-000008,20260430,20260609,2025Q3;2025Q4;2026Q1;2026Q2,113538000000.0,Revenues,20260131,95567000000.0,20250131,5936000000.0,NetIncomeLoss,20260131,4592000000.0,20250131,8149000000.0,OperatingIncomeLoss,20260131,6237000000.0,20250131,11185000000.0,NetCashProvidedByUsedInOperatingActivities,20260131,4521000000.0,20250131,2633000000.0,PaymentsToAcquirePropertyPlantAndEquipment,20260131,2652000000.0,20250131,,,,,,101286000000.0,Assets,20260131,-2470000000.0,StockholdersEquity,20260131,11528000000.0,CashAndCashEquivalentsAtCarryingValue,20260131,23513000000.0,LongTermDebtNoncurrent,20260131,8552000000.0,0.1880460828528676,0.29268292682926833,,0.07177332699184415,0.052282055347108454,0.07532279941517378,-2.403238866396761,-9.519433198380566,83.3,87.5,MISSING_DILUTED_SHARES,PARTIAL
PGR,PGR,PROGRESSIVE CORP,-,0.19222,0000080661,6331,10-K,20251231,20260302,0000080661-26-000086,20260331,20260504,2025Q3;2025Q4;2026Q1;2026Q2,87671000000.0,Revenues,20251231,75372000000.0,20241231,11308000000.0,NetIncomeLoss,20251231,8480000000.0,20241231,,,,,,17548000000.0,NetCashProvidedByUsedInOperatingActivities,20251231,15119000000.0,20241231,348000000.0,PaymentsToAcquirePropertyPlantAndEquipment,20251231,285000000.0,20241231,588100000.0,WeightedAverageNumberOfDilutedSharesOutstanding,20251231,587700000.0,20241231,123039000000.0,Assets,20251231,30323000000.0,StockholdersEquity,20251231,138000000.0,CashCashEquivalentsRestrictedCashAndRestrictedCashEquivalents,20251231,,,,17200000000.0,0.1631773072228413,0.33349056603773586,0.0006806193636208491,,0.12898221760901551,0.19618802112443112,0.37291824687530917,,100.0,87.5,OK,PRESENT
PH,PH,PARKER HANNIFIN CORP,-,0.186292,0000076334,3490,10-K,20250630,20250822,0000076334-25-000035,20260331,20260501,2025Q3;2025Q4;2026Q1;2026Q2,19850000000.0,RevenueFromContractWithCustomerExcludingAssessedTax,20250630,19930000000.0,20240630,3532000000.0,ProfitLoss,20250630,2845000000.0,20240630,,,,,,3776000000.0,NetCashProvidedByUsedInOperatingActivities,20250630,3384000000.0,20240630,435000000.0,PaymentsToAcquirePropertyPlantAndEquipment,20250630,400000000.0,20240630,,,,,,29494000000.0,Assets,20250630,13682000000.0,StockholdersEquity,20250630,467000000.0,CashAndCashEquivalentsAtCarryingValue,20250630,7494000000.0,LongTermDebtAndCapitalLeaseObligations,20250630,3341000000.0,-0.004014049172102352,0.24147627416520212,,,0.1779345088161209,0.16831234256926952,0.25814939336354337,0.547726940505774,83.3,87.5,MISSING_DILUTED_SHARES,PARTIAL
CB,CB,CHUBB LTD,-,0.184232,0000896159,6331,10-K,20251231,20260227,0000896159-26-000005,20260331,20260428,2025Q3;2025Q4;2026Q1;2026Q2,59402000000.0,Revenues,20251231,55753000000.0,20241231,10310000000.0,NetIncomeLoss,20251231,9272000000.0,20241231,,,,,,12816000000.0,NetCashProvidedByUsedInOperatingActivities,20251231,16182000000.0,20241231,,,,,,,,,,,272327000000.0,Assets,20251231,73757000000.0,StockholdersEquity,20251231,2470000000.0,CashCashEquivalentsRestrictedCashAndRestrictedCashEquivalents,20251231,15728000000.0,LongTermDebt,20251231,,0.0654493928577835,0.1119499568593616,,,0.1735631796909195,,0.1397833425979907,0.2132407771465759,83.3,75.0,MISSING_DILUTED_SHARES,PARTIAL
SBUX,SBUX,STARBUCKS CORP,-,0.182657,0000829224,5810,10-K,20250930,20251114,0000829224-25-000114,20260331,20260428,2025Q3;2025Q4;2026Q1;2026Q2,37184400000.0,Revenues,20250930,36176200000.0,20240930,1856400000.0,NetIncomeLoss,20250930,3760900000.0,20240930,2936600000.0,OperatingIncomeLoss,20250930,5408800000.0,20240930,4747500000.0,NetCashProvidedByUsedInOperatingActivities,20250930,6095600000.0,20240930,2305500000.0,PaymentsToAcquirePropertyPlantAndEquipment,20250930,2777500000.0,20240930,1139800000.0,WeightedAverageNumberOfDilutedSharesOutstanding,20250930,1137300000.0,20240930,32019700000.0,Assets,20250930,-8096600000.0,StockholdersEquity,20250930,3219800000.0,CashCashEquivalentsRestrictedCashAndRestrictedCashEquivalents,20250930,16074800000.0,LongTermDebtCurrent+LongTermDebtNoncurrent,20250930+20250930,2442000000.0,0.027869151541621395,-0.5063947459384721,0.002198188692517311,0.0789739783350007,0.049924161745248004,0.06567270145544905,-0.22928142677173136,-1.9853765778227899,100.0,100.0,OK,PRESENT
CVS,CVS,CVS HEALTH CORP,-,0.180742,0000064803,5912,10-K,20251231,20260210,0000064803-26-000010,20260331,20260506,2025Q3;2025Q4;2026Q1;2026Q2,402067000000.0,Revenues,20251231,372809000000.0,20241231,1768000000.0,NetIncomeLoss,20251231,4614000000.0,20241231,4660000000.0,OperatingIncomeLoss,20251231,8516000000.0,20241231,10639000000.0,NetCashProvidedByUsedInOperatingActivities,20251231,9107000000.0,20241231,2832000000.0,PaymentsToAcquirePropertyPlantAndEquipment,20251231,2781000000.0,20241231,1271000000.0,WeightedAverageNumberOfDilutedSharesOutstanding,20251231,1262000000.0,20241231,253538000000.0,Assets,20251231,75214000000.0,StockholdersEquity,20251231,8453000000.0,CashAndCashEquivalentsAtCarryingValue,20251231,60502000000.0,LongTermDebtAndCapitalLeaseObligations,20251231,7807000000.0,0.07847986502471782,-0.6168183788469874,0.007131537242472286,0.011590108116308973,0.004397277070736966,0.019417161816314196,0.023506262132049885,0.8043981173717659,100.0,100.0,OK,PRESENT
ADBE,ADBE,ADOBE INC,-,0.178471,0000796343,7372,10-K,20251130,20260115,0000796343-26-000003,20260531,20260615,2025Q3;2025Q4;2026Q1;2026Q2,23769000000.0,Revenues,20251130,21505000000.0,20241130,7130000000.0,NetIncomeLoss,20251130,5560000000.0,20241130,8706000000.0,OperatingIncomeLoss,20251130,6741000000.0,20241130,10031000000.0,NetCashProvidedByUsedInOperatingActivities,20251130,8056000000.0,20241130,179000000.0,PaymentsToAcquirePropertyPlantAndEquipment,20251130,183000000.0,20241130,427000000.0,WeightedAverageNumberOfDilutedSharesOutstanding,20251130,449700000.0,20241130,29496000000.0,Assets,20251130,11623000000.0,StockholdersEquity,20251130,5431000000.0,CashAndCashEquivalentsAtCarryingValue,20251130,6210000000.0,LongTermDebt,20251130,9852000000.0,0.10527784236224136,0.2823741007194245,-0.050478096508783654,0.36627540073204595,0.2999705498758888,0.41448946106272877,0.6134388712036479,0.5342854684676933,100.0,100.0,OK,PRESENT
GLW,GLW,CORNING INC,-,0.175715,0000024741,3357,10-K,20251231,20260212,0000024741-26-000124,20260331,20260501,2025Q3;2025Q4;2026Q1;2026Q2,15629000000.0,Revenues,20251231,13118000000.0,20241231,1596000000.0,NetIncomeLoss,20251231,506000000.0,20241231,2279000000.0,OperatingIncomeLoss,20251231,1135000000.0,20241231,2695000000.0,NetCashProvidedByUsedInOperatingActivities,20251231,1939000000.0,20241231,,,,,,,,,,,30976000000.0,Assets,20251231,11807000000.0,StockholdersEquity,20251231,1526000000.0,CashAndCashEquivalentsAtCarryingValue,20251231,7630000000.0,LongTermDebtAndCapitalLeaseObligations,20251231,,0.1914163744473243,2.1541501976284585,,0.1458186704203724,0.10211785782839593,,0.13517404929279242,0.6462268146015075,83.3,75.0,MISSING_DILUTED_SHARES,PARTIAL
ACN,ACN,ACCENTURE PLC CL A,-,0.175706,0001467373,7389,10-K,20250831,20251010,0001467373-25-000217,20260531,20260618,2025Q3;2025Q4;2026Q1;2026Q2,69672977000.0,Revenues,20250831,64896464000.0,20240831,7678433000.0,NetIncomeLoss,20250831,7264787000.0,20240831,10225664000.0,OperatingIncomeLoss,20250831,9595847000.0,20240831,11474399000.0,NetCashProvidedByUsedInOperatingActivities,20250831,9131027000.0,20240831,600039000.0,PaymentsToAcquirePropertyPlantAndEquipment,20250831,516509000.0,20240831,632435108.0,WeightedAverageNumberOfDilutedSharesOutstanding,20250831,635940044.0,20240831,65394897000.0,Assets,20250831,31195446000.0,StockholdersEquity,20250831,11478729000.0,CashAndCashEquivalentsAtCarryingValue,20250831,5034169000.0,LongTermDebtAndCapitalLeaseObligations,20250831,10874360000.0,0.07360205326441216,0.05693848973135762,-0.005511425224859701,0.14676657206710142,0.11020675921455172,0.15607715456166024,0.24613954870207658,0.1613751250743458,100.0,100.0,OK,PRESENT
MDT,MDT,MEDTRONIC PLC,-,0.175545,0001613103,3845,10-K,20260430,20260618,0001628280-26-044354,20260131,20260224,2025Q3;2025Q4;2026Q1;2026Q2,36364000000.0,RevenueFromContractWithCustomerExcludingAssessedTax,20260430,33537000000.0,20250430,4801000000.0,NetIncomeLoss,20260430,4662000000.0,20250430,6467000000.0,OperatingIncomeLoss,20260430,5955000000.0,20250430,7330000000.0,NetCashProvidedByUsedInOperatingActivities,20260430,7044000000.0,20250430,1904000000.0,PaymentsToAcquirePropertyPlantAndEquipment,20260430,1859000000.0,20250430,1288100000.0,WeightedAverageNumberOfDilutedSharesOutstanding,20260430,1289900000.0,20250430,93028000000.0,Assets,20260430,49463000000.0,StockholdersEquity,20260430,1949000000.0,CashAndCashEquivalentsAtCarryingValue,20260430,26173000000.0,LongTermDebtAndCapitalLeaseObligations,20260430,5426000000.0,0.08429495780779428,0.029815529815529818,-0.0013954570121714749,0.17784072159278408,0.13202617973820263,0.14921350786492135,0.09706245072074075,0.5291429957746194,100.0,100.0,OK,PRESENT
LOW,LOW,LOWE S COS INC,-,0.17293,0000060667,5211,10-K,20260131,20260323,0000060667-26-000029,20260430,20260528,2025Q3;2025Q4;2026Q1;2026Q2,86286000000.0,RevenueFromContractWithCustomerExcludingAssessedTax,20260131,83674000000.0,20250131,6654000000.0,NetIncomeLoss,20260131,6957000000.0,20250131,10153000000.0,OperatingIncomeLoss,20260131,10466000000.0,20250131,9864000000.0,NetCashProvidedByUsedInOperatingActivities,20260131,9625000000.0,20250131,2213000000.0,PaymentsToAcquirePropertyPlantAndEquipment,20260131,1927000000.0,20250131,,,,,,54144000000.0,Assets,20260131,-9917000000.0,StockholdersEquity,20260131,982000000.0,CashAndCashEquivalentsAtCarryingValue,20260131,37490000000.0,LongTermDebtAndCapitalLeaseObligations,20260131,7651000000.0,0.031216387408274926,-0.043553255713669636,,0.11766682891778504,0.0771156386899381,0.08867023619127089,-0.6709690430573763,-3.780377130180498,83.3,87.5,MISSING_DILUTED_SHARES,PARTIAL
ADP,ADP,AUTOMATIC DATA PROCESSING,-,0.172522,0000008670,7374,10-K,20250630,20250806,0000008670-25-000037,20260331,20260430,2025Q3;2025Q4;2026Q1;2026Q2,20560900000.0,RevenueFromContractWithCustomerExcludingAssessedTax,20250630,19202600000.0,20240630,4079700000.0,NetIncomeLoss,20250630,3752000000.0,20240630,,,,,,4939700000.0,NetCashProvidedByUsedInOperatingActivities,20250630,4157600000.0,20240630,,,,,,408700000.0,WeightedAverageNumberOfDilutedSharesOutstanding,20250630,412200000.0,20240630,53369300000.0,Assets,20250630,6188000000.0,StockholdersEquity,20250630,3347800000.0,CashAndCashEquivalentsAtCarryingValue,20250630,3974700000.0,LongTermDebtNoncurrent,20250630,,0.07073521293991436,0.08734008528784654,-0.008491023774866546,,0.19842030261321245,,0.6592921784098255,0.6423238526179703,100.0,87.5,OK,PRESENT
MO,MO,ALTRIA GROUP INC,-,0.17247,0000764180,2111,10-K,20251231,20260225,0000764180-26-000017,20260331,20260430,2025Q3;2025Q4;2026Q1;2026Q2,23279000000.0,RevenueFromContractWithCustomerExcludingAssessedTax,20251231,24018000000.0,20241231,6947000000.0,NetIncomeLoss,20251231,11264000000.0,20241231,9899000000.0,OperatingIncomeLoss,20251231,11241000000.0,20241231,9290000000.0,NetCashProvidedByUsedInOperatingActivities,20251231,8753000000.0,20241231,216000000.0,PaymentsToAcquirePropertyPlantAndEquipment,20251231,142000000.0,20241231,,,,,,35017000000.0,Assets,20251231,-3502000000.0,StockholdersEquity,20251231,4474000000.0,CashAndCashEquivalentsAtCarryingValue,20251231,25709000000.0,LongTermDebtCurrent+LongTermDebtNoncurrent,20251231+20251231,9074000000.0,-0.030768590223998693,-0.3832563920454546,,0.4252330426564715,0.2984234717986168,0.3897933760041239,-1.9837235865219873,-7.341233580810965,83.3,87.5,MISSING_DILUTED_SHARES,PARTIAL
LMT,LMT,LOCKHEED MARTIN CORP,-,0.170813,0000936468,3760,10-K,20251231,20260129,0001628280-26-004195,20260331,20260423,2025Q3;2025Q4;2026Q1;2026Q2,75048000000.0,Revenues,20251231,71043000000.0,20241231,5017000000.0,NetIncomeLoss,20251231,5336000000.0,20241231,7731000000.0,OperatingIncomeLoss,20251231,7013000000.0,20241231,8557000000.0,NetCashProvidedByUsedInOperatingActivities,20251231,6972000000.0,20241231,1649000000.0,PaymentsToAcquireProductiveAssets,20251231,1685000000.0,20241231,,,,,,59840000000.0,Assets,20251231,6721000000.0,StockholdersEquity,20251231,4121000000.0,CashAndCashEquivalentsAtCarryingValue,20251231,21700000000.0,LongTermDebtCurrent+LongTermDebtNoncurrent,20251231+20251231,6908000000.0,0.0563743085173769,-0.05978260869565222,,0.10301407099456347,0.06685054898198486,0.0920477561027609,0.746466299657789,3.228686207409612,83.3,87.5,MISSING_DILUTED_SHARES,PARTIAL
SYK,SYK,STRYKER CORP,-,0.168508,0000310764,3841,10-K,20251231,20260211,0000310764-26-000010,20260331,20260511,2025Q3;2025Q4;2026Q1;2026Q2,25116000000.0,Revenues,20251231,22595000000.0,20241231,3246000000.0,NetIncomeLoss,20251231,2993000000.0,20241231,4889000000.0,OperatingIncomeLoss,20251231,3689000000.0,20241231,5044000000.0,NetCashProvidedByUsedInOperatingActivities,20251231,4242000000.0,20241231,761000000.0,PaymentsToAcquirePropertyPlantAndEquipment,20251231,755000000.0,20241231,386500000.0,WeightedAverageNumberOfDilutedSharesOutstanding,20251231,385600000.0,20241231,47844000000.0,Assets,20251231,22420000000.0,StockholdersEquityIncludingPortionAttributableToNoncontrollingInterest,20251231,4011000000.0,CashAndCashEquivalentsAtCarryingValue,20251231,14859000000.0,LongTermDebtNoncurrent,20251231,4283000000.0,0.11157335693737558,0.0845305713331106,0.002334024896265552,0.19465679248287943,0.12924032489249881,0.17052874661570314,0.1447814451382694,0.6627564674397859,100.0,100.0,OK,PRESENT
BNY,BNY,BANK OF NEW YORK MELLON CORP,-,0.166963,0001390777,6022,10-K,20251231,20260225,0001390777-26-000033,20260331,20260501,2025Q3;2025Q4;2026Q1;2026Q2,,,,,,5549000000.0,NetIncomeLoss,20251231,4530000000.0,20241231,,,,,,6730000000.0,NetCashProvidedByUsedInOperatingActivities,20251231,687000000.0,20241231,1553000000.0,PaymentsToAcquirePropertyPlantAndEquipment,20251231,1469000000.0,20241231,716718000.0,WeightedAverageNumberOfDilutedSharesOutstanding,20251231,748101000.0,20241231,472300000000.0,Assets,20251231,44313000000.0,StockholdersEquity,20251231,5111000000.0,CashAndCashEquivalentsAtCarryingValue,20251231,31873000000.0,LongTermDebt,20251231,5177000000.0,,0.224944812362031,-0.04195021795185405,,,,0.125222846568727,0.7192697402568096,83.3,87.5,MISSING_REVENUE,PARTIAL
FCX,FCX,FREEPORT MCMORAN INC,-,0.164571,0000831259,1000,10-K,20251231,20260213,0000831259-26-000012,20260331,20260508,2025Q3;2025Q4;2026Q1;2026Q2,25915000000.0,Revenues,20251231,25455000000.0,20241231,4152000000.0,ProfitLoss,20251231,4399000000.0,20241231,6518000000.0,OperatingIncomeLoss,20251231,6864000000.0,20241231,5610000000.0,NetCashProvidedByUsedInOperatingActivities,20251231,7160000000.0,20241231,4494000000.0,PaymentsToAcquireProductiveAssets,20251231,4808000000.0,20241231,1443000000.0,WeightedAverageNumberOfDilutedSharesOutstanding,20251231,1445000000.0,20241231,58167000000.0,Assets,20251231,18899000000.0,StockholdersEquity,20251231,3824000000.0,CashAndCashEquivalentsAtCarryingValue,20251231,9379000000.0,LongTermDebtCurrent+LongTermDebtNoncurrent,20251231+20251231,1116000000.0,0.01807110587310934,-0.05614912480109113,-0.0013840830449827202,0.25151456685317386,0.16021609106694965,0.043063862627821727,0.21969416371236572,0.49626964389650247,100.0,100.0,OK,PRESENT
MPC,MPC,MARATHON PETROLEUM CORP,-,0.164357,0001510295,2911,10-K,20251231,20260226,0001510295-26-000009,20260331,20260505,2025Q3;2025Q4;2026Q1;2026Q2,132699000000.0,RevenueFromContractWithCustomerExcludingAssessedTax,20251231,138864000000.0,20241231,4047000000.0,NetIncomeLoss,20251231,3445000000.0,20241231,8291000000.0,OperatingIncomeLoss,20251231,6796000000.0,20241231,8253000000.0,NetCashProvidedByUsedInOperatingActivities,20251231,8665000000.0,20241231,3486000000.0,PaymentsToAcquirePropertyPlantAndEquipment,20251231,2533000000.0,20241231,306000000.0,WeightedAverageNumberOfDilutedSharesOutstanding,20251231,341000000.0,20241231,83955000000.0,Assets,20251231,17314000000.0,StockholdersEquity,20251231,3672000000.0,CashAndCashEquivalentsAtCarryingValue,20251231,30505000000.0,LongTermDebtAndCapitalLeaseObligations,20251231,4767000000.0,-0.04439595575527133,0.17474600870827284,-0.1026392961876833,0.06247974739824716,0.030497592295345103,0.035923405602152236,0.2337414808825228,1.7618690077394017,100.0,100.0,OK,PRESENT
VLO,VLO,VALERO ENERGY CORP,-,0.160715,0001035002,2911,10-K,20251231,20260225,0001628280-26-011499,20260331,20260430,2025Q3;2025Q4;2026Q1;2026Q2,,,,,,2348000000.0,NetIncomeLoss,20251231,2770000000.0,20241231,3181000000.0,OperatingIncomeLoss,20251231,3755000000.0,20241231,5826000000.0,NetCashProvidedByUsedInOperatingActivities,20251231,6683000000.0,20241231,,,,,,309000000.0,WeightedAverageNumberOfDilutedSharesOutstanding,20251231,322000000.0,20241231,57988000000.0,Assets,20251231,23725000000.0,StockholdersEquity,20251231,4688000000.0,CashAndCashEquivalentsAtCarryingValue,20251231,9670000000.0,LongTermDebtAndCapitalLeaseObligations,20251231,,,-0.15234657039711186,-0.04037267080745344,,,,0.09896733403582719,0.40758693361433085,83.3,75.0,MISSING_REVENUE,PARTIAL
FTNT,FTNT,FORTINET INC,-,0.16051,0001262039,3577,10-K,20251231,20260225,0001262039-26-000007,20260331,20260508,2025Q3;2025Q4;2026Q1;2026Q2,6799600000.0,RevenueFromContractWithCustomerExcludingAssessedTax,20251231,5955800000.0,20241231,1853400000.0,NetIncomeLoss,20251231,1745200000.0,20241231,2084700000.0,OperatingIncomeLoss,20251231,1803400000.0,20241231,2590600000.0,NetCashProvidedByUsedInOperatingActivities,20251231,2258100000.0,20241231,364800000.0,PaymentsToAcquireProductiveAssets,20251231,378900000.0,20241231,764600000.0,WeightedAverageNumberOfDilutedSharesOutstanding,20251231,771900000.0,20241231,10389200000.0,Assets,20251231,1237500000.0,StockholdersEquity,20251231,2495300000.0,CashAndCashEquivalentsAtCarryingValue,20251231,996300000.0,LongTermDebtCurrent+LongTermDebtNoncurrent,20251231+20251231,2225800000.0,0.14167702071929877,0.06199862479944995,-0.009457183573001737,0.3065915642096594,0.27257485734454967,0.3273427848696982,1.4976969696969697,0.8050909090909091,100.0,100.0,OK,PRESENT
BX,BX,BLACKSTONE INC,-,0.160484,0001393818,6282,10-K,20251231,20260227,0001193125-26-082531,20260331,20260508,2025Q3;2025Q4;2026Q1;2026Q2,14450265000.0,Revenues,20251231,13229968000.0,20241231,3019214000.0,NetIncomeLoss,20251231,2776508000.0,20241231,,,,,,4663161000.0,NetCashProvidedByUsedInOperatingActivities,20251231,3481662000.0,20241231,115703000.0,PaymentsToAcquirePropertyPlantAndEquipment,20251231,61409000.0,20241231,780215856.0,WeightedAverageNumberOfDilutedSharesOutstanding,20251231,766646508.0,20241231,47708975000.0,Assets,20251231,8665526000.0,StockholdersEquity,20251231,2631241000.0,CashAndCashEquivalentsAtCarryingValue,20251231,,,,4547458000.0,0.09223733572144699,0.08741411874195926,0.01769961495735406,,0.2089383135880207,0.3146972045149345,0.34841670315223794,,100.0,87.5,OK,PRESENT
MCK,MCK,MCKESSON CORP,-,0.160392,0000927653,5122,10-K,20260331,20260508,0000927653-26-000069,20251231,20260204,2025Q3;2025Q4;2026Q1;2026Q2,403430000000.0,RevenueFromContractWithCustomerExcludingAssessedTax,20260331,359051000000.0,20250331,4762000000.0,NetIncomeLoss,20260331,3295000000.0,20250331,6212000000.0,OperatingIncomeLoss,20260331,4422000000.0,20250331,6155000000.0,NetCashProvidedByUsedInOperatingActivities,20260331,6085000000.0,20250331,436000000.0,PaymentsToAcquirePropertyPlantAndEquipment,20260331,537000000.0,20250331,124100000.0,WeightedAverageNumberOfDilutedSharesOutstanding,20260331,128100000.0,20250331,82323000000.0,Assets,20260331,-2172000000.0,StockholdersEquity,20260331,3975000000.0,CashAndCashEquivalentsAtCarryingValue,20260331,5259000000.0,LongTermDebtAndCapitalLeaseObligations,20260331,5719000000.0,0.12360082550946805,0.4452200303490137,-0.031225604996096834,0.015397962471804279,0.011803782564509332,0.014175941303323997,-2.192449355432781,-2.4212707182320443,100.0,100.0,OK,PRESENT
CME,CME,CME GROUP INC,-,0.155995,0001156375,6200,10-K,20251231,20260226,0001156375-26-000009,20260331,20260424,2025Q3;2025Q4;2026Q1;2026Q2,6520600000.0,Revenues,20251231,6130100000.0,20241231,4072200000.0,NetIncomeLoss,20251231,3525800000.0,20241231,4229500000.0,OperatingIncomeLoss,20251231,3931500000.0,20241231,4277100000.0,NetCashProvidedByUsedInOperatingActivities,20251231,3690500000.0,20241231,83500000.0,PaymentsToAcquirePropertyPlantAndEquipment,20251231,94000000.0,20241231,360310000.0,WeightedAverageNumberOfDilutedSharesOutstanding,20251231,359944000.0,20241231,198424200000.0,Assets,20251231,28728200000.0,StockholdersEquity,20251231,4416900000.0,CashAndCashEquivalentsAtCarryingValue,20251231,0.0,ShortTermBorrowings,20251231,4193600000.0,0.06370206032528025,0.1549719212660956,0.0010168248394195611,0.6486366285311168,0.624513081618256,0.6431310002147042,0.14174922201878293,0.0,100.0,100.0,OK,PRESENT
EQIX,EQIX,EQUINIX INC,-,0.155879,0001101239,6798,10-K,20251231,20260211,0001101239-26-000032,20260331,20260429,2025Q3;2025Q4;2026Q1;2026Q2,9217000000.0,RevenueFromContractWithCustomerExcludingAssessedTax,20251231,8748000000.0,20241231,1350000000.0,NetIncomeLoss,20251231,815000000.0,20241231,1848000000.0,OperatingIncomeLoss,20251231,1328000000.0,20241231,3911000000.0,NetCashProvidedByUsedInOperatingActivities,20251231,3249000000.0,20241231,,,,,,98123000.0,WeightedAverageNumberOfDilutedSharesOutstanding,20251231,95827000.0,20241231,40141000000.0,Assets,20251231,14156000000.0,StockholdersEquity,20251231,1727000000.0,CashAndCashEquivalentsAtCarryingValue,20251231,,,,,0.05361225422953808,0.656441717791411,0.023959844302753996,0.2004990777910383,0.1464684821525442,,0.09536592257699915,,100.0,75.0,OK,PRESENT
INTU,INTU,INTUIT INC,-,0.150178,0000896878,7372,10-K,20250731,20250903,0000896878-25-000035,20260430,20260520,2025Q3;2025Q4;2026Q1;2026Q2,18831000000.0,Revenues,20250731,16285000000.0,20240731,3869000000.0,NetIncomeLoss,20250731,2963000000.0,20240731,4923000000.0,OperatingIncomeLoss,20250731,3630000000.0,20240731,6207000000.0,NetCashProvidedByUsedInOperatingActivities,20250731,4884000000.0,20240731,84000000.0,PaymentsToAcquirePropertyPlantAndEquipment,20250731,191000000.0,20240731,283000000.0,WeightedAverageNumberOfDilutedSharesOutstanding,20250731,284000000.0,20240731,36958000000.0,Assets,20250731,19710000000.0,StockholdersEquity,20250731,2884000000.0,CashAndCashEquivalentsAtCarryingValue,20250731,5973000000.0,LongTermDebtCurrent+LongTermDebtNoncurrent,20250731+20250731,6123000000.0,0.1563401903592263,0.30577117786027674,-0.0035211267605633756,0.2614306197227975,0.2054590834262652,0.32515532897881155,0.1962962962962963,0.3030441400304414,100.0,100.0,OK,PRESENT
VRT,VRT,VERTIV HOLDINGS CO A,-,0.150119,0001674101,3679,10-K,20251231,20260213,0001674101-26-000008,20260331,20260422,2025Q3;2025Q4;2026Q1;2026Q2,10229900000.0,RevenueFromContractWithCustomerExcludingAssessedTax,20251231,8011800000.0,20241231,1332800000.0,NetIncomeLoss,20251231,495800000.0,20241231,1829700000.0,OperatingIncomeLoss,20251231,1367400000.0,20241231,2113800000.0,NetCashProvidedByUsedInOperatingActivities,20251231,1319300000.0,20241231,220000000.0,PaymentsToAcquirePropertyPlantAndEquipment,20251231,167000000.0,20241231,390652824.0,WeightedAverageNumberOfDilutedSharesOutstanding,20251231,386325058.0,20241231,12212400000.0,Assets,20251231,3941300000.0,StockholdersEquity,20251231,1728400000.0,CashAndCashEquivalentsAtCarryingValue,20251231,2913000000.0,LongTermDebtCurrent+LongTermDebtNoncurrent,20251231+20251231,1893800000.0,0.2768541401432887,1.688180718031464,0.011202395263731457,0.1788580533534052,0.13028475351665217,0.18512399925707973,0.3381625352041205,0.739096237282115,100.0,100.0,OK,PRESENT
SO,SO,SOUTHERN CO/THE,-,0.149609,0000092122,4911,10-K,20251231,20260219,0000092122-26-000006,20260331,20260430,2025Q3;2025Q4;2026Q1;2026Q2,29553000000.0,Revenues,20251231,26724000000.0,20241231,4341000000.0,NetIncomeLoss,20251231,4401000000.0,20241231,7285000000.0,OperatingIncomeLoss,20251231,7068000000.0,20241231,9802000000.0,NetCashProvidedByUsedInOperatingActivities,20251231,9788000000.0,20241231,12737000000.0,PaymentsToAcquirePropertyPlantAndEquipment,20251231,8955000000.0,20241231,1109000000.0,WeightedAverageNumberOfDilutedSharesOutstanding,20251231,1102000000.0,20241231,155720000000.0,Assets,20251231,36016000000.0,StockholdersEquity,20251231,1639000000.0,CashAndCashEquivalentsAtCarryingValue,20251231,65649000000.0,LongTermDebtAndCapitalLeaseObligations,20251231,-2935000000.0,0.1058599012123933,-0.013633265167007469,0.006352087114337657,0.24650627685852536,0.14688864074713226,-0.0993130985009982,0.1205297645490893,1.8227732119058195,100.0,100.0,OK,PRESENT
PSX,PSX,PHILLIPS 66,-,0.149421,0001534701,2911,10-K,20251231,20260220,0001534701-26-000006,20260331,20260429,2025Q3;2025Q4;2026Q1;2026Q2,132376000000.0,RevenueFromContractWithCustomerExcludingAssessedTax,20251231,143153000000.0,20241231,4403000000.0,NetIncomeLoss,20251231,2117000000.0,20241231,,,,,,4962000000.0,NetCashProvidedByUsedInOperatingActivities,20251231,4191000000.0,20241231,,,,,,408053000.0,WeightedAverageNumberOfDilutedSharesOutstanding,20251231,421888000.0,20241231,73680000000.0,Assets,20251231,29093000000.0,StockholdersEquity,20251231,1116000000.0,CashAndCashEquivalentsAtCarryingValue,20251231,18678000000.0,LongTermDebtAndCapitalLeaseObligations,20251231,,-0.07528308872325418,1.079829948039679,-0.032793063561893154,,0.03326131625067988,,0.15134224727597703,0.6420101055236654,100.0,87.5,OK,PRESENT
TT,TT,TRANE TECHNOLOGIES PLC,-,0.14814,0001466258,3822,10-K,20251231,20260205,0001628280-26-005731,20260331,20260430,2025Q3;2025Q4;2026Q1;2026Q2,21321900000.0,RevenueFromContractWithCustomerExcludingAssessedTax,20251231,19838200000.0,20241231,2918600000.0,NetIncomeLoss,20251231,2567900000.0,20241231,3967400000.0,OperatingIncomeLoss,20251231,3500100000.0,20241231,3194500000.0,NetCashProvidedByUsedInOperatingActivities,20251231,3145600000.0,20241231,383000000.0,PaymentsToAcquireProductiveAssets,20251231,370600000.0,20241231,,,,,,21420700000.0,Assets,20251231,8579200000.0,StockholdersEquity,20251231,1763300000.0,CashAndCashEquivalentsAtCarryingValue,20251231,3922100000.0,LongTermDebtNoncurrent,20251231,2811500000.0,0.07479005151677076,0.13657073873593206,,0.18607159774691748,0.13688273559110586,0.13185973107462282,0.34019488996643044,0.4571638381201044,83.3,87.5,MISSING_DILUTED_SHARES,PARTIAL
HWM,HWM,HOWMET AEROSPACE INC,-,0.147822,0000004281,3350,10-K,20251231,20260212,0000004281-26-000012,20260331,20260507,2025Q3;2025Q4;2026Q1;2026Q2,8252000000.0,RevenueFromContractWithCustomerExcludingAssessedTax,20251231,7430000000.0,20241231,1508000000.0,NetIncomeLoss,20251231,1155000000.0,20241231,2046000000.0,OperatingIncomeLoss,20251231,1633000000.0,20241231,1884000000.0,NetCashProvidedByUsedInOperatingActivities,20251231,1298000000.0,20241231,453000000.0,PaymentsToAcquirePropertyPlantAndEquipment,20251231,321000000.0,20241231,406000000.0,WeightedAverageNumberOfDilutedSharesOutstanding,20251231,410000000.0,20241231,11179000000.0,Assets,20251231,5353000000.0,StockholdersEquity,20251231,742000000.0,CashAndCashEquivalentsAtCarryingValue,20251231,3050000000.0,LongTermDebtCurrent+LongTermDebtNoncurrent,20251231+20251231,1431000000.0,0.11063257065948862,0.3056277056277057,-0.009756097560975618,0.24793989335918565,0.1827435773145904,0.1734125060591372,0.28171118998692324,0.5697739585279282,100.0,100.0,OK,PRESENT
PNC,PNC,PNC FINANCIAL SERVICES GROUP,-,0.145127,0000713676,6021,10-K,20251231,20260220,0000713676-26-000020,20260331,20260505,2025Q3;2025Q4;2026Q1;2026Q2,23099000000.0,Revenues,20251231,21555000000.0,20241231,6997000000.0,ProfitLoss,20251231,5953000000.0,20241231,,,,,,4384000000.0,NetCashProvidedByUsedInOperatingActivities,20251231,7880000000.0,20241231,,,,,,396000000.0,WeightedAverageNumberOfDilutedSharesOutstanding,20251231,400000000.0,20241231,573572000000.0,Assets,20251231,60585000000.0,StockholdersEquity,20251231,39713000000.0,CashCashEquivalentsRestrictedCashAndRestrictedCashEquivalents,20251231,57101000000.0,LongTermDebt,20251231,,0.07163071213175587,0.17537376112884262,-0.010000000000000009,,0.30291354604095416,,0.11549063299496574,0.9424940166707931,100.0,87.5,OK,PRESENT
USB,USB,US BANCORP,-,0.144156,0000036104,6021,10-K,20251231,20260223,0000036104-26-000011,20260331,20260504,2025Q3;2025Q4;2026Q1;2026Q2,,,,,,7570000000.0,NetIncomeLoss,20251231,6299000000.0,20241231,,,,,,7970000000.0,NetCashProvidedByUsedInOperatingActivities,20251231,11350000000.0,20241231,,,,,,1558000000.0,WeightedAverageNumberOfDilutedSharesOutstanding,20251231,1561000000.0,20241231,692345000000.0,Assets,20251231,65193000000.0,StockholdersEquity,20251231,46890000000.0,CashCashEquivalentsRestrictedCashAndRestrictedCashEquivalents,20251231,17162000000.0,ShortTermBorrowings,20251231,,,0.20177806000952536,-0.0019218449711723151,,,,0.11611676100194807,0.2632491218382342,83.3,75.0,MISSING_REVENUE,PARTIAL
CMCSA,CMCSA,COMCAST CORP CLASS A,-,0.143351,0001166691,4841,10-K,20251231,20260203,0001628280-26-004994,20260331,20260423,2025Q3;2025Q4;2026Q1;2026Q2,123707000000.0,RevenueFromContractWithCustomerExcludingAssessedTax,20251231,123731000000.0,20241231,19998000000.0,NetIncomeLoss,20251231,16192000000.0,20241231,20672000000.0,OperatingIncomeLoss,20251231,23297000000.0,20241231,33643000000.0,NetCashProvidedByUsedInOperatingActivities,20251231,27673000000.0,20241231,11750000000.0,PaymentsToAcquirePropertyPlantAndEquipment,20251231,12181000000.0,20241231,,,,,,272631000000.0,Assets,20251231,96903000000.0,StockholdersEquity,20251231,9481000000.0,CashAndCashEquivalentsAtCarryingValue,20251231,92979000000.0,LongTermDebtAndCapitalLeaseObligations,20251231,21893000000.0,-0.00019396917506531164,0.23505434782608692,,0.16710452925056787,0.16165617143734792,0.17697462552644555,0.20637131977338163,0.9595058976502275,83.3,87.5,MISSING_DILUTED_SHARES,PARTIAL
GD,GD,GENERAL DYNAMICS CORP,-,0.142463,0000040533,3730,10-K,20251231,20260130,0000040533-26-000006,20260331,20260429,2025Q3;2025Q4;2026Q1;2026Q2,52550000000.0,RevenueFromContractWithCustomerExcludingAssessedTax,20251231,47716000000.0,20241231,4210000000.0,NetIncomeLoss,20251231,3782000000.0,20241231,5356000000.0,OperatingIncomeLoss,20251231,4796000000.0,20241231,5120000000.0,NetCashProvidedByUsedInOperatingActivities,20251231,4112000000.0,20241231,1161000000.0,PaymentsToAcquirePropertyPlantAndEquipment,20251231,916000000.0,20241231,,,,,,57249000000.0,Assets,20251231,25622000000.0,StockholdersEquity,20251231,2333000000.0,CashAndCashEquivalentsAtCarryingValue,20251231,7007000000.0,LongTermDebtNoncurrent,20251231,3959000000.0,0.10130773744655874,0.11316763617133785,,0.10192197906755471,0.08011417697431018,0.07533777354900095,0.16431191944422763,0.2734759191319959,83.3,87.5,MISSING_DILUTED_SHARES,PARTIAL
CSX,CSX,CSX CORP,-,0.141861,0000277948,4011,10-K,20251231,20260212,0000277948-26-000006,20260331,20260422,2025Q3;2025Q4;2026Q1;2026Q2,14092000000.0,RevenueFromContractWithCustomerExcludingAssessedTax,20251231,14540000000.0,20241231,2889000000.0,NetIncomeLoss,20251231,3470000000.0,20241231,4521000000.0,OperatingIncomeLoss,20251231,5245000000.0,20241231,4613000000.0,NetCashProvidedByUsedInOperatingActivities,20251231,5247000000.0,20241231,2902000000.0,PaymentsToAcquirePropertyPlantAndEquipment,20251231,2529000000.0,20241231,1873000000.0,WeightedAverageNumberOfDilutedSharesOutstanding,20251231,1943000000.0,20241231,43682000000.0,Assets,20251231,13160000000.0,StockholdersEquityIncludingPortionAttributableToNoncontrollingInterest,20251231,670000000.0,CashCashEquivalentsRestrictedCashAndRestrictedCashEquivalents,20251231,18165000000.0,LongTermDebtAndCapitalLeaseObligations,20251231,1711000000.0,-0.030811554332874858,-0.16743515850144097,-0.03602676273803396,0.3208203235878513,0.20500993471473175,0.12141640647175703,0.2195288753799392,1.3803191489361701,100.0,100.0,OK,PRESENT
CDNS,CDNS,CADENCE DESIGN SYS INC,-,0.14124,0000813672,7372,10-K,20251231,20260219,0000813672-26-000016,20260331,20260501,2025Q3;2025Q4;2026Q1;2026Q2,5296759000.0,RevenueFromContractWithCustomerExcludingAssessedTax,20251231,4641264000.0,20241231,1108888000.0,NetIncomeLoss,20251231,1055484000.0,20241231,1492042000.0,OperatingIncomeLoss,20251231,1350763000.0,20241231,1728781000.0,NetCashProvidedByUsedInOperatingActivities,20251231,1260551000.0,20241231,141871000.0,PaymentsToAcquirePropertyPlantAndEquipment,20251231,142542000.0,20241231,273312000.0,WeightedAverageNumberOfDilutedSharesOutstanding,20251231,273833000.0,20241231,10153148000.0,Assets,20251231,5474181000.0,StockholdersEquity,20251231,3001317000.0,CashAndCashEquivalentsAtCarryingValue,20251231,,,,1586910000.0,0.14123200059294194,0.05059669308108883,-0.001902619479755896,0.28168961434718853,0.20935217177145496,0.2996001894743559,0.20256692279630506,,100.0,87.5,OK,PRESENT
DUK,DUK,DUKE ENERGY CORP,-,0.140958,0001326160,4931,10-K,20251231,20260226,0001326160-26-000014,20260331,20260505,2025Q3;2025Q4;2026Q1;2026Q2,,,,,,4968000000.0,NetIncomeLoss,20251231,4524000000.0,20241231,8626000000.0,OperatingIncomeLoss,20251231,7926000000.0,20241231,12330000000.0,NetCashProvidedByUsedInOperatingActivities,20251231,12328000000.0,20241231,14024000000.0,PaymentsToAcquirePropertyPlantAndEquipment,20251231,12280000000.0,20241231,777000000.0,WeightedAverageNumberOfDilutedSharesOutstanding,20251231,772000000.0,20241231,195736000000.0,Assets,20251231,51842000000.0,StockholdersEquity,20251231,245000000.0,CashAndCashEquivalentsAtCarryingValue,20251231,87212000000.0,LongTermDebtCurrent+LongTermDebtNoncurrent,20251231+20251231,-1694000000.0,,0.09814323607427067,0.006476683937823857,,,,0.09582963620230701,1.6822653447012075,83.3,87.5,MISSING_REVENUE,PARTIAL
WMB,WMB,WILLIAMS COS INC,-,0.138496,0000107263,4922,10-K,20251231,20260224,0000107263-26-000006,20260331,20260504,2025Q3;2025Q4;2026Q1;2026Q2,11950000000.0,Revenues,20251231,10503000000.0,20241231,2618000000.0,NetIncomeLoss,20251231,2225000000.0,20241231,4196000000.0,OperatingIncomeLoss,20251231,3339000000.0,20241231,5898000000.0,NetCashProvidedByUsedInOperatingActivities,20251231,4974000000.0,20241231,4893000000.0,PaymentsToAcquirePropertyPlantAndEquipment,20251231,2573000000.0,20241231,1225000000.0,WeightedAverageNumberOfDilutedSharesOutstanding,20251231,1223000000.0,20241231,58573000000.0,Assets,20251231,12807000000.0,StockholdersEquity,20251231,63000000.0,CashCashEquivalentsRestrictedCashAndRestrictedCashEquivalents,20251231,27316000000.0,LongTermDebtAndCapitalLeaseObligations,20251231,1005000000.0,0.1377701609064077,0.17662921348314597,0.0016353229762877675,0.3511297071129707,0.21907949790794978,0.08410041841004184,0.20441945810884674,2.1328960724603734,100.0,100.0,OK,PRESENT
MRSH,MRSH,MARSH + MCLENNAN COS,-,0.138213,0000062709,6411,10-K,20251231,20260209,0000062709-26-000022,20260331,20260416,2025Q3;2025Q4;2026Q1;2026Q2,26981000000.0,RevenueFromContractWithCustomerExcludingAssessedTax,20251231,24458000000.0,20241231,4160000000.0,NetIncomeLoss,20251231,4060000000.0,20241231,6223000000.0,OperatingIncomeLoss,20251231,5817000000.0,20241231,5292000000.0,NetCashProvidedByUsedInOperatingActivities,20251231,4302000000.0,20241231,291000000.0,PaymentsToAcquirePropertyPlantAndEquipment,20251231,316000000.0,20241231,494000000.0,WeightedAverageNumberOfDilutedSharesOutstanding,20251231,496000000.0,20241231,58710000000.0,Assets,20251231,15315000000.0,StockholdersEquityIncludingPortionAttributableToNoncontrollingInterest,20251231,2687000000.0,CashAndCashEquivalentsAtCarryingValue,20251231,18320000000.0,LongTermDebtNoncurrent,20251231,5001000000.0,0.10315643143347786,0.024630541871921263,-0.0040322580645161255,0.23064378636818503,0.15418257292168563,0.18535265557243988,0.27162912177603654,1.1962128632060072,100.0,100.0,OK,PRESENT
PWR,PWR,QUANTA SERVICES INC,-,0.137386,0001050915,1731,10-K,20251231,20260219,0001050915-26-000006,20260331,20260430,2025Q3;2025Q4;2026Q1;2026Q2,28479697000.0,RevenueFromContractWithCustomerExcludingAssessedTax,20251231,23672795000.0,20241231,1028378000.0,NetIncomeLoss,20251231,904824000.0,20241231,1611509000.0,OperatingIncomeLoss,20251231,1346468000.0,20241231,2229970000.0,NetCashProvidedByUsedInOperatingActivities,20251231,2081196000.0,20241231,609154000.0,PaymentsToAcquirePropertyPlantAndEquipment,20251231,604078000.0,20241231,151291000.0,WeightedAverageNumberOfDilutedSharesOutstanding,20251231,150056000.0,20241231,24926901000.0,Assets,20251231,8938249000.0,StockholdersEquity,20251231,439508000.0,CashAndCashEquivalentsAtCarryingValue,20251231,5231008000.0,LongTermDebtAndCapitalLeaseObligations,20251231,1620816000.0,0.2030559551586537,0.13655031254697048,0.008230260702670966,0.05658448543184993,0.036109162256887775,0.05691127963896526,0.11505363075027335,0.5852385629444872,100.0,100.0,OK,PRESENT
ICE,ICE,INTERCONTINENTAL EXCHANGE IN,-,0.137367,0001571949,6200,10-K,20251231,20260205,0001571949-26-000004,20260331,20260430,2025Q3;2025Q4;2026Q1;2026Q2,12640000000.0,RevenueFromContractWithCustomerExcludingAssessedTax,20251231,11761000000.0,20241231,3315000000.0,NetIncomeLoss,20251231,2754000000.0,20241231,4929000000.0,OperatingIncomeLoss,20251231,4309000000.0,20241231,4662000000.0,NetCashProvidedByUsedInOperatingActivities,20251231,4609000000.0,20241231,373000000.0,PaymentsToAcquirePropertyPlantAndEquipment,20251231,406000000.0,20241231,575000000.0,WeightedAverageNumberOfDilutedSharesOutstanding,20251231,576000000.0,20241231,136887000000.0,Assets,20251231,28915000000.0,StockholdersEquity,20251231,837000000.0,CashAndCashEquivalentsAtCarryingValue,20251231,19644000000.0,LongTermDebtCurrent+LongTermDebtNoncurrent,20251231+20251231,4289000000.0,0.07473854264093194,0.20370370370370372,-0.0017361111111111605,0.38995253164556964,0.2622626582278481,0.33931962025316453,0.11464637731281342,0.6793705689088708,100.0,100.0,OK,PRESENT
SLB,SLB,SLB LTD,-,0.135808,0000087347,1389,10-K,20251231,20260123,0001193125-26-021017,20260331,20260429,2025Q3;2025Q4;2026Q1;2026Q2,35708000000.0,RevenueFromContractWithCustomerExcludingAssessedTax,20251231,36289000000.0,20241231,3374000000.0,NetIncomeLoss,20251231,4461000000.0,20241231,,,,,,6489000000.0,NetCashProvidedByUsedInOperatingActivities,20251231,6602000000.0,20241231,1694000000.0,PaymentsToAcquirePropertyPlantAndEquipment,20251231,1931000000.0,20241231,1437000000.0,WeightedAverageNumberOfDilutedSharesOutstanding,20251231,1436000000.0,20241231,54868000000.0,Assets,20251231,26109000000.0,StockholdersEquity,20251231,,,,9742000000.0,LongTermDebtNoncurrent,20251231,4795000000.0,-0.016010361266499462,-0.24366733916162298,0.0006963788300835549,,0.0944886299988798,0.13428363391956985,0.1292274694549772,0.37312804013941553,100.0,100.0,OK,PRESENT
MMM,MMM,3M CO,-,0.135456,0000066740,3841,10-K,20251231,20260203,0000066740-26-000014,20260331,20260421,2025Q3;2025Q4;2026Q1;2026Q2,24948000000.0,Revenues,20251231,24575000000.0,20241231,3250000000.0,NetIncomeLoss,20251231,4173000000.0,20241231,4629000000.0,OperatingIncomeLoss,20251231,4822000000.0,20241231,2306000000.0,NetCashProvidedByUsedInOperatingActivities,20251231,1819000000.0,20241231,910000000.0,PaymentsToAcquirePropertyPlantAndEquipment,20251231,1181000000.0,20241231,541300000.0,WeightedAverageNumberOfDilutedSharesOutstanding,20251231,552400000.0,20241231,37733000000.0,Assets,20251231,4702000000.0,StockholdersEquity,20251231,5235000000.0,CashCashEquivalentsRestrictedCashAndRestrictedCashEquivalents,20251231,10932000000.0,LongTermDebtNoncurrent,20251231,1396000000.0,0.015178026449643944,-0.22118380062305298,-0.020094134685010867,0.18554593554593554,0.13027096360429694,0.05595638928972262,0.6911952360697575,2.324968098681412,100.0,100.0,OK,PRESENT
CEG,CEG,CONSTELLATION ENERGY,-,0.132759,0001868275,4911,10-K,20251231,20260224,0001868275-26-000032,20260331,20260511,2025Q3;2025Q4;2026Q1;2026Q2,,,,,,2319000000.0,NetIncomeLoss,20251231,3749000000.0,20241231,3086000000.0,OperatingIncomeLoss,20251231,4352000000.0,20241231,4237000000.0,NetCashProvidedByUsedInOperatingActivities,20251231,-2464000000.0,20241231,2949000000.0,PaymentsToAcquirePropertyPlantAndEquipment,20251231,2565000000.0,20241231,314000000.0,WeightedAverageNumberOfDilutedSharesOutstanding,20251231,315000000.0,20241231,57249000000.0,Assets,20251231,14517000000.0,StockholdersEquity,20251231,3641000000.0,CashAndCashEquivalentsAtCarryingValue,20251231,8900000000.0,ShortTermBorrowings+LongTermDebtNoncurrent,20251231+20251231,1288000000.0,,-0.3814350493464924,-0.0031746031746031633,,,,0.15974374870841082,0.6130743266515121,83.3,87.5,MISSING_REVENUE,PARTIAL
DASH,DASH,DOORDASH INC A,-,0.132546,0001792789,7389,10-K,20251231,20260218,0001792789-26-000013,20260331,20260506,2025Q3;2025Q4;2026Q1;2026Q2,13717000000.0,RevenueFromContractWithCustomerExcludingAssessedTax,20251231,10722000000.0,20241231,935000000.0,NetIncomeLoss,20251231,123000000.0,20241231,723000000.0,OperatingIncomeLoss,20251231,-38000000.0,20241231,2431000000.0,NetCashProvidedByUsedInOperatingActivities,20251231,2132000000.0,20241231,257000000.0,PaymentsToAcquirePropertyPlantAndEquipment,20251231,104000000.0,20241231,439686000.0,WeightedAverageNumberOfDilutedSharesOutstanding,20251231,430242000.0,20241231,19659000000.0,Assets,20251231,10033000000.0,StockholdersEquity,20251231,4378000000.0,CashAndCashEquivalentsAtCarryingValue,20251231,,,,2174000000.0,0.2793322141391532,6.6016260162601625,0.0219504371958108,0.05270831814536706,0.0681635926222935,0.15848946562659474,0.09319246486594239,,100.0,87.5,OK,PRESENT
EMR,EMR,EMERSON ELECTRIC CO,-,0.129062,0000032604,3600,10-K,20250930,20251110,0000032604-25-000087,20260331,20260505,2025Q3;2025Q4;2026Q1;2026Q2,18016000000.0,RevenueFromContractWithCustomerExcludingAssessedTax,20250930,17492000000.0,20240930,2293000000.0,NetIncomeLoss,20250930,1968000000.0,20240930,,,,,,3098000000.0,NetCashProvidedByUsedInOperatingActivities,20250930,3332000000.0,20240930,431000000.0,PaymentsToAcquirePropertyPlantAndEquipment,20250930,419000000.0,20240930,566700000.0,WeightedAverageNumberOfDilutedSharesOutstanding,20250930,574000000.0,20240930,41964000000.0,Assets,20250930,20282000000.0,StockholdersEquity,20250930,1544000000.0,CashCashEquivalentsRestrictedCashAndRestrictedCashEquivalents,20250930,8319000000.0,LongTermDebtNoncurrent,20250930,2667000000.0,0.0299565515664304,0.16514227642276413,-0.012717770034843201,,0.12727575488454707,0.14803507992895204,0.1130559116457943,0.41016665023173254,100.0,100.0,OK,PRESENT
ELV,ELV,ELEVANCE HEALTH INC,-,0.128852,0001156039,6324,10-K,20251231,20260206,0001156039-26-000013,20260331,20260422,2025Q3;2025Q4;2026Q1;2026Q2,199125000000.0,Revenues,20251231,177011000000.0,20241231,5662000000.0,NetIncomeLoss,20251231,5980000000.0,20241231,,,,,,4290000000.0,NetCashProvidedByUsedInOperatingActivities,20251231,5808000000.0,20241231,1116000000.0,PaymentsToAcquirePropertyPlantAndEquipment,20251231,1256000000.0,20241231,,,,,,121494000000.0,Assets,20251231,43882000000.0,StockholdersEquity,20251231,9491000000.0,CashAndCashEquivalentsAtCarryingValue,20251231,31896000000.0,LongTermDebtCurrent+LongTermDebtNoncurrent,20251231+20251231,3174000000.0,0.12493008909050851,-0.05317725752508362,,,0.028434400502197112,0.015939736346516006,0.1290278474089604,0.7268583929629461,83.3,87.5,MISSING_DILUTED_SHARES,PARTIAL
JCI,JCI,JOHNSON CONTROLS INTERNATION,-,0.127486,0000833444,3585,10-K,20250930,20251114,0000833444-25-000097,20260331,20260506,2025Q3;2025Q4;2026Q1;2026Q2,23596000000.0,RevenueFromContractWithCustomerExcludingAssessedTax,20250930,22952000000.0,20240930,3291000000.0,NetIncomeLoss,20250930,1705000000.0,20240930,,,,,,,,,,,434000000.0,PaymentsToAcquireProductiveAssets,20250930,494000000.0,20240930,,,,,,37939000000.0,Assets,20250930,12927000000.0,StockholdersEquity,20250930,379000000.0,CashAndCashEquivalentsAtCarryingValue,20250930,8591000000.0,LongTermDebtAndCapitalLeaseObligations,20250930,,0.028058556988497685,0.9302052785923753,,,0.13947279199864385,,0.2545834300301694,0.6645780150073489,66.7,75.0,MISSING_OPERATING_CASH_FLOW;MISSING_DILUTED_SHARES,PARTIAL
SNPS,SNPS,SYNOPSYS INC,-,0.12728,0000883241,7372,10-K,20251031,20251222,0000883241-25-000028,20260430,20260527,2025Q3;2025Q4;2026Q1;2026Q2,7054178000.0,RevenueFromContractWithCustomerExcludingAssessedTax,20251031,6127436000.0,20241031,1332220000.0,NetIncomeLoss,20251031,2263380000.0,20241031,914927000.0,OperatingIncomeLoss,20251031,1355711000.0,20241031,1518608000.0,NetCashProvidedByUsedInOperatingActivities,20251031,1407029000.0,20241031,169454000.0,PaymentsToAcquirePropertyPlantAndEquipment,20251031,139500000.0,20241031,165656000.0,WeightedAverageNumberOfDilutedSharesOutstanding,20251031,155944000.0,20241031,48224461000.0,Assets,20251031,28327602000.0,StockholdersEquity,20251031,2888030000.0,CashAndCashEquivalentsAtCarryingValue,20251031,13484515000.0,LongTermDebtCurrent+LongTermDebtNoncurrent,20251031+20251031,1349154000.0,0.151244664162955,-0.4114024158559323,0.062278766736777236,0.1297000160755796,0.18885545558958108,0.1912560187735552,0.047029042557149736,0.4760203493398418,100.0,100.0,OK,PRESENT
TMUS,TMUS,T MOBILE US INC,-,0.126923,0001283699,4812,10-K,20251231,20260211,0001283699-26-000010,20260331,20260428,2025Q3;2025Q4;2026Q1;2026Q2,88309000000.0,RevenueFromContractWithCustomerExcludingAssessedTax,20251231,81400000000.0,20241231,10992000000.0,NetIncomeLoss,20251231,11339000000.0,20241231,18279000000.0,OperatingIncomeLoss,20251231,18010000000.0,20241231,27950000000.0,NetCashProvidedByUsedInOperatingActivities,20251231,22293000000.0,20241231,9955000000.0,PaymentsToAcquirePropertyPlantAndEquipment,20251231,8840000000.0,20241231,1131076251.0,WeightedAverageNumberOfDilutedSharesOutstanding,20251231,1173213898.0,20241231,219237000000.0,Assets,20251231,59203000000.0,StockholdersEquity,20251231,5598000000.0,CashAndCashEquivalentsAtCarryingValue,20251231,86282000000.0,ShortTermBorrowings+LongTermDebtNoncurrent,20251231+20251231,17995000000.0,0.0848771498771499,-0.030602345885880622,-0.03591642331533307,0.20698909510921876,0.12447202436897711,0.20377311485805524,0.1856662669121497,1.4573923618735538,100.0,100.0,OK,PRESENT
APP,APP,APPLOVIN CORP CLASS A,-,0.126904,0001751008,7370,10-K,20251231,20260219,0001751008-26-000010,20260331,20260506,2025Q3;2025Q4;2026Q1;2026Q2,5480717000.0,RevenueFromContractWithCustomerExcludingAssessedTax,20251231,3224058000.0,20241231,3333751000.0,NetIncomeLoss,20251231,1579776000.0,20241231,4151914000.0,OperatingIncomeLoss,20251231,1910956000.0,20241231,3971094000.0,NetCashProvidedByUsedInOperatingActivities,20251231,2099011000.0,20241231,,,,,,341970000.0,WeightedAverageNumberOfDilutedSharesOutstanding,20251231,347808000.0,20241231,7259610000.0,Assets,20251231,2134671000.0,StockholdersEquity,20251231,2487096000.0,CashAndCashEquivalentsAtCarryingValue,20251231,3512987000.0,LongTermDebtNoncurrent,20251231,,0.6999436734698941,1.110268164600551,-0.016785122826387,0.757549422821868,0.6082691370490394,,1.5617165361781746,1.645680762984085,100.0,87.5,OK,PRESENT
HOOD,HOOD,ROBINHOOD MARKETS INC A,-,0.12504,0001783879,6211,10-K,20251231,20260218,0001783879-26-000023,20260331,20260429,2025Q3;2025Q4;2026Q1;2026Q2,4473000000.0,Revenues,20251231,2951000000.0,20241231,1883000000.0,NetIncomeLoss,20251231,1411000000.0,20241231,,,,,,1638000000.0,NetCashProvidedByUsedInOperatingActivities,20251231,-157000000.0,20241231,,,,,,918781846.0,WeightedAverageNumberOfDilutedSharesOutstanding,20251231,906171504.0,20241231,38137000000.0,Assets,20251231,9151000000.0,StockholdersEquityIncludingPortionAttributableToNoncontrollingInterest,20251231,4261000000.0,CashAndCashEquivalentsAtCarryingValue,20251231,,,,,0.515757370382921,0.33451452870304754,0.013916065495698904,,0.4209702660406886,,0.2057698612173533,,100.0,75.0,OK,PRESENT
AMT,AMT,AMERICAN TOWER CORP,-,0.123727,0001053507,6798,10-K,20251231,20260224,0001053507-26-000035,20260331,20260428,2025Q3;2025Q4;2026Q1;2026Q2,10644600000.0,Revenues,20251231,10127200000.0,20241231,2628500000.0,ProfitLoss,20251231,2280200000.0,20241231,4845800000.0,OperatingIncomeLoss,20251231,4516500000.0,20241231,5464000000.0,NetCashProvidedByUsedInOperatingActivities,20251231,5290500000.0,20241231,1680400000.0,PaymentsToAcquirePropertyPlantAndEquipment,20251231,1590000000.0,20241231,468757000.0,WeightedAverageNumberOfDilutedSharesOutstanding,20251231,468120000.0,20241231,63190400000.0,Assets,20251231,3652500000.0,StockholdersEquity,20251231,1474800000.0,CashAndCashEquivalentsAtCarryingValue,20251231,33832500000.0,LongTermDebtAndCapitalLeaseObligations,20251231,3783600000.0,0.051090133501856316,0.15274975879308839,0.0013607621977271833,0.45523551847885313,0.2469327170584146,0.35544783270390623,0.7196440793976728,9.262833675564682,100.0,100.0,OK,PRESENT
WM,WM,WASTE MANAGEMENT INC,-,0.122247,0000823768,4953,10-K,20251231,20260209,0001104659-26-012049,20260331,20260429,2025Q3;2025Q4;2026Q1;2026Q2,25204000000.0,RevenueFromContractWithCustomerExcludingAssessedTax,20251231,22063000000.0,20241231,2708000000.0,NetIncomeLoss,20251231,2746000000.0,20241231,4308000000.0,OperatingIncomeLoss,20251231,4063000000.0,20241231,6043000000.0,NetCashProvidedByUsedInOperatingActivities,20251231,5390000000.0,20241231,3227000000.0,PaymentsToAcquireProductiveAssets,20251231,3231000000.0,20241231,,,,,,45835000000.0,Assets,20251231,9990000000.0,StockholdersEquity,20251231,201000000.0,CashAndCashEquivalentsAtCarryingValue,20251231,22196000000.0,LongTermDebtAndCapitalLeaseObligations,20251231,2816000000.0,0.14236504555137564,-0.0138383102694829,,0.17092524996032377,0.10744326297413109,0.11172829709569909,0.2710710710710711,2.221821821821822,83.3,87.5,MISSING_DILUTED_SHARES,PARTIAL
MSI,MSI,MOTOROLA SOLUTIONS INC,-,0.121724,0000068505,3663,10-K,20251231,20260212,0000068505-26-000010,20260331,20260507,2025Q3;2025Q4;2026Q1;2026Q2,11682000000.0,RevenueFromContractWithCustomerExcludingAssessedTax,20251231,10817000000.0,20241231,2154000000.0,NetIncomeLoss,20251231,1577000000.0,20241231,2988000000.0,OperatingIncomeLoss,20251231,2688000000.0,20241231,2837000000.0,NetCashProvidedByUsedInOperatingActivities,20251231,2391000000.0,20241231,265000000.0,PaymentsToAcquireProductiveAssets,20251231,257000000.0,20241231,169000000.0,WeightedAverageNumberOfDilutedSharesOutstanding,20251231,170800000.0,20241231,19389000000.0,Assets,20251231,2410000000.0,StockholdersEquity,20251231,1165000000.0,CashAndCashEquivalentsAtCarryingValue,20251231,8413000000.0,LongTermDebtCurrent+LongTermDebtNoncurrent,20251231+20251231,2572000000.0,0.07996671905334196,0.36588459099556125,-0.010538641686182681,0.25577812018489987,0.18438623523369285,0.2201677794898134,0.8937759336099586,3.490871369294606,100.0,100.0,OK,PRESENT
REGN,REGN,REGENERON PHARMACEUTICALS,-,0.120693,0000872589,2834,10-K,20251231,20260204,0000872589-26-000008,20260331,20260429,2025Q3;2025Q4;2026Q1;2026Q2,14342900000.0,RevenueFromContractWithCustomerExcludingAssessedTax,20251231,14202000000.0,20241231,4504900000.0,NetIncomeLoss,20251231,4412600000.0,20241231,3577900000.0,OperatingIncomeLoss,20251231,3990700000.0,20241231,4978900000.0,NetCashProvidedByUsedInOperatingActivities,20251231,4420500000.0,20241231,898400000.0,PaymentsToAcquireProductiveAssets,20251231,755900000.0,20241231,108600000.0,WeightedAverageNumberOfDilutedSharesOutstanding,20251231,115100000.0,20241231,40558700000.0,Assets,20251231,31256900000.0,StockholdersEquity,20251231,3118100000.0,CashAndCashEquivalentsAtCarryingValue,20251231,1985900000.0,LongTermDebtNoncurrent,20251231,4080500000.0,0.009921137867905827,0.020917372977383053,-0.05647263249348389,0.24945443390109392,0.31408571488332204,0.2844961618640582,0.14412497720503312,0.06353477152244784,100.0,100.0,OK,PRESENT
MDLZ,MDLZ,MONDELEZ INTERNATIONAL INC A,-,0.120117,0001103982,2000,10-K,20251231,20260204,0001628280-26-005345,20260331,20260428,2025Q3;2025Q4;2026Q1;2026Q2,38537000000.0,Revenues,20251231,36441000000.0,20241231,2451000000.0,NetIncomeLoss,20251231,4611000000.0,20241231,3548000000.0,OperatingIncomeLoss,20251231,6345000000.0,20241231,4514000000.0,NetCashProvidedByUsedInOperatingActivities,20251231,4910000000.0,20241231,1279000000.0,PaymentsToAcquirePropertyPlantAndEquipment,20251231,1387000000.0,20241231,,,,,,71487000000.0,Assets,20251231,25838000000.0,StockholdersEquity,20251231,2195000000.0,CashCashEquivalentsRestrictedCashAndRestrictedCashEquivalents,20251231,17222000000.0,LongTermDebtAndCapitalLeaseObligations,20251231,3235000000.0,0.05751763123953779,-0.468445022771633,,0.0920673638321613,0.06360121441731323,0.0839452993227288,0.09486028330366128,0.6665376577134453,83.3,87.5,MISSING_DILUTED_SHARES,PARTIAL
DDOG,DDOG,DATADOG INC CLASS A,-,0.118537,0001561550,7372,10-K,20251231,20260218,0001628280-26-008819,20260331,20260507,2025Q3;2025Q4;2026Q1;2026Q2,3427158000.0,RevenueFromContractWithCustomerExcludingAssessedTax,20251231,2684275000.0,20241231,107741000.0,NetIncomeLoss,20251231,183746000.0,20241231,-44373000.0,OperatingIncomeLoss,20251231,54284000.0,20241231,1050135000.0,NetCashProvidedByUsedInOperatingActivities,20251231,870603000.0,20241231,49578000.0,PaymentsToAcquirePropertyPlantAndEquipment,20251231,34719000.0,20241231,363472000.0,WeightedAverageNumberOfDilutedSharesOutstanding,20251231,358636000.0,20241231,6643844000.0,Assets,20251231,3732206000.0,StockholdersEquity,20251231,401305000.0,CashAndCashEquivalentsAtCarryingValue,20251231,,,,1000557000.0,0.2767536858183308,-0.41364165750546955,0.01348442431880792,-0.012947462591453327,0.03143741840907247,0.2919494811736138,0.02886791350745377,,100.0,87.5,OK,PRESENT
CMI,CMI,CUMMINS INC,-,0.117717,0000026172,3510,10-K,20251231,20260210,0000026172-26-000009,20260331,20260505,2025Q3;2025Q4;2026Q1;2026Q2,33670000000.0,Revenues,20251231,34102000000.0,20241231,2957000000.0,ProfitLoss,20251231,4068000000.0,20241231,4025000000.0,OperatingIncomeLoss,20251231,3750000000.0,20241231,3621000000.0,NetCashProvidedByUsedInOperatingActivities,20251231,1487000000.0,20241231,1235000000.0,PaymentsToAcquirePropertyPlantAndEquipment,20251231,1208000000.0,20241231,,,,,,33992000000.0,Assets,20251231,12349000000.0,StockholdersEquity,20251231,2845000000.0,CashCashEquivalentsRestrictedCashAndRestrictedCashEquivalents,20251231,6792000000.0,LongTermDebtAndCapitalLeaseObligations,20251231,2386000000.0,-0.01266787871679076,-0.2731071779744346,,0.11954261954261955,0.08782298782298782,0.07086427086427087,0.23945258725402865,0.550004048910843,83.3,87.5,MISSING_DILUTED_SHARES,PARTIAL
GM,GM,GENERAL MOTORS CO,-,0.117644,0001467858,3711,10-K,20251231,20260127,0001467858-26-000013,20260331,20260428,2025Q3;2025Q4;2026Q1;2026Q2,167971000000.0,RevenueFromContractWithCustomerExcludingAssessedTax,20251231,171606000000.0,20241231,2697000000.0,NetIncomeLoss,20251231,6008000000.0,20241231,2909000000.0,OperatingIncomeLoss,20251231,12784000000.0,20241231,26867000000.0,NetCashProvidedByUsedInOperatingActivities,20251231,20129000000.0,20241231,9303000000.0,PaymentsToAcquirePropertyPlantAndEquipment,20251231,10830000000.0,20241231,973000000.0,WeightedAverageNumberOfDilutedSharesOutstanding,20251231,1129000000.0,20241231,281284000000.0,Assets,20251231,61119000000.0,StockholdersEquity,20251231,20945000000.0,CashAndCashEquivalentsAtCarryingValue,20251231,,,,17564000000.0,-0.021182243045114957,-0.5510985352862849,-0.13817537643932687,0.017318465687529396,0.016056343059218554,0.10456566907382822,0.04412703087419624,,100.0,87.5,OK,PRESENT
UPS,UPS,UNITED PARCEL SERVICE CL B,-,0.117622,0001090727,4210,10-K,20251231,20260217,0001628280-26-008432,20260331,20260506,2025Q3;2025Q4;2026Q1;2026Q2,88661000000.0,RevenueFromContractWithCustomerExcludingAssessedTax,20251231,91070000000.0,20241231,5572000000.0,NetIncomeLoss,20251231,5782000000.0,20241231,7867000000.0,OperatingIncomeLoss,20251231,8468000000.0,20241231,8450000000.0,NetCashProvidedByUsedInOperatingActivities,20251231,10122000000.0,20241231,3685000000.0,PaymentsToAcquirePropertyPlantAndEquipment,20251231,3909000000.0,20241231,,,,,,73090000000.0,Assets,20251231,16227000000.0,StockholdersEquity,20251231,5887000000.0,CashAndCashEquivalentsAtCarryingValue,20251231,23519000000.0,LongTermDebtAndCapitalLeaseObligations,20251231,4765000000.0,-0.026452179642033613,-0.03631961259079908,,0.08873123470296974,0.06284612174462277,0.05374403627299489,0.3433783200838109,1.4493744992913047,83.3,87.5,MISSING_DILUTED_SHARES,PARTIAL
TRV,TRV,TRAVELERS COS INC/THE,-,0.117604,0000086312,6331,10-K,20251231,20260212,0000086312-26-000065,20260331,20260416,2025Q3;2025Q4;2026Q1;2026Q2,48828000000.0,Revenues,20251231,46423000000.0,20241231,6288000000.0,NetIncomeLoss,20251231,4999000000.0,20241231,,,,,,10606000000.0,NetCashProvidedByUsedInOperatingActivities,20251231,9074000000.0,20241231,,,,,,227600000.0,WeightedAverageNumberOfDilutedSharesOutstanding,20251231,231100000.0,20241231,143708000000.0,Assets,20251231,32894000000.0,StockholdersEquity,20251231,842000000.0,CashCashEquivalentsRestrictedCashAndRestrictedCashEquivalents,20251231,,,,,0.0518062167460096,0.2578515703140629,-0.015144958892254423,,0.12877856967313836,,0.19115948197239618,,100.0,75.0,OK,PRESENT
SHW,SHW,SHERWIN WILLIAMS CO/THE,-,0.117465,0000089800,5200,10-K,20251231,20260219,0000089800-26-000008,20260331,20260428,2025Q3;2025Q4;2026Q1;2026Q2,23574300000.0,RevenueFromContractWithCustomerExcludingAssessedTax,20251231,23098500000.0,20241231,2568500000.0,NetIncomeLoss,20251231,2681400000.0,20241231,,,,,,3451600000.0,NetCashProvidedByUsedInOperatingActivities,20251231,3153200000.0,20241231,797600000.0,PaymentsToAcquireProductiveAssets,20251231,1070000000.0,20241231,250400000.0,WeightedAverageNumberOfDilutedSharesOutstanding,20251231,254100000.0,20241231,25901700000.0,Assets,20251231,4598300000.0,StockholdersEquity,20251231,207200000.0,CashAndCashEquivalentsAtCarryingValue,20251231,9670800000.0,LongTermDebtCurrent+LongTermDebtNoncurrent,20251231+20251231,2654000000.0,0.020598740177933728,-0.04210487058999035,-0.01456119637937825,,0.1089533941622869,0.112580225075612,0.5585759954765892,2.103125067959898,100.0,100.0,OK,PRESENT
EOG,EOG,EOG RESOURCES INC,-,0.116705,0000821189,1311,10-K,20251231,20260224,0000821189-26-000054,20260331,20260505,2025Q3;2025Q4;2026Q1;2026Q2,22632000000.0,Revenues,20251231,23698000000.0,20241231,4980000000.0,NetIncomeLoss,20251231,6403000000.0,20241231,6385000000.0,OperatingIncomeLoss,20251231,8082000000.0,20241231,10044000000.0,NetCashProvidedByUsedInOperatingActivities,20251231,12143000000.0,20241231,,,,,,546000000.0,WeightedAverageNumberOfDilutedSharesOutstanding,20251231,569000000.0,20241231,51799000000.0,Assets,20251231,29833000000.0,StockholdersEquity,20251231,3396000000.0,CashAndCashEquivalentsAtCarryingValue,20251231,7936000000.0,LongTermDebtCurrent+LongTermDebtNoncurrent,20251231+20251231,,-0.04498269896193774,-0.2222395751991254,-0.040421792618629215,0.28212265818310356,0.2200424178154825,,0.16692923943284282,0.2660141454094459,100.0,87.5,OK,PRESENT
NSC,NSC,NORFOLK SOUTHERN CORP,-,0.116092,0000702165,4011,10-K,20251231,20260209,0001628280-26-006268,20260331,20260424,2025Q3;2025Q4;2026Q1;2026Q2,12180000000.0,RevenueFromContractWithCustomerExcludingAssessedTax,20251231,12123000000.0,20241231,2873000000.0,NetIncomeLoss,20251231,2622000000.0,20241231,4356000000.0,OperatingIncomeLoss,20251231,4071000000.0,20241231,4361000000.0,NetCashProvidedByUsedInOperatingActivities,20251231,4052000000.0,20241231,2204000000.0,PaymentsToAcquirePropertyPlantAndEquipment,20251231,2381000000.0,20241231,,,,,,45236000000.0,Assets,20251231,15547000000.0,StockholdersEquity,20251231,1530000000.0,CashAndCashEquivalentsAtCarryingValue,20251231,16480000000.0,LongTermDebtAndCapitalLeaseObligations,20251231,2157000000.0,0.004701806483543569,0.09572845156369181,,0.35763546798029555,0.2358784893267652,0.1770935960591133,0.18479449411462018,1.0600115777963595,83.3,87.5,MISSING_DILUTED_SHARES,PARTIAL
ABNB,ABNB,AIRBNB INC CLASS A,-,0.115735,0001559720,7340,10-K,20251231,20260212,0001559720-26-000004,20260331,20260507,2025Q3;2025Q4;2026Q1;2026Q2,12241000000.0,RevenueFromContractWithCustomerExcludingAssessedTax,20251231,11102000000.0,20241231,2511000000.0,NetIncomeLoss,20251231,2648000000.0,20241231,2544000000.0,OperatingIncomeLoss,20251231,2553000000.0,20241231,4646000000.0,NetCashProvidedByUsedInOperatingActivities,20251231,4518000000.0,20241231,,,,,,623000000.0,WeightedAverageNumberOfDilutedSharesOutstanding,20251231,645000000.0,20241231,22208000000.0,Assets,20251231,8199000000.0,StockholdersEquity,20251231,6560000000.0,CashAndCashEquivalentsAtCarryingValue,20251231,1999000000.0,LongTermDebtCurrent+LongTermDebtNoncurrent,20251231+20251231,,0.10259412718429117,-0.05173716012084595,-0.03410852713178292,0.20782615799362797,0.20513029981210684,,0.3062568605927552,0.2438102207586291,100.0,87.5,OK,PRESENT
KKR,KKR,KKR + CO INC,-,0.114658,0001404912,6282,10-K,20251231,20260227,0001404912-26-000007,20260331,20260508,2025Q3;2025Q4;2026Q1;2026Q2,19464307000.0,Revenues,20251231,21878698000.0,20241231,2370463000.0,NetIncomeLoss,20251231,3076245000.0,20241231,,,,,,477760000.0,NetCashProvidedByUsedInOperatingActivities,20251231,6649878000.0,20241231,,,,,,,,,,,410144072000.0,Assets,20251231,30902561000.0,StockholdersEquity,20251231,17151790000.0,CashCashEquivalentsRestrictedCashAndRestrictedCashEquivalents,20251231,,,,,-0.11035350458240245,-0.22942971057246742,,,0.1217851218643438,,0.07670765539464512,,83.3,62.5,MISSING_DILUTED_SHARES,PARTIAL
MCO,MCO,MOODY S CORP,-,0.114595,0001059556,7320,10-K,20251231,20260218,0001628280-26-009136,20260331,20260423,2025Q3;2025Q4;2026Q1;2026Q2,7718000000.0,RevenueFromContractWithCustomerExcludingAssessedTax,20251231,7088000000.0,20241231,2459000000.0,NetIncomeLoss,20251231,2058000000.0,20241231,3351000000.0,OperatingIncomeLoss,20251231,2875000000.0,20241231,2901000000.0,NetCashProvidedByUsedInOperatingActivities,20251231,2838000000.0,20241231,326000000.0,PaymentsToAcquirePropertyPlantAndEquipment,20251231,317000000.0,20241231,179900000.0,WeightedAverageNumberOfDilutedSharesOutstanding,20251231,182700000.0,20241231,15830000000.0,Assets,20251231,4054000000.0,StockholdersEquity,20251231,2384000000.0,CashAndCashEquivalentsAtCarryingValue,20251231,6994000000.0,LongTermDebtCurrent+LongTermDebtNoncurrent,20251231+20251231,2575000000.0,0.0888826185101581,0.194849368318756,-0.01532567049808431,0.4341798393366157,0.3186058564394921,0.33363565690593416,0.6065614208189443,1.7252096694622594,100.0,100.0,OK,PRESENT
MAR,MAR,MARRIOTT INTERNATIONAL CL A,-,0.113061,0001048286,7011,10-K,20251231,20260210,0001048286-26-000007,20260331,20260506,2025Q3;2025Q4;2026Q1;2026Q2,26186000000.0,Revenues,20251231,25100000000.0,20241231,2601000000.0,NetIncomeLoss,20251231,2375000000.0,20241231,4141000000.0,OperatingIncomeLoss,20251231,3767000000.0,20241231,3212000000.0,NetCashProvidedByUsedInOperatingActivities,20251231,2749000000.0,20241231,604000000.0,PaymentsToAcquireProductiveAssets,20251231,750000000.0,20241231,,,,,,27540000000.0,Assets,20251231,-3771000000.0,StockholdersEquity,20251231,358000000.0,CashAndCashEquivalentsAtCarryingValue,20251231,14995000000.0,LongTermDebtAndCapitalLeaseObligations,20251231,2608000000.0,0.04326693227091627,0.09515789473684211,,0.15813793630184067,0.09932788512945849,0.09959520354387841,-0.6897374701670644,-3.9763988332007427,83.3,87.5,MISSING_DILUTED_SHARES,PARTIAL
ROST,ROST,ROSS STORES INC,-,0.111288,0000745732,5651,10-K,20260131,20260331,0000745732-26-000006,20260430,20260602,2025Q3;2025Q4;2026Q1;2026Q2,22750559000.0,RevenueFromContractWithCustomerExcludingAssessedTax,20260131,21129219000.0,20250131,2145044000.0,NetIncomeLoss,20260131,2090730000.0,20250131,2707357000.0,OperatingIncomeLoss,20260131,2585586000.0,20250131,3026883000.0,NetCashProvidedByUsedInOperatingActivities,20260131,2356988000.0,20250131,819275000.0,PaymentsToAcquirePropertyPlantAndEquipment,20260131,720104000.0,20250131,324416000.0,WeightedAverageNumberOfDilutedSharesOutstanding,20260131,330984000.0,20250131,15548737000.0,Assets,20260131,6187443000.0,StockholdersEquity,20260131,4594392000.0,CashAndCashEquivalentsAtCarryingValue,20260131,1517606000.0,LongTermDebtCurrent+LongTermDebtNoncurrent,20260131+20260131,2207608000.0,0.07673449738014448,0.02597848598336472,-0.01984385952191048,0.11900177925298451,0.09428533162635697,0.09703532998903455,0.34667697140805986,0.24527191604027707,100.0,100.0,OK,PRESENT
ORLY,ORLY,O REILLY AUTOMOTIVE INC,-,0.111227,0000898173,5531,10-K,20251231,20260227,0000898173-26-000009,20260331,20260508,2025Q3;2025Q4;2026Q1;2026Q2,17781992000.0,RevenueFromContractWithCustomerExcludingAssessedTax,20251231,16708479000.0,20241231,2538209000.0,NetIncomeLoss,20251231,2386680000.0,20241231,3460612000.0,OperatingIncomeLoss,20251231,3251157000.0,20241231,2761993000.0,NetCashProvidedByUsedInOperatingActivities,20251231,3049576000.0,20241231,1168815000.0,PaymentsToAcquirePropertyPlantAndEquipment,20251231,1023387000.0,20241231,855919000.0,WeightedAverageNumberOfDilutedSharesOutstanding,20251231,880572000.0,20241231,16538253000.0,Assets,20251231,-763352000.0,StockholdersEquity,20251231,193793000.0,CashAndCashEquivalentsAtCarryingValue,20251231,6016904000.0,LongTermDebtNoncurrent,20251231,1593178000.0,0.06424959447236334,0.06348944977961013,-0.0279965749535529,0.19461329191915056,0.14274041963352588,0.0895950239995609,-3.325083316739853,-7.882214234062398,100.0,100.0,OK,PRESENT
CI,CI,THE CIGNA GROUP,-,0.110378,0001739940,6324,10-K,20251231,20260226,0001739940-26-000006,20260331,20260430,2025Q3;2025Q4;2026Q1;2026Q2,274900000000.0,Revenues,20251231,247121000000.0,20241231,5957000000.0,NetIncomeLoss,20251231,3434000000.0,20241231,9200000000.0,OperatingIncomeLoss,20251231,9417000000.0,20241231,9601000000.0,NetCashProvidedByUsedInOperatingActivities,20251231,10363000000.0,20241231,,,,,,,,,,,157919000000.0,Assets,20251231,41713000000.0,StockholdersEquity,20251231,7676000000.0,CashAndCashEquivalentsAtCarryingValue,20251231,30871000000.0,LongTermDebtAndCapitalLeaseObligations,20251231,,0.11241051954305781,0.7347117064647641,,0.03346671516915242,0.02166969807202619,,0.14280919617385468,0.740081029894757,83.3,75.0,MISSING_DILUTED_SHARES,PARTIAL
TGT,TGT,TARGET CORP,-,0.110241,0000027419,5331,10-K,20260131,20260311,0000027419-26-000016,20260430,20260529,2025Q3;2025Q4;2026Q1;2026Q2,104780000000.0,RevenueFromContractWithCustomerExcludingAssessedTax,20260131,106566000000.0,20250131,3705000000.0,NetIncomeLoss,20260131,4091000000.0,20250131,5117000000.0,OperatingIncomeLoss,20260131,5566000000.0,20250131,6562000000.0,NetCashProvidedByUsedInOperatingActivities,20260131,7367000000.0,20250131,3727000000.0,PaymentsToAcquirePropertyPlantAndEquipment,20260131,2891000000.0,20250131,455600000.0,WeightedAverageNumberOfDilutedSharesOutstanding,20260131,461800000.0,20250131,59490000000.0,Assets,20260131,16165000000.0,StockholdersEquity,20260131,5488000000.0,CashCashEquivalentsRestrictedCashAndRestrictedCashEquivalents,20260131,14326000000.0,LongTermDebtAndCapitalLeaseObligations,20260131,2835000000.0,-0.016759566841206386,-0.09435345881202639,-0.013425725422260726,0.048835655659477,0.03535980148883375,0.027056690208054974,0.2291988864831426,0.8862356944014846,100.0,100.0,OK,PRESENT
ITW,ITW,ILLINOIS TOOL WORKS,-,0.108976,0000049826,3560,10-K,20251231,20260213,0000049826-26-000008,20260331,20260507,2025Q3;2025Q4;2026Q1;2026Q2,16044000000.0,RevenueFromContractWithCustomerExcludingAssessedTax,20251231,15898000000.0,20241231,3066000000.0,ProfitLoss,20251231,3488000000.0,20241231,4216000000.0,OperatingIncomeLoss,20251231,4264000000.0,20241231,3126000000.0,NetCashProvidedByUsedInOperatingActivities,20251231,3281000000.0,20241231,419000000.0,PaymentsToAcquirePropertyPlantAndEquipment,20251231,437000000.0,20241231,,,,,,16148000000.0,Assets,20251231,3226000000.0,StockholdersEquityIncludingPortionAttributableToNoncontrollingInterest,20251231,851000000.0,CashAndCashEquivalentsAtCarryingValue,20251231,6683000000.0,LongTermDebtNoncurrent,20251231,2707000000.0,0.009183545100012624,-0.1209862385321101,,0.26277736225380205,0.19109947643979058,0.168723510346547,0.9504029758214507,2.0716057036577804,83.3,87.5,MISSING_DILUTED_SHARES,PARTIAL
NOC,NOC,NORTHROP GRUMMAN CORP,-,0.108892,0001133421,3812,10-K,20251231,20260127,0001133421-26-000003,20260331,20260421,2025Q3;2025Q4;2026Q1;2026Q2,41954000000.0,Revenues,20251231,41033000000.0,20241231,4182000000.0,NetIncomeLoss,20251231,4174000000.0,20241231,4511000000.0,OperatingIncomeLoss,20251231,4370000000.0,20241231,4757000000.0,NetCashProvidedByUsedInOperatingActivities,20251231,4388000000.0,20241231,1450000000.0,PaymentsToAcquirePropertyPlantAndEquipment,20251231,1767000000.0,20241231,143800000.0,WeightedAverageNumberOfDilutedSharesOutstanding,20251231,147300000.0,20241231,51377000000.0,Assets,20251231,16674000000.0,StockholdersEquity,20251231,4403000000.0,CashAndCashEquivalentsAtCarryingValue,20251231,15696000000.0,LongTermDebtCurrent+LongTermDebtNoncurrent,20251231+20251231,3307000000.0,0.022445348865547166,0.001916626736943039,-0.023761031907671426,0.10752252466987654,0.09968060256471373,0.07882442675311055,0.250809643756747,0.9413458078445484,100.0,100.0,OK,PRESENT
HLT,HLT,HILTON WORLDWIDE HOLDINGS IN,-,0.10883,0001585689,7011,10-K,20251231,20260211,0001585689-26-000007,20260331,20260428,2025Q3;2025Q4;2026Q1;2026Q2,12039000000.0,RevenueFromContractWithCustomerExcludingAssessedTax,20251231,11174000000.0,20241231,1457000000.0,NetIncomeLoss,20251231,1535000000.0,20241231,2693000000.0,OperatingIncomeLoss,20251231,2370000000.0,20241231,2129000000.0,NetCashProvidedByUsedInOperatingActivities,20251231,2013000000.0,20241231,101000000.0,PaymentsToAcquirePropertyPlantAndEquipment,20251231,96000000.0,20241231,,,,,,16774000000.0,Assets,20251231,-5388000000.0,StockholdersEquity,20251231,918000000.0,CashAndCashEquivalentsAtCarryingValue,20251231,12338000000.0,LongTermDebtAndCapitalLeaseObligations,20251231,2028000000.0,0.07741184893502773,-0.05081433224755705,,0.22368967522219455,0.12102334080903729,0.16845252927984053,-0.2704157386785449,-2.289903489235338,83.3,87.5,MISSING_DILUTED_SHARES,PARTIAL
CL,CL,COLGATE PALMOLIVE CO,-,0.108637,0000021665,2844,10-K,20251231,20260223,0000021665-26-000006,20260331,20260501,2025Q3;2025Q4;2026Q1;2026Q2,20382000000.0,RevenueFromContractWithCustomerExcludingAssessedTax,20251231,20101000000.0,20241231,2132000000.0,NetIncomeLoss,20251231,2889000000.0,20241231,3306000000.0,OperatingIncomeLoss,20251231,4268000000.0,20241231,4198000000.0,NetCashProvidedByUsedInOperatingActivities,20251231,4107000000.0,20241231,564000000.0,PaymentsToAcquireProductiveAssets,20251231,561000000.0,20241231,,,,,,16330000000.0,Assets,20251231,54000000.0,StockholdersEquity,20251231,1288000000.0,CashAndCashEquivalentsAtCarryingValue,20251231,6871000000.0,LongTermDebtNoncurrent,20251231,3634000000.0,0.013979404009750729,-0.2620283835237106,,0.162201942890786,0.10460209989206162,0.17829457364341086,39.48148148148148,127.24074074074075,83.3,87.5,MISSING_DILUTED_SHARES,PARTIAL
FDX,FDX,FEDEX CORP,-,0.108623,0001048911,4513,10-K,20250531,20250721,0001048911-25-000011,20260228,20260319,2025Q3;2025Q4;2026Q1;2026Q2,87926000000.0,RevenueFromContractWithCustomerExcludingAssessedTax,20250531,87693000000.0,20240531,4092000000.0,NetIncomeLoss,20250531,4331000000.0,20240531,5217000000.0,OperatingIncomeLoss,20250531,5559000000.0,20240531,7036000000.0,NetCashProvidedByUsedInOperatingActivities,20250531,8312000000.0,20240531,4055000000.0,PaymentsToAcquireProductiveAssets,20250531,5176000000.0,20240531,,,,,,87627000000.0,Assets,20250531,28074000000.0,StockholdersEquity,20250531,5502000000.0,CashAndCashEquivalentsAtCarryingValue,20250531,19151000000.0,LongTermDebtAndCapitalLeaseObligations,20250531,2981000000.0,0.0026569965675709017,-0.05518356037866545,,0.05933398539681096,0.04653913518185747,0.03390350976957896,0.14575764052147894,0.6821614305050937,83.3,87.5,MISSING_DILUTED_SHARES,PARTIAL
BSX,BSX,BOSTON SCIENTIFIC CORP,-,0.108509,0000885725,3841,10-K,20251231,20260217,0000885725-26-000010,20260331,20260501,2025Q3;2025Q4;2026Q1;2026Q2,20074000000.0,RevenueFromContractWithCustomerExcludingAssessedTax,20251231,16747000000.0,20241231,2892000000.0,ProfitLoss,20251231,1846000000.0,20241231,3613000000.0,OperatingIncomeLoss,20251231,2603000000.0,20241231,4534000000.0,NetCashProvidedByUsedInOperatingActivities,20251231,3435000000.0,20241231,876000000.0,PaymentsToAcquirePropertyPlantAndEquipment,20251231,790000000.0,20241231,1494500000.0,WeightedAverageNumberOfDilutedSharesOutstanding,20251231,1485900000.0,20241231,43673000000.0,Assets,20251231,24233000000.0,StockholdersEquity,20251231,1965000000.0,CashAndCashEquivalentsAtCarryingValue,20251231,11137000000.0,LongTermDebtAndCapitalLeaseObligations,20251231,3658000000.0,0.1986624470054339,0.5666305525460456,0.005787738071202586,0.17998405898176745,0.14406695227657668,0.18222576467071835,0.11934139396690463,0.45957991169066975,100.0,100.0,OK,PRESENT
ECL,ECL,ECOLAB INC,-,0.108429,0000031462,2840,10-K,20251231,20260223,0001104659-26-018357,20260331,20260507,2025Q3;2025Q4;2026Q1;2026Q2,16081200000.0,RevenueFromContractWithCustomerExcludingAssessedTax,20251231,15741400000.0,20241231,2075600000.0,NetIncomeLoss,20251231,2112400000.0,20241231,2737600000.0,OperatingIncomeLoss,20251231,2802400000.0,20241231,2952600000.0,NetCashProvidedByUsedInOperatingActivities,20251231,2813900000.0,20241231,1048300000.0,PaymentsToAcquirePropertyPlantAndEquipment,20251231,994500000.0,20241231,285200000.0,WeightedAverageNumberOfDilutedSharesOutstanding,20251231,286600000.0,20241231,24696300000.0,Assets,20251231,9770800000.0,StockholdersEquity,20251231,646200000.0,CashAndCashEquivalentsAtCarryingValue,20251231,7365900000.0,LongTermDebtAndCapitalLeaseObligations,20251231,1904300000.0,0.021586390028841107,-0.017420943003219058,-0.00488485694347518,0.1702360520359177,0.12906996990274358,0.11841777976767903,0.2124288696933721,0.7538686699144389,100.0,100.0,OK,PRESENT
LITE,LITE,LUMENTUM HOLDINGS INC,-,0.10756,0001633978,3669,10-K,20250630,20250819,0001628280-25-040830,20260331,20260506,2025Q3;2025Q4;2026Q1;2026Q2,,,,,,25900000.0,NetIncomeLoss,20250630,-546500000.0,20240630,-180100000.0,OperatingIncomeLoss,20250630,-434000000.0,20240630,126300000.0,NetCashProvidedByUsedInOperatingActivities,20250630,24700000.0,20240630,231000000.0,PaymentsToAcquirePropertyPlantAndEquipment,20250630,133000000.0,20240630,69600000.0,WeightedAverageNumberOfDilutedSharesOutstanding,20250630,67300000.0,20240630,4218700000.0,Assets,20250630,1134700000.0,StockholdersEquity,20250630,520700000.0,CashAndCashEquivalentsAtCarryingValue,20250630,2573200000.0,LongTermDebtCurrent+LongTermDebtNoncurrent,20250630+20250630,-104700000.0,,-1.0473924977127174,0.034175334323922835,,,,0.02282541640962369,2.267735965453424,83.3,87.5,MISSING_REVENUE,PARTIAL
WBD,WBD,WARNER BROS DISCOVERY INC,-,0.106874,0001437107,4841,10-K,20251231,20260227,0001437107-26-000020,20260331,20260506,2025Q3;2025Q4;2026Q1;2026Q2,37296000000.0,RevenueFromContractWithCustomerExcludingAssessedTax,20251231,39321000000.0,20241231,727000000.0,NetIncomeLoss,20251231,-11311000000.0,20241231,738000000.0,OperatingIncomeLoss,20251231,-10032000000.0,20241231,4319000000.0,NetCashProvidedByUsedInOperatingActivities,20251231,5375000000.0,20241231,1231000000.0,PaymentsToAcquirePropertyPlantAndEquipment,20251231,948000000.0,20241231,2530000000.0,WeightedAverageNumberOfDilutedSharesOutstanding,20251231,2450000000.0,20241231,100085000000.0,Assets,20251231,35919000000.0,StockholdersEquity,20251231,4566000000.0,CashAndCashEquivalentsAtCarryingValue,20251231,32428000000.0,LongTermDebtAndCapitalLeaseObligations,20251231,3088000000.0,-0.05149919890135046,-1.0642737158518256,0.03265306122448974,0.019787644787644786,0.01949270699270699,0.0827970827970828,0.020239984409365516,0.9028090982488377,100.0,100.0,OK,PRESENT
HPE,HPE,HEWLETT PACKARD ENTERPRISE,-,0.104734,0001645590,3570,10-K,20251031,20251218,0001645590-25-000130,20260430,20260602,2025Q3;2025Q4;2026Q1;2026Q2,34296000000.0,Revenues,20251031,30127000000.0,20241031,57000000.0,NetIncomeLoss,20251031,2579000000.0,20241031,-437000000.0,OperatingIncomeLoss,20251031,2190000000.0,20241031,2919000000.0,NetCashProvidedByUsedInOperatingActivities,20251031,4341000000.0,20241031,2292000000.0,PaymentsToAcquireProductiveAssets,20251031,2367000000.0,20241031,1324000000.0,WeightedAverageNumberOfDilutedSharesOutstanding,20251031,1337000000.0,20241031,75906000000.0,Assets,20251031,24688000000.0,StockholdersEquity,20251031,5773000000.0,CashAndCashEquivalentsAtCarryingValue,20251031,17756000000.0,LongTermDebtAndCapitalLeaseObligations,20251031,627000000.0,0.13838085438311154,-0.9778984102365258,-0.00972326103216159,-0.012742010730114299,0.001662001399580126,0.018282015395381386,0.002308813998703824,0.7192158133506157,100.0,100.0,OK,PRESENT
APD,APD,AIR PRODUCTS + CHEMICALS INC,-,0.104192,0000002969,2810,10-K,20250930,20251120,0000002969-25-000055,20260331,20260430,2025Q3;2025Q4;2026Q1;2026Q2,12037300000.0,Revenues,20250930,12100600000.0,20240930,-394500000.0,NetIncomeLoss,20250930,3828200000.0,20240930,-877000000.0,OperatingIncomeLoss,20250930,4466100000.0,20240930,,,,,,7022600000.0,PaymentsToAcquirePropertyPlantAndEquipment,20250930,6796700000.0,20240930,222700000.0,WeightedAverageNumberOfDilutedSharesOutstanding,20250930,222800000.0,20240930,41059500000.0,Assets,20250930,15024900000.0,StockholdersEquity,20250930,1856000000.0,CashAndCashEquivalentsAtCarryingValue,20250930,34700000.0,ShortTermBorrowings,20250930,,-0.005231145563029949,-1.1030510422652944,-0.0004488330341113622,-0.07285686989607304,-0.03277313018700207,,-0.02625641435217539,0.0023094995640569986,83.3,87.5,MISSING_OPERATING_CASH_FLOW,PARTIAL
SPG,SPG,SIMON PROPERTY GROUP INC,-,0.104068,0001063761,6798,10-K,20251231,20260225,0001104659-26-019419,20260331,20260511,2025Q3;2025Q4;2026Q1;2026Q2,6364505000.0,Revenues,20251231,5963798000.0,20241231,5364120000.0,ProfitLoss,20251231,2729021000.0,20241231,3175396000.0,OperatingIncomeLoss,20251231,3092796000.0,20241231,4136551000.0,NetCashProvidedByUsedInOperatingActivities,20251231,3814655000.0,20241231,934346000.0,PaymentsToAcquireProductiveAssets,20251231,755584000.0,20241231,,,,,,40606466000.0,Assets,20251231,5208268000.0,StockholdersEquity,20251231,823147000.0,CashAndCashEquivalentsAtCarryingValue,20251231,28430175000.0,LongTermDebt,20251231,3202205000.0,0.06718990146882908,0.965583995139649,,0.49892269705185244,0.8428180981867404,0.5031349649344293,1.0299239593661462,5.45866207345705,83.3,87.5,MISSING_DILUTED_SHARES,PARTIAL
AON,AON,AON PLC CLASS A,-,0.1038,0000315293,6411,10-K,20251231,20260213,0001628280-26-008116,20260331,20260501,2025Q3;2025Q4;2026Q1;2026Q2,17181000000.0,RevenueFromContractWithCustomerExcludingAssessedTax,20251231,15698000000.0,20241231,3695000000.0,NetIncomeLoss,20251231,2654000000.0,20241231,4344000000.0,OperatingIncomeLoss,20251231,3835000000.0,20241231,3481000000.0,NetCashProvidedByUsedInOperatingActivities,20251231,3035000000.0,20241231,263000000.0,PaymentsToAcquirePropertyPlantAndEquipment,20251231,218000000.0,20241231,217100000.0,WeightedAverageNumberOfDilutedSharesOutstanding,20251231,212500000.0,20241231,50784000000.0,Assets,20251231,9352000000.0,StockholdersEquity,20251231,1195000000.0,CashAndCashEquivalentsAtCarryingValue,20251231,14660000000.0,LongTermDebtNoncurrent,20251231,3218000000.0,0.09447063320168181,0.39223813112283357,0.021647058823529353,0.2528374367033351,0.21506315115534602,0.18729992433502124,0.3951026518391788,1.567579127459367,100.0,100.0,OK,PRESENT
CTAS,CTAS,CINTAS CORP,-,0.103466,0000723254,2320,10-K,20250531,20250728,0000723254-25-000017,20260228,20260407,2025Q3;2025Q4;2026Q1;2026Q2,10340181000.0,RevenueFromContractWithCustomerExcludingAssessedTax,20250531,9596615000.0,20240531,1812281000.0,NetIncomeLoss,20250531,1571592000.0,20240531,2359726000.0,OperatingIncomeLoss,20250531,2068633000.0,20240531,2165905000.0,NetCashProvidedByUsedInOperatingActivities,20250531,2068500000.0,20240531,408884000.0,PaymentsToAcquirePropertyPlantAndEquipment,20250531,409469000.0,20240531,,,,,,9825241000.0,Assets,20250531,4684481000.0,StockholdersEquity,20250531,263973000.0,CashAndCashEquivalentsAtCarryingValue,20250531,2424999000.0,LongTermDebtCurrent+LongTermDebtNoncurrent,20250531+20250531,1757021000.0,0.0774821121822642,0.15314979969355913,,0.22820935146106244,0.17526588751202712,0.16992168705750896,0.3868691110071745,0.5176665248508853,83.3,87.5,MISSING_DILUTED_SHARES,PARTIAL
HON,HON,HONEYWELL INTERNATIONAL INC,-,0.102256,0000773840,3724,10-K,20251231,20260217,0000773840-26-000013,20260331,20260423,2025Q3;2025Q4;2026Q1;2026Q2,37442000000.0,RevenueFromContractWithCustomerExcludingAssessedTax,20251231,34717000000.0,20241231,4729000000.0,NetIncomeLoss,20251231,5705000000.0,20241231,,,,,,6408000000.0,NetCashProvidedByUsedInOperatingActivities,20251231,6097000000.0,20241231,986000000.0,PaymentsToAcquirePropertyPlantAndEquipment,20251231,871000000.0,20241231,,,,,,73681000000.0,Assets,20251231,13904000000.0,StockholdersEquity,20251231,12487000000.0,CashAndCashEquivalentsAtCarryingValue,20251231,27141000000.0,LongTermDebtAndCapitalLeaseObligations,20251231,5422000000.0,0.07849180516749721,-0.17107800175284837,,,0.12630201378131511,0.14481064045724054,0.3401179516685846,1.9520281933256616,83.3,87.5,MISSING_DILUTED_SHARES,PARTIAL
AJG,AJG,ARTHUR J GALLAGHER + CO,-,0.101797,0000354190,6411,10-K,20251231,20260217,0001628280-26-008662,20260331,20260507,2025Q3;2025Q4;2026Q1;2026Q2,13942000000.0,RevenueFromContractWithCustomerExcludingAssessedTax,20251231,11555000000.0,20241231,1494000000.0,NetIncomeLoss,20251231,1463000000.0,20241231,,,,,,1930000000.0,NetCashProvidedByUsedInOperatingActivities,20251231,2583000000.0,20241231,,,,,,,,,,,70665000000.0,Assets,20251231,23321000000.0,StockholdersEquity,20251231,1396000000.0,CashCashEquivalentsRestrictedCashAndRestrictedCashEquivalents,20251231,12744000000.0,ShortTermBorrowings+LongTermDebtNoncurrent,20251231+20251231,,0.20657723929035043,0.021189336978810758,,,0.10715822694018075,,0.06406243300030016,0.5464602718579821,83.3,75.0,MISSING_DILUTED_SHARES,PARTIAL
RCL,RCL,ROYAL CARIBBEAN CRUISES LTD,-,0.101332,0000884887,4400,10-K,20251231,20260211,0000884887-26-000007,20260331,20260430,2025Q3;2025Q4;2026Q1;2026Q2,17935000000.0,RevenueFromContractWithCustomerExcludingAssessedTax,20251231,16484000000.0,20241231,4268000000.0,NetIncomeLoss,20251231,2877000000.0,20241231,4910000000.0,OperatingIncomeLoss,20251231,4106000000.0,20241231,6465000000.0,NetCashProvidedByUsedInOperatingActivities,20251231,5265000000.0,20241231,5229000000.0,PaymentsToAcquirePropertyPlantAndEquipment,20251231,3268000000.0,20241231,,,,,,41619000000.0,Assets,20251231,10037000000.0,StockholdersEquity,20251231,825000000.0,CashAndCashEquivalentsAtCarryingValue,20251231,18165000000.0,LongTermDebtAndCapitalLeaseObligations,20251231,1236000000.0,0.0880247512739627,0.48348974626346886,,0.27376637858935043,0.23797044884304433,0.06891552829662671,0.4252266613529939,1.8098037262130118,83.3,87.5,MISSING_DILUTED_SHARES,PARTIAL
AEP,AEP,AMERICAN ELECTRIC POWER,-,0.100683,0000004904,4911,10-K,20251231,20260212,0000004904-26-000013,20260331,20260505,2025Q3;2025Q4;2026Q1;2026Q2,21876000000.0,Revenues,20251231,19721000000.0,20241231,3696000000.0,ProfitLoss,20251231,2976000000.0,20241231,5319000000.0,OperatingIncomeLoss,20251231,4304000000.0,20241231,6944000000.0,NetCashProvidedByUsedInOperatingActivities,20251231,6804000000.0,20241231,3453000000.0,PaymentsToAcquireProductiveAssets,20251231,399000000.0,20241231,537467865.0,WeightedAverageNumberOfDilutedSharesOutstanding,20251231,531337703.0,20241231,114460000000.0,Assets,20251231,31138000000.0,StockholdersEquity,20251231,197000000.0,CashAndCashEquivalentsAtCarryingValue,20251231,47322000000.0,LongTermDebtCurrent+LongTermDebtNoncurrent,20251231+20251231,3491000000.0,0.1092743775670606,0.24193548387096775,0.01153722381338329,0.24314317059791551,0.1689522764673615,0.1595812762845127,0.11869741152289806,1.5197507868199627,100.0,100.0,OK,PRESENT
ALL,ALL,ALLSTATE CORP,-,0.100301,0000899051,6331,10-K,20251231,20260220,0000899051-26-000031,20260331,20260429,2025Q3;2025Q4;2026Q1;2026Q2,67685000000.0,Revenues,20251231,64106000000.0,20241231,10282000000.0,NetIncomeLoss,20251231,4667000000.0,20241231,,,,,,10110000000.0,NetCashProvidedByUsedInOperatingActivities,20251231,8931000000.0,20241231,228000000.0,PaymentsToAcquirePropertyPlantAndEquipment,20251231,210000000.0,20241231,267100000.0,WeightedAverageNumberOfDilutedSharesOutstanding,20251231,267800000.0,20241231,119758000000.0,Assets,20251231,30610000000.0,StockholdersEquity,20251231,678000000.0,CashCashEquivalentsRestrictedCashAndRestrictedCashEquivalents,20251231,7490000000.0,LongTermDebt,20251231,9882000000.0,0.05582940754375576,1.2031283479751447,-0.002613890963405474,,0.15190958114796485,0.14599985225677772,0.3359032995753022,0.24469127736033977,100.0,100.0,OK,PRESENT
MNST,MNST,MONSTER BEVERAGE CORP,-,0.099054,0000865752,2086,10-K,20251231,20260227,0001104659-26-020831,20260331,20260508,2025Q3;2025Q4;2026Q1;2026Q2,8294343000.0,RevenueFromContractWithCustomerExcludingAssessedTax,20251231,7492709000.0,20241231,1905432000.0,ProfitLoss,20251231,1509048000.0,20241231,2419354000.0,OperatingIncomeLoss,20251231,1930294000.0,20241231,2098177000.0,NetCashProvidedByUsedInOperatingActivities,20251231,1928533000.0,20241231,132275000.0,PaymentsToAcquirePropertyPlantAndEquipment,20251231,264074000.0,20241231,984451000.0,WeightedAverageNumberOfDilutedSharesOutstanding,20251231,1013107000.0,20241231,9988945000.0,Assets,20251231,8254108000.0,StockholdersEquity,20251231,2088117000.0,CashAndCashEquivalentsAtCarryingValue,20251231,373951000.0,LongTermDebtNoncurrent,20241231,1965902000.0,0.106988540459799,0.2626715651192011,-0.02828526503123563,0.29168723791625206,0.22972669444704663,0.23701720558216607,0.23084650697567805,0.04530483487737258,100.0,100.0,OK,PRESENT
TDG,TDG,TRANSDIGM GROUP INC,-,0.099014,0001260221,3728,10-K,20250930,20251112,0001260221-25-000081,20260331,20260505,2025Q3;2025Q4;2026Q1;2026Q2,8831000000.0,Revenues,20250930,7940000000.0,20240930,2074000000.0,NetIncomeLoss,20250930,1714000000.0,20240930,4165000000.0,OperatingIncomeLoss,20250930,3531000000.0,20240930,2038000000.0,NetCashProvidedByUsedInOperatingActivities,20250930,2045000000.0,20240930,222000000.0,PaymentsToAcquirePropertyPlantAndEquipment,20250930,165000000.0,20240930,58200000.0,WeightedAverageNumberOfDilutedSharesOutstanding,20250930,57800000.0,20240930,22909000000.0,Assets,20250930,-9686000000.0,StockholdersEquity,20250930,2808000000.0,CashCashEquivalentsRestrictedCashAndRestrictedCashEquivalents,20250930,29167000000.0,LongTermDebtAndCapitalLeaseObligations,20250930,1816000000.0,0.1122166246851386,0.21003500583430568,0.006920415224913601,0.471634016532669,0.23485448986524743,0.20563922545578078,-0.2141234771835639,-3.011253355358249,100.0,100.0,OK,PRESENT
PCAR,PCAR,PACCAR INC,-,0.098742,0000075362,3711,10-K,20251231,20260218,0001193125-26-057025,20260331,20260429,2025Q3;2025Q4;2026Q1;2026Q2,28444800000.0,Revenues,20251231,33663800000.0,20241231,2375800000.0,NetIncomeLoss,20251231,4162000000.0,20241231,,,,,,4415800000.0,NetCashProvidedByUsedInOperatingActivities,20251231,4640900000.0,20241231,743000000.0,PaymentsToAcquirePropertyPlantAndEquipment,20251231,838700000.0,20241231,526800000.0,WeightedAverageNumberOfDilutedSharesOutstanding,20251231,526600000.0,20241231,44336200000.0,Assets,20251231,19264000000.0,StockholdersEquity,20251231,,,,,,,3672800000.0,-0.15503300281014032,-0.42916866890917826,0.00037979491074824345,,0.08352317471031612,0.12912026099673754,0.12332848837209302,,100.0,87.5,OK,PRESENT
URI,URI,UNITED RENTALS INC,-,0.098255,0001067701,7359,10-K,20251231,20260128,0001067701-26-000007,20260331,20260422,2025Q3;2025Q4;2026Q1;2026Q2,16099000000.0,Revenues,20251231,15345000000.0,20241231,2494000000.0,NetIncomeLoss,20251231,2575000000.0,20241231,3973000000.0,OperatingIncomeLoss,20251231,4065000000.0,20241231,5190000000.0,NetCashProvidedByUsedInOperatingActivities,20251231,4546000000.0,20241231,,,,,,,,,,,29866000000.0,Assets,20251231,8968000000.0,StockholdersEquity,20251231,459000000.0,CashAndCashEquivalentsAtCarryingValue,20251231,12652000000.0,LongTermDebtAndCapitalLeaseObligations,20251231,,0.04913652655588141,-0.03145631067961163,,0.24678551462823778,0.15491645443816385,,0.278099910793934,1.410793933987511,83.3,75.0,MISSING_DILUTED_SHARES,PARTIAL
DLR,DLR,DIGITAL REALTY TRUST INC,-,0.097497,0001297996,6798,10-K,20251231,20260213,0001104659-26-015365,20260331,20260501,2025Q3;2025Q4;2026Q1;2026Q2,6112692000.0,Revenues,20251231,5554968000.0,20241231,1308589000.0,NetIncomeLoss,20251231,602490000.0,20241231,658492000.0,OperatingIncomeLoss,20251231,471864000.0,20241231,2412136000.0,NetCashProvidedByUsedInOperatingActivities,20251231,2261477000.0,20241231,,,,,,347810000.0,WeightedAverageNumberOfDilutedSharesOutstanding,20251231,331547000.0,20241231,49410468000.0,Assets,20251231,22925663000.0,StockholdersEquity,20251231,3451647000.0,CashAndCashEquivalentsAtCarryingValue,20251231,,,,,0.1004009384032456,1.1719679994688708,0.049051868965787726,0.10772536879005191,0.21407736558622617,,0.05707965784893549,,100.0,75.0,OK,PRESENT
HCA,HCA,HCA HEALTHCARE INC,-,0.097277,0000860730,8062,10-K,20251231,20260210,0001193125-26-044769,20260331,20260429,2025Q3;2025Q4;2026Q1;2026Q2,75600000000.0,Revenues,20251231,70603000000.0,20241231,6784000000.0,NetIncomeLoss,20251231,5760000000.0,20241231,,,,,,12636000000.0,NetCashProvidedByUsedInOperatingActivities,20251231,10514000000.0,20241231,4944000000.0,PaymentsToAcquirePropertyPlantAndEquipment,20251231,4875000000.0,20241231,239495000.0,WeightedAverageNumberOfDilutedSharesOutstanding,20251231,261806000.0,20241231,60720000000.0,Assets,20251231,-6027000000.0,StockholdersEquity,20251231,1040000000.0,CashAndCashEquivalentsAtCarryingValue,20251231,41603000000.0,LongTermDebtNoncurrent,20251231,7692000000.0,0.07077602934719485,0.1777777777777778,-0.0852195900781495,,0.08973544973544974,0.10174603174603175,-1.1256014600962336,-6.9027708644433385,100.0,100.0,OK,PRESENT
KMI,KMI,KINDER MORGAN INC,-,0.095406,0001506307,4922,10-K,20251231,20260213,0001506307-26-000011,20260331,20260424,2025Q3;2025Q4;2026Q1;2026Q2,16937000000.0,Revenues,20251231,15100000000.0,20241231,3056000000.0,NetIncomeLoss,20251231,2613000000.0,20241231,4724000000.0,OperatingIncomeLoss,20251231,4384000000.0,20241231,5917000000.0,NetCashProvidedByUsedInOperatingActivities,20251231,5635000000.0,20241231,3026000000.0,PaymentsToAcquirePropertyPlantAndEquipment,20251231,2629000000.0,20241231,2223000000.0,WeightedAverageNumberOfDilutedSharesOutstanding,20251231,2220000000.0,20241231,72748000000.0,Assets,20251231,31162000000.0,StockholdersEquity,20251231,63000000.0,CashAndCashEquivalentsAtCarryingValue,20251231,30777000000.0,LongTermDebtNoncurrent,20251231,2891000000.0,0.12165562913907291,0.16953693073096066,0.0013513513513514486,0.27891598275963864,0.18043337072681112,0.1706913857235638,0.0980681599383865,0.9876452089082858,100.0,100.0,OK,PRESENT
BKR,BKR,BAKER HUGHES CO,-,0.095309,0001701605,3533,10-K,20251231,20260205,0001701605-26-000007,20260331,20260424,2025Q3;2025Q4;2026Q1;2026Q2,27733000000.0,RevenueFromContractWithCustomerExcludingAssessedTax,20251231,27829000000.0,20241231,2588000000.0,NetIncomeLoss,20251231,2979000000.0,20241231,,,,,,3810000000.0,NetCashProvidedByUsedInOperatingActivities,20251231,3332000000.0,20241231,1273000000.0,PaymentsToAcquireProductiveAssets,20251231,1278000000.0,20241231,,,,,,40881000000.0,Assets,20251231,18834000000.0,StockholdersEquity,20251231,3715000000.0,CashCashEquivalentsRestrictedCashAndRestrictedCashEquivalents,20251231,5398000000.0,LongTermDebtAndCapitalLeaseObligations,20251231,2537000000.0,-0.0034496388659311927,-0.13125209801946958,,,0.09331842930804457,0.09147946489741464,0.1374110650950409,0.28660932356376767,83.3,87.5,MISSING_DILUTED_SHARES,PARTIAL
TRGP,TRGP,TARGA RESOURCES CORP,-,0.095258,0001389170,4922,10-K,20251231,20260219,0001193125-26-059296,20260331,20260507,2025Q3;2025Q4;2026Q1;2026Q2,17028300000.0,Revenues,20251231,16381500000.0,20241231,1923000000.0,NetIncomeLoss,20251231,1312000000.0,20241231,3331200000.0,OperatingIncomeLoss,20251231,2695400000.0,20241231,3917400000.0,NetCashProvidedByUsedInOperatingActivities,20251231,3649700000.0,20241231,3333300000.0,PaymentsToAcquirePropertyPlantAndEquipment,20251231,2965800000.0,20241231,216900000.0,WeightedAverageNumberOfDilutedSharesOutstanding,20251231,221300000.0,20241231,25218400000.0,Assets,20251231,3067900000.0,StockholdersEquity,20251231,166100000.0,CashAndCashEquivalentsAtCarryingValue,20251231,16662400000.0,LongTermDebtAndCapitalLeaseObligations,20251231,584100000.0,0.039483563776210984,0.46570121951219523,-0.019882512426570242,0.19562727929388135,0.11292965240217755,0.03430172125226828,0.6268131295022654,5.431207014570227,100.0,100.0,OK,PRESENT
CRH,CRH,CRH PLC,-,0.095228,0000849395,3241,10-K,20251231,20260218,0001628280-26-009043,20260331,20260430,2025Q3;2025Q4;2026Q1;2026Q2,37447000000.0,RevenueFromContractWithCustomerExcludingAssessedTax,20251231,35572000000.0,20241231,3753000000.0,NetIncomeLoss,20251231,3492000000.0,20241231,5440000000.0,OperatingIncomeLoss,20251231,4925000000.0,20241231,5625000000.0,NetCashProvidedByUsedInOperatingActivities,20251231,4989000000.0,20241231,2713000000.0,PaymentsToAcquirePropertyPlantAndEquipment,20251231,2578000000.0,20241231,677000000.0,WeightedAverageNumberOfDilutedSharesOutstanding,20251231,689500000.0,20241231,58329000000.0,Assets,20251231,24004000000.0,StockholdersEquity,20251231,4096000000.0,CashAndCashEquivalentsAtCarryingValue,20251231,16478000000.0,LongTermDebtNoncurrent,20251231,2912000000.0,0.052709996626560285,0.07474226804123707,-0.0181290790427846,0.14527198440462522,0.10022164659385265,0.07776323871071114,0.15634894184302617,0.686468921846359,100.0,100.0,OK,PRESENT
APO,APO,APOLLO GLOBAL MANAGEMENT INC,-,0.095208,0001858681,6282,10-K,20251231,20260225,0001858681-26-000013,20260331,20260507,2025Q3;2025Q4;2026Q1;2026Q2,32049000000.0,Revenues,20251231,26114000000.0,20241231,3492000000.0,NetIncomeLoss,20251231,4577000000.0,20241231,,,,,,7246000000.0,NetCashProvidedByUsedInOperatingActivities,20251231,3253000000.0,20241231,,,,,,593657223.0,WeightedAverageNumberOfDilutedSharesOutstanding,20251231,604035992.0,20241231,460949000000.0,Assets,20251231,23341000000.0,StockholdersEquity,20251231,20591000000.0,CashCashEquivalentsRestrictedCashAndRestrictedCashEquivalents,20251231,13364000000.0,LongTermDebt,20251231,,0.2272727272727273,-0.2370548394144636,-0.017182368497008382,,0.10895815782083684,,0.1496079859474744,0.5725547320166231,100.0,87.5,OK,PRESENT
COR,COR,CENCORA INC,-,0.095172,0001140859,5122,10-K,20250930,20251125,0001140859-25-000131,20260331,20260506,2025Q3;2025Q4;2026Q1;2026Q2,321332819000.0,Revenues,20250930,293958599000.0,20240930,1554169000.0,NetIncomeLoss,20250930,1509120000.0,20240930,2628601000.0,OperatingIncomeLoss,20250930,2175249000.0,20240930,3875120000.0,NetCashProvidedByUsedInOperatingActivities,20250930,3484685000.0,20240930,667981000.0,PaymentsToAcquirePropertyPlantAndEquipment,20250930,487173000.0,20240930,195214000.0,WeightedAverageNumberOfDilutedSharesOutstanding,20250930,200284000.0,20240930,76590112000.0,Assets,20250930,1508019000.0,StockholdersEquity,20250930,4356138000.0,CashAndCashEquivalentsAtCarryingValue,20250930,7542988000.0,LongTermDebtNoncurrent,20250930,3207139000.0,0.09312270535076261,0.02985117154368111,-0.025314054043258594,0.008180306662046867,0.004836633260295768,0.009980739004440128,1.0306030626935072,5.001918410842304,100.0,100.0,OK,PRESENT
MPWR,MPWR,MONOLITHIC POWER SYSTEMS INC,-,0.094083,0001280452,3674,10-K,20251231,20260227,0001437749-26-006113,20260331,20260504,2025Q3;2025Q4;2026Q1;2026Q2,2790459000.0,RevenueFromContractWithCustomerExcludingAssessedTax,20251231,2207100000.0,20241231,621483000.0,NetIncomeLoss,20251231,1592058000.0,20241231,728636000.0,OperatingIncomeLoss,20251231,539358000.0,20241231,838202000.0,NetCashProvidedByUsedInOperatingActivities,20251231,788410000.0,20241231,172013000.0,PaymentsToAcquirePropertyPlantAndEquipment,20251231,146118000.0,20241231,48309000.0,WeightedAverageNumberOfDilutedSharesOutstanding,20251231,48835000.0,20241231,4194199000.0,Assets,20251231,3531497000.0,StockholdersEquity,20251231,1099302000.0,CashAndCashEquivalentsAtCarryingValue,20251231,,,,666189000.0,0.2643101807802093,-0.6096354529797281,-0.010770963448346493,0.26111689868942706,0.2227171228819345,0.23873814307968688,0.17598287638358465,,100.0,87.5,OK,PRESENT
TFC,TFC,TRUIST FINANCIAL CORP,-,0.093366,0000092230,6021,10-K,20251231,20260224,0000092230-26-000030,20260331,20260501,2025Q3;2025Q4;2026Q1;2026Q2,,,,,,5307000000.0,ProfitLoss,20251231,4840000000.0,20241231,,,,,,5739000000.0,NetCashProvidedByUsedInOperatingActivities,20251231,2164000000.0,20241231,,,,,,1302700000.0,WeightedAverageNumberOfDilutedSharesOutstanding,20251231,1331087000.0,20241231,547538000000.0,Assets,20251231,65189000000.0,StockholdersEquity,20251231,36377000000.0,CashCashEquivalentsRestrictedCashAndRestrictedCashEquivalents,20251231,41963000000.0,LongTermDebt,20251231,,,0.0964876033057851,-0.021326179280542923,,,,0.08140944024298578,0.6437128963475433,83.3,75.0,MISSING_REVENUE,PARTIAL
OKE,OKE,ONEOK INC,-,0.091427,0001039684,4923,10-K,20251231,20260224,0001039684-26-000006,20260331,20260429,2025Q3;2025Q4;2026Q1;2026Q2,33629000000.0,RevenueFromContractWithCustomerExcludingAssessedTax,20251231,21698000000.0,20241231,3393000000.0,NetIncomeLoss,20251231,3035000000.0,20241231,5741000000.0,OperatingIncomeLoss,20251231,4989000000.0,20241231,5599000000.0,NetCashProvidedByUsedInOperatingActivities,20251231,4888000000.0,20241231,3152000000.0,PaymentsToAcquirePropertyPlantAndEquipment,20251231,2021000000.0,20241231,625900000.0,WeightedAverageNumberOfDilutedSharesOutstanding,20251231,586500000.0,20241231,66641000000.0,Assets,20251231,22485000000.0,StockholdersEquity,20251231,78000000.0,CashAndCashEquivalentsAtCarryingValue,20251231,31996000000.0,LongTermDebtCurrent+LongTermDebtNoncurrent,20251231+20251231,2447000000.0,0.5498663471287677,0.1179571663920922,0.06717817561807338,0.17071575128609237,0.1008950608106099,0.07276457819144191,0.15090060040026684,1.4229931065154549,100.0,100.0,OK,PRESENT
TEL,TEL,TE CONNECTIVITY PLC,-,0.090553,0001385157,5065,10-K,20250930,20251110,0001104659-25-109150,20260331,20260424,2025Q3;2025Q4;2026Q1;2026Q2,17262000000.0,RevenueFromContractWithCustomerExcludingAssessedTax,20250930,15845000000.0,20240930,1842000000.0,NetIncomeLoss,20250930,3193000000.0,20240930,3211000000.0,OperatingIncomeLoss,20250930,2796000000.0,20240930,4139000000.0,NetCashProvidedByUsedInOperatingActivities,20250930,3477000000.0,20240930,936000000.0,PaymentsToAcquirePropertyPlantAndEquipment,20250930,680000000.0,20240930,299000000.0,WeightedAverageNumberOfDilutedSharesOutstanding,20250930,309000000.0,20240930,25081000000.0,Assets,20250930,12585000000.0,StockholdersEquityIncludingPortionAttributableToNoncontrollingInterest,20250930,1255000000.0,CashAndCashEquivalentsAtCarryingValue,20250930,4842000000.0,LongTermDebtNoncurrent,20250930,3203000000.0,0.08942884190596412,-0.4231130598183527,-0.032362459546925515,0.18601552543158384,0.10670837678136948,0.18555207971266366,0.1463647199046484,0.3847437425506555,100.0,100.0,OK,PRESENT
D,D,DOMINION ENERGY INC,-,0.08775,0000715957,4911,10-K,20251231,20260223,0001193125-26-063120,20260331,20260501,2025Q3;2025Q4;2026Q1;2026Q2,16506000000.0,Revenues,20251231,14459000000.0,20241231,2998000000.0,NetIncomeLoss,20251231,2034000000.0,20241231,4414000000.0,OperatingIncomeLoss,20251231,3247000000.0,20241231,5361000000.0,NetCashProvidedByUsedInOperatingActivities,20251231,5018000000.0,20241231,,,,,,,,,,,115857000000.0,Assets,20251231,29083000000.0,StockholdersEquity,20251231,250000000.0,CashAndCashEquivalentsAtCarryingValue,20251231,44075000000.0,LongTermDebtAndCapitalLeaseObligations,20251231,,0.14157272287156797,0.4739429695181907,,0.26741790863928266,0.18163092208893736,,0.1030842760375477,1.5154901488842278,83.3,75.0,MISSING_DILUTED_SHARES,PARTIAL
O,O,REALTY INCOME CORP,-,0.086368,0000726728,6798,10-K,20251231,20260225,0000726728-26-000011,20260331,20260507,2025Q3;2025Q4;2026Q1;2026Q2,5749377000.0,Revenues,20251231,5271142000.0,20241231,1058590000.0,NetIncomeLoss,20251231,860772000.0,20241231,,,,,,3994754000.0,NetCashProvidedByUsedInOperatingActivities,20251231,3573276000.0,20241231,,,,,,908334000.0,WeightedAverageNumberOfDilutedSharesOutstanding,20251231,863792000.0,20241231,72795612000.0,Assets,20251231,39438695000.0,StockholdersEquity,20251231,434842000.0,CashAndCashEquivalentsAtCarryingValue,20251231,,,,,0.09072701892682833,0.22981463151682435,0.0515656546946488,,0.18412255797454227,,0.02684140537611602,,100.0,75.0,OK,PRESENT
GWW,GWW,WW GRAINGER INC,-,0.085949,0000277135,5000,10-K,20251231,20260219,0000277135-26-000011,20260331,20260507,2025Q3;2025Q4;2026Q1;2026Q2,17942000000.0,RevenueFromContractWithCustomerExcludingAssessedTax,20251231,17168000000.0,20241231,1706000000.0,NetIncomeLoss,20251231,1909000000.0,20241231,2495000000.0,OperatingIncomeLoss,20251231,2637000000.0,20241231,2015000000.0,NetCashProvidedByUsedInOperatingActivities,20251231,2111000000.0,20241231,684000000.0,PaymentsToAcquirePropertyPlantAndEquipment,20251231,541000000.0,20241231,48000000.0,WeightedAverageNumberOfDilutedSharesOutstanding,20251231,49000000.0,20241231,8962000000.0,Assets,20251231,3736000000.0,StockholdersEquity,20251231,585000000.0,CashAndCashEquivalentsAtCarryingValue,20251231,2488000000.0,LongTermDebtCurrent+LongTermDebtNoncurrent,20251231+20251231,1331000000.0,0.045083876980428705,-0.10633839706652692,-0.020408163265306145,0.1390591907256716,0.09508416007134099,0.07418348010255267,0.45663811563169165,0.6659528907922913,100.0,100.0,OK,PRESENT
NUE,NUE,NUCOR CORP,-,0.085934,0000073309,3312,10-K,20251231,20260225,0001193125-26-071575,20260331,20260513,2025Q3;2025Q4;2026Q1;2026Q2,32494000000.0,RevenueFromContractWithCustomerExcludingAssessedTax,20251231,30734000000.0,20241231,1744000000.0,NetIncomeLoss,20251231,2027000000.0,20241231,,,,,,3234000000.0,NetCashProvidedByUsedInOperatingActivities,20251231,3979000000.0,20241231,3422000000.0,PaymentsToAcquirePropertyPlantAndEquipment,20251231,3173000000.0,20241231,,,,,,35104000000.0,Assets,20251231,20936000000.0,StockholdersEquity,20251231,2260000000.0,CashAndCashEquivalentsAtCarryingValue,20251231,6909000000.0,LongTermDebtAndCapitalLeaseObligations,20251231,-188000000.0,0.05726556907659264,-0.13961519486926488,,,0.05367144703637595,-0.005785683510801994,0.08330149025601834,0.3300057317539167,83.3,87.5,MISSING_DILUTED_SHARES,PARTIAL
NXPI,NXPI,NXP SEMICONDUCTORS NV,-,0.085739,0001413447,3674,10-K,20251231,20260219,0001413447-26-000008,20260331,20260428,2025Q3;2025Q4;2026Q1;2026Q2,12269000000.0,RevenueFromContractWithCustomerExcludingAssessedTax,20251231,12614000000.0,20241231,2021000000.0,NetIncomeLoss,20251231,2510000000.0,20241231,3047000000.0,OperatingIncomeLoss,20251231,3417000000.0,20241231,2820000000.0,NetCashProvidedByUsedInOperatingActivities,20251231,2782000000.0,20241231,397000000.0,PaymentsToAcquirePropertyPlantAndEquipment,20251231,727000000.0,20241231,254331000.0,WeightedAverageNumberOfDilutedSharesOutstanding,20251231,257848000.0,20241231,26560000000.0,Assets,20251231,10056000000.0,StockholdersEquity,20251231,3267000000.0,CashAndCashEquivalentsAtCarryingValue,20251231,10972000000.0,LongTermDebtAndCapitalLeaseObligations,20251231,2423000000.0,-0.027350562866656047,-0.19482071713147409,-0.013639818807979931,0.24834949873665335,0.16472410139375662,0.19748960795500856,0.20097454256165473,1.0910898965791567,100.0,100.0,OK,PRESENT
FAST,FAST,FASTENAL CO,-,0.085563,0000815556,5200,10-K,20251231,20260205,0000815556-26-000009,20260331,20260416,2025Q3;2025Q4;2026Q1;2026Q2,8200500000.0,RevenueFromContractWithCustomerExcludingAssessedTax,20251231,7546000000.0,20241231,1258400000.0,NetIncomeLoss,20251231,1150600000.0,20241231,1655700000.0,OperatingIncomeLoss,20251231,1510000000.0,20241231,1295900000.0,NetCashProvidedByUsedInOperatingActivities,20251231,1173300000.0,20241231,245300000.0,PaymentsToAcquirePropertyPlantAndEquipment,20251231,226500000.0,20241231,1150334204.0,WeightedAverageNumberOfDilutedSharesOutstanding,20251231,1148564422.0,20241231,5052900000.0,Assets,20251231,3943600000.0,StockholdersEquity,20251231,276800000.0,CashAndCashEquivalentsAtCarryingValue,20251231,125000000.0,LongTermDebtCurrent+LongTermDebtNoncurrent,20251231+20251231,1050600000.0,0.08673469387755106,0.09369024856596564,0.001540864374780293,0.2019023230290836,0.15345405767940978,0.128114139381745,0.3190993001318592,0.031696926665990464,100.0,100.0,OK,PRESENT
CTVA,CTVA,CORTEVA INC,-,0.085374,0001755672,0100,10-K,20251231,20260212,0001755672-26-000004,20260331,20260506,2025Q3;2025Q4;2026Q1;2026Q2,17401000000.0,Revenues,20251231,16908000000.0,20241231,1094000000.0,NetIncomeLoss,20251231,907000000.0,20241231,,,,,,3406000000.0,NetCashProvidedByUsedInOperatingActivities,20251231,2145000000.0,20241231,591000000.0,PaymentsToAcquireProductiveAssets,20251231,597000000.0,20241231,,,,,,42845000000.0,Assets,20251231,24144000000.0,StockholdersEquity,20251231,4521000000.0,CashAndCashEquivalentsAtCarryingValue,20251231,1686000000.0,LongTermDebtAndCapitalLeaseObligations,20251231,2815000000.0,0.029157795126567354,0.20617420066152148,,,0.0628699500028734,0.16177231193609562,0.045311464546056994,0.069831013916501,83.3,87.5,MISSING_DILUTED_SHARES,PARTIAL
DVN,DVN,DEVON ENERGY CORP,-,0.084291,0001090012,1311,10-K,20251231,20260218,0001193125-26-056485,20260331,20260506,2025Q3;2025Q4;2026Q1;2026Q2,16786000000.0,RevenueFromContractWithCustomerExcludingAssessedTax,20251231,15919000000.0,20241231,2642000000.0,NetIncomeLoss,20251231,2891000000.0,20241231,,,,,,6711000000.0,NetCashProvidedByUsedInOperatingActivities,20251231,6600000000.0,20241231,3592000000.0,PaymentsToAcquireProductiveAssets,20251231,3645000000.0,20241231,,,,,,31599000000.0,Assets,20251231,15528000000.0,StockholdersEquity,20251231,1384000000.0,CashAndCashEquivalentsAtCarryingValue,20251231,8389000000.0,ShortTermBorrowings+LongTermDebtNoncurrent,20251231+20251231,3119000000.0,0.05446322005151072,-0.08612936700103768,,,0.15739306564994637,0.1858096032407959,0.17014425553838228,0.5402498712004121,83.3,87.5,MISSING_DILUTED_SHARES,PARTIAL
KEYS,KEYS,KEYSIGHT TECHNOLOGIES IN,-,0.08345,0001601046,3823,10-K,20251031,20251217,0001601046-25-000127,20260430,20260604,2025Q3;2025Q4;2026Q1;2026Q2,5375000000.0,Revenues,20251031,4979000000.0,20241031,850000000.0,NetIncomeLoss,20251031,614000000.0,20241031,876000000.0,OperatingIncomeLoss,20251031,833000000.0,20241031,1409000000.0,NetCashProvidedByUsedInOperatingActivities,20251031,1052000000.0,20241031,128000000.0,PaymentsToAcquirePropertyPlantAndEquipment,20251031,154000000.0,20241031,173000000.0,WeightedAverageNumberOfDilutedSharesOutstanding,20251031,175000000.0,20241031,11301000000.0,Assets,20251031,5881000000.0,StockholdersEquity,20251031,1873000000.0,CashAndCashEquivalentsAtCarryingValue,20251031,2534000000.0,LongTermDebtNoncurrent,20251031,1281000000.0,0.07953404298051825,0.3843648208469055,-0.011428571428571455,0.16297674418604652,0.15813953488372093,0.23832558139534885,0.14453324264580852,0.4308791021935045,100.0,100.0,OK,PRESENT
CAH,CAH,CARDINAL HEALTH INC,-,0.083062,0000721371,5122,10-K,20250630,20250812,0000721371-25-000079,20260331,20260430,2025Q3;2025Q4;2026Q1;2026Q2,222578000000.0,Revenues,20250630,226827000000.0,20240630,1561000000.0,NetIncomeLoss,20250630,852000000.0,20240630,2275000000.0,OperatingIncomeLoss,20250630,1243000000.0,20240630,2397000000.0,NetCashProvidedByUsedInOperatingActivities,20250630,3762000000.0,20240630,547000000.0,PaymentsToAcquirePropertyPlantAndEquipment,20250630,511000000.0,20240630,242000000.0,WeightedAverageNumberOfDilutedSharesOutstanding,20250630,247000000.0,20240630,53122000000.0,Assets,20250630,-2781000000.0,StockholdersEquity,20250630,3874000000.0,CashAndCashEquivalentsAtCarryingValue,20250630,7977000000.0,LongTermDebtAndCapitalLeaseObligations,20250630,1850000000.0,-0.018732337861013026,0.8321596244131455,-0.020242914979757054,0.010221135961325917,0.007013271751925168,0.008311692979539757,-0.5613088816972313,-2.8683926645091695,100.0,100.0,OK,PRESENT
TER,TER,TERADYNE INC,-,0.082745,0000097210,3825,10-K,20251231,20260219,0001193125-26-059002,20260331,20260501,2025Q3;2025Q4;2026Q1;2026Q2,3190024000.0,Revenues,20251231,2819880000.0,20241231,554047000.0,NetIncomeLoss,20251231,542372000.0,20241231,650051000.0,OperatingIncomeLoss,20251231,593788000.0,20241231,674415000.0,NetCashProvidedByUsedInOperatingActivities,20251231,672176000.0,20241231,224009000.0,PaymentsToAcquirePropertyPlantAndEquipment,20251231,198095000.0,20241231,159719000.0,WeightedAverageNumberOfDilutedSharesOutstanding,20251231,163314000.0,20241231,4183599000.0,Assets,20251231,2795752000.0,StockholdersEquity,20251231,293751000.0,CashAndCashEquivalentsAtCarryingValue,20251231,200000000.0,ShortTermBorrowings,20251231,450406000.0,0.13126232321942788,0.021525816229451378,-0.022012809679513134,0.20377620983415798,0.17368113844911512,0.14119204118840487,0.1981745877316729,0.0715371034340671,100.0,100.0,OK,PRESENT
ADSK,ADSK,AUTODESK INC,-,0.082499,0000769397,7372,10-K,20260131,20260303,0000769397-26-000015,20260430,20260529,2025Q3;2025Q4;2026Q1;2026Q2,7206000000.0,RevenueFromContractWithCustomerExcludingAssessedTax,20260131,6131000000.0,20250131,1124000000.0,NetIncomeLoss,20260131,1112000000.0,20250131,1578000000.0,OperatingIncomeLoss,20260131,1354000000.0,20250131,2452000000.0,NetCashProvidedByUsedInOperatingActivities,20260131,1607000000.0,20250131,43000000.0,PaymentsToAcquirePropertyPlantAndEquipment,20260131,40000000.0,20250131,215000000.0,WeightedAverageNumberOfDilutedSharesOutstanding,20260131,217000000.0,20250131,12467000000.0,Assets,20260131,3045000000.0,StockholdersEquity,20260131,2249000000.0,CashAndCashEquivalentsAtCarryingValue,20260131,,,,2409000000.0,0.1753384439732506,0.010791366906474753,-0.009216589861751112,0.2189841798501249,0.1559811268387455,0.3343047460449625,0.3691297208538588,,100.0,87.5,OK,PRESENT
F,F,FORD MOTOR CO,-,0.082465,0000037996,3711,10-K,20251231,20260211,0000037996-26-000015,20260331,20260430,2025Q3;2025Q4;2026Q1;2026Q2,187267000000.0,RevenueFromContractWithCustomerExcludingAssessedTax,20251231,184992000000.0,20241231,-8162000000.0,ProfitLoss,20251231,5894000000.0,20241231,-9169000000.0,OperatingIncomeLoss,20251231,5219000000.0,20241231,21282000000.0,NetCashProvidedByUsedInOperatingActivities,20251231,15423000000.0,20241231,8815000000.0,PaymentsToAcquireProductiveAssets,20251231,8684000000.0,20241231,3979000000.0,WeightedAverageNumberOfDilutedSharesOutstanding,20251231,4021000000.0,20241231,289160000000.0,Assets,20251231,35952000000.0,StockholdersEquity,20251231,23356000000.0,CashAndCashEquivalentsAtCarryingValue,20251231,,,,12467000000.0,0.012297829095312185,-2.3847980997624703,-0.01044516289480224,-0.04896217699861695,-0.0435848280796937,0.06657339520577571,-0.22702492211838007,,100.0,87.5,OK,PRESENT
COHR,COHR,COHERENT CORP,-,0.082144,0000820318,3827,10-K,20250630,20250815,0000820318-25-000014,20260331,20260506,2025Q3;2025Q4;2026Q1;2026Q2,5810115000.0,RevenueFromContractWithCustomerExcludingAssessedTax,20250630,4707688000.0,20240630,49364000.0,NetIncomeLoss,20250630,-156154000.0,20240630,,,,,,633600000.0,NetCashProvidedByUsedInOperatingActivities,20250630,545731000.0,20240630,440836000.0,PaymentsToAcquirePropertyPlantAndEquipment,20250630,346816000.0,20240630,,,,,,14910936000.0,Assets,20250630,5644514000.0,StockholdersEquity,20250630,909200000.0,CashAndCashEquivalentsAtCarryingValue,20250630,3686921000.0,LongTermDebtCurrent+LongTermDebtNoncurrent,20250630+20250630,192764000.0,0.23417588421322733,-1.3161238264789887,,,0.008496217372633761,0.03317731232514331,0.008745482782042882,0.6531866162436659,83.3,87.5,MISSING_DILUTED_SHARES,PARTIAL
FIX,FIX,COMFORT SYSTEMS USA INC,-,0.082046,0001035983,1731,10-K,20251231,20260219,0001104659-26-017530,20260331,20260423,2025Q3;2025Q4;2026Q1;2026Q2,9101641000.0,Revenues,20251231,7027476000.0,20241231,1022558000.0,NetIncomeLoss,20251231,522433000.0,20241231,1314589000.0,OperatingIncomeLoss,20251231,749369000.0,20241231,1186356000.0,NetCashProvidedByUsedInOperatingActivities,20251231,849057000.0,20241231,154903000.0,PaymentsToAcquirePropertyPlantAndEquipment,20251231,111071000.0,20241231,35413000.0,WeightedAverageNumberOfDilutedSharesOutstanding,20251231,35775000.0,20241231,6441169000.0,Assets,20251231,2448774000.0,StockholdersEquity,20251231,981898000.0,CashAndCashEquivalentsAtCarryingValue,20251231,145226000.0,LongTermDebtCurrent+LongTermDebtNoncurrent,20251231+20251231,1031453000.0,0.29515077675114076,0.9572997877239762,-0.010118798043326382,0.14443428388353266,0.11234875117574952,0.1133260474677039,0.4175795724717757,0.059305595371398095,100.0,100.0,OK,PRESENT
CIEN,CIEN,CIENA CORP,-,0.081628,0000936395,3661,10-K,20251031,20251212,0001628280-25-056698,20260430,20260604,2025Q3;2025Q4;2026Q1;2026Q2,4769507000.0,Revenues,20251031,4014955000.0,20241031,123338000.0,NetIncomeLoss,20251031,83956000.0,20241031,197531000.0,OperatingIncomeLoss,20251031,166617000.0,20241031,806093000.0,NetCashProvidedByUsedInOperatingActivities,20251031,514532000.0,20241031,140801000.0,PaymentsToAcquirePropertyPlantAndEquipment,20251031,136641000.0,20241031,145248000.0,WeightedAverageNumberOfDilutedSharesOutstanding,20251031,145964000.0,20241031,5864667000.0,Assets,20251031,2729323000.0,StockholdersEquity,20251031,1091952000.0,CashAndCashEquivalentsAtCarryingValue,20251031,1535738000.0,LongTermDebtCurrent+LongTermDebtNoncurrent,20251031+20251031,665292000.0,0.18793535668519334,0.46907904140263956,-0.00490531911978298,0.04141539156982053,0.025859695771491685,0.13948863058592847,0.04518996102696529,0.5626809285672674,100.0,100.0,OK,PRESENT
AME,AME,AMETEK INC,-,0.081477,0001037868,3823,10-K,20251231,20260217,0001037868-26-000016,20260331,20260430,2025Q3;2025Q4;2026Q1;2026Q2,7401116000.0,RevenueFromContractWithCustomerExcludingAssessedTax,20251231,6941180000.0,20241231,1480142000.0,NetIncomeLoss,20251231,1376124000.0,20241231,1910317000.0,OperatingIncomeLoss,20251231,1779562000.0,20241231,1801763000.0,NetCashProvidedByUsedInOperatingActivities,20251231,1828848000.0,20241231,130248000.0,PaymentsToAcquirePropertyPlantAndEquipment,20251231,127075000.0,20241231,231259000.0,WeightedAverageNumberOfDilutedSharesOutstanding,20251231,232168000.0,20241231,16067543000.0,Assets,20251231,10628786000.0,StockholdersEquity,20251231,457951000.0,CashAndCashEquivalentsAtCarryingValue,20251231,1074334000.0,LongTermDebtNoncurrent,20251231,1671515000.0,0.06626193240918687,0.07558766506506687,-0.003915268254022997,0.2581120198629504,0.19998902868162044,0.2258463453349468,0.13925786068136098,0.10107777125252122,100.0,100.0,OK,PRESENT
SRE,SRE,SEMPRA,-,0.080725,0001032208,4932,10-K,20251231,20260226,0001032208-26-000010,20260331,20260507,2025Q3;2025Q4;2026Q1;2026Q2,,,,,,1837000000.0,NetIncomeLoss,20251231,2862000000.0,20241231,,,,,,4565000000.0,NetCashProvidedByUsedInOperatingActivities,20251231,4907000000.0,20241231,10612000000.0,PaymentsToAcquireProductiveAssets,20251231,8215000000.0,20241231,653826000.0,WeightedAverageNumberOfDilutedSharesOutstanding,20251231,637943000.0,20241231,110878000000.0,Assets,20251231,31594000000.0,StockholdersEquity,20251231,29000000.0,CashAndCashEquivalentsAtCarryingValue,20251231,28979000000.0,LongTermDebtAndCapitalLeaseObligations,20251231,-6047000000.0,,-0.3581411600279525,0.024897208684788508,,,,0.05814395138317402,0.9172311198328796,83.3,87.5,MISSING_REVENUE,PARTIAL
AFL,AFL,AFLAC INC,-,0.080208,0000004977,6321,10-K,20251231,20260225,0001628280-26-011402,20260331,20260506,2025Q3;2025Q4;2026Q1;2026Q2,17164000000.0,Revenues,20251231,18927000000.0,20241231,3646000000.0,NetIncomeLoss,20251231,5443000000.0,20241231,,,,,,2555000000.0,NetCashProvidedByUsedInOperatingActivities,20251231,2707000000.0,20241231,,,,,,534878000.0,WeightedAverageNumberOfDilutedSharesOutstanding,20251231,565015000.0,20241231,116470000000.0,Assets,20251231,29490000000.0,StockholdersEquity,20251231,6245000000.0,CashAndCashEquivalentsAtCarryingValue,20251231,,,,,-0.09314735562952392,-0.33014881499173254,-0.0533384069449484,,0.21242134700536006,,0.12363513055272973,,100.0,75.0,OK,PRESENT
STT,STT,STATE STREET CORP,-,0.080052,0000093751,6022,10-K,20251231,20260219,0000093751-26-000124,20260331,20260429,2025Q3;2025Q4;2026Q1;2026Q2,13944000000.0,Revenues,20251231,13000000000.0,20241231,2945000000.0,NetIncomeLoss,20251231,2687000000.0,20241231,,,,,,11898000000.0,NetCashProvidedByUsedInOperatingActivities,20251231,-13210000000.0,20241231,1055000000.0,PaymentsToAcquirePropertyPlantAndEquipment,20251231,926000000.0,20241231,289019000.0,WeightedAverageNumberOfDilutedSharesOutstanding,20251231,302226000.0,20241231,366047000000.0,Assets,20251231,27841000000.0,StockholdersEquity,20251231,4433000000.0,CashCashEquivalentsRestrictedCashAndRestrictedCashEquivalents,20251231,,,,10843000000.0,0.07261538461538453,0.09601786378861177,-0.043699086114364794,,0.21120195065978198,0.7776104417670683,0.10577924643511367,,100.0,87.5,OK,PRESENT
CVNA,CVNA,CARVANA CO,-,0.079531,0001690820,5500,10-K,20251231,20260218,0001690820-26-000009,20260331,20260429,2025Q3;2025Q4;2026Q1;2026Q2,20322000000.0,RevenueFromContractWithCustomerExcludingAssessedTax,20251231,13673000000.0,20241231,1407000000.0,NetIncomeLoss,20251231,210000000.0,20241231,1881000000.0,OperatingIncomeLoss,20251231,990000000.0,20241231,1036000000.0,NetCashProvidedByUsedInOperatingActivities,20251231,918000000.0,20241231,147000000.0,PaymentsToAcquirePropertyPlantAndEquipment,20251231,91000000.0,20241231,224277000.0,WeightedAverageNumberOfDilutedSharesOutstanding,20251231,132206000.0,20241231,13201000000.0,Assets,20251231,3441000000.0,StockholdersEquity,20251231,2327000000.0,CashAndCashEquivalentsAtCarryingValue,20251231,4830000000.0,LongTermDebtNoncurrent,20251231,889000000.0,0.4862868426826592,5.7,0.6964207373341604,0.09255978742249779,0.06923531148509005,0.043745694321425055,0.40889276373147343,1.4036617262423714,100.0,100.0,OK,PRESENT
EW,EW,EDWARDS LIFESCIENCES CORP,-,0.078983,0001099800,3842,10-K,20251231,20260225,0001099800-26-000009,20260331,20260506,2025Q3;2025Q4;2026Q1;2026Q2,6067600000.0,RevenueFromContractWithCustomerExcludingAssessedTax,20251231,5439500000.0,20241231,1073500000.0,NetIncomeLoss,20251231,4174600000.0,20241231,1264200000.0,OperatingIncomeLoss,20251231,1378700000.0,20241231,1595200000.0,NetCashProvidedByUsedInOperatingActivities,20251231,542300000.0,20241231,260200000.0,PaymentsToAcquirePropertyPlantAndEquipment,20251231,252400000.0,20241231,585800000.0,WeightedAverageNumberOfDilutedSharesOutstanding,20251231,599300000.0,20241231,13697200000.0,Assets,20251231,10337600000.0,StockholdersEquity,20251231,2938000000.0,CashAndCashEquivalentsAtCarryingValue,20251231,598300000.0,LongTermDebtNoncurrent,20251231,1335000000.0,0.11547017189079889,-0.7428496143343075,-0.022526280660770892,0.2083525611444393,0.17692333047662998,0.22002109565561342,0.10384421916112056,0.057876102770468965,100.0,100.0,OK,PRESENT
BDX,BDX,BECTON DICKINSON AND CO,-,0.078348,0000010795,3841,10-K,20250930,20251125,0000010795-25-000099,20260331,20260507,2025Q3;2025Q4;2026Q1;2026Q2,21840000000.0,Revenues,20250930,20178000000.0,20240930,1678000000.0,NetIncomeLoss,20250930,1705000000.0,20240930,2579000000.0,OperatingIncomeLoss,20250930,2397000000.0,20240930,,,,,,760000000.0,PaymentsToAcquirePropertyPlantAndEquipment,20250930,725000000.0,20240930,,,,,,55325000000.0,Assets,20250930,25390000000.0,StockholdersEquity,20250930,641000000.0,CashAndCashEquivalentsAtCarryingValue,20250930,17621000000.0,LongTermDebtNoncurrent,20250930,,0.08236693428486475,-0.015835777126099737,,0.11808608058608058,0.07683150183150184,,0.06608901142181961,0.6940133910988578,66.7,75.0,MISSING_OPERATING_CASH_FLOW;MISSING_DILUTED_SHARES,PARTIAL
PSA,PSA,PUBLIC STORAGE,-,0.077821,0001393311,6798,10-K,20251231,20260212,0001628280-26-007696,20260331,20260427,2025Q3;2025Q4;2026Q1;2026Q2,4824113000.0,Revenues,20251231,4695616000.0,20241231,1784348000.0,NetIncomeLoss,20251231,2072011000.0,20241231,,,,,,3186449000.0,NetCashProvidedByUsedInOperatingActivities,20251231,3128255000.0,20241231,,,,,,175902000.0,WeightedAverageNumberOfDilutedSharesOutstanding,20251231,176038000.0,20241231,20208604000.0,Assets,20251231,9248128000.0,StockholdersEquity,20251231,318095000.0,CashAndCashEquivalentsAtCarryingValue,20251231,10253881000.0,LongTermDebt,20251231,,0.027365312666112418,-0.1388327571620035,-0.0007725604698985977,,0.36988105378128583,,0.1929415336811947,1.1087520631202337,100.0,87.5,OK,PRESENT
MET,MET,METLIFE INC,-,0.077745,0001099219,6311,10-K,20251231,20260219,0001099219-26-000013,20260331,20260507,2025Q3;2025Q4;2026Q1;2026Q2,77084000000.0,Revenues,20251231,70986000000.0,20241231,3379000000.0,NetIncomeLoss,20251231,4426000000.0,20241231,,,,,,17092000000.0,NetCashProvidedByUsedInOperatingActivities,20251231,14598000000.0,20241231,,,,,,,,,,,745166000000.0,Assets,20251231,28398000000.0,StockholdersEquity,20251231,22032000000.0,CashAndCashEquivalentsAtCarryingValue,20251231,355000000.0,ShortTermBorrowings,20251231,,0.08590426281238561,-0.236556710347944,,,0.04383529655959732,,0.11898725262342419,0.012500880343686176,83.3,75.0,MISSING_DILUTED_SHARES,PARTIAL
DAL,DAL,DELTA AIR LINES INC,-,0.076958,0000027904,4512,10-K,20251231,20260211,0000027904-26-000013,20260331,20260408,2025Q3;2025Q4;2026Q1;2026Q2,63364000000.0,RevenueFromContractWithCustomerExcludingAssessedTax,20251231,61643000000.0,20241231,5005000000.0,NetIncomeLoss,20251231,3457000000.0,20241231,5822000000.0,OperatingIncomeLoss,20251231,5995000000.0,20241231,8342000000.0,NetCashProvidedByUsedInOperatingActivities,20251231,8025000000.0,20241231,,,,,,,,,,,81317000000.0,Assets,20251231,20853000000.0,StockholdersEquity,20251231,4310000000.0,CashAndCashEquivalentsAtCarryingValue,20251231,12507000000.0,LongTermDebtAndCapitalLeaseObligations,20251231,,0.027918822899599238,0.44778709864043975,,0.09188182564232056,0.07898806893504198,,0.24001342732460557,0.5997698172924759,83.3,75.0,MISSING_DILUTED_SHARES,PARTIAL
HONA,HONA,HONEYWELL AEROSPACE INC,-,0.075716,0002089271,,,,,,,,2025Q3;2025Q4;2026Q1;2026Q2,,,,,,,,,,,,,,,,,,,,,,,,,,,,,,,,,,,,,,,,,,,,,,,,,,,,0.0,0.0,MISSING_ANNUAL_FILING_IN_BULK_WINDOW;MISSING_REVENUE;MISSING_NET_INCOME;MISSING_ASSETS;MISSING_EQUITY;MISSING_OPERATING_CASH_FLOW;MISSING_DILUTED_SHARES,PARTIAL
AMP,AMP,AMERIPRISE FINANCIAL INC,-,0.07515,0000820027,6282,10-K,20251231,20260219,0000820027-26-000011,20260331,20260507,2025Q3;2025Q4;2026Q1;2026Q2,18911000000.0,Revenues,20251231,17926000000.0,20241231,3563000000.0,NetIncomeLoss,20251231,3401000000.0,20241231,,,,,,8323000000.0,NetCashProvidedByUsedInOperatingActivities,20251231,6595000000.0,20241231,162000000.0,PaymentsToAcquireProductiveAssets,20251231,176000000.0,20241231,,,,,,190904000000.0,Assets,20251231,6549000000.0,StockholdersEquity,20251231,11158000000.0,CashCashEquivalentsRestrictedCashAndRestrictedCashEquivalents,20251231,,,,8161000000.0,0.054948120049090665,0.04763304910320487,,,0.1884088625667601,0.4315477764264185,0.5440525271033746,,83.3,75.0,MISSING_DILUTED_SHARES,PARTIAL
LHX,LHX,L3HARRIS TECHNOLOGIES INC,-,0.074973,0000202058,3812,10-K,20251231,20260212,0000202058-26-000015,20260331,20260430,2025Q3;2025Q4;2026Q1;2026Q2,21325000000.0,RevenueFromContractWithCustomerExcludingAssessedTax,20241231,19419000000.0,20231231,1606000000.0,NetIncomeLoss,20251231,1502000000.0,20241231,2110000000.0,OperatingIncomeLoss,20251231,1918000000.0,20241231,3106000000.0,NetCashProvidedByUsedInOperatingActivities,20251231,2559000000.0,20241231,424000000.0,PaymentsToAcquirePropertyPlantAndEquipment,20251231,408000000.0,20241231,,,,,,41195000000.0,Assets,20251231,19635000000.0,StockholdersEquity,20251231,1069000000.0,CashAndCashEquivalentsAtCarryingValue,20251231,10443000000.0,LongTermDebtAndCapitalLeaseObligations,20251231,2682000000.0,0.09815129512333276,0.06924101198402122,,0.09894490035169988,0.07531066822977725,0.12576787807737397,0.08179271708683473,0.5318563789152024,83.3,87.5,MISSING_DILUTED_SHARES,PARTIAL
MRNA,MRNA,MODERNA INC,-,0.074915,0001682852,2836,10-K,20251231,20260220,0001682852-26-000033,20260331,20260501,2025Q3;2025Q4;2026Q1;2026Q2,1944000000.0,RevenueFromContractWithCustomerExcludingAssessedTax,20251231,3236000000.0,20241231,-2822000000.0,NetIncomeLoss,20251231,-3561000000.0,20241231,-3074000000.0,OperatingIncomeLoss,20251231,-3945000000.0,20241231,-1873000000.0,NetCashProvidedByUsedInOperatingActivities,20251231,-3004000000.0,20241231,192000000.0,PaymentsToAcquirePropertyPlantAndEquipment,20251231,1051000000.0,20241231,389000000.0,WeightedAverageNumberOfDilutedSharesOutstanding,20251231,384000000.0,20241231,12338000000.0,Assets,20251231,8650000000.0,StockholdersEquity,20251231,2595000000.0,CashAndCashEquivalentsAtCarryingValue,20251231,590000000.0,LongTermDebtNoncurrent,20251231,-2065000000.0,-0.39925834363411616,-0.20752597584948052,0.01302083333333326,-1.581275720164609,-1.4516460905349795,-1.0622427983539096,-0.326242774566474,0.06820809248554913,100.0,100.0,OK,PRESENT
AZO,AZO,AUTOZONE INC,-,0.074464,0000866787,5531,10-K,20250831,20251027,0001104659-25-102611,20260430,20260612,2025Q3;2025Q4;2026Q1;2026Q2,18938717000.0,Revenues,20250831,18490268000.0,20240831,2498247000.0,NetIncomeLoss,20250831,2662427000.0,20240831,3610156000.0,OperatingIncomeLoss,20250831,3788708000.0,20240831,3117337000.0,NetCashProvidedByUsedInOperatingActivities,20250831,3004116000.0,20240831,1327257000.0,PaymentsToAcquirePropertyPlantAndEquipment,20250831,1072696000.0,20240831,17245000.0,WeightedAverageNumberOfDilutedSharesOutstanding,20250831,17803000.0,20240831,19355324000.0,Assets,20250831,-3414313000.0,StockholdersEquity,20250831,271803000.0,CashAndCashEquivalentsAtCarryingValue,20250831,8799775000.0,LongTermDebtNoncurrent,20250831,1790080000.0,0.024253245004344892,-0.06166554050120432,-0.03134303207324607,0.1906230501253068,0.13191215645706095,0.0945196023574353,-0.7316982947960542,-2.5773193611716323,100.0,100.0,OK,PRESENT
CMG,CMG,CHIPOTLE MEXICAN GRILL INC,-,0.073732,0001058090,5812,10-K,20251231,20260204,0001058090-26-000009,20260331,20260430,2025Q3;2025Q4;2026Q1;2026Q2,11925601000.0,Revenues,20251231,11313853000.0,20241231,1535761000.0,NetIncomeLoss,20251231,1534110000.0,20241231,1935798000.0,OperatingIncomeLoss,20251231,1916333000.0,20241231,2113926000.0,NetCashProvidedByUsedInOperatingActivities,20251231,2105076000.0,20241231,666336000.0,PaymentsToAcquirePropertyPlantAndEquipment,20251231,593603000.0,20241231,1342616000.0,WeightedAverageNumberOfDilutedSharesOutstanding,20251231,1376555000.0,20241231,8994531000.0,Assets,20251231,2830607000.0,StockholdersEquity,20251231,350545000.0,CashAndCashEquivalentsAtCarryingValue,20251231,,,,1447590000.0,0.05407070429499128,0.0010761940147707705,-0.024655026497306665,0.16232288838105519,0.12877849929743582,0.12138507736423515,0.5425553600340846,,100.0,87.5,OK,PRESENT
ETR,ETR,ENTERGY CORP,-,0.073572,0000065984,4911,10-K,20251231,20260219,0000065984-26-000174,20260331,20260501,2025Q3;2025Q4;2026Q1;2026Q2,12946686000.0,Revenues,20251231,11879653000.0,20241231,1773328000.0,ProfitLoss,20251231,1061184000.0,20241231,3202278000.0,OperatingIncomeLoss,20251231,2651090000.0,20241231,5150651000.0,NetCashProvidedByUsedInOperatingActivities,20251231,4488510000.0,20241231,7684922000.0,PaymentsToAcquirePropertyPlantAndEquipment,20251231,4838339000.0,20241231,450151884.0,WeightedAverageNumberOfDilutedSharesOutstanding,20251231,431581696.0,20241231,71890730000.0,Assets,20251231,16923076000.0,StockholdersEquity,20251231,1928916000.0,CashAndCashEquivalentsAtCarryingValue,20251231,30277161000.0,LongTermDebtCurrent+LongTermDebtNoncurrent,20251231+20251231,-2534271000.0,0.08982021612920854,0.6710843736807188,0.04302821035301729,0.24734345144386757,0.13697157712792293,-0.19574669533191738,0.10478756935204923,1.7891050657693672,100.0,100.0,OK,PRESENT
FITB,FITB,FIFTH THIRD BANCORP,-,0.073481,0000035527,6022,10-K,20251231,20260224,0000035527-26-000124,20260331,20260505,2025Q3;2025Q4;2026Q1;2026Q2,,,,,,2522000000.0,NetIncomeLoss,20251231,2314000000.0,20241231,,,,,,4514000000.0,NetCashProvidedByUsedInOperatingActivities,20251231,2824000000.0,20241231,584000000.0,PaymentsToAcquirePropertyPlantAndEquipment,20251231,414000000.0,20241231,672502856.0,WeightedAverageNumberOfDilutedSharesOutstanding,20251231,687300837.0,20241231,214376000000.0,Assets,20251231,21724000000.0,StockholdersEquity,20251231,3499000000.0,CashCashEquivalentsRestrictedCashAndRestrictedCashEquivalents,20251231,13589000000.0,LongTermDebt,20251231,3930000000.0,,0.0898876404494382,-0.021530573226989924,,,,0.1160928005892101,0.6255293684404345,83.3,87.5,MISSING_REVENUE,PARTIAL
WAB,WAB,WABTEC CORP,-,0.07332,0000943452,3743,10-K,20251231,20260213,0001628280-26-008067,20260331,20260422,2025Q3;2025Q4;2026Q1;2026Q2,11167000000.0,RevenueFromContractWithCustomerExcludingAssessedTax,20251231,10387000000.0,20241231,1170000000.0,NetIncomeLoss,20251231,1056000000.0,20241231,1793000000.0,OperatingIncomeLoss,20251231,1609000000.0,20241231,1759000000.0,NetCashProvidedByUsedInOperatingActivities,20251231,1834000000.0,20241231,260000000.0,PaymentsToAcquirePropertyPlantAndEquipment,20251231,207000000.0,20241231,171100000.0,WeightedAverageNumberOfDilutedSharesOutstanding,20251231,174800000.0,20241231,22069000000.0,Assets,20251231,11142000000.0,StockholdersEquity,20251231,789000000.0,CashCashEquivalentsRestrictedCashAndRestrictedCashEquivalents,20251231,5541000000.0,LongTermDebtCurrent+LongTermDebtNoncurrent,20251231+20251231,1499000000.0,0.07509386733416767,0.10795454545454541,-0.021167048054919868,0.16056237127249934,0.10477299185098952,0.13423479896122503,0.1050080775444265,0.4973074851911686,100.0,100.0,OK,PRESENT
VMRK,VMRK,VIVMARK RESIDENTIAL,-,0.071689,0000906107,6798,10-K,20251231,20260213,0001193125-26-051433,20260331,20260430,2025Q3;2025Q4;2026Q1;2026Q2,,,,,,1120089000.0,NetIncomeLoss,20251231,1035831000.0,20241231,,,,,,1648763000.0,NetCashProvidedByUsedInOperatingActivities,20251231,1573607000.0,20241231,,,,,,390411000.0,WeightedAverageNumberOfDilutedSharesOutstanding,20251231,390740000.0,20241231,20746023000.0,Assets,20251231,11041499000.0,StockholdersEquity,20251231,55904000.0,CashAndCashEquivalentsAtCarryingValue,20251231,,,,,,0.08134338516611295,-0.0008419921175205625,,,,0.10144356305244424,,83.3,62.5,MISSING_REVENUE,PARTIAL
XEL,XEL,XCEL ENERGY INC,-,0.071421,0000072903,4931,10-K,20251231,20260225,0000072903-26-000009,20260331,20260430,2025Q3;2025Q4;2026Q1;2026Q2,,,,,,2018000000.0,NetIncomeLoss,20251231,1936000000.0,20241231,2583000000.0,OperatingIncomeLoss,20251231,2386000000.0,20241231,4083000000.0,NetCashProvidedByUsedInOperatingActivities,20251231,4641000000.0,20241231,10908000000.0,PaymentsToAcquireProductiveAssets,20251231,7364000000.0,20241231,589000000.0,WeightedAverageNumberOfDilutedSharesOutstanding,20251231,563000000.0,20241231,81371000000.0,Assets,20251231,23609000000.0,StockholdersEquity,20251231,274000000.0,CashCashEquivalentsRestrictedCashAndRestrictedCashEquivalents,20251231,31832000000.0,LongTermDebt,20251231,-6825000000.0,,0.0423553719008265,0.04618117229129659,,,,0.0854758778431954,1.348299377356093,83.3,87.5,MISSING_REVENUE,PARTIAL
ROK,ROK,ROCKWELL AUTOMATION INC,-,0.071363,0001024478,3829,10-K,20250930,20251112,0001024478-25-000116,20260331,20260505,2025Q3;2025Q4;2026Q1;2026Q2,8342000000.0,RevenueFromContractWithCustomerExcludingAssessedTax,20250930,8264000000.0,20240930,869000000.0,NetIncomeLoss,20250930,953000000.0,20240930,,,,,,1544000000.0,NetCashProvidedByUsedInOperatingActivities,20250930,864000000.0,20240930,186000000.0,PaymentsToAcquireProductiveAssets,20250930,225000000.0,20240930,113100000.0,WeightedAverageNumberOfDilutedSharesOutstanding,20250930,114500000.0,20240930,11219000000.0,Assets,20250930,3654000000.0,StockholdersEquity,20250930,468000000.0,CashAndCashEquivalentsAtCarryingValue,20250930,2616000000.0,LongTermDebtCurrent+LongTermDebtNoncurrent,20250930+20250930,1358000000.0,0.009438528557599302,-0.08814270724029383,-0.012227074235807822,,0.10417166147206905,0.16279069767441862,0.2378215654077723,0.715927750410509,100.0,100.0,OK,PRESENT
PYPL,PYPL,PAYPAL HOLDINGS INC,-,0.070216,0001633917,7389,10-K,20251231,20260203,0001633917-26-000024,20260331,20260505,2025Q3;2025Q4;2026Q1;2026Q2,33172000000.0,Revenues,20251231,31797000000.0,20241231,5233000000.0,NetIncomeLoss,20251231,4147000000.0,20241231,6065000000.0,OperatingIncomeLoss,20251231,5325000000.0,20241231,6416000000.0,NetCashProvidedByUsedInOperatingActivities,20251231,7450000000.0,20241231,852000000.0,PaymentsToAcquirePropertyPlantAndEquipment,20251231,683000000.0,20241231,968000000.0,WeightedAverageNumberOfDilutedSharesOutstanding,20251231,1039000000.0,20241231,80173000000.0,Assets,20251231,20256000000.0,StockholdersEquity,20251231,8049000000.0,CashAndCashEquivalentsAtCarryingValue,20251231,9987000000.0,LongTermDebtNoncurrent,20251231,5564000000.0,0.04324307324590371,0.26187605497950317,-0.06833493743984598,0.1828349210177258,0.15775352707102375,0.16773182201856987,0.25834320695102686,0.49303909952606634,100.0,100.0,OK,PRESENT
GRMN,GRMN,GARMIN LTD,-,0.070151,0001121788,3812,10-K,20251231,20260218,0001193125-26-056028,20260331,20260429,2025Q3;2025Q4;2026Q1;2026Q2,7245519000.0,RevenueFromContractWithCustomerExcludingAssessedTax,20251231,6296903000.0,20241231,1663887000.0,NetIncomeLoss,20251231,1411436000.0,20241231,1876076000.0,OperatingIncomeLoss,20251231,1593994000.0,20241231,1633359000.0,NetCashProvidedByUsedInOperatingActivities,20251231,1432471000.0,20241231,270446000.0,PaymentsToAcquirePropertyPlantAndEquipment,20251231,193571000.0,20241231,,,,,,10993669000.0,Assets,20251231,8972564000.0,StockholdersEquity,20251231,2278646000.0,CashAndCashEquivalentsAtCarryingValue,20251231,,,,1362913000.0,0.15064802491002327,0.17886110316018589,,0.25892913951367735,0.2296435907489857,0.18810426140625675,0.18544164187627973,,83.3,75.0,MISSING_DILUTED_SHARES,PARTIAL
NKE,NKE,NIKE INC CL B,-,0.070074,0000320187,3021,10-K,20250531,20250717,0000320187-25-000047,20260228,20260401,2025Q3;2025Q4;2026Q1;2026Q2,46309000000.0,RevenueFromContractWithCustomerExcludingAssessedTax,20250531,51362000000.0,20240531,3219000000.0,NetIncomeLoss,20250531,5700000000.0,20240531,,,,,,3698000000.0,NetCashProvidedByUsedInOperatingActivities,20250531,7429000000.0,20240531,430000000.0,PaymentsToAcquirePropertyPlantAndEquipment,20250531,812000000.0,20240531,1487600000.0,WeightedAverageNumberOfDilutedSharesOutstanding,20250531,1529700000.0,20240531,36579000000.0,Assets,20250531,13213000000.0,StockholdersEquity,20250531,7464000000.0,CashAndCashEquivalentsAtCarryingValue,20250531,7961000000.0,LongTermDebtCurrent+LongTermDebtNoncurrent,20250531+20250531,3268000000.0,-0.09838012538452556,-0.4352631578947368,-0.027521736288161125,,0.06951132609212032,0.07056943574683107,0.24362370392794974,0.6025126769091047,100.0,100.0,OK,PRESENT
HUM,HUM,HUMANA INC,-,0.069563,0000049071,6324,10-K,20251231,20260219,0000049071-26-000009,20260331,20260429,2025Q3;2025Q4;2026Q1;2026Q2,129664000000.0,Revenues,20251231,117761000000.0,20241231,1188000000.0,NetIncomeLoss,20251231,1207000000.0,20241231,2704000000.0,OperatingIncomeLoss,20251231,2562000000.0,20241231,921000000.0,NetCashProvidedByUsedInOperatingActivities,20251231,2966000000.0,20241231,546000000.0,PaymentsToAcquirePropertyPlantAndEquipment,20251231,575000000.0,20241231,,,,,,48909000000.0,Assets,20251231,17657000000.0,StockholdersEquity,20251231,4200000000.0,CashAndCashEquivalentsAtCarryingValue,20251231,12369000000.0,LongTermDebtNoncurrent,20251231,375000000.0,0.10107760633826146,-0.0157415078707539,,0.02085389930898322,0.009162142152023692,0.002892090325765054,0.06728209775159993,0.7005153763379962,83.3,87.5,MISSING_DILUTED_SHARES,PARTIAL
EBAY,EBAY,EBAY INC,-,0.069496,0001065088,7389,10-K,20251231,20260219,0001065088-26-000027,20260331,20260429,2025Q3;2025Q4;2026Q1;2026Q2,11100000000.0,RevenueFromContractWithCustomerExcludingAssessedTax,20251231,10283000000.0,20241231,2031000000.0,NetIncomeLoss,20251231,1975000000.0,20241231,2277000000.0,OperatingIncomeLoss,20251231,2318000000.0,20241231,1959000000.0,NetCashProvidedByUsedInOperatingActivities,20251231,2414000000.0,20241231,525000000.0,PaymentsToAcquirePropertyPlantAndEquipment,20251231,458000000.0,20241231,468000000.0,WeightedAverageNumberOfDilutedSharesOutstanding,20251231,501000000.0,20241231,17610000000.0,Assets,20251231,4615000000.0,StockholdersEquity,20251231,1867000000.0,CashAndCashEquivalentsAtCarryingValue,20251231,5996000000.0,LongTermDebtAndCapitalLeaseObligations,20251231,1434000000.0,0.07945152192939808,0.028354430379746942,-0.06586826347305386,0.20513513513513512,0.18297297297297296,0.1291891891891892,0.4400866738894908,1.2992416034669556,100.0,100.0,OK,PRESENT
AXON,AXON,AXON ENTERPRISE INC,-,0.069039,0001069183,3480,10-K,20251231,20260225,0001628280-26-011360,20260331,20260507,2025Q3;2025Q4;2026Q1;2026Q2,2779536000.0,RevenueFromContractWithCustomerExcludingAssessedTax,20251231,2082526000.0,20241231,124656000.0,NetIncomeLoss,20251231,377034000.0,20241231,-62076000.0,OperatingIncomeLoss,20251231,58540000.0,20241231,211339000.0,NetCashProvidedByUsedInOperatingActivities,20251231,408312000.0,20241231,136258000.0,PaymentsToAcquirePropertyPlantAndEquipment,20251231,78785000.0,20241231,82370000.0,WeightedAverageNumberOfDilutedSharesOutstanding,20251231,78558000.0,20241231,7000313000.0,Assets,20251231,3242658000.0,StockholdersEquity,20251231,1201147000.0,CashAndCashEquivalentsAtCarryingValue,20251231,,,,75081000.0,0.33469450081295493,-0.6693772975381531,0.048524656941368205,-0.02233322396256066,0.04484777315350476,0.02701206244495484,0.03844253695579367,,100.0,87.5,OK,PRESENT
CARR,CARR,CARRIER GLOBAL CORP,-,0.068701,0001783180,3585,10-K,20251231,20260205,0001783180-26-000008,20260331,20260430,2025Q3;2025Q4;2026Q1;2026Q2,21747000000.0,RevenueFromContractWithCustomerExcludingAssessedTax,20251231,22486000000.0,20241231,1484000000.0,NetIncomeLoss,20251231,5604000000.0,20241231,2172000000.0,OperatingIncomeLoss,20251231,2646000000.0,20241231,2513000000.0,NetCashProvidedByUsedInOperatingActivities,20251231,563000000.0,20241231,392000000.0,PaymentsToAcquireProductiveAssets,20251231,519000000.0,20241231,862400000.0,WeightedAverageNumberOfDilutedSharesOutstanding,20251231,911700000.0,20241231,37190000000.0,Assets,20251231,14128000000.0,StockholdersEquityIncludingPortionAttributableToNoncontrollingInterest,20251231,1555000000.0,CashAndCashEquivalentsAtCarryingValue,20251231,11365000000.0,LongTermDebtNoncurrent,20251231,2121000000.0,-0.032864893711642806,-0.7351891506067094,-0.05407480530876385,0.09987584494413022,0.06823929737435049,0.09753069388881225,0.105039637599094,0.8044309173272933,100.0,100.0,OK,PRESENT
EXC,EXC,EXELON CORP,-,0.067616,0001109357,4931,10-K,20251231,20260212,0001109357-26-000018,20260331,20260506,2025Q3;2025Q4;2026Q1;2026Q2,24258000000.0,Revenues,20251231,23028000000.0,20241231,2768000000.0,ProfitLoss,20251231,2460000000.0,20241231,5148000000.0,OperatingIncomeLoss,20251231,4319000000.0,20241231,6254000000.0,NetCashProvidedByUsedInOperatingActivities,20251231,5569000000.0,20241231,8529000000.0,PaymentsToAcquirePropertyPlantAndEquipment,20251231,7097000000.0,20241231,1012000000.0,WeightedAverageNumberOfDilutedSharesOutstanding,20251231,1003000000.0,20241231,116570000000.0,Assets,20251231,28798000000.0,StockholdersEquity,20251231,626000000.0,CashAndCashEquivalentsAtCarryingValue,20251231,612000000.0,ShortTermBorrowings,20251231,-2275000000.0,0.05341323606044823,0.12520325203252036,0.008973080757726848,0.21221864951768488,0.11410668645395333,-0.09378349410503752,0.09611778595735815,0.021251475796930343,100.0,100.0,OK,PRESENT
VTR,VTR,VENTAS INC,-,0.066999,0000740260,6798,10-K,20251231,20260206,0000740260-26-000006,20260331,20260428,2025Q3;2025Q4;2026Q1;2026Q2,5833980000.0,Revenues,20251231,4924266000.0,20241231,261518000.0,ProfitLoss,20251231,88351000.0,20241231,,,,,,1646726000.0,NetCashProvidedByUsedInOperatingActivities,20251231,1329625000.0,20241231,,,,,,,,,,,27591945000.0,Assets,20251231,12527253000.0,StockholdersEquity,20251231,741067000.0,CashAndCashEquivalentsAtCarryingValue,20251231,,,,,0.18474103551676535,1.9599891342486218,,,0.04482668778432562,,0.020875925472248386,,83.3,62.5,MISSING_DILUTED_SHARES,PARTIAL
RSG,RSG,REPUBLIC SERVICES INC,-,0.066778,0001060391,4953,10-K,20251231,20260218,0001060391-26-000094,20260331,20260508,2025Q3;2025Q4;2026Q1;2026Q2,16591000000.0,RevenueFromContractWithCustomerExcludingAssessedTax,20251231,16032000000.0,20241231,2139249000.0,NetIncomeLoss,20251231,2043173000.0,20241231,3302000000.0,OperatingIncomeLoss,20251231,3196000000.0,20241231,4296000000.0,NetCashProvidedByUsedInOperatingActivities,20251231,3936000000.0,20241231,1887000000.0,PaymentsToAcquirePropertyPlantAndEquipment,20251231,1855000000.0,20241231,312168000.0,WeightedAverageNumberOfDilutedSharesOutstanding,20251231,314809000.0,20241231,34366000000.0,Assets,20251231,11968000000.0,StockholdersEquity,20251231,76000000.0,CashAndCashEquivalentsAtCarryingValue,20251231,12985000000.0,LongTermDebtAndCapitalLeaseObligations,20251231,2409000000.0,0.034867764471057994,0.047022939320360946,-0.008389213777242666,0.19902356699415347,0.12894032909408715,0.14519920438792117,0.1787474097593583,1.0849766042780749,100.0,100.0,OK,PRESENT
NDAQ,NDAQ,NASDAQ INC,-,0.066592,0001120193,6200,10-K,20251231,20260212,0001628280-26-007703,20260331,20260424,2025Q3;2025Q4;2026Q1;2026Q2,8262000000.0,RevenueFromContractWithCustomerExcludingAssessedTax,20251231,7400000000.0,20241231,1788000000.0,NetIncomeLoss,20251231,1117000000.0,20241231,2331000000.0,OperatingIncomeLoss,20251231,1798000000.0,20241231,2255000000.0,NetCashProvidedByUsedInOperatingActivities,20251231,1939000000.0,20241231,266000000.0,PaymentsToAcquirePropertyPlantAndEquipment,20251231,207000000.0,20241231,,,,,,31053000000.0,Assets,20251231,12227000000.0,StockholdersEquity,20251231,604000000.0,CashAndCashEquivalentsAtCarryingValue,20251231,8573000000.0,LongTermDebtNoncurrent,20251231,1989000000.0,0.11648648648648652,0.6007162041181737,,0.2821350762527233,0.21641249092229484,0.24074074074074073,0.14623374499059458,0.7011531855729124,83.3,87.5,MISSING_DILUTED_SHARES,PARTIAL
IDXX,IDXX,IDEXX LABORATORIES INC,-,0.06639,0000874716,2835,10-K,20251231,20260220,0000874716-26-000038,20260331,20260505,2025Q3;2025Q4;2026Q1;2026Q2,4303702000.0,RevenueFromContractWithCustomerExcludingAssessedTax,20251231,3897504000.0,20241231,1059464000.0,NetIncomeLoss,20251231,887867000.0,20241231,1360031000.0,OperatingIncomeLoss,20251231,1128337000.0,20241231,1181805000.0,NetCashProvidedByUsedInOperatingActivities,20251231,929001000.0,20241231,124676000.0,PaymentsToAcquirePropertyPlantAndEquipment,20251231,120922000.0,20241231,81025000.0,WeightedAverageNumberOfDilutedSharesOutstanding,20251231,83246000.0,20241231,3350759000.0,Assets,20251231,1605383000.0,StockholdersEquity,20251231,180070000.0,CashAndCashEquivalentsAtCarryingValue,20251231,449837000.0,LongTermDebtCurrent+LongTermDebtNoncurrent,20251231+20251231,1057129000.0,0.10422003415519265,0.1932688116576018,-0.026679960598707475,0.316014212879981,0.24617503721214898,0.24563248105932986,0.6599446985547996,0.2802054089273401,100.0,100.0,OK,PRESENT
XYZ,XYZ,BLOCK INC,-,0.066348,0001512673,7372,10-K,20251231,20260226,0001628280-26-012254,20260331,20260507,2025Q3;2025Q4;2026Q1;2026Q2,24193683000.0,Revenues,20251231,24121053000.0,20241231,1305636000.0,NetIncomeLoss,20251231,2897047000.0,20241231,1708406000.0,OperatingIncomeLoss,20251231,892327000.0,20241231,2579714000.0,NetCashProvidedByUsedInOperatingActivities,20251231,1707350000.0,20241231,155038000.0,PaymentsToAcquirePropertyPlantAndEquipment,20251231,153947000.0,20241231,622838000.0,WeightedAverageNumberOfDilutedSharesOutstanding,20251231,636390000.0,20241231,39549887000.0,Assets,20251231,22204278000.0,StockholdersEquity,20251231,6564092000.0,CashAndCashEquivalentsAtCarryingValue,20251231,,,,2424676000.0,0.00301106257674566,-0.5493217748969899,-0.021295117773692196,0.07061372177191873,0.05396598773324425,0.10021938371268235,0.05880110130128978,,100.0,87.5,OK,PRESENT
OXY,OXY,OCCIDENTAL PETROLEUM CORP,-,0.066047,0000797468,1311,10-K,20251231,20260218,0001628280-26-009059,20260331,20260505,2025Q3;2025Q4;2026Q1;2026Q2,21593000000.0,Revenues,20251231,22019000000.0,20241231,2369000000.0,ProfitLoss,20251231,3078000000.0,20241231,,,,,,10532000000.0,NetCashProvidedByUsedInOperatingActivities,20251231,11439000000.0,20241231,6427000000.0,PaymentsToAcquirePropertyPlantAndEquipment,20251231,6263000000.0,20241231,,,,,,84186000000.0,Assets,20251231,36034000000.0,StockholdersEquity,20251231,1968000000.0,CashAndCashEquivalentsAtCarryingValue,20251231,20623000000.0,LongTermDebtAndCapitalLeaseObligations,20251231,4105000000.0,-0.0193469276533903,-0.23034437946718644,,,0.10971148057240772,0.1901079053396934,0.06574346450574457,0.5723205861131154,83.3,87.5,MISSING_DILUTED_SHARES,PARTIAL
IQV,IQV,IQVIA HOLDINGS INC,-,0.065897,0001478242,8731,10-K,20251231,20260217,0001628280-26-008322,20260331,20260505,2025Q3;2025Q4;2026Q1;2026Q2,16310000000.0,RevenueFromContractWithCustomerExcludingAssessedTax,20251231,15405000000.0,20241231,1360000000.0,NetIncomeLoss,20251231,1373000000.0,20241231,2182000000.0,OperatingIncomeLoss,20251231,2202000000.0,20241231,2654000000.0,NetCashProvidedByUsedInOperatingActivities,20251231,2716000000.0,20241231,603000000.0,PaymentsToAcquireProductiveAssets,20251231,602000000.0,20241231,173500000.0,WeightedAverageNumberOfDilutedSharesOutstanding,20251231,183400000.0,20241231,29944000000.0,Assets,20251231,6503000000.0,StockholdersEquity,20251231,1980000000.0,CashAndCashEquivalentsAtCarryingValue,20251231,15724000000.0,LongTermDebtCurrent+LongTermDebtNoncurrent,20251231+20251231,2051000000.0,0.058747160012982746,-0.009468317552804084,-0.053980370774263875,0.1337829552421827,0.08338442673206621,0.1257510729613734,0.20913424573273873,2.4179609411041056,100.0,100.0,OK,PRESENT
VST,VST,VISTRA CORP,-,0.065814,0001692819,4911,10-K,20251231,20260227,0001692819-26-000006,20260331,20260508,2025Q3;2025Q4;2026Q1;2026Q2,17738000000.0,Revenues,20251231,17224000000.0,20241231,944000000.0,NetIncomeLoss,20251231,2659000000.0,20241231,1906000000.0,OperatingIncomeLoss,20251231,4081000000.0,20241231,4070000000.0,NetCashProvidedByUsedInOperatingActivities,20251231,4563000000.0,20241231,2752000000.0,PaymentsToAcquirePropertyPlantAndEquipment,20251231,2078000000.0,20241231,345656067.0,WeightedAverageNumberOfDilutedSharesOutstanding,20251231,352567060.0,20241231,41550000000.0,Assets,20251231,5097000000.0,StockholdersEquity,20251231,785000000.0,CashAndCashEquivalentsAtCarryingValue,20251231,15842000000.0,LongTermDebtAndCapitalLeaseObligations,20251231,1318000000.0,0.02984208081746398,-0.6449793155321549,-0.019601924808290372,0.10745292592174992,0.05321907768632315,0.07430375465103169,0.18520698450068668,3.108102805571905,100.0,100.0,OK,PRESENT
A,A,AGILENT TECHNOLOGIES INC,-,0.065598,0001090872,3826,10-K,20251031,20251222,0001090872-25-000087,20260430,20260601,2025Q3;2025Q4;2026Q1;2026Q2,6948000000.0,RevenueFromContractWithCustomerExcludingAssessedTax,20251031,6510000000.0,20241031,1303000000.0,NetIncomeLoss,20251031,1289000000.0,20241031,1479000000.0,OperatingIncomeLoss,20251031,1488000000.0,20241031,1559000000.0,NetCashProvidedByUsedInOperatingActivities,20251031,1751000000.0,20241031,407000000.0,PaymentsToAcquirePropertyPlantAndEquipment,20251031,378000000.0,20241031,285000000.0,WeightedAverageNumberOfDilutedSharesOutstanding,20251031,291000000.0,20241031,12727000000.0,Assets,20251031,6741000000.0,StockholdersEquity,20251031,1789000000.0,CashAndCashEquivalentsAtCarryingValue,20251031,3050000000.0,LongTermDebt,20251031,1152000000.0,0.06728110599078341,0.010861132660977546,-0.020618556701030966,0.21286701208981001,0.18753598157743234,0.16580310880829016,0.19329476338822132,0.45245512535232163,100.0,100.0,OK,PRESENT
KDP,KDP,KEURIG DR PEPPER INC,-,0.065519,0001418135,2080,10-K,20251231,20260224,0001418135-26-000016,20260331,20260423,2025Q3;2025Q4;2026Q1;2026Q2,16603000000.0,RevenueFromContractWithCustomerExcludingAssessedTax,20251231,15351000000.0,20241231,2079000000.0,NetIncomeLoss,20251231,1441000000.0,20241231,3575000000.0,OperatingIncomeLoss,20251231,2591000000.0,20241231,1991000000.0,NetCashProvidedByUsedInOperatingActivities,20251231,2219000000.0,20241231,486000000.0,PaymentsToAcquirePropertyPlantAndEquipment,20251231,563000000.0,20241231,1362800000.0,WeightedAverageNumberOfDilutedSharesOutstanding,20251231,1368300000.0,20241231,55459000000.0,Assets,20251231,25516000000.0,StockholdersEquity,20251231,1026000000.0,CashAndCashEquivalentsAtCarryingValue,20251231,13036000000.0,LongTermDebtNoncurrent,20251231,1505000000.0,0.08155820467721964,0.4427480916030535,-0.00401958634802313,0.215322532072517,0.1252183340360176,0.09064626874661205,0.0814782881329362,0.5108951246276846,100.0,100.0,OK,PRESENT
FERG,FERG,FERGUSON ENTERPRISES INC,-,0.065462,0002011641,5070,10-K,20250731,20250926,0002011641-25-000027,20260331,20260505,2025Q3;2025Q4;2026Q1;2026Q2,30762000000.0,Revenues,20250731,29635000000.0,20240731,1856000000.0,NetIncomeLoss,20250731,1735000000.0,20240731,2606000000.0,OperatingIncomeLoss,20250731,2652000000.0,20240731,1908000000.0,NetCashProvidedByUsedInOperatingActivities,20250731,1873000000.0,20240731,305000000.0,PaymentsToAcquireProductiveAssets,20250731,372000000.0,20240731,199200000.0,WeightedAverageNumberOfDilutedSharesOutstanding,20250731,203500000.0,20240731,17729000000.0,Assets,20250731,5832000000.0,StockholdersEquity,20250731,674000000.0,CashAndCashEquivalentsAtCarryingValue,20250731,3752000000.0,LongTermDebtNoncurrent,20250731,1603000000.0,0.03802935717901135,0.06974063400576358,-0.021130221130221116,0.0847149080033808,0.06033417853195501,0.05210974579026071,0.31824417009602196,0.6433470507544582,100.0,100.0,OK,PRESENT
IBKR,IBKR,INTERACTIVE BROKERS GRO CL A,-,0.065448,0001381197,6211,10-K,20251231,20260227,0001381197-26-000062,20260331,20260507,2025Q3;2025Q4;2026Q1;2026Q2,,,,,,4357000000.0,ProfitLoss,20251231,3407000000.0,20241231,,,,,,15811000000.0,NetCashProvidedByUsedInOperatingActivities,20251231,8724000000.0,20241231,,,,,,443859546.0,WeightedAverageNumberOfDilutedSharesOutstanding,20251231,436011752.0,20241231,203240000000.0,Assets,20251231,5363000000.0,StockholdersEquity,20251231,4963000000.0,CashAndCashEquivalentsAtCarryingValue,20251231,,,,,,0.27883768711476375,0.017999042374435836,,,,0.8124184225247063,,83.3,62.5,MISSING_REVENUE,PARTIAL
VEEV,VEEV,VEEVA SYSTEMS INC CLASS A,-,0.064832,0001393052,7372,10-K,20260131,20260320,0001393052-26-000014,20260430,20260605,2025Q3;2025Q4;2026Q1;2026Q2,3195311000.0,RevenueFromContractWithCustomerExcludingAssessedTax,20260131,2746619000.0,20250131,908906000.0,NetIncomeLoss,20260131,714138000.0,20250131,916369000.0,OperatingIncomeLoss,20260131,691435000.0,20250131,1415225000.0,NetCashProvidedByUsedInOperatingActivities,20260131,1090051000.0,20250131,,,,,,166995000.0,WeightedAverageNumberOfDilutedSharesOutstanding,20260131,165232000.0,20250131,8979343000.0,Assets,20260131,7214752000.0,StockholdersEquity,20260131,1421233000.0,CashAndCashEquivalentsAtCarryingValue,20260131,,,,,0.1633615729010831,0.2727316008950651,0.010669846034666364,0.2867855429408906,0.28444993304251137,,0.12597882782388084,,100.0,75.0,OK,PRESENT
ROP,ROP,ROPER TECHNOLOGIES INC,-,0.064751,0000882835,3823,10-K,20251231,20260224,0000882835-26-000009,20260331,20260501,2025Q3;2025Q4;2026Q1;2026Q2,7902500000.0,RevenueFromContractWithCustomerExcludingAssessedTax,20251231,7039200000.0,20241231,1536300000.0,NetIncomeLoss,20251231,1549300000.0,20241231,2235400000.0,OperatingIncomeLoss,20251231,1996800000.0,20241231,2540300000.0,NetCashProvidedByUsedInOperatingActivities,20251231,2393200000.0,20241231,,,,,,108200000.0,WeightedAverageNumberOfDilutedSharesOutstanding,20251231,108000000.0,20241231,34577000000.0,Assets,20251231,19881500000.0,StockholdersEquity,20251231,297400000.0,CashAndCashEquivalentsAtCarryingValue,20251231,9301000000.0,LongTermDebtCurrent+LongTermDebtNoncurrent,20251231+20251231,,0.12264177747471305,-0.008390886206673942,0.0018518518518517713,0.28287250869977854,0.1944068332806074,,0.07727284158639941,0.4678218444282373,100.0,87.5,OK,PRESENT
CBRE,CBRE,CBRE GROUP INC A,-,0.064537,0001138118,6500,10-K,20251231,20260212,0001138118-26-000005,20260331,20260423,2025Q3;2025Q4;2026Q1;2026Q2,40550000000.0,Revenues,20251231,35767000000.0,20241231,1157000000.0,NetIncomeLoss,20251231,968000000.0,20241231,1753000000.0,OperatingIncomeLoss,20251231,1413000000.0,20241231,1559000000.0,NetCashProvidedByUsedInOperatingActivities,20251231,1708000000.0,20241231,366000000.0,PaymentsToAcquireProductiveAssets,20251231,307000000.0,20241231,300751541.0,WeightedAverageNumberOfDilutedSharesOutstanding,20251231,308033612.0,20241231,30877000000.0,Assets,20251231,8878000000.0,StockholdersEquity,20251231,1864000000.0,CashAndCashEquivalentsAtCarryingValue,20251231,5121000000.0,LongTermDebtCurrent+LongTermDebtNoncurrent,20251231+20251231,1193000000.0,0.13372661950960385,0.19524793388429762,-0.023640507776794162,0.043230579531442666,0.028532675709001233,0.029420468557336623,0.1303221446271683,0.5768191034016671,100.0,100.0,OK,PRESENT
YUM,YUM,YUM BRANDS INC,-,0.063873,0001041061,5812,10-K,20251231,20260220,0001041061-26-000084,20260331,20260506,2025Q3;2025Q4;2026Q1;2026Q2,8214000000.0,Revenues,20251231,7549000000.0,20241231,1559000000.0,NetIncomeLoss,20251231,1486000000.0,20241231,2574000000.0,OperatingIncomeLoss,20251231,2403000000.0,20241231,2010000000.0,NetCashProvidedByUsedInOperatingActivities,20251231,1689000000.0,20241231,371000000.0,PaymentsToAcquirePropertyPlantAndEquipment,20251231,257000000.0,20241231,,,,,,8197000000.0,Assets,20251231,-7325000000.0,StockholdersEquityIncludingPortionAttributableToNoncontrollingInterest,20251231,709000000.0,CashAndCashEquivalentsAtCarryingValue,20251231,11872000000.0,LongTermDebtAndCapitalLeaseObligations,20251231,1639000000.0,0.08809113789905942,0.049125168236877625,,0.3133674214755296,0.18979790601412222,0.1995373752130509,-0.21283276450511945,-1.6207508532423207,83.3,87.5,MISSING_DILUTED_SHARES,PARTIAL
COIN,COIN,COINBASE GLOBAL INC CLASS A,-,0.063246,0001679788,6199,10-K,20251231,20260212,0001679788-26-000015,20260331,20260507,2025Q3;2025Q4;2026Q1;2026Q2,7181325000.0,Revenues,20251231,6564028000.0,20241231,1260327000.0,NetIncomeLoss,20251231,2579066000.0,20241231,1435441000.0,OperatingIncomeLoss,20251231,2307160000.0,20241231,2426383000.0,NetCashProvidedByUsedInOperatingActivities,20251231,3103935000.0,20241231,,,,,,287209000.0,WeightedAverageNumberOfDilutedSharesOutstanding,20251231,273377000.0,20241231,29671832000.0,Assets,20251231,14793058000.0,StockholdersEquity,20251231,11285452000.0,CashAndCashEquivalentsAtCarryingValue,20251231,7206619000.0,LongTermDebtCurrent+LongTermDebtNoncurrent,20251231+20251231,,0.09404240810672948,-0.5113242545944927,0.050596794902277864,0.1998852579433461,0.1755006214034318,,0.08519719181794595,0.48716222163125433,100.0,87.5,OK,PRESENT
MSCI,MSCI,MSCI INC,-,0.06278,0001408198,7389,10-K,20251231,20260206,0001408198-26-000011,20260331,20260421,2025Q3;2025Q4;2026Q1;2026Q2,3134459000.0,RevenueFromContractWithCustomerExcludingAssessedTax,20251231,2856128000.0,20241231,1202305000.0,NetIncomeLoss,20251231,1109128000.0,20241231,1713567000.0,OperatingIncomeLoss,20251231,1528518000.0,20241231,1588446000.0,NetCashProvidedByUsedInOperatingActivities,20251231,1501627000.0,20241231,39319000.0,PaymentsToAcquirePropertyPlantAndEquipment,20251231,33762000.0,20241231,76636000.0,WeightedAverageNumberOfDilutedSharesOutstanding,20251231,78960000.0,20241231,5702459000.0,Assets,20251231,-2654540000.0,StockholdersEquity,20251231,515332000.0,CashAndCashEquivalentsAtCarryingValue,20251231,6202286000.0,LongTermDebtNoncurrent,20251231,1549127000.0,0.09745046440495675,0.0840092396910006,-0.029432624113475137,0.5466866850068863,0.38357655978272487,0.4942246811969785,-0.45292404710420636,-2.3364824037309666,100.0,100.0,OK,PRESENT
PAYX,PAYX,PAYCHEX INC,-,0.062077,0000723531,8700,10-K,20250531,20250711,0000950170-25-095300,20260228,20260326,2025Q3;2025Q4;2026Q1;2026Q2,5410000000.0,RevenueFromContractWithCustomerExcludingAssessedTax,20250531,5132000000.0,20240531,1657300000.0,ProfitLoss,20250531,1690400000.0,20240531,2207700000.0,OperatingIncomeLoss,20250531,2174100000.0,20240531,1900900000.0,NetCashProvidedByUsedInOperatingActivities,20250531,1897700000.0,20240531,191800000.0,PaymentsToAcquirePropertyPlantAndEquipment,20250531,161400000.0,20240531,362000000.0,WeightedAverageNumberOfDilutedSharesOutstanding,20250531,362100000.0,20240531,16564100000.0,Assets,20250531,4128000000.0,StockholdersEquity,20250531,1628600000.0,CashAndCashEquivalentsAtCarryingValue,20250531,4948200000.0,LongTermDebtCurrent+LongTermDebtNoncurrent,20250531+20250531,1709100000.0,0.054169914263445085,-0.019581164221486036,-0.0002761668047500665,0.4080776340110906,0.30634011090573016,0.31591497227356746,0.40147771317829456,1.1986918604651162,100.0,100.0,OK,PRESENT
PRU,PRU,PRUDENTIAL FINANCIAL INC,-,0.061678,0001137774,6311,10-K,20251231,20260212,0001137774-26-000048,20260331,20260506,2025Q3;2025Q4;2026Q1;2026Q2,60774000000.0,Revenues,20251231,70405000000.0,20241231,3576000000.0,NetIncomeLoss,20251231,2727000000.0,20241231,,,,,,6271000000.0,NetCashProvidedByUsedInOperatingActivities,20251231,8502000000.0,20241231,,,,,,,,,,,773740000000.0,Assets,20251231,32438000000.0,StockholdersEquity,20251231,19712000000.0,CashAndCashEquivalentsAtCarryingValue,20251231,18856000000.0,LongTermDebtNoncurrent,20251231,,-0.13679426177118104,0.3113311331133113,,,0.05884095172277619,,0.11024107528207658,0.5812935446081756,83.3,75.0,MISSING_DILUTED_SHARES,PARTIAL
WAT,WAT,WATERS CORP,-,0.061455,0001000697,3826,10-K,20251231,20260223,0001193125-26-062604,20260331,20260512,2025Q3;2025Q4;2026Q1;2026Q2,3165286000.0,RevenueFromContractWithCustomerExcludingAssessedTax,20251231,2958387000.0,20241231,642629000.0,NetIncomeLoss,20251231,637834000.0,20241231,802588000.0,OperatingIncomeLoss,20251231,826353000.0,20241231,652555000.0,NetCashProvidedByUsedInOperatingActivities,20251231,762123000.0,20241231,112745000.0,PaymentsToAcquireProductiveAssets,20251231,142481000.0,20241231,59706000.0,WeightedAverageNumberOfDilutedSharesOutstanding,20251231,59552000.0,20241231,5076550000.0,Assets,20251231,2561242000.0,StockholdersEquity,20251231,587831000.0,CashAndCashEquivalentsAtCarryingValue,20251231,947445000.0,LongTermDebtNoncurrent,20251231,539810000.0,0.06993642143505907,0.007517629978960105,0.0025859752821064674,0.2535593940010476,0.20302399214478564,0.17054067152225738,0.2509052248869884,0.3699162359511518,100.0,100.0,OK,PRESENT
AIG,AIG,AMERICAN INTERNATIONAL GROUP,-,0.061192,0000005272,6331,10-K,20251231,20260212,0000005272-26-000023,20260331,20260501,2025Q3;2025Q4;2026Q1;2026Q2,26775000000.0,Revenues,20251231,27251000000.0,20241231,3096000000.0,NetIncomeLoss,20251231,-1404000000.0,20241231,,,,,,3314000000.0,NetCashProvidedByUsedInOperatingActivities,20251231,3273000000.0,20241231,,,,,,570349988.0,WeightedAverageNumberOfDilutedSharesOutstanding,20251231,657283160.0,20241231,161254000000.0,Assets,20251231,41139000000.0,StockholdersEquity,20251231,1345000000.0,CashCashEquivalentsRestrictedCashAndRestrictedCashEquivalents,20251231,9191000000.0,LongTermDebt,20251231,,-0.017467248908296984,-3.2051282051282053,-0.13226137118741943,,0.11563025210084034,,0.07525705534893896,0.22341330610855878,100.0,87.5,OK,PRESENT
WDAY,WDAY,WORKDAY INC CLASS A,-,0.060794,0001327811,7374,10-K,20260131,20260306,0001327811-26-000014,20260430,20260522,2025Q3;2025Q4;2026Q1;2026Q2,9552000000.0,RevenueFromContractWithCustomerExcludingAssessedTax,20260131,8446000000.0,20250131,693000000.0,NetIncomeLoss,20260131,526000000.0,20250131,721000000.0,OperatingIncomeLoss,20260131,415000000.0,20250131,2939000000.0,NetCashProvidedByUsedInOperatingActivities,20260131,2461000000.0,20250131,162000000.0,PaymentsToAcquirePropertyPlantAndEquipment,20260131,269000000.0,20250131,268117000.0,WeightedAverageNumberOfDilutedSharesOutstanding,20260131,269205000.0,20250131,18074000000.0,Assets,20260131,7805000000.0,StockholdersEquity,20260131,1501000000.0,CashAndCashEquivalentsAtCarryingValue,20260131,2987000000.0,LongTermDebtNoncurrent,20260131,2777000000.0,0.1309495619228036,0.31749049429657794,-0.004041529689270296,0.07548157453936348,0.07255025125628141,0.29072445561139026,0.08878923766816144,0.3827033952594491,100.0,100.0,OK,PRESENT
FLEX,FLEX,FLEX LTD,-,0.060712,0000866374,3672,10-K,20260331,20260520,0000866374-26-000012,20251231,20260206,2025Q3;2025Q4;2026Q1;2026Q2,27914000000.0,RevenueFromContractWithCustomerExcludingAssessedTax,20260331,25813000000.0,20250331,880000000.0,NetIncomeLoss,20260331,838000000.0,20250331,1368000000.0,OperatingIncomeLoss,20260331,1169000000.0,20250331,1685000000.0,NetCashProvidedByUsedInOperatingActivities,20260331,1505000000.0,20250331,633000000.0,PaymentsToAcquirePropertyPlantAndEquipment,20260331,438000000.0,20250331,378000000.0,WeightedAverageNumberOfDilutedSharesOutstanding,20260331,398000000.0,20250331,22060000000.0,Assets,20260331,5144000000.0,StockholdersEquity,20260331,2389000000.0,CashAndCashEquivalentsAtCarryingValue,20260331,3751000000.0,LongTermDebtCurrent+LongTermDebtNoncurrent,20260331+20260331,1052000000.0,0.08139309650176263,0.05011933174224348,-0.05025125628140703,0.04900766640395501,0.03152539944114065,0.03768718205918177,0.17107309486780714,0.729199066874028,100.0,100.0,OK,PRESENT
MCHP,MCHP,MICROCHIP TECHNOLOGY INC,-,0.06008,0000827054,3674,10-K,20260331,20260521,0000827054-26-000016,20251231,20260205,2025Q3;2025Q4;2026Q1;2026Q2,4713100000.0,RevenueFromContractWithCustomerExcludingAssessedTax,20260331,4401600000.0,20250331,230000000.0,NetIncomeLoss,20260331,-500000.0,20250331,490100000.0,OperatingIncomeLoss,20260331,296300000.0,20250331,962100000.0,NetCashProvidedByUsedInOperatingActivities,20260331,898100000.0,20250331,91100000.0,PaymentsToAcquirePropertyPlantAndEquipment,20260331,126000000.0,20250331,545200000.0,WeightedAverageNumberOfDilutedSharesOutstanding,20260331,537300000.0,20250331,14370100000.0,Assets,20260331,6432400000.0,StockholdersEquity,20260331,240300000.0,CashAndCashEquivalentsAtCarryingValue,20260331,5496400000.0,LongTermDebtNoncurrent,20260331,871000000.0,0.07076972010178118,-461.0,0.014703145356411707,0.10398676030638009,0.04880015276569562,0.18480405677791686,0.03575648280579566,0.8544866612772838,100.0,100.0,OK,PRESENT
ED,ED,CONSOLIDATED EDISON INC,-,0.05962,0001047862,4931,10-K,20251231,20260219,0001047862-26-000031,20260331,20260507,2025Q3;2025Q4;2026Q1;2026Q2,16918000000.0,Revenues,20251231,15256000000.0,20241231,2023000000.0,NetIncomeLoss,20251231,1820000000.0,20241231,2935000000.0,OperatingIncomeLoss,20251231,2670000000.0,20241231,4800000000.0,NetCashProvidedByUsedInOperatingActivities,20251231,3614000000.0,20241231,,,,,,358700000.0,WeightedAverageNumberOfDilutedSharesOutstanding,20251231,347300000.0,20241231,74603000000.0,Assets,20251231,24190000000.0,StockholdersEquity,20251231,1629000000.0,CashAndCashEquivalentsAtCarryingValue,20251231,25801000000.0,LongTermDebt,20251231,,0.10894074462506564,0.11153846153846159,0.03282464727900947,0.17348386334082042,0.11957678212554676,,0.08362959900785448,1.066597767672592,100.0,87.5,OK,PRESENT
ADM,ADM,ARCHER DANIELS MIDLAND CO,-,0.059212,0000007084,2070,10-K,20251231,20260217,0000007084-26-000011,20260331,20260505,2025Q3;2025Q4;2026Q1;2026Q2,80269000000.0,Revenues,20251231,85530000000.0,20241231,1078000000.0,NetIncomeLoss,20251231,1800000000.0,20241231,,,,,,5452000000.0,NetCashProvidedByUsedInOperatingActivities,20251231,2790000000.0,20241231,1248000000.0,PaymentsToAcquirePropertyPlantAndEquipment,20251231,1563000000.0,20241231,484000000.0,WeightedAverageNumberOfDilutedSharesOutstanding,20251231,493000000.0,20241231,52389000000.0,Assets,20251231,22740000000.0,StockholdersEquityIncludingPortionAttributableToNoncontrollingInterest,20251231,1015000000.0,CashAndCashEquivalentsAtCarryingValue,20251231,7612000000.0,LongTermDebtCurrent+LongTermDebtNoncurrent,20251231+20251231,4204000000.0,-0.06151058108266105,-0.4011111111111111,-0.018255578093306246,,0.013429842155751286,0.052373892785508726,0.04740545294635004,0.334740545294635,100.0,100.0,OK,PRESENT
FANG,FANG,DIAMONDBACK ENERGY INC,-,0.058809,0001539838,1311,10-K,20251231,20260225,0001539838-26-000010,20260331,20260506,2025Q3;2025Q4;2026Q1;2026Q2,15026000000.0,Revenues,20251231,11066000000.0,20241231,1664000000.0,NetIncomeLoss,20251231,3338000000.0,20241231,1266000000.0,OperatingIncomeLoss,20251231,4396000000.0,20241231,8758000000.0,NetCashProvidedByUsedInOperatingActivities,20251231,6413000000.0,20241231,,,,,,289079000.0,WeightedAverageNumberOfDilutedSharesOutstanding,20251231,213545000.0,20241231,71059000000.0,Assets,20251231,36972000000.0,StockholdersEquity,20251231,104000000.0,CashAndCashEquivalentsAtCarryingValue,20251231,14489000000.0,LongTermDebtCurrent+LongTermDebtNoncurrent,20251231+20251231,,0.35785288270377724,-0.5014979029358897,0.35371467372216636,0.08425395980300812,0.11074138160521763,,0.0450070323488045,0.3918911608785027,100.0,87.5,OK,PRESENT
SYY,SYY,SYSCO CORP,-,0.0586,0000096021,5140,10-K,20250630,20250822,0000096021-25-000099,20260331,20260429,2025Q3;2025Q4;2026Q1;2026Q2,81370000000.0,RevenueFromContractWithCustomerExcludingAssessedTax,20250630,78844000000.0,20240630,1828000000.0,NetIncomeLoss,20250630,1955000000.0,20240630,3088000000.0,OperatingIncomeLoss,20250630,3202000000.0,20240630,2510000000.0,NetCashProvidedByUsedInOperatingActivities,20250630,2989000000.0,20240630,906000000.0,PaymentsToAcquireProductiveAssets,20250630,832000000.0,20240630,489825648.0,WeightedAverageNumberOfDilutedSharesOutstanding,20250630,503096086.0,20240630,26774000000.0,Assets,20250630,1830000000.0,StockholdersEquity,20250630,1071000000.0,CashAndCashEquivalentsAtCarryingValue,20250630,12360000000.0,LongTermDebtAndCapitalLeaseObligations,20250630,1604000000.0,0.03203794835371121,-0.06496163682864453,-0.026377541724703413,0.0379501044611036,0.02246528204497972,0.0197124247265577,0.9989071038251366,6.754098360655738,100.0,100.0,OK,PRESENT
TTWO,TTWO,TAKE TWO INTERACTIVE SOFTWRE,-,0.057805,0000946581,7372,10-K,20260331,20260522,0001628280-26-037434,20251231,20260204,2025Q3;2025Q4;2026Q1;2026Q2,6656400000.0,RevenueFromContractWithCustomerExcludingAssessedTax,20260331,5633600000.0,20250331,-298200000.0,NetIncomeLoss,20260331,-4478900000.0,20250331,-104200000.0,OperatingIncomeLoss,20260331,-4391100000.0,20250331,624300000.0,NetCashProvidedByUsedInOperatingActivities,20260331,-45200000.0,20250331,162800000.0,PaymentsToAcquirePropertyPlantAndEquipment,20260331,169400000.0,20250331,,,,,,9383200000.0,Assets,20260331,3510900000.0,StockholdersEquity,20260331,1545500000.0,CashAndCashEquivalentsAtCarryingValue,20260331,2518000000.0,ShortTermBorrowings+LongTermDebtNoncurrent,20260331+20260331,461500000.0,0.18155353592729329,-0.9334211525151265,,-0.01565410732528093,-0.04479899044528574,0.06933177092722793,-0.0849354866273605,0.7171950212196303,83.3,87.5,MISSING_DILUTED_SHARES,PARTIAL
DHI,DHI,DR HORTON INC,-,0.057627,0000882184,1531,10-K,20250930,20251119,0000882184-25-000081,20260331,20260423,2025Q3;2025Q4;2026Q1;2026Q2,34250400000.0,Revenues,20250930,36801400000.0,20240930,3585200000.0,NetIncomeLoss,20250930,4756400000.0,20240930,,,,,,3420900000.0,NetCashProvidedByUsedInOperatingActivities,20250930,2189800000.0,20240930,137400000.0,PaymentsToAcquirePropertyPlantAndEquipment,20250930,165300000.0,20240930,309900000.0,WeightedAverageNumberOfDilutedSharesOutstanding,20250930,331600000.0,20240930,35471200000.0,Assets,20250930,24190400000.0,StockholdersEquity,20250930,2985400000.0,CashAndCashEquivalentsAtCarryingValue,20250930,,,,3283500000.0,-0.06931801507551338,-0.2462366495668994,-0.06544028950542824,,0.10467614976759396,0.09586749351832387,0.14820755340961703,,100.0,87.5,OK,PRESENT
HIG,HIG,HARTFORD INSURANCE GROUP INC,-,0.056676,0000874766,6331,10-K,20251231,20260220,0000874766-26-000012,20260331,20260423,2025Q3;2025Q4;2026Q1;2026Q2,28368000000.0,Revenues,20251231,26535000000.0,20241231,3836000000.0,NetIncomeLoss,20251231,3111000000.0,20241231,,,,,,5922000000.0,NetCashProvidedByUsedInOperatingActivities,20251231,5909000000.0,20241231,169000000.0,PaymentsToAcquirePropertyPlantAndEquipment,20251231,145000000.0,20241231,,,,,,85997000000.0,Assets,20251231,18979000000.0,StockholdersEquity,20251231,177000000.0,CashCashEquivalentsRestrictedCashAndRestrictedCashEquivalents,20251231,4371000000.0,LongTermDebt,20251231,5753000000.0,0.0690785754663652,0.23304403728704592,,,0.13522278623801468,0.20279892836999436,0.2021181305653617,0.2303071816217925,83.3,87.5,MISSING_DILUTED_SHARES,PARTIAL
NTAP,NTAP,NETAPP INC,-,0.055341,0001002047,3572,10-K,20260430,20260605,0001193125-26-259683,20260131,20260226,2025Q3;2025Q4;2026Q1;2026Q2,6925000000.0,RevenueFromContractWithCustomerExcludingAssessedTax,20260430,6572000000.0,20250430,1276000000.0,NetIncomeLoss,20260430,1186000000.0,20250430,1674000000.0,OperatingIncomeLoss,20260430,1337000000.0,20250430,2067000000.0,NetCashProvidedByUsedInOperatingActivities,20260430,1506000000.0,20250430,198000000.0,PaymentsToAcquirePropertyPlantAndEquipment,20260430,168000000.0,20250430,201000000.0,WeightedAverageNumberOfDilutedSharesOutstanding,20260430,209000000.0,20250430,10744000000.0,Assets,20260430,1351000000.0,StockholdersEquity,20260430,2070000000.0,CashAndCashEquivalentsAtCarryingValue,20260430,2487000000.0,LongTermDebtCurrent+LongTermDebtNoncurrent,20260430+20260430,1869000000.0,0.053712720632988376,0.07588532883642496,-0.038277511961722466,0.24173285198555958,0.18425992779783393,0.2698916967509025,0.9444855662472242,1.840858623242043,100.0,100.0,OK,PRESENT
ODFL,ODFL,OLD DOMINION FREIGHT LINE,-,0.055311,0000878927,4213,10-K,20251231,20260224,0001193125-26-067161,20260331,20260506,2025Q3;2025Q4;2026Q1;2026Q2,,,,,,1023703000.0,NetIncomeLoss,20251231,1186073000.0,20241231,1361045000.0,OperatingIncomeLoss,20251231,1543998000.0,20241231,1370133000.0,NetCashProvidedByUsedInOperatingActivities,20251231,1659283000.0,20241231,415034000.0,PaymentsToAcquireProductiveAssets,20251231,771318000.0,20241231,211598000.0,WeightedAverageNumberOfDilutedSharesOutstanding,20251231,216485000.0,20241231,5470160000.0,Assets,20251231,4311057000.0,StockholdersEquity,20251231,120091000.0,CashAndCashEquivalentsAtCarryingValue,20251231,19995000.0,LongTermDebtAndCapitalLeaseObligations,20251231,955099000.0,,-0.13689713870900022,-0.0225743123080121,,,,0.23745986193177218,0.004638073678914475,83.3,87.5,MISSING_REVENUE,PARTIAL
PEG,PEG,PUBLIC SERVICE ENTERPRISE GP,-,0.055234,0000788784,4931,10-K,20251231,20260226,0001193125-26-077446,20260331,20260505,2025Q3;2025Q4;2026Q1;2026Q2,12168000000.0,Revenues,20251231,10290000000.0,20241231,2111000000.0,NetIncomeLoss,20251231,1772000000.0,20241231,2980000000.0,OperatingIncomeLoss,20251231,2353000000.0,20241231,3298000000.0,NetCashProvidedByUsedInOperatingActivities,20251231,2133000000.0,20241231,3272000000.0,PaymentsToAcquirePropertyPlantAndEquipment,20251231,3380000000.0,20241231,501000000.0,WeightedAverageNumberOfDilutedSharesOutstanding,20251231,500000000.0,20241231,57576000000.0,Assets,20251231,16982000000.0,StockholdersEquityIncludingPortionAttributableToNoncontrollingInterest,20251231,132000000.0,CashAndCashEquivalentsAtCarryingValue,20251231,22545000000.0,LongTermDebtCurrent+LongTermDebtNoncurrent,20251231+20251231,26000000.0,0.18250728862973764,0.19130925507900676,0.0020000000000000018,0.24490466798159105,0.17348783694937542,0.002136752136752137,0.12430809091979743,1.3275821458014367,100.0,100.0,OK,PRESENT
EXPE,EXPE,EXPEDIA GROUP INC,-,0.05487,0001324424,4700,10-K,20251231,20260213,0001324424-26-000008,20260331,20260508,2025Q3;2025Q4;2026Q1;2026Q2,14733000000.0,RevenueFromContractWithCustomerExcludingAssessedTax,20251231,13691000000.0,20241231,1294000000.0,NetIncomeLoss,20251231,1234000000.0,20241231,1871000000.0,OperatingIncomeLoss,20251231,1319000000.0,20241231,3880000000.0,NetCashProvidedByUsedInOperatingActivities,20251231,3085000000.0,20241231,770000000.0,PaymentsToAcquirePropertyPlantAndEquipment,20251231,756000000.0,20241231,131943000.0,WeightedAverageNumberOfDilutedSharesOutstanding,20251231,137919000.0,20241231,24452000000.0,Assets,20251231,1284000000.0,StockholdersEquity,20251231,5413000000.0,CashAndCashEquivalentsAtCarryingValue,20251231,6161000000.0,LongTermDebtCurrent+LongTermDebtNoncurrent,20251231+20251231,3110000000.0,0.07610839237455269,0.04862236628849281,-0.04332978052335068,0.12699382338966944,0.08783004140365167,0.21109074865947194,1.0077881619937694,4.798286604361371,100.0,100.0,OK,PRESENT
KVUE,KVUE,KENVUE INC,-,0.054791,0001944048,2844,10-K,20251231,20260220,0001944048-26-000030,20260331,20260507,2025Q3;2025Q4;2026Q1;2026Q2,15124000000.0,RevenueFromContractWithCustomerExcludingAssessedTax,20251231,15455000000.0,20241231,1470000000.0,NetIncomeLoss,20251231,1030000000.0,20241231,2414000000.0,OperatingIncomeLoss,20251231,1841000000.0,20241231,2197000000.0,NetCashProvidedByUsedInOperatingActivities,20251231,1769000000.0,20241231,475000000.0,PaymentsToAcquirePropertyPlantAndEquipment,20251231,434000000.0,20241231,1924000000.0,WeightedAverageNumberOfDilutedSharesOutstanding,20251231,1923000000.0,20241231,27076000000.0,Assets,20251231,10765000000.0,StockholdersEquity,20251231,1062000000.0,CashAndCashEquivalentsAtCarryingValue,20251231,,,,1722000000.0,-0.02141701714655453,0.4271844660194175,0.0005200208008320217,0.15961385876752182,0.09719650886008992,0.11385876752181963,0.13655364607524384,,100.0,87.5,OK,PRESENT
KMB,KMB,KIMBERLY CLARK CORP,-,0.054156,0000055785,2670,10-K,20251231,20260212,0001628280-26-007567,20260331,20260428,2025Q3;2025Q4;2026Q1;2026Q2,16447000000.0,Revenues,20251231,16805000000.0,20241231,2021000000.0,NetIncomeLoss,20251231,2545000000.0,20241231,2351000000.0,OperatingIncomeLoss,20251231,2700000000.0,20241231,2777000000.0,NetCashProvidedByUsedInOperatingActivities,20251231,3234000000.0,20241231,1138000000.0,PaymentsToAcquireProductiveAssets,20251231,721000000.0,20241231,,,,,,17098000000.0,Assets,20251231,1502000000.0,StockholdersEquity,20251231,688000000.0,CashAndCashEquivalentsAtCarryingValue,20251231,6474000000.0,LongTermDebtAndCapitalLeaseObligations,20251231,1639000000.0,-0.021303183576316553,-0.20589390962671905,,0.14294400194564358,0.12287955250197605,0.09965343223688211,1.3455392809587217,4.310252996005326,83.3,87.5,MISSING_DILUTED_SHARES,PARTIAL
UAL,UAL,UNITED AIRLINES HOLDINGS INC,-,0.052977,0000100517,4512,10-K,20251231,20260212,0000100517-26-000023,20260331,20260422,2025Q3;2025Q4;2026Q1;2026Q2,59070000000.0,RevenueFromContractWithCustomerExcludingAssessedTax,20251231,57063000000.0,20241231,3353000000.0,NetIncomeLoss,20251231,3149000000.0,20241231,4713000000.0,OperatingIncomeLoss,20251231,5096000000.0,20241231,8431000000.0,NetCashProvidedByUsedInOperatingActivities,20251231,9445000000.0,20241231,5874000000.0,PaymentsToAcquireProductiveAssets,20251231,5615000000.0,20241231,,,,,,76448000000.0,Assets,20251231,15282000000.0,StockholdersEquity,20251231,5942000000.0,CashAndCashEquivalentsAtCarryingValue,20251231,20562000000.0,LongTermDebtAndCapitalLeaseObligations,20251231,2557000000.0,0.03517165238420694,0.0647824706255955,,0.0797866937531742,0.05676316234975453,0.04328762485187066,0.21940845439078654,1.3455045151158225,83.3,87.5,MISSING_DILUTED_SHARES,PARTIAL
DXCM,DXCM,DEXCOM INC,-,0.052934,0001093557,3841,10-K,20251231,20260212,0001093557-26-000027,20260331,20260430,2025Q3;2025Q4;2026Q1;2026Q2,4662000000.0,RevenueFromContractWithCustomerExcludingAssessedTax,20251231,4033000000.0,20241231,836300000.0,NetIncomeLoss,20251231,576200000.0,20241231,911800000.0,OperatingIncomeLoss,20251231,600000000.0,20241231,1440700000.0,NetCashProvidedByUsedInOperatingActivities,20251231,989500000.0,20241231,363500000.0,PaymentsToAcquirePropertyPlantAndEquipment,20251231,358800000.0,20241231,405500000.0,WeightedAverageNumberOfDilutedSharesOutstanding,20251231,412700000.0,20241231,6339900000.0,Assets,20251231,2746000000.0,StockholdersEquity,20251231,917700000.0,CashAndCashEquivalentsAtCarryingValue,20251231,,,,1077200000.0,0.15596330275229353,0.4514057618882332,-0.017446086745820155,0.19558129558129558,0.17938652938652938,0.23105963105963107,0.3045520757465404,,100.0,87.5,OK,PRESENT
VMC,VMC,VULCAN MATERIALS CO,-,0.052865,0001396009,1400,10-K,20251231,20260219,0001628280-26-009546,20260331,20260429,2025Q3;2025Q4;2026Q1;2026Q2,7941100000.0,RevenueFromContractWithCustomerExcludingAssessedTax,20251231,7417700000.0,20241231,1076700000.0,NetIncomeLoss,20251231,911900000.0,20241231,1619600000.0,OperatingIncomeLoss,20251231,1364500000.0,20241231,1813000000.0,NetCashProvidedByUsedInOperatingActivities,20251231,1409600000.0,20241231,677700000.0,PaymentsToAcquirePropertyPlantAndEquipment,20251231,603500000.0,20241231,132700000.0,WeightedAverageNumberOfDilutedSharesOutstanding,20251231,133100000.0,20241231,16700400000.0,Assets,20251231,8525100000.0,StockholdersEquity,20251231,183300000.0,CashAndCashEquivalentsAtCarryingValue,20251231,4362100000.0,LongTermDebtCurrent+LongTermDebtNoncurrent,20251231+20251231,1135300000.0,0.07056095555226016,0.18072157034762593,-0.003005259203606281,0.20395159360793844,0.13558575008500082,0.14296508040447797,0.1262976387373755,0.5116772823779193,100.0,100.0,OK,PRESENT
RMD,RMD,RESMED INC,-,0.05264,0000943819,3841,10-K,20250630,20250808,0000943819-25-000035,20260331,20260501,2025Q3;2025Q4;2026Q1;2026Q2,5146327000.0,RevenueFromContractWithCustomerExcludingAssessedTax,20250630,4685297000.0,20240630,1400723000.0,NetIncomeLoss,20250630,1020951000.0,20240630,1685363000.0,OperatingIncomeLoss,20250630,1319893000.0,20240630,1751588000.0,NetCashProvidedByUsedInOperatingActivities,20250630,1401260000.0,20240630,89865000.0,PaymentsToAcquirePropertyPlantAndEquipment,20250630,99460000.0,20240630,147340000.0,WeightedAverageNumberOfDilutedSharesOutstanding,20250630,147550000.0,20240630,8174391000.0,Assets,20250630,5967859000.0,StockholdersEquity,20250630,1209450000.0,CashAndCashEquivalentsAtCarryingValue,20250630,658392000.0,LongTermDebt,20250630,1661723000.0,0.09839931171919303,0.3719786747845881,-0.0014232463571670628,0.3274885175388194,0.27217916778315876,0.322894950126566,0.23471114180144,0.11032298182648081,100.0,100.0,OK,PRESENT
WEC,WEC,WEC ENERGY GROUP INC,-,0.052273,0000783325,4931,10-K,20251231,20260220,0000783325-26-000018,20260331,20260507,2025Q3;2025Q4;2026Q1;2026Q2,9800100000.0,Revenues,20251231,8599900000.0,20241231,1555500000.0,ProfitLoss,20251231,1524300000.0,20241231,2244900000.0,OperatingIncomeLoss,20251231,2152800000.0,20241231,3379400000.0,NetCashProvidedByUsedInOperatingActivities,20251231,3211800000.0,20241231,,,,,,323800000.0,WeightedAverageNumberOfDilutedSharesOutstanding,20251231,316500000.0,20241231,51518300000.0,Assets,20251231,14052800000.0,StockholdersEquityIncludingPortionAttributableToNoncontrollingInterest,20251231,27600000.0,CashAndCashEquivalentsAtCarryingValue,20251231,20017500000.0,LongTermDebtCurrent+LongTermDebtNoncurrent,20251231+20251231,,0.13955976232281775,0.02046841172997449,0.02306477093206949,0.22906909113172313,0.15872287017479414,,0.11068968461801207,1.4244492200842536,100.0,87.5,OK,PRESENT
NTRS,NTRS,NORTHERN TRUST CORP,-,0.051895,0000073124,6022,10-K,20251231,20260224,0000073124-26-000016,20260331,20260430,2025Q3;2025Q4;2026Q1;2026Q2,5017800000.0,RevenueFromContractWithCustomerExcludingAssessedTax,20251231,4727800000.0,20241231,1736900000.0,NetIncomeLoss,20251231,2031100000.0,20241231,,,,,,5533500000.0,NetCashProvidedByUsedInOperatingActivities,20251231,-486000000.0,20241231,74000000.0,PaymentsToAcquirePropertyPlantAndEquipment,20251231,101500000.0,20241231,192246525.0,WeightedAverageNumberOfDilutedSharesOutstanding,20251231,201870105.0,20241231,177132700000.0,Assets,20251231,12957900000.0,StockholdersEquity,20251231,5873100000.0,CashCashEquivalentsRestrictedCashAndRestrictedCashEquivalents,20251231,,,,5459500000.0,0.0613393121536443,-0.14484761951651814,-0.047672140458836165,,0.34614771413766987,1.0880266252142372,0.13404178146150225,,100.0,87.5,OK,PRESENT
IRM,IRM,IRON MOUNTAIN INC,-,0.051868,0001020569,6798,10-K,20251231,20260212,0001020569-26-000013,20260331,20260430,2025Q3;2025Q4;2026Q1;2026Q2,6901737000.0,RevenueFromContractWithCustomerExcludingAssessedTax,20251231,6149909000.0,20241231,152254000.0,ProfitLoss,20251231,183666000.0,20241231,1163822000.0,OperatingIncomeLoss,20251231,1009519000.0,20241231,1339999000.0,NetCashProvidedByUsedInOperatingActivities,20251231,1196708000.0,20241231,2271628000.0,PaymentsToAcquirePropertyPlantAndEquipment,20251231,1791564000.0,20241231,297816000.0,WeightedAverageNumberOfDilutedSharesOutstanding,20251231,296234000.0,20241231,21125019000.0,Assets,20251231,-981007000.0,StockholdersEquity,20251231,158535000.0,CashAndCashEquivalentsAtCarryingValue,20251231,16215885000.0,LongTermDebtAndCapitalLeaseObligations,20251231,-931629000.0,0.12225026419090113,-0.1710278440212124,0.0053403728133840644,0.16862740495617262,0.02206024367488938,-0.13498471471746895,-0.15520174677652657,-16.52983617853899,100.0,100.0,OK,PRESENT
ACGL,ACGL,ARCH CAPITAL GROUP LTD,-,0.051586,0000947484,6331,10-K,20251231,20260226,0000947484-26-000017,20260331,20260505,2025Q3;2025Q4;2026Q1;2026Q2,19929000000.0,Revenues,20251231,17440000000.0,20241231,4399000000.0,NetIncomeLoss,20251231,4312000000.0,20241231,,,,,,6172000000.0,NetCashProvidedByUsedInOperatingActivities,20251231,6673000000.0,20241231,44000000.0,PaymentsToAcquireProductiveAssets,20251231,51000000.0,20241231,375900000.0,WeightedAverageNumberOfDilutedSharesOutstanding,20251231,381800000.0,20241231,79241000000.0,Assets,20251231,24206000000.0,StockholdersEquity,20251231,993000000.0,CashAndCashEquivalentsAtCarryingValue,20251231,,,,6128000000.0,0.14271788990825685,0.020176252319109356,-0.015453116815086432,,0.22073360429524813,0.30749159516282804,0.1817318020325539,,100.0,87.5,OK,PRESENT
MTB,MTB,M + T BANK CORP,-,0.051453,0000036270,6022,10-K,20251231,20260218,0000036270-26-000010,20260331,20260505,2025Q3;2025Q4;2026Q1;2026Q2,,,,,,2851000000.0,NetIncomeLoss,20251231,2588000000.0,20241231,,,,,,3003000000.0,NetCashProvidedByUsedInOperatingActivities,20251231,3610000000.0,20241231,,,,,,158791000.0,WeightedAverageNumberOfDilutedSharesOutstanding,20251231,167319000.0,20241231,213510000000.0,Assets,20251231,29177000000.0,StockholdersEquity,20251231,18769000000.0,CashCashEquivalentsRestrictedCashAndRestrictedCashEquivalents,20251231,10911000000.0,LongTermDebt,20251231,,,0.10162287480680066,-0.050968509254776806,,,,0.09771395277101827,0.3739589402611646,83.3,75.0,MISSING_REVENUE,PARTIAL
EQT,EQT,EQT CORP,-,0.051219,0000033213,1311,10-K,20251231,20260218,0000033213-26-000018,20260331,20260422,2025Q3;2025Q4;2026Q1;2026Q2,8644211000.0,Revenues,20251231,5273309000.0,20241231,2039247000.0,NetIncomeLoss,20251231,230577000.0,20241231,3249619000.0,OperatingIncomeLoss,20251231,685296000.0,20241231,5125952000.0,NetCashProvidedByUsedInOperatingActivities,20251231,2826973000.0,20241231,2288425000.0,PaymentsToAcquirePropertyPlantAndEquipment,20251231,2253709000.0,20241231,615717000.0,WeightedAverageNumberOfDilutedSharesOutstanding,20251231,514593000.0,20241231,41792874000.0,Assets,20251231,23752677000.0,StockholdersEquity,20251231,110795000.0,CashAndCashEquivalentsAtCarryingValue,20251231,507119000.0,LongTermDebtCurrent,20251231,2837527000.0,0.6392384743621131,7.844104138747577,0.1965125837312205,0.37593008777782033,0.23590898000985863,0.328257489318574,0.08585335455031026,0.021349972468366406,100.0,100.0,OK,PRESENT
HBAN,HBAN,HUNTINGTON BANCSHARES INC,-,0.051122,0000049196,6021,10-K,20251231,20260213,0000049196-26-000015,20260331,20260430,2025Q3;2025Q4;2026Q1;2026Q2,,,,,,2211000000.0,NetIncomeLoss,20251231,1940000000.0,20241231,,,,,,2482000000.0,NetCashProvidedByUsedInOperatingActivities,20251231,1836000000.0,20241231,267000000.0,PaymentsToAcquirePropertyPlantAndEquipment,20251231,143000000.0,20241231,1504836000.0,WeightedAverageNumberOfDilutedSharesOutstanding,20251231,1476442000.0,20241231,225106000000.0,Assets,20251231,24342000000.0,StockholdersEquity,20251231,13495000000.0,CashCashEquivalentsRestrictedCashAndRestrictedCashEquivalents,20251231,17221000000.0,LongTermDebt,20251231,2215000000.0,,0.13969072164948448,0.019231368384264425,,,,0.0908306630515159,0.7074603565853258,83.3,87.5,MISSING_REVENUE,PARTIAL
CCI,CCI,CROWN CASTLE INC,-,0.050316,0001051470,6798,10-K,20251231,20260223,0001051470-26-000016,20260331,20260507,2025Q3;2025Q4;2026Q1;2026Q2,215000000.0,RevenueFromContractWithCustomerExcludingAssessedTax,20251231,192000000.0,20241231,444000000.0,NetIncomeLoss,20251231,-3903000000.0,20241231,2075000000.0,OperatingIncomeLoss,20251231,2118000000.0,20241231,3057000000.0,NetCashProvidedByUsedInOperatingActivities,20251231,2943000000.0,20241231,182000000.0,PaymentsToAcquireProductiveAssets,20251231,176000000.0,20241231,437000000.0,WeightedAverageNumberOfDilutedSharesOutstanding,20251231,434000000.0,20241231,31518000000.0,Assets,20251231,-1635000000.0,StockholdersEquityIncludingPortionAttributableToNoncontrollingInterest,20251231,99000000.0,CashAndCashEquivalentsAtCarryingValue,20251231,21554000000.0,LongTermDebtAndCapitalLeaseObligations,20251231,2875000000.0,0.11979166666666674,-1.1137586471944658,0.00691244239631339,9.651162790697674,2.0651162790697675,13.372093023255815,-0.27155963302752295,-13.182874617737003,100.0,100.0,OK,PRESENT
EME,EME,EMCOR GROUP INC,-,0.049358,0000105634,1731,10-K,20251231,20260226,0000105634-26-000025,20260331,20260429,2025Q3;2025Q4;2026Q1;2026Q2,,,,,,1272817000.0,NetIncomeLoss,20251231,1007145000.0,20241231,1713418000.0,OperatingIncomeLoss,20251231,1344863000.0,20241231,1302063000.0,NetCashProvidedByUsedInOperatingActivities,20251231,1407894000.0,20241231,112750000.0,PaymentsToAcquireProductiveAssets,20251231,74950000.0,20241231,,,,,,9291399000.0,Assets,20251231,3673944000.0,StockholdersEquity,20251231,1111968000.0,CashAndCashEquivalentsAtCarryingValue,20251231,,,,1189313000.0,,0.26378724016899247,,,,,0.34644431161716127,,66.7,62.5,MISSING_REVENUE;MISSING_DILUTED_SHARES,PARTIAL
KR,KR,KROGER CO,-,0.049335,0000056873,5411,10-K,20260131,20260331,0001104659-26-037723,20260531,20260626,2025Q3;2025Q4;2026Q1;2026Q2,147642000000.0,RevenueFromContractWithCustomerExcludingAssessedTax,20260131,147123000000.0,20250131,1016000000.0,NetIncomeLoss,20260131,2665000000.0,20250131,1890000000.0,OperatingIncomeLoss,20260131,3849000000.0,20250131,7311000000.0,NetCashProvidedByUsedInOperatingActivities,20260131,5794000000.0,20250131,3855000000.0,PaymentsToAcquireProductiveAssets,20260131,4017000000.0,20250131,655000000.0,WeightedAverageNumberOfDilutedSharesOutstanding,20260131,720000000.0,20250131,49953000000.0,Assets,20260131,5927000000.0,StockholdersEquity,20260131,3334000000.0,CashAndCashEquivalentsAtCarryingValue,20260131,,,,3456000000.0,0.0035276605289451535,-0.6187617260787992,-0.09027777777777779,0.012801235420815215,0.006881510681242465,0.02340797334091925,0.1714189303188797,,100.0,87.5,OK,PRESENT
GEHC,GEHC,GE HEALTHCARE TECHNOLOGY,-,0.048978,0001932393,3844,10-K,20251231,20260204,0001932393-26-000007,20260331,20260429,2025Q3;2025Q4;2026Q1;2026Q2,20625000000.0,RevenueFromContractWithCustomerExcludingAssessedTax,20251231,19672000000.0,20241231,2084000000.0,NetIncomeLoss,20251231,1993000000.0,20241231,2763000000.0,OperatingIncomeLoss,20251231,2625000000.0,20241231,,,,,,482000000.0,PaymentsToAcquireProductiveAssets,20251231,401000000.0,20241231,458000000.0,WeightedAverageNumberOfDilutedSharesOutstanding,20251231,459000000.0,20241231,36906000000.0,Assets,20251231,10379000000.0,StockholdersEquity,20251231,4515000000.0,CashCashEquivalentsRestrictedCashAndRestrictedCashEquivalents,20251231,10003000000.0,ShortTermBorrowings+LongTermDebtNoncurrent,20251231+20251231,,0.048444489629930976,0.045659809332664336,-0.002178649237472796,0.13396363636363637,0.10104242424242424,,0.2007900568455535,0.9637730031794971,83.3,87.5,MISSING_OPERATING_CASH_FLOW,PARTIAL
ZTS,ZTS,ZOETIS INC,-,0.048856,0001555280,2834,10-K,20251231,20260212,0001555280-26-000011,20260331,20260507,2025Q3;2025Q4;2026Q1;2026Q2,9467000000.0,Revenues,20251231,9256000000.0,20241231,2673000000.0,NetIncomeLoss,20251231,2486000000.0,20241231,,,,,,2904000000.0,NetCashProvidedByUsedInOperatingActivities,20251231,2953000000.0,20241231,621000000.0,PaymentsToAcquirePropertyPlantAndEquipment,20251231,655000000.0,20241231,443835000.0,WeightedAverageNumberOfDilutedSharesOutstanding,20251231,454848000.0,20241231,15467000000.0,Assets,20251231,3331000000.0,StockholdersEquity,20251231,2312000000.0,CashCashEquivalentsRestrictedCashAndRestrictedCashEquivalents,20251231,9042000000.0,LongTermDebtCurrent+LongTermDebtNoncurrent,20251231+20251231,2283000000.0,0.022796024200518517,0.0752212389380531,-0.02421248417053612,,0.2823492130558783,0.2411534805112496,0.8024617232062444,2.7145001501050734,100.0,100.0,OK,PRESENT
JBL,JBL,JABIL INC,-,0.048677,0000898293,3672,10-K,20250831,20251017,0001628280-25-045293,20260531,20260630,2025Q3;2025Q4;2026Q1;2026Q2,29802000000.0,RevenueFromContractWithCustomerExcludingAssessedTax,20250831,28883000000.0,20240831,657000000.0,NetIncomeLoss,20250831,1388000000.0,20240831,1182000000.0,OperatingIncomeLoss,20250831,2013000000.0,20240831,1640000000.0,NetCashProvidedByUsedInOperatingActivities,20250831,1716000000.0,20240831,468000000.0,PaymentsToAcquirePropertyPlantAndEquipment,20250831,784000000.0,20240831,110900000.0,WeightedAverageNumberOfDilutedSharesOutstanding,20250831,124300000.0,20240831,18543000000.0,Assets,20250831,1513000000.0,StockholdersEquity,20250831,1933000000.0,CashAndCashEquivalentsAtCarryingValue,20250831,2885000000.0,LongTermDebtCurrent+LongTermDebtNoncurrent,20250831+20250831,1172000000.0,0.03181802444344428,-0.526657060518732,-0.10780370072405465,0.039661767666599554,0.022045500301993155,0.039326219716797534,0.43423661599471247,1.9068076668869796,100.0,100.0,OK,PRESENT
BIIB,BIIB,BIOGEN INC,-,0.048418,0000875045,2836,10-K,20251231,20260206,0000875045-26-000013,20260331,20260429,2025Q3;2025Q4;2026Q1;2026Q2,9890600000.0,Revenues,20251231,9675900000.0,20241231,1292900000.0,NetIncomeLoss,20251231,1632200000.0,20241231,,,,,,2204600000.0,NetCashProvidedByUsedInOperatingActivities,20251231,2875500000.0,20241231,153800000.0,PaymentsToAcquirePropertyPlantAndEquipment,20251231,153700000.0,20241231,147100000.0,WeightedAverageNumberOfDilutedSharesOutstanding,20251231,145900000.0,20241231,29439500000.0,Assets,20251231,18256800000.0,StockholdersEquityIncludingPortionAttributableToNoncontrollingInterest,20251231,3008500000.0,CashCashEquivalentsRestrictedCashAndRestrictedCashEquivalents,20251231,,,,2050800000.0,0.022189150363273624,-0.20787893640485233,0.008224811514736086,,0.13072007764948537,0.2073483914019372,0.0708174488409798,,100.0,87.5,OK,PRESENT
WTW,WTW,WILLIS TOWERS WATSON PLC,-,0.04834,0001140536,6411,10-K,20251231,20260225,0001193125-26-069307,20260331,20260430,2025Q3;2025Q4;2026Q1;2026Q2,9708000000.0,Revenues,20251231,9930000000.0,20241231,1605000000.0,NetIncomeLoss,20251231,-98000000.0,20241231,2234000000.0,OperatingIncomeLoss,20251231,627000000.0,20241231,1775000000.0,NetCashProvidedByUsedInOperatingActivities,20251231,1512000000.0,20241231,229000000.0,PaymentsToAcquireProductiveAssets,20251231,245000000.0,20241231,,,,,,29530000000.0,Assets,20251231,7976000000.0,StockholdersEquity,20251231,3132000000.0,CashAndCashEquivalentsAtCarryingValue,20251231,6306000000.0,LongTermDebtCurrent+LongTermDebtNoncurrent,20251231+20251231,1546000000.0,-0.022356495468277893,-17.377551020408163,,0.23011948908117016,0.16532756489493203,0.1592501030078286,0.2012286860581745,0.7906218655967904,83.3,87.5,MISSING_DILUTED_SHARES,PARTIAL
STLD,STLD,STEEL DYNAMICS INC,-,0.047678,0001022671,3312,10-K,20251231,20260227,0001104659-26-021395,20260331,20260427,2025Q3;2025Q4;2026Q1;2026Q2,18176581000.0,RevenueFromContractWithCustomerExcludingAssessedTax,20251231,17540390000.0,20241231,1185595000.0,NetIncomeLoss,20251231,1537134000.0,20241231,1475986000.0,OperatingIncomeLoss,20251231,1943037000.0,20241231,1449534000.0,NetCashProvidedByUsedInOperatingActivities,20251231,1844503000.0,20241231,948025000.0,PaymentsToAcquirePropertyPlantAndEquipment,20251231,1868006000.0,20241231,148404000.0,WeightedAverageNumberOfDilutedSharesOutstanding,20251231,156136000.0,20241231,16419780000.0,Assets,20251231,8957182000.0,StockholdersEquity,20251231,769878000.0,CashAndCashEquivalentsAtCarryingValue,20251231,4211163000.0,LongTermDebtCurrent+LongTermDebtNoncurrent,20251231+20251231,501509000.0,0.03627006012979184,-0.2286976932394964,-0.04952093047087158,0.0812026200086804,0.06522651317098634,0.02759094243301312,0.1323624997236854,0.4701437349380642,100.0,100.0,OK,PRESENT
CBOE,CBOE,CBOE GLOBAL MARKETS INC,-,0.04758,0001374310,6200,10-K,20251231,20260220,0001628280-26-010013,20260331,20260501,2025Q3;2025Q4;2026Q1;2026Q2,,,,,,1100000000.0,NetIncomeLoss,20251231,764900000.0,20241231,1467100000.0,OperatingIncomeLoss,20251231,1098400000.0,20241231,1752600000.0,NetCashProvidedByUsedInOperatingActivities,20251231,1100600000.0,20241231,71000000.0,PaymentsToAcquirePropertyPlantAndEquipment,20251231,60900000.0,20241231,105100000.0,WeightedAverageNumberOfDilutedSharesOutstanding,20251231,105500000.0,20241231,9305300000.0,Assets,20251231,5138300000.0,StockholdersEquity,20251231,2216500000.0,CashAndCashEquivalentsAtCarryingValue,20251231,1442900000.0,LongTermDebtNoncurrent,20251231,1681600000.0,,0.4380964832004184,-0.0037914691943128354,,,,0.2140785863028628,0.28081272016036435,83.3,87.5,MISSING_REVENUE,PARTIAL
MLM,MLM,MARTIN MARIETTA MATERIALS,-,0.04701,0000916076,1400,10-K,20251231,20260219,0001193125-26-059193,20260331,20260430,2025Q3;2025Q4;2026Q1;2026Q2,6150000000.0,RevenueFromContractWithCustomerExcludingAssessedTax,20251231,5662000000.0,20241231,1137000000.0,NetIncomeLoss,20251231,1995000000.0,20241231,1437000000.0,OperatingIncomeLoss,20251231,2479000000.0,20241231,1785000000.0,NetCashProvidedByUsedInOperatingActivities,20251231,1459000000.0,20241231,807000000.0,PaymentsToAcquirePropertyPlantAndEquipment,20251231,855000000.0,20241231,60600000.0,WeightedAverageNumberOfDilutedSharesOutstanding,20251231,61600000.0,20241231,18711000000.0,Assets,20251231,10032000000.0,StockholdersEquity,20251231,67000000.0,CashAndCashEquivalentsAtCarryingValue,20251231,5323000000.0,LongTermDebtCurrent+LongTermDebtNoncurrent,20251231+20251231,978000000.0,0.0861886259272342,-0.43007518796992483,-0.016233766233766267,0.23365853658536587,0.1848780487804878,0.15902439024390244,0.11333732057416268,0.5306020733652312,100.0,100.0,OK,PRESENT
RJF,RJF,RAYMOND JAMES FINANCIAL INC,-,0.046716,0000720005,6211,10-K,20250930,20251125,0000720005-25-000093,20260331,20260506,2025Q3;2025Q4;2026Q1;2026Q2,15912000000.0,Revenues,20250930,14923000000.0,20240930,2135000000.0,NetIncomeLoss,20250930,2068000000.0,20240930,,,,,,2434000000.0,NetCashProvidedByUsedInOperatingActivities,20250930,2155000000.0,20240930,188000000.0,PaymentsToAcquirePropertyPlantAndEquipment,20250930,205000000.0,20240930,206600000.0,WeightedAverageNumberOfDilutedSharesOutstanding,20250930,212300000.0,20240930,88230000000.0,Assets,20250930,12503000000.0,StockholdersEquity,20250930,11389000000.0,CashAndCashEquivalentsAtCarryingValue,20250930,,,,2246000000.0,0.06627353749246123,0.03239845261121865,-0.026848798869524293,,0.134175465057818,0.14115133232780291,0.17075901783571942,,100.0,87.5,OK,PRESENT
HAL,HAL,HALLIBURTON CO,-,0.046515,0000045012,1389,10-K,20251231,20260206,0000045012-26-000015,20260331,20260424,2025Q3;2025Q4;2026Q1;2026Q2,,,,,,1283000000.0,NetIncomeLoss,20251231,2501000000.0,20241231,2260000000.0,OperatingIncomeLoss,20251231,3822000000.0,20241231,2926000000.0,NetCashProvidedByUsedInOperatingActivities,20251231,3865000000.0,20241231,1254000000.0,PaymentsToAcquireProductiveAssets,20251231,1442000000.0,20241231,853000000.0,WeightedAverageNumberOfDilutedSharesOutstanding,20251231,883000000.0,20241231,25010000000.0,Assets,20251231,10461000000.0,StockholdersEquity,20251231,2206000000.0,CashAndCashEquivalentsAtCarryingValue,20251231,7158000000.0,LongTermDebt,20251231,1672000000.0,,-0.48700519792083163,-0.033975084937712396,,,,0.12264601854507218,0.6842558072841984,83.3,87.5,MISSING_REVENUE,PARTIAL
CCL,CCL,CARNIVAL CORP LTD,-,0.046291,0000815097,4400,10-K,20251130,20260127,0000815097-26-000007,20260531,20260626,2025Q3;2025Q4;2026Q1;2026Q2,26622000000.0,RevenueFromContractWithCustomerExcludingAssessedTax,20251130,25021000000.0,20241130,2760000000.0,NetIncomeLoss,20251130,1916000000.0,20241130,4483000000.0,OperatingIncomeLoss,20251130,3574000000.0,20241130,6218000000.0,NetCashProvidedByUsedInOperatingActivities,20251130,5923000000.0,20241130,3611000000.0,PaymentsToAcquirePropertyPlantAndEquipment,20251130,4626000000.0,20241130,,,,,,51687000000.0,Assets,20251130,12284000000.0,StockholdersEquity,20251130,1928000000.0,CashAndCashEquivalentsAtCarryingValue,20251130,26640000000.0,LongTermDebtCurrent+LongTermDebtNoncurrent,20251130+20251130,2607000000.0,0.06398625154869908,0.44050104384133615,,0.1683945608894899,0.10367365336939373,0.09792652693261213,0.22468251383914034,2.1686746987951806,83.3,87.5,MISSING_DILUTED_SHARES,PARTIAL
CTSH,CTSH,COGNIZANT TECH SOLUTIONS A,-,0.046257,0001058290,7371,10-K,20251231,20260212,0001058290-26-000008,20260331,20260429,2025Q3;2025Q4;2026Q1;2026Q2,21108000000.0,Revenues,20251231,19736000000.0,20241231,2230000000.0,NetIncomeLoss,20251231,2240000000.0,20241231,3389000000.0,OperatingIncomeLoss,20251231,2892000000.0,20241231,2883000000.0,NetCashProvidedByUsedInOperatingActivities,20251231,2124000000.0,20241231,288000000.0,PaymentsToAcquirePropertyPlantAndEquipment,20251231,297000000.0,20241231,489000000.0,WeightedAverageNumberOfDilutedSharesOutstanding,20251231,497000000.0,20241231,20692000000.0,Assets,20251231,15015000000.0,StockholdersEquity,20251231,1901000000.0,CashAndCashEquivalentsAtCarryingValue,20251231,576000000.0,ShortTermBorrowings+LongTermDebtNoncurrent,20251231+20251231,2595000000.0,0.0695176327523308,-0.004464285714285698,-0.01609657947686116,0.1605552397195376,0.105647148000758,0.12293916998294485,0.1485181485181485,0.03836163836163836,100.0,100.0,OK,PRESENT
ARES,ARES,ARES MANAGEMENT CORP A,-,0.04564,0001176948,6282,10-K,20251231,20260225,0001628280-26-011413,20260331,20260508,2025Q3;2025Q4;2026Q1;2026Q2,5601482000.0,RevenueFromContractWithCustomerExcludingAssessedTax,20251231,3884781000.0,20241231,527362000.0,NetIncomeLoss,20251231,463742000.0,20241231,,,,,,3266959000.0,NetCashProvidedByUsedInOperatingActivities,20251231,2791154000.0,20241231,,,,,,,,,,,28633369000.0,Assets,20251231,4275463000.0,StockholdersEquity,20251231,488896000.0,CashCashEquivalentsRestrictedCashAndRestrictedCashEquivalents,20251231,,,,,0.4419041897085061,0.13718835041898303,,,0.09414687041750737,,0.12334617326825188,,83.3,62.5,MISSING_DILUTED_SHARES,PARTIAL
CNC,CNC,CENTENE CORP,-,0.045557,0001071739,6324,10-K,20251231,20260217,0001071739-26-000049,20260331,20260428,2025Q3;2025Q4;2026Q1;2026Q2,174581000000.0,RevenueFromContractWithCustomerExcludingAssessedTax,20251231,145505000000.0,20241231,-6674000000.0,NetIncomeLoss,20251231,3305000000.0,20241231,-7623000000.0,OperatingIncomeLoss,20251231,3175000000.0,20241231,5088000000.0,NetCashProvidedByUsedInOperatingActivities,20251231,154000000.0,20241231,767000000.0,PaymentsToAcquirePropertyPlantAndEquipment,20251231,644000000.0,20241231,493116000.0,WeightedAverageNumberOfDilutedSharesOutstanding,20251231,523744000.0,20241231,76747000000.0,Assets,20251231,19953000000.0,StockholdersEquity,20251231,17888000000.0,CashAndCashEquivalentsAtCarryingValue,20251231,17401000000.0,LongTermDebtCurrent+LongTermDebtNoncurrent,20251231+20251231,4321000000.0,0.19982818459846752,-3.0193645990922846,-0.0584789515488483,-0.043664545397265456,-0.03822867322331754,0.02475068879202204,-0.33448604219916805,0.8720994336691225,100.0,100.0,OK,PRESENT
EXR,EXR,EXTRA SPACE STORAGE INC,-,0.04505,0001289490,6798,10-K,20251231,20260220,0001289490-26-000011,20260331,20260501,2025Q3;2025Q4;2026Q1;2026Q2,129476000.0,RevenueFromContractWithCustomerExcludingAssessedTax,20251231,120855000.0,20241231,973999000.0,NetIncomeLoss,20251231,854681000.0,20241231,1412691000.0,OperatingIncomeLoss,20251231,1323360000.0,20241231,1850193000.0,NetCashProvidedByUsedInOperatingActivities,20251231,1887430000.0,20241231,,,,,,211850521.0,WeightedAverageNumberOfDilutedSharesOutstanding,20251231,211577680.0,20241231,29264046000.0,Assets,20251231,13433166000.0,StockholdersEquity,20251231,138920000.0,CashAndCashEquivalentsAtCarryingValue,20251231,,,,,0.0713334160771173,0.13960530303118945,0.0012895547394224938,10.910832895671785,7.522621953103278,,0.07250703222159244,,100.0,75.0,OK,PRESENT
AEE,AEE,AMEREN CORPORATION,-,0.04433,0001002910,4931,10-K,20251231,20260218,0001002910-26-000009,20260331,20260508,2025Q3;2025Q4;2026Q1;2026Q2,,,,,,1461000000.0,ProfitLoss,20251231,1187000000.0,20241231,2026000000.0,OperatingIncomeLoss,20251231,1516000000.0,20241231,3353000000.0,NetCashProvidedByUsedInOperatingActivities,20251231,2763000000.0,20241231,4128000000.0,PaymentsToAcquirePropertyPlantAndEquipment,20251231,4319000000.0,20241231,272200000.0,WeightedAverageNumberOfDilutedSharesOutstanding,20251231,267400000.0,20241231,48476000000.0,Assets,20251231,13401000000.0,StockholdersEquity,20251231,13000000.0,CashAndCashEquivalentsAtCarryingValue,20251231,19187000000.0,LongTermDebtCurrent+LongTermDebtNoncurrent,20251231+20251231,-775000000.0,,0.23083403538331937,0.017950635751682764,,,,0.10902171479740318,1.4317588239683605,83.3,87.5,MISSING_REVENUE,PARTIAL
CPRT,CPRT,COPART INC,-,0.044193,0000900075,5500,10-K,20250731,20250926,0001628280-25-042946,20260430,20260529,2025Q3;2025Q4;2026Q1;2026Q2,,,,,,1552449000.0,NetIncomeLoss,20250731,1363020000.0,20240731,1696714000.0,OperatingIncomeLoss,20250731,1572023000.0,20240731,1799750000.0,NetCashProvidedByUsedInOperatingActivities,20250731,1472564000.0,20240731,568990000.0,PaymentsToAcquirePropertyPlantAndEquipment,20250731,510990000.0,20240731,977563000.0,WeightedAverageNumberOfDilutedSharesOutstanding,20250731,974798000.0,20240731,10090902000.0,Assets,20250731,9187033000.0,StockholdersEquityIncludingPortionAttributableToNoncontrollingInterest,20250731,2780531000.0,CashCashEquivalentsRestrictedCashAndRestrictedCashEquivalents,20250731,,,,1230760000.0,,0.13897741779284245,0.0028364850974254008,,,,0.16898263019192378,,83.3,75.0,MISSING_REVENUE,PARTIAL
PCG,PCG,P G + E CORP,-,0.044171,0001004980,4931,10-K,20251231,20260212,0001004980-26-000009,20260331,20260423,2025Q3;2025Q4;2026Q1;2026Q2,24935000000.0,Revenues,20251231,24419000000.0,20241231,2703000000.0,ProfitLoss,20251231,2512000000.0,20241231,4749000000.0,OperatingIncomeLoss,20251231,4459000000.0,20241231,8716000000.0,NetCashProvidedByUsedInOperatingActivities,20251231,8035000000.0,20241231,11787000000.0,PaymentsToAcquirePropertyPlantAndEquipment,20251231,10369000000.0,20241231,2202000000.0,WeightedAverageNumberOfDilutedSharesOutstanding,20251231,2147000000.0,20241231,141611000000.0,Assets,20251231,32540000000.0,StockholdersEquity,20251231,713000000.0,CashAndCashEquivalentsAtCarryingValue,20251231,58208000000.0,LongTermDebtCurrent+LongTermDebtNoncurrent,20251231+20251231,-3071000000.0,0.021131086449076575,0.07603503184713367,0.02561714019562178,0.1904551834770403,0.10840184479647083,-0.12316021656306396,0.08306699446834664,1.7888137676705593,100.0,100.0,OK,PRESENT
CFG,CFG,CITIZENS FINANCIAL GROUP,-,0.044019,0000759944,6022,10-K,20251231,20260212,0000759944-26-000028,20260331,20260504,2025Q3;2025Q4;2026Q1;2026Q2,,,,,,1831000000.0,NetIncomeLoss,20251231,1509000000.0,20241231,,,,,,2211000000.0,NetCashProvidedByUsedInOperatingActivities,20251231,2001000000.0,20241231,,,,,,436890731.0,WeightedAverageNumberOfDilutedSharesOutstanding,20251231,453510245.0,20241231,226351000000.0,Assets,20251231,26317000000.0,StockholdersEquity,20251231,12727000000.0,CashCashEquivalentsRestrictedCashAndRestrictedCashEquivalents,20251231,11224000000.0,LongTermDebt,20251231,,,0.21338634857521543,-0.036646391527494604,,,,0.06957479955922027,0.42649238135045786,83.3,75.0,MISSING_REVENUE,PARTIAL
ON,ON,ON SEMICONDUCTOR,-,0.043887,0001097864,3674,10-K,20251231,20260209,0001097864-26-000006,20260331,20260504,2025Q3;2025Q4;2026Q1;2026Q2,5995400000.0,RevenueFromContractWithCustomerExcludingAssessedTax,20251231,7082300000.0,20241231,121000000.0,NetIncomeLoss,20251231,1572800000.0,20241231,84200000.0,OperatingIncomeLoss,20251231,1767700000.0,20241231,1759800000.0,NetCashProvidedByUsedInOperatingActivities,20251231,1906400000.0,20241231,341200000.0,PaymentsToAcquirePropertyPlantAndEquipment,20251231,694000000.0,20241231,411800000.0,WeightedAverageNumberOfDilutedSharesOutstanding,20251231,432700000.0,20241231,12524100000.0,Assets,20251231,7673300000.0,StockholdersEquity,20251231,2147600000.0,CashAndCashEquivalentsAtCarryingValue,20251231,2980500000.0,LongTermDebtNoncurrent,20251231,1418600000.0,-0.15346709402312808,-0.9230671414038657,-0.04830136353131498,0.014044100477032391,0.020182139640390968,0.23661473796577376,0.015768965112793715,0.38842479767505506,100.0,100.0,OK,PRESENT
LYV,LYV,LIVE NATION ENTERTAINMENT IN,-,0.043032,0001335258,7900,10-K,20251231,20260219,0001335258-26-000009,20260331,20260505,2025Q3;2025Q4;2026Q1;2026Q2,25201406000.0,Revenues,20251231,23155625000.0,20241231,495972000.0,NetIncomeLoss,20251231,896287000.0,20241231,1251217000.0,OperatingIncomeLoss,20251231,824510000.0,20241231,1395316000.0,NetCashProvidedByUsedInOperatingActivities,20251231,1725175000.0,20241231,1061705000.0,PaymentsToAcquirePropertyPlantAndEquipment,20251231,646634000.0,20241231,231844300.0,WeightedAverageNumberOfDilutedSharesOutstanding,20251231,236352449.0,20241231,22912533000.0,Assets,20251231,271007000.0,StockholdersEquity,20251231,7094200000.0,CashAndCashEquivalentsAtCarryingValue,20251231,7612018000.0,LongTermDebtAndCapitalLeaseObligations,20251231,333611000.0,0.08834920240762223,-0.44663707049192947,-0.01907384086381947,0.049648698171840096,0.019680330533939257,0.01323779316122283,1.8301077093949603,28.08790178851469,100.0,100.0,OK,PRESENT
FISV,FISV,FISERV INC,-,0.042968,0000798354,7389,10-K,20251231,20260219,0000798354-26-000009,20260331,20260506,2025Q3;2025Q4;2026Q1;2026Q2,21193000000.0,Revenues,20251231,20456000000.0,20241231,3480000000.0,NetIncomeLoss,20251231,3131000000.0,20241231,5818000000.0,OperatingIncomeLoss,20251231,5879000000.0,20241231,6062000000.0,NetCashProvidedByUsedInOperatingActivities,20251231,6631000000.0,20241231,1763000000.0,PaymentsToAcquirePropertyPlantAndEquipment,20251231,1569000000.0,20241231,549000000.0,WeightedAverageNumberOfDilutedSharesOutstanding,20251231,582100000.0,20241231,80133000000.0,Assets,20251231,25792000000.0,StockholdersEquity,20251231,798000000.0,CashAndCashEquivalentsAtCarryingValue,20251231,27758000000.0,LongTermDebtAndCapitalLeaseObligations,20251231,4299000000.0,0.03602854908095421,0.11146598530820828,-0.056863081944683036,0.2745246071816166,0.16420516208181946,0.20284999764073042,0.1349255583126551,1.0762251861042185,100.0,100.0,OK,PRESENT
TDY,TDY,TELEDYNE TECHNOLOGIES INC,-,0.042931,0001094285,3812,10-K,20251231,20260220,0001094285-26-000017,20260331,20260424,2025Q3;2025Q4;2026Q1;2026Q2,6115400000.0,RevenueFromContractWithCustomerExcludingAssessedTax,20251231,5670000000.0,20241231,894800000.0,NetIncomeLoss,20251231,819200000.0,20241231,1149800000.0,OperatingIncomeLoss,20251231,989100000.0,20241231,1191300000.0,NetCashProvidedByUsedInOperatingActivities,20251231,1191900000.0,20241231,117300000.0,PaymentsToAcquirePropertyPlantAndEquipment,20251231,83700000.0,20241231,47400000.0,WeightedAverageNumberOfDilutedSharesOutstanding,20251231,47600000.0,20241231,15285300000.0,Assets,20251231,10513900000.0,StockholdersEquity,20251231,352400000.0,CashAndCashEquivalentsAtCarryingValue,20251231,2475400000.0,LongTermDebtCurrent+LongTermDebtNoncurrent,20251231+20251231,1074000000.0,0.0785537918871253,0.09228515625,-0.004201680672268893,0.18801713706380613,0.14631912875690878,0.1756221996925794,0.0851063829787234,0.23544070230837272,100.0,100.0,OK,PRESENT
MTD,MTD,METTLER TOLEDO INTERNATIONAL,-,0.042689,0001037646,3826,10-K,20251231,20260206,0001037646-26-000011,20260331,20260508,2025Q3;2025Q4;2026Q1;2026Q2,4026399000.0,Revenues,20251231,3872361000.0,20241231,869193000.0,NetIncomeLoss,20251231,863140000.0,20241231,,,,,,955772000.0,NetCashProvidedByUsedInOperatingActivities,20251231,968346000.0,20241231,107124000.0,PaymentsToAcquirePropertyPlantAndEquipment,20251231,103898000.0,20241231,20671708.0,WeightedAverageNumberOfDilutedSharesOutstanding,20251231,21320641.0,20241231,3712646000.0,Assets,20251231,-23636000.0,StockholdersEquity,20251231,66888000.0,CashCashEquivalentsRestrictedCashAndRestrictedCashEquivalents,20251231,2088241000.0,LongTermDebtNoncurrent,20251231,848648000.0,0.03977883260367521,0.0070127673378594935,-0.030436842869780545,,0.2158735386135353,0.21077096432817513,-36.77411575562701,-88.35001692333728,100.0,100.0,OK,PRESENT
DTE,DTE,DTE ENERGY COMPANY,-,0.042649,0000936340,4911,10-K,20251231,20260217,0000936340-26-000054,20260331,20260430,2025Q3;2025Q4;2026Q1;2026Q2,,,,,,1462000000.0,NetIncomeLoss,20251231,1404000000.0,20241231,2374000000.0,OperatingIncomeLoss,20251231,2091000000.0,20241231,3409000000.0,NetCashProvidedByUsedInOperatingActivities,20251231,3643000000.0,20241231,,,,,,207000000.0,WeightedAverageNumberOfDilutedSharesOutstanding,20251231,207000000.0,20241231,54066000000.0,Assets,20251231,12303000000.0,StockholdersEquity,20251231,208000000.0,CashAndCashEquivalentsAtCarryingValue,20251231,23785000000.0,LongTermDebtAndCapitalLeaseObligations,20251231,,,0.04131054131054124,0.0,,,,0.11883280500690889,1.9332683085426319,83.3,75.0,MISSING_REVENUE,PARTIAL
VICI,VICI,VICI PROPERTIES INC,-,0.042324,0001705696,6798,10-K,20251231,20260225,0001705696-26-000034,20260331,20260429,2025Q3;2025Q4;2026Q1;2026Q2,4006116000.0,Revenues,20251231,3849205000.0,20241231,2775493000.0,NetIncomeLoss,20251231,2678810000.0,20241231,,,,,,2509991000.0,NetCashProvidedByUsedInOperatingActivities,20251231,2381498000.0,20241231,,,,,,1062693062.0,WeightedAverageNumberOfDilutedSharesOutstanding,20251231,1047675111.0,20241231,46724168000.0,Assets,20251231,27797640000.0,StockholdersEquity,20251231,563479000.0,CashAndCashEquivalentsAtCarryingValue,20251231,16773241000.0,LongTermDebt,20251231,,0.04076452150509002,0.03609177209283221,0.014334549749554837,,0.6928139374895784,,0.0998463538631337,0.6034052171335408,100.0,87.5,OK,PRESENT
DG,DG,DOLLAR GENERAL CORP,-,0.042243,0000029534,5331,10-K,20260131,20260320,0001104659-26-032325,20260430,20260602,2025Q3;2025Q4;2026Q1;2026Q2,42724369000.0,RevenueFromContractWithCustomerExcludingAssessedTax,20260131,40612308000.0,20250131,1512311000.0,NetIncomeLoss,20260131,1125253000.0,20250131,2203668000.0,OperatingIncomeLoss,20260131,1714074000.0,20250131,3634500000.0,NetCashProvidedByUsedInOperatingActivities,20260131,2996064000.0,20250131,1241162000.0,PaymentsToAcquireProductiveAssets,20260131,1309888000.0,20250131,220814000.0,WeightedAverageNumberOfDilutedSharesOutstanding,20260131,220027000.0,20250131,30963730000.0,Assets,20260131,8511962000.0,StockholdersEquity,20260131,1138501000.0,CashAndCashEquivalentsAtCarryingValue,20260131,4565881000.0,LongTermDebtAndCapitalLeaseObligations,20260131,2393338000.0,0.052005441306118394,0.34397419958000564,0.0035768337522212867,0.05157871377807827,0.03539691832546433,0.05601810058329943,0.17766890876627503,0.5364075873459021,100.0,100.0,OK,PRESENT
CASY,CASY,CASEY S GENERAL STORES INC,-,0.042079,0000726958,5500,10-K,20260430,20260622,0000726958-26-000046,20260131,20260309,2025Q3;2025Q4;2026Q1;2026Q2,17561101000.0,Revenues,20260430,15940899000.0,20250430,714448000.0,NetIncomeLoss,20260430,546520000.0,20250430,,,,,,1377540000.0,NetCashProvidedByUsedInOperatingActivities,20260430,1090854000.0,20250430,655920000.0,PaymentsToAcquirePropertyPlantAndEquipment,20260430,506224000.0,20250430,,,,,,8936055000.0,Assets,20260430,3951719000.0,StockholdersEquity,20260430,522991000.0,CashAndCashEquivalentsAtCarryingValue,20260430,2431594000.0,LongTermDebtCurrent+LongTermDebtNoncurrent,20260430+20260430,721620000.0,0.10163805692514583,0.30726780355705197,,,0.04068355395256824,0.0410919565920155,0.18079423157365188,0.6153256342366449,83.3,87.5,MISSING_DILUTED_SHARES,PARTIAL
ATO,ATO,ATMOS ENERGY CORP,-,0.041693,0000731802,4924,10-K,20250930,20251114,0000731802-25-000056,20260331,20260506,2025Q3;2025Q4;2026Q1;2026Q2,4702755000.0,Revenues,20250930,4165187000.0,20240930,1198754000.0,NetIncomeLoss,20250930,1042895000.0,20240930,1559971000.0,OperatingIncomeLoss,20250930,1355362000.0,20240930,2049456000.0,NetCashProvidedByUsedInOperatingActivities,20250930,1733746000.0,20240930,3561399000.0,PaymentsToAcquireProductiveAssets,20250930,2937124000.0,20240930,160573000.0,WeightedAverageNumberOfDilutedSharesOutstanding,20250930,152666000.0,20240930,28249522000.0,Assets,20250930,13558890000.0,StockholdersEquity,20250930,202687000.0,CashAndCashEquivalentsAtCarryingValue,20250930,8907169000.0,LongTermDebtAndCapitalLeaseObligations,20250930,-1511943000.0,0.12906215255161424,0.1494484104344158,0.051792802588657594,0.33171428237277933,0.25490462505488803,-0.32150154537074543,0.08841092449308166,0.6569246450115017,100.0,100.0,OK,PRESENT
HPQ,HPQ,HP INC,-,0.041524,0000047217,3570,10-K,20251031,20251210,0000047217-25-000071,20260430,20260528,2025Q3;2025Q4;2026Q1;2026Q2,55295000000.0,Revenues,20251031,53559000000.0,20241031,2529000000.0,NetIncomeLoss,20251031,2775000000.0,20241031,3174000000.0,OperatingIncomeLoss,20251031,3818000000.0,20241031,3697000000.0,NetCashProvidedByUsedInOperatingActivities,20251031,3749000000.0,20241031,897000000.0,PaymentsToAcquireProductiveAssets,20251031,592000000.0,20241031,953000000.0,WeightedAverageNumberOfDilutedSharesOutstanding,20251031,989000000.0,20241031,41769000000.0,Assets,20251031,-346000000.0,StockholdersEquity,20251031,3705000000.0,CashCashEquivalentsRestrictedCashAndRestrictedCashEquivalents,20251031,8821000000.0,LongTermDebtNoncurrent,20251031,2800000000.0,0.0324128531152561,-0.08864864864864863,-0.03640040444893833,0.057401211682792296,0.04573650420472014,0.05063748982728999,-7.309248554913295,-25.49421965317919,100.0,100.0,OK,PRESENT
IR,IR,INGERSOLL RAND INC,-,0.041431,0001699150,3560,10-K,20251231,20260217,0001628280-26-008617,20260331,20260429,2025Q3;2025Q4;2026Q1;2026Q2,7650900000.0,RevenueFromContractWithCustomerExcludingAssessedTax,20251231,7235000000.0,20241231,581400000.0,NetIncomeLoss,20251231,838600000.0,20241231,1144600000.0,OperatingIncomeLoss,20251231,1300100000.0,20241231,1355700000.0,NetCashProvidedByUsedInOperatingActivities,20251231,1396700000.0,20241231,135600000.0,PaymentsToAcquireProductiveAssets,20251231,149100000.0,20241231,,,,,,18297200000.0,Assets,20251231,10089800000.0,StockholdersEquity,20251231,1248800000.0,CashAndCashEquivalentsAtCarryingValue,20251231,4783300000.0,LongTermDebtAndCapitalLeaseObligations,20251231,1220100000.0,0.05748445058742235,-0.30670164559980917,,0.14960331464272178,0.07599105987530878,0.15947143473316866,0.057622549505441135,0.4740728260223196,83.3,87.5,MISSING_DILUTED_SHARES,PARTIAL
OTIS,OTIS,OTIS WORLDWIDE CORP,-,0.041251,0001781335,3600,10-K,20251231,20260205,0001781335-26-000011,20260331,20260423,2025Q3;2025Q4;2026Q1;2026Q2,14431000000.0,RevenueFromContractWithCustomerExcludingAssessedTax,20251231,14261000000.0,20241231,1384000000.0,NetIncomeLoss,20251231,1645000000.0,20241231,2133000000.0,OperatingIncomeLoss,20251231,2008000000.0,20241231,1596000000.0,NetCashProvidedByUsedInOperatingActivities,20251231,1563000000.0,20241231,152000000.0,PaymentsToAcquireProductiveAssets,20251231,126000000.0,20241231,394900000.0,WeightedAverageNumberOfDilutedSharesOutstanding,20251231,404400000.0,20241231,10653000000.0,Assets,20251231,-5392000000.0,StockholdersEquity,20251231,1096000000.0,CashAndCashEquivalentsAtCarryingValue,20251231,6900000000.0,LongTermDebtNoncurrent,20251231,1444000000.0,0.011920622677231707,-0.15866261398176296,-0.023491592482690393,0.14780680479523248,0.09590464971242464,0.10006236574041993,-0.25667655786350146,-1.279673590504451,100.0,100.0,OK,PRESENT
LH,LH,LABCORP HOLDINGS INC,-,0.041245,0000920148,8071,10-K,20251231,20260224,0000920148-26-000111,20260331,20260504,2025Q3;2025Q4;2026Q1;2026Q2,13951700000.0,Revenues,20251231,13008900000.0,20241231,876500000.0,NetIncomeLoss,20251231,746000000.0,20241231,1384700000.0,OperatingIncomeLoss,20251231,1086700000.0,20241231,1640500000.0,NetCashProvidedByUsedInOperatingActivities,20251231,1585800000.0,20241231,434500000.0,PaymentsToAcquirePropertyPlantAndEquipment,20251231,489900000.0,20241231,,,,,,18392700000.0,Assets,20251231,8619800000.0,StockholdersEquity,20251231,532300000.0,CashAndCashEquivalentsAtCarryingValue,20251231,5584700000.0,LongTermDebtCurrent+LongTermDebtNoncurrent,20251231+20251231,1206000000.0,0.07247346047705805,0.17493297587131362,,0.09924955381781432,0.06282388526129433,0.08644107886494119,0.10168449383976426,0.647892062460846,83.3,87.5,MISSING_DILUTED_SHARES,PARTIAL
AWK,AWK,AMERICAN WATER WORKS CO INC,-,0.040797,0001410636,4941,10-K,20251231,20260218,0001410636-26-000034,20260331,20260429,2025Q3;2025Q4;2026Q1;2026Q2,,,,,,1111000000.0,NetIncomeLoss,20251231,1051000000.0,20241231,1879000000.0,OperatingIncomeLoss,20251231,1718000000.0,20241231,2059000000.0,NetCashProvidedByUsedInOperatingActivities,20251231,2045000000.0,20241231,3126000000.0,PaymentsToAcquirePropertyPlantAndEquipment,20251231,2856000000.0,20241231,195000000.0,WeightedAverageNumberOfDilutedSharesOutstanding,20251231,195000000.0,20241231,35442000000.0,Assets,20251231,10837000000.0,StockholdersEquity,20251231,98000000.0,CashAndCashEquivalentsAtCarryingValue,20251231,12777000000.0,LongTermDebtAndCapitalLeaseObligations,20251231,-1067000000.0,,0.057088487155090295,0.0,,,,0.10251914736550706,1.1790163329334686,83.3,87.5,MISSING_REVENUE,PARTIAL
WSM,WSM,WILLIAMS SONOMA INC,-,0.040616,0000719955,5700,10-K,20260131,20260326,0000719955-26-000059,20260430,20260522,2025Q3;2025Q4;2026Q1;2026Q2,7806816000.0,RevenueFromContractWithCustomerExcludingAssessedTax,20260131,7711541000.0,20250131,1088437000.0,NetIncomeLoss,20260131,1125251000.0,20250131,1415722000.0,OperatingIncomeLoss,20260131,1430184000.0,20250131,1314889000.0,NetCashProvidedByUsedInOperatingActivities,20260131,1360222000.0,20250131,259438000.0,PaymentsToAcquirePropertyPlantAndEquipment,20260131,221567000.0,20250131,123153000.0,WeightedAverageNumberOfDilutedSharesOutstanding,20260131,128041000.0,20250131,5411912000.0,Assets,20260131,2082559000.0,StockholdersEquity,20260131,1019801000.0,CashAndCashEquivalentsAtCarryingValue,20260131,,,,1055451000.0,0.012354858775956767,-0.0327162561952844,-0.03817527198319293,0.1813443534470391,0.13942137229825835,0.13519609018580686,0.5226440163279887,,100.0,87.5,OK,PRESENT
DGX,DGX,QUEST DIAGNOSTICS INC,-,0.040202,0001022079,8071,10-K,20251231,20260226,0001022079-26-000015,20260331,20260422,2025Q3;2025Q4;2026Q1;2026Q2,11035000000.0,RevenueFromContractWithCustomerExcludingAssessedTax,20251231,9872000000.0,20241231,992000000.0,NetIncomeLoss,20251231,871000000.0,20241231,1556000000.0,OperatingIncomeLoss,20251231,1346000000.0,20241231,1886000000.0,NetCashProvidedByUsedInOperatingActivities,20251231,1334000000.0,20241231,527000000.0,PaymentsToAcquirePropertyPlantAndEquipment,20251231,425000000.0,20241231,,,,,,16225000000.0,Assets,20251231,7170000000.0,StockholdersEquity,20251231,420000000.0,CashAndCashEquivalentsAtCarryingValue,20251231,5167000000.0,LongTermDebtAndCapitalLeaseObligations,20251231,1359000000.0,0.11780794165316055,0.13892078071182556,,0.14100589034888988,0.08989578613502493,0.12315360217489806,0.13835425383542538,0.7206415620641562,83.3,87.5,MISSING_DILUTED_SHARES,PARTIAL
FICO,FICO,FAIR ISAAC CORP,-,0.040161,0000814547,7389,10-K,20250930,20251107,0000814547-25-000030,20260331,20260428,2025Q3;2025Q4;2026Q1;2026Q2,1990869000.0,RevenueFromContractWithCustomerExcludingAssessedTax,20250930,1717526000.0,20240930,651946000.0,NetIncomeLoss,20250930,512811000.0,20240930,924850000.0,OperatingIncomeLoss,20250930,733629000.0,20240930,778807000.0,NetCashProvidedByUsedInOperatingActivities,20250930,632964000.0,20240930,8922000.0,PaymentsToAcquirePropertyPlantAndEquipment,20250930,8884000.0,20240930,24561000.0,WeightedAverageNumberOfDilutedSharesOutstanding,20250930,25079000.0,20240930,1868133000.0,Assets,20250930,-1745784000.0,StockholdersEquity,20250930,134136000.0,CashAndCashEquivalentsAtCarryingValue,20250930,3055691000.0,LongTermDebtCurrent+LongTermDebtNoncurrent,20250930+20250930,769885000.0,0.15914926469817625,0.2713182829541487,-0.020654731049882358,0.46454588423447246,0.3274680554069605,0.38670801544451194,-0.3734402423209286,-1.7503259280644112,100.0,100.0,OK,PRESENT
CPAY,CPAY,CORPAY INC,-,0.039947,0001175454,7389,10-K,20251231,20260227,0001175454-26-000018,20260331,20260508,2025Q3;2025Q4;2026Q1;2026Q2,4528403000.0,Revenues,20251231,3974589000.0,20241231,1069826000.0,NetIncomeLoss,20251231,1003746000.0,20241231,1994108000.0,OperatingIncomeLoss,20251231,1787157000.0,20241231,1499901000.0,NetCashProvidedByUsedInOperatingActivities,20251231,1940565000.0,20241231,200756000.0,PaymentsToAcquirePropertyPlantAndEquipment,20251231,175176000.0,20241231,71058000.0,WeightedAverageNumberOfDilutedSharesOutstanding,20251231,71848000.0,20241231,26408135000.0,Assets,20251231,3883864000.0,StockholdersEquity,20251231,2408097000.0,CashAndCashEquivalentsAtCarryingValue,20251231,,,,1299145000.0,0.13933868382366077,0.06583338812807216,-0.01099543480681442,0.44035568389120844,0.23624796644644921,0.2868881148608019,0.2754540323760049,,100.0,87.5,OK,PRESENT
ES,ES,EVERSOURCE ENERGY,-,0.039813,0000072741,4911,10-K,20251231,20260217,0001628280-26-008461,20260331,20260507,2025Q3;2025Q4;2026Q1;2026Q2,13547244000.0,Revenues,20251231,11900809000.0,20241231,1699891000.0,ProfitLoss,20251231,819172000.0,20241231,2988589000.0,OperatingIncomeLoss,20251231,2408709000.0,20241231,4113572000.0,NetCashProvidedByUsedInOperatingActivities,20251231,2159737000.0,20241231,4158669000.0,PaymentsToAcquirePropertyPlantAndEquipment,20251231,4480529000.0,20241231,371259264.0,WeightedAverageNumberOfDilutedSharesOutstanding,20251231,357779408.0,20241231,63786711000.0,Assets,20251231,16197271000.0,StockholdersEquity,20251231,246245000.0,CashCashEquivalentsRestrictedCashAndRestrictedCashEquivalents,20251231,28265381000.0,LongTermDebtCurrent+LongTermDebtNoncurrent,20251231+20251231,-45097000.0,0.13834647711764814,1.0751331832631,0.03767644447552998,0.2206049437066314,0.1254787320579743,-0.0033288689566674965,0.1049492226190449,1.745070573925694,100.0,100.0,OK,PRESENT
CINF,CINF,CINCINNATI FINANCIAL CORP,-,0.03973,0000020286,6331,10-K,20251231,20260223,0000020286-26-000008,20260331,20260427,2025Q3;2025Q4;2026Q1;2026Q2,12631000000.0,Revenues,20251231,11337000000.0,20241231,2393000000.0,NetIncomeLoss,20251231,2292000000.0,20241231,,,,,,3112000000.0,NetCashProvidedByUsedInOperatingActivities,20251231,2649000000.0,20241231,20000000.0,PaymentsToAcquirePropertyPlantAndEquipment,20251231,22000000.0,20241231,,,,,,41002000000.0,Assets,20251231,15911000000.0,StockholdersEquity,20251231,1431000000.0,CashCashEquivalentsRestrictedCashAndRestrictedCashEquivalents,20251231,861000000.0,LongTermDebtAndCapitalLeaseObligations,20251231,3092000000.0,0.11413954308900065,0.04406631762652702,,,0.18945451666534716,0.244794553083683,0.15039909496574697,0.05411350637923449,83.3,87.5,MISSING_DILUTED_SHARES,PARTIAL
DOV,DOV,DOVER CORP,-,0.039564,0000029905,3530,10-K,20251231,20260213,0000029905-26-000009,20260331,20260423,2025Q3;2025Q4;2026Q1;2026Q2,8092571000.0,RevenueFromContractWithCustomerExcludingAssessedTax,20251231,7745909000.0,20241231,1093956000.0,NetIncomeLoss,20251231,2697126000.0,20241231,1373361000.0,OperatingIncomeLoss,20251231,1206355000.0,20241231,,,,,,220263000.0,PaymentsToAcquirePropertyPlantAndEquipment,20251231,167533000.0,20241231,137777000.0,WeightedAverageNumberOfDilutedSharesOutstanding,20251231,138696000.0,20241231,13422423000.0,Assets,20251231,7405206000.0,StockholdersEquity,20251231,1676808000.0,CashCashEquivalentsRestrictedCashAndRestrictedCashEquivalents,20251231,3327972000.0,ShortTermBorrowings+LongTermDebtNoncurrent,20251231+20251231,,0.04475420509071304,-0.5943993717757345,-0.00662600219184406,0.16970638873603952,0.13518027830710413,,0.14772796327340523,0.44940978009254573,83.3,87.5,MISSING_OPERATING_CASH_FLOW,PARTIAL
XYL,XYL,XYLEM INC,-,0.039561,0001524472,3561,10-K,20251231,20260225,0001524472-26-000012,20260331,20260428,2025Q3;2025Q4;2026Q1;2026Q2,9035000000.0,RevenueFromContractWithCustomerExcludingAssessedTax,20251231,8562000000.0,20241231,957000000.0,NetIncomeLoss,20251231,890000000.0,20241231,1223000000.0,OperatingIncomeLoss,20251231,1009000000.0,20241231,1241000000.0,NetCashProvidedByUsedInOperatingActivities,20251231,1263000000.0,20241231,331000000.0,PaymentsToAcquireProductiveAssets,20251231,321000000.0,20241231,243994000.0,WeightedAverageNumberOfDilutedSharesOutstanding,20251231,243521000.0,20241231,17634000000.0,Assets,20251231,11480000000.0,StockholdersEquity,20251231,1479000000.0,CashAndCashEquivalentsAtCarryingValue,20251231,1408000000.0,LongTermDebtNoncurrent,20251231,910000000.0,0.055244101845363325,0.07528089887640443,0.0019423376218068444,0.13536247924737133,0.10592141671278361,0.10071942446043165,0.0833623693379791,0.12264808362369338,100.0,100.0,OK,PRESENT
HSY,HSY,HERSHEY CO/THE,-,0.03955,0000047111,2060,10-K,20251231,20260217,0001628280-26-008586,20260331,20260430,2025Q3;2025Q4;2026Q1;2026Q2,11692576000.0,RevenueFromContractWithCustomerExcludingAssessedTax,20251231,11202263000.0,20241231,883259000.0,NetIncomeLoss,20251231,2221239000.0,20241231,1441528000.0,OperatingIncomeLoss,20251231,2898232000.0,20241231,2277367000.0,NetCashProvidedByUsedInOperatingActivities,20251231,2531596000.0,20241231,454622000.0,PaymentsToAcquirePropertyPlantAndEquipment,20251231,605942000.0,20241231,,,,,,13741297000.0,Assets,20251231,4636750000.0,StockholdersEquity,20251231,925859000.0,CashCashEquivalentsRestrictedCashAndRestrictedCashEquivalents,20251231,4681194000.0,LongTermDebtAndCapitalLeaseObligations,20251231,1822745000.0,0.043769102725047526,-0.602357513081663,,0.12328574986384523,0.07554015471013402,0.15588908722936673,0.19049096888984743,1.009585162020812,83.3,87.5,MISSING_DILUTED_SHARES,PARTIAL
SYF,SYF,SYNCHRONY FINANCIAL,-,0.039189,0001601712,6199,10-K,20251231,20260206,0001601712-26-000006,20260331,20260423,2025Q3;2025Q4;2026Q1;2026Q2,,,,,,3552000000.0,NetIncomeLoss,20251231,3499000000.0,20241231,,,,,,9851000000.0,NetCashProvidedByUsedInOperatingActivities,20251231,9848000000.0,20241231,,,,,,,,,,,119095000000.0,Assets,20251231,16766000000.0,StockholdersEquity,20251231,14973000000.0,CashAndCashEquivalentsAtCarryingValue,20251231,15182000000.0,LongTermDebt,20251231,,,0.015147184909974243,,,,,0.21185733031134438,0.9055230824287248,66.7,62.5,MISSING_REVENUE;MISSING_DILUTED_SHARES,PARTIAL
CNP,CNP,CENTERPOINT ENERGY INC,-,0.03914,0001130310,4911,10-K,20251231,20260219,0001130310-26-000008,20260331,20260423,2025Q3;2025Q4;2026Q1;2026Q2,9357000000.0,Revenues,20251231,8643000000.0,20241231,1052000000.0,NetIncomeLoss,20251231,1019000000.0,20241231,2110000000.0,OperatingIncomeLoss,20251231,1990000000.0,20241231,2486000000.0,NetCashProvidedByUsedInOperatingActivities,20251231,2139000000.0,20241231,4870000000.0,PaymentsToAcquirePropertyPlantAndEquipment,20251231,4513000000.0,20241231,655650000.0,WeightedAverageNumberOfDilutedSharesOutstanding,20251231,644137000.0,20241231,46534000000.0,Assets,20251231,11153000000.0,StockholdersEquity,20251231,38000000.0,CashAndCashEquivalentsAtCarryingValue,20251231,21066000000.0,ShortTermBorrowings+LongTermDebtNoncurrent,20251231+20251231,-2384000000.0,0.08261020479000347,0.03238469087340534,0.017873526904990777,0.22549962594848777,0.1124291973923266,-0.25478251576359945,0.09432439702322246,1.8888191517977226,100.0,100.0,OK,PRESENT
PPL,PPL,PPL CORP,-,0.038811,0000922224,4911,10-K,20251231,20260220,0000922224-26-000008,20260331,20260508,2025Q3;2025Q4;2026Q1;2026Q2,9042000000.0,Revenues,20251231,8462000000.0,20241231,1181000000.0,NetIncomeLoss,20251231,888000000.0,20241231,2129000000.0,OperatingIncomeLoss,20251231,1740000000.0,20241231,2629000000.0,NetCashProvidedByUsedInOperatingActivities,20251231,2340000000.0,20241231,4030000000.0,PaymentsToAcquirePropertyPlantAndEquipment,20251231,2805000000.0,20241231,743348000.0,WeightedAverageNumberOfDilutedSharesOutstanding,20251231,739853000.0,20241231,45244000000.0,Assets,20251231,14881000000.0,StockholdersEquityIncludingPortionAttributableToNoncontrollingInterest,20251231,1071000000.0,CashAndCashEquivalentsAtCarryingValue,20251231,18894000000.0,LongTermDebtCurrent+LongTermDebtNoncurrent,20251231+20251231,-1401000000.0,0.06854171590640501,0.32995495495495497,0.004723911371583345,0.2354567573545676,0.13061269630612696,-0.15494359654943596,0.07936294603857268,1.2696727370472414,100.0,100.0,OK,PRESENT
VRSK,VRSK,VERISK ANALYTICS INC,-,0.038377,0001442145,7374,10-K,20251231,20260218,0001437749-26-004452,20260331,20260429,2025Q3;2025Q4;2026Q1;2026Q2,3072700000.0,RevenueFromContractWithCustomerExcludingAssessedTax,20251231,2881700000.0,20241231,908300000.0,NetIncomeLoss,20251231,958200000.0,20241231,1343900000.0,OperatingIncomeLoss,20251231,1253900000.0,20241231,1436000000.0,NetCashProvidedByUsedInOperatingActivities,20251231,1144000000.0,20241231,244100000.0,PaymentsToAcquirePropertyPlantAndEquipment,20251231,223900000.0,20241231,140082773.0,WeightedAverageNumberOfDilutedSharesOutstanding,20251231,142842261.0,20241231,6195500000.0,Assets,20251231,309000000.0,StockholdersEquity,20251231,2178200000.0,CashAndCashEquivalentsAtCarryingValue,20251231,3228300000.0,LongTermDebtAndCapitalLeaseObligations,20251231,1191900000.0,0.0662803206440643,-0.05207681068670422,-0.01931842845864784,0.43736778728805287,0.29560321541315454,0.38789989260259705,2.9394822006472494,10.44757281553398,100.0,100.0,OK,PRESENT
RF,RF,REGIONS FINANCIAL CORP,-,0.038155,0001281761,6021,10-K,20251231,20260224,0001281761-26-000019,20260331,20260507,2025Q3;2025Q4;2026Q1;2026Q2,,,,,,2156000000.0,NetIncomeLoss,20251231,1893000000.0,20241231,,,,,,2181000000.0,NetCashProvidedByUsedInOperatingActivities,20251231,1598000000.0,20241231,,,,,,896000000.0,WeightedAverageNumberOfDilutedSharesOutstanding,20251231,918000000.0,20241231,158814000000.0,Assets,20251231,19043000000.0,StockholdersEquity,20251231,10907000000.0,CashCashEquivalentsRestrictedCashAndRestrictedCashEquivalents,20251231,4134000000.0,LongTermDebt,20251231,,,0.13893291072371894,-0.023965141612200425,,,,0.11321745523289398,0.21708764375361025,83.3,75.0,MISSING_REVENUE,PARTIAL
EL,EL,ESTEE LAUDER COMPANIES CL A,-,0.038117,0001001250,2844,10-K,20250630,20250820,0001001250-25-000099,20260331,20260501,2025Q3;2025Q4;2026Q1;2026Q2,14326000000.0,RevenueFromContractWithCustomerExcludingAssessedTax,20250630,15608000000.0,20240630,-1133000000.0,ProfitLoss,20250630,409000000.0,20240630,-785000000.0,OperatingIncomeLoss,20250630,970000000.0,20240630,1272000000.0,NetCashProvidedByUsedInOperatingActivities,20250630,2360000000.0,20240630,602000000.0,PaymentsToAcquirePropertyPlantAndEquipment,20250630,919000000.0,20240630,360100000.0,WeightedAverageNumberOfDilutedSharesOutstanding,20250630,360800000.0,20240630,19892000000.0,Assets,20250630,3865000000.0,StockholdersEquityIncludingPortionAttributableToNoncontrollingInterest,20250630,2921000000.0,CashCashEquivalentsRestrictedCashAndRestrictedCashEquivalents,20250630,7314000000.0,LongTermDebtAndCapitalLeaseObligations,20250630,670000000.0,-0.0821373654536135,-3.770171149144254,-0.0019401330376940251,-0.05479547675554935,-0.07908697473125785,0.046768113918749125,-0.293143596377749,1.8923673997412678,100.0,100.0,OK,PRESENT
PPG,PPG,PPG INDUSTRIES INC,-,0.037789,0000079879,2851,10-K,20251231,20260219,0000079879-26-000046,20260331,20260429,2025Q3;2025Q4;2026Q1;2026Q2,15875000000.0,RevenueFromContractWithCustomerExcludingAssessedTax,20251231,15845000000.0,20241231,1576000000.0,NetIncomeLoss,20251231,1116000000.0,20241231,,,,,,1941000000.0,NetCashProvidedByUsedInOperatingActivities,20251231,1420000000.0,20241231,778000000.0,PaymentsToAcquirePropertyPlantAndEquipment,20251231,721000000.0,20241231,,,,,,22098000000.0,Assets,20251231,7941000000.0,StockholdersEquity,20251231,2163000000.0,CashAndCashEquivalentsAtCarryingValue,20251231,6602000000.0,LongTermDebtNoncurrent,20251231,1163000000.0,0.0018933417481854509,0.4121863799283154,,,0.0992755905511811,0.07325984251968504,0.19846366956302733,0.8313814381060319,83.3,87.5,MISSING_DILUTED_SHARES,PARTIAL
Q,Q,QNITY ELECTRONICS INC,-,0.037764,0002058873,3674,10-K,20251231,20260226,0002058873-26-000010,20260331,20260512,2025Q3;2025Q4;2026Q1;2026Q2,4754000000.0,RevenueFromContractWithCustomerExcludingAssessedTax,20251231,4335000000.0,20241231,729000000.0,ProfitLoss,20251231,724000000.0,20241231,,,,,,1273000000.0,NetCashProvidedByUsedInOperatingActivities,20251231,1061000000.0,20241231,285000000.0,PaymentsToAcquireProductiveAssets,20251231,200000000.0,20241231,209800000.0,WeightedAverageNumberOfDilutedSharesOutstanding,20251231,209400000.0,20241231,14070000000.0,Assets,20251231,7095000000.0,StockholdersEquity,20251231,915000000.0,CashAndCashEquivalentsAtCarryingValue,20251231,4003000000.0,LongTermDebtAndCapitalLeaseObligations,20251231,988000000.0,0.09665513264129189,0.006906077348066253,0.0019102196752627254,,0.15334455195624738,0.20782498948254102,0.10274841437632136,0.564200140944327,100.0,100.0,OK,PRESENT
TPR,TPR,TAPESTRY INC,-,0.03774,0001116132,3100,10-K,20250630,20250814,0001116132-25-000019,20260331,20260507,2025Q3;2025Q4;2026Q1;2026Q2,7010700000.0,RevenueFromContractWithCustomerExcludingAssessedTax,20250630,6671200000.0,20240630,183200000.0,NetIncomeLoss,20250630,816000000.0,20240630,415000000.0,OperatingIncomeLoss,20250630,1140100000.0,20240630,1216600000.0,NetCashProvidedByUsedInOperatingActivities,20250630,1255600000.0,20240630,122700000.0,PaymentsToAcquirePropertyPlantAndEquipment,20250630,108900000.0,20240630,222500000.0,WeightedAverageNumberOfDilutedSharesOutstanding,20250630,233200000.0,20240630,6580500000.0,Assets,20250630,857800000.0,StockholdersEquity,20250630,1100000000.0,CashAndCashEquivalentsAtCarryingValue,20250630,2377900000.0,LongTermDebt,20250630,1093900000.0,0.05089039453171851,-0.7754901960784314,-0.045883361921097765,0.059195230148202035,0.026131484730483403,0.15603292110630892,0.21356959664257402,2.7720913965959433,100.0,100.0,OK,PRESENT
OMC,OMC,OMNICOM GROUP,-,0.037704,0000029989,7311,10-K,20251231,20260220,0000029989-26-000006,20260331,20260429,2025Q3;2025Q4;2026Q1;2026Q2,17271900000.0,Revenues,20251231,15689100000.0,20241231,-54500000.0,NetIncomeLoss,20251231,1480600000.0,20241231,444700000.0,OperatingIncomeLoss,20251231,2274600000.0,20241231,2938200000.0,NetCashProvidedByUsedInOperatingActivities,20251231,1733500000.0,20241231,149800000.0,PaymentsToAcquirePropertyPlantAndEquipment,20251231,140600000.0,20241231,,,,,,54415300000.0,Assets,20251231,12045800000.0,StockholdersEquity,20251231,6881100000.0,CashCashEquivalentsRestrictedCashAndRestrictedCashEquivalents,20251231,62000000.0,ShortTermBorrowings,20251231,2788400000.0,0.1008853280302886,-1.0368094015939484,,0.02574702262055709,-0.003155414285631575,0.16144141640468043,-0.004524398545551147,0.005147022198608644,83.3,87.5,MISSING_DILUTED_SHARES,PARTIAL
EXPD,EXPD,EXPEDITORS INTL WASH INC,-,0.037495,0000746515,4731,10-K,20251231,20260225,0001193125-26-071569,20260331,20260506,2025Q3;2025Q4;2026Q1;2026Q2,11069009000.0,RevenueFromContractWithCustomerExcludingAssessedTax,20251231,10600515000.0,20241231,810332000.0,NetIncomeLoss,20251231,810073000.0,20241231,1052546000.0,OperatingIncomeLoss,20251231,1041323000.0,20241231,1006501000.0,NetCashProvidedByUsedInOperatingActivities,20251231,723361000.0,20241231,53101000.0,PaymentsToAcquireProductiveAssets,20251231,40466000.0,20241231,136249000.0,WeightedAverageNumberOfDilutedSharesOutstanding,20251231,141722000.0,20241231,4893638000.0,Assets,20251231,2355633000.0,StockholdersEquity,20251231,1314285000.0,CashAndCashEquivalentsAtCarryingValue,20251231,,,,953400000.0,0.0441953999404745,0.00031972427176318874,-0.03861785749566049,0.09508945200062625,0.0732072762792044,0.0861323719223645,0.3439975581934877,,100.0,87.5,OK,PRESENT
SW,SW,SMURFIT WESTROCK PLC,-,0.037204,0002005951,2650,10-K,20251231,20260227,0001628280-26-012555,20260331,20260501,2025Q3;2025Q4;2026Q1;2026Q2,,,,,,,,,,,,,,,,,,,,,,,,,,,,,,,,,,,,,,,,,,,,,,,,,,,,0.0,0.0,MISSING_REVENUE;MISSING_NET_INCOME;MISSING_ASSETS;MISSING_EQUITY;MISSING_OPERATING_CASH_FLOW;MISSING_DILUTED_SHARES,PARTIAL
DRI,DRI,DARDEN RESTAURANTS INC,-,0.037084,0000940944,5812,10-K,20250531,20250718,0000940944-25-000038,20260228,20260327,2025Q3;2025Q4;2026Q1;2026Q2,12076700000.0,RevenueFromContractWithCustomerExcludingAssessedTax,20250531,11390000000.0,20240531,1049600000.0,NetIncomeLoss,20250531,1027600000.0,20240531,1362300000.0,OperatingIncomeLoss,20250531,1314200000.0,20240531,,,,,,644600000.0,PaymentsToAcquirePropertyPlantAndEquipment,20250531,601200000.0,20240531,118400000.0,WeightedAverageNumberOfDilutedSharesOutstanding,20250531,120800000.0,20240531,12587000000.0,Assets,20250531,2311300000.0,StockholdersEquity,20250531,240000000.0,CashAndCashEquivalentsAtCarryingValue,20250531,2128900000.0,LongTermDebt,20250531,,0.06028972783143116,0.02140910860256917,-0.019867549668874163,0.11280399446868764,0.08691115950549405,,0.4541167308441137,0.9210833729935534,83.3,87.5,MISSING_OPERATING_CASH_FLOW,PARTIAL
VLTO,VLTO,VERALTO CORP,-,0.036587,0001967680,3825,10-K,20251231,20260220,0001967680-26-000011,20260331,20260429,2025Q3;2025Q4;2026Q1;2026Q2,5503000000.0,RevenueFromContractWithCustomerExcludingAssessedTax,20251231,5193000000.0,20241231,940000000.0,NetIncomeLoss,20251231,833000000.0,20241231,1277000000.0,OperatingIncomeLoss,20251231,1208000000.0,20241231,1077000000.0,NetCashProvidedByUsedInOperatingActivities,20251231,875000000.0,20241231,63000000.0,PaymentsToAcquirePropertyPlantAndEquipment,20251231,55000000.0,20241231,250300000.0,WeightedAverageNumberOfDilutedSharesOutstanding,20251231,249600000.0,20241231,7693000000.0,Assets,20251231,3105000000.0,StockholdersEquity,20251231,2031000000.0,CashAndCashEquivalentsAtCarryingValue,20251231,2673000000.0,LongTermDebtCurrent+LongTermDebtNoncurrent,20251231+20251231,1014000000.0,0.05969574427113411,0.12845138055222094,0.002804487179487225,0.2320552425949482,0.1708159185898601,0.18426312920225332,0.3027375201288245,0.8608695652173913,100.0,100.0,OK,PRESENT
WST,WST,WEST PHARMACEUTICAL SERVICES,-,0.036425,0000105770,3841,10-K,20251231,20260217,0000105770-26-000010,20260331,20260423,2025Q3;2025Q4;2026Q1;2026Q2,3074100000.0,RevenueFromContractWithCustomerExcludingAssessedTax,20251231,2893200000.0,20241231,493700000.0,NetIncomeLoss,20251231,492700000.0,20241231,584900000.0,OperatingIncomeLoss,20251231,569900000.0,20241231,754800000.0,NetCashProvidedByUsedInOperatingActivities,20251231,653400000.0,20241231,285900000.0,PaymentsToAcquirePropertyPlantAndEquipment,20251231,377000000.0,20241231,72700000.0,WeightedAverageNumberOfDilutedSharesOutstanding,20251231,73700000.0,20241231,4270000000.0,Assets,20251231,3176000000.0,StockholdersEquity,20251231,791300000.0,CashAndCashEquivalentsAtCarryingValue,20251231,202800000.0,LongTermDebtNoncurrent,20251231,468900000.0,0.06252592285358771,0.0020296326364928063,-0.013568521031207648,0.19026707003675872,0.1605998503627078,0.15253244852151848,0.15544710327455918,0.06385390428211588,100.0,100.0,OK,PRESENT
PHM,PHM,PULTEGROUP INC,-,0.036364,0000822416,1531,10-K,20251231,20260204,0000822416-26-000007,20260331,20260423,2025Q3;2025Q4;2026Q1;2026Q2,17311953000.0,RevenueFromContractWithCustomerExcludingAssessedTax,20251231,17946950000.0,20241231,2218730000.0,NetIncomeLoss,20251231,3083262000.0,20241231,,,,,,1871249000.0,NetCashProvidedByUsedInOperatingActivities,20251231,1680794000.0,20241231,122716000.0,PaymentsToAcquirePropertyPlantAndEquipment,20251231,118545000.0,20241231,199537000.0,WeightedAverageNumberOfDilutedSharesOutstanding,20251231,209829000.0,20241231,18048423000.0,Assets,20251231,12985442000.0,StockholdersEquity,20251231,1980869000.0,CashAndCashEquivalentsAtCarryingValue,20251231,,,,1748533000.0,-0.03538188940182041,-0.2803952437386119,-0.04904946408742361,,0.12816173888642143,0.10100148723832603,0.1708628785989726,,100.0,87.5,OK,PRESENT
HUBB,HUBB,HUBBELL INC,-,0.036199,0000048898,3670,10-K,20251231,20260212,0001628280-26-007500,20260331,20260501,2025Q3;2025Q4;2026Q1;2026Q2,5844600000.0,RevenueFromContractWithCustomerExcludingAssessedTax,20251231,5628500000.0,20241231,887100000.0,NetIncomeLoss,20251231,779000000.0,20241231,1208800000.0,OperatingIncomeLoss,20251231,1093100000.0,20241231,1029800000.0,NetCashProvidedByUsedInOperatingActivities,20251231,991200000.0,20241231,155100000.0,PaymentsToAcquireProductiveAssets,20251231,180400000.0,20241231,,,,,,8228800000.0,Assets,20251231,3847900000.0,StockholdersEquity,20251231,482500000.0,CashAndCashEquivalentsAtCarryingValue,20251231,2036300000.0,LongTermDebtNoncurrent,20251231,874700000.0,0.03839388824731271,0.13876765083440312,,0.20682339253327858,0.15178113130068782,0.1496595147657667,0.23054133423425766,0.5291977442241222,83.3,87.5,MISSING_DILUTED_SHARES,PARTIAL
FE,FE,FIRSTENERGY CORP,-,0.036085,0001031296,4911,10-K,20251231,20260218,0001031296-26-000046,20260331,20260428,2025Q3;2025Q4;2026Q1;2026Q2,15090000000.0,Revenues,20251231,13472000000.0,20241231,1020000000.0,NetIncomeLoss,20251231,978000000.0,20241231,2206000000.0,OperatingIncomeLoss,20251231,2375000000.0,20241231,3700000000.0,NetCashProvidedByUsedInOperatingActivities,20251231,2891000000.0,20241231,4705000000.0,PaymentsToAcquireProductiveAssets,20251231,4030000000.0,20241231,578000000.0,WeightedAverageNumberOfDilutedSharesOutstanding,20251231,577000000.0,20241231,55904000000.0,Assets,20251231,12510000000.0,StockholdersEquity,20251231,57000000.0,CashAndCashEquivalentsAtCarryingValue,20251231,25508000000.0,LongTermDebtAndCapitalLeaseObligations,20251231,-1005000000.0,0.12010095011876487,0.042944785276073594,0.0017331022530329143,0.1461895294897283,0.06759443339960239,-0.06660039761431412,0.0815347721822542,2.0390087929656273,100.0,100.0,OK,PRESENT
TROW,TROW,T ROWE PRICE GROUP INC,-,0.036037,0001113169,6282,10-K,20251231,20260213,0001628280-26-008002,20260331,20260430,2025Q3;2025Q4;2026Q1;2026Q2,7314800000.0,RevenueFromContractWithCustomerExcludingAssessedTax,20251231,7093600000.0,20241231,2087100000.0,NetIncomeLoss,20251231,2100100000.0,20241231,2188800000.0,OperatingIncomeLoss,20251231,2333300000.0,20241231,1753400000.0,NetCashProvidedByUsedInOperatingActivities,20251231,1685600000.0,20241231,274200000.0,PaymentsToAcquirePropertyPlantAndEquipment,20251231,423400000.0,20241231,,,,,,14341800000.0,Assets,20251231,10860100000.0,StockholdersEquity,20251231,3378200000.0,CashAndCashEquivalentsAtCarryingValue,20251231,,,,1479200000.0,0.031183038231645366,-0.006190181419932439,,0.2992289604637174,0.2853256411658555,0.20222015639525345,0.19218055082365723,,83.3,75.0,MISSING_DILUTED_SHARES,PARTIAL
VRSN,VRSN,VERISIGN INC,-,0.035671,0001014473,7371,10-K,20251231,20260205,0001014473-26-000006,20260331,20260423,2025Q3;2025Q4;2026Q1;2026Q2,1656600000.0,Revenues,20251231,1557400000.0,20241231,825700000.0,ProfitLoss,20251231,785700000.0,20241231,1121000000.0,OperatingIncomeLoss,20251231,1058200000.0,20241231,1091100000.0,NetCashProvidedByUsedInOperatingActivities,20251231,902600000.0,20241231,22800000.0,PaymentsToAcquirePropertyPlantAndEquipment,20251231,28100000.0,20241231,93800000.0,WeightedAverageNumberOfDilutedSharesOutstanding,20251231,98200000.0,20241231,1325900000.0,Assets,20251231,-2154200000.0,StockholdersEquity,20251231,307900000.0,CashAndCashEquivalentsAtCarryingValue,20251231,,,,1068300000.0,0.06369590342879161,0.05091001654575544,-0.044806517311609007,0.6766871906314137,0.49843052034287094,0.6448750452734516,-0.38329774394206667,,100.0,87.5,OK,PRESENT
CHD,CHD,CHURCH + DWIGHT CO INC,-,0.035643,0000313927,2840,10-K,20251231,20260212,0001193125-26-048139,20260331,20260501,2025Q3;2025Q4;2026Q1;2026Q2,6203200000.0,RevenueFromContractWithCustomerExcludingAssessedTax,20251231,6107100000.0,20241231,736800000.0,NetIncomeLoss,20251231,585300000.0,20241231,1077600000.0,OperatingIncomeLoss,20251231,807100000.0,20241231,1215400000.0,NetCashProvidedByUsedInOperatingActivities,20251231,1156200000.0,20241231,122400000.0,PaymentsToAcquirePropertyPlantAndEquipment,20251231,179800000.0,20241231,244300000.0,WeightedAverageNumberOfDilutedSharesOutstanding,20251231,246900000.0,20241231,8912400000.0,Assets,20251231,4002200000.0,StockholdersEquity,20251231,409000000.0,CashAndCashEquivalentsAtCarryingValue,20251231,2205100000.0,LongTermDebtNoncurrent,20251231,1093000000.0,0.015735782941166843,0.2588416196822143,-0.01053057918185496,0.1737167913335053,0.11877740521021408,0.1761993809646634,0.18409874568987056,0.5509719654190195,100.0,100.0,OK,PRESENT
EXE,EXE,EXPAND ENERGY CORP,-,0.035522,0000895126,1311,10-K,20251231,20260218,0000895126-26-000011,20260331,20260428,2025Q3;2025Q4;2026Q1;2026Q2,12124000000.0,Revenues,20251231,4235000000.0,20241231,1819000000.0,NetIncomeLoss,20251231,-714000000.0,20241231,2471000000.0,OperatingIncomeLoss,20251231,-803000000.0,20241231,4575000000.0,NetCashProvidedByUsedInOperatingActivities,20251231,1565000000.0,20241231,2736000000.0,PaymentsToAcquirePropertyPlantAndEquipment,20251231,1557000000.0,20241231,240370000.0,WeightedAverageNumberOfDilutedSharesOutstanding,20251231,156989000.0,20241231,28287000000.0,Assets,20251231,18578000000.0,StockholdersEquity,20251231,616000000.0,CashAndCashEquivalentsAtCarryingValue,20251231,5009000000.0,LongTermDebtCurrent+LongTermDebtNoncurrent,20251231+20251231,1839000000.0,1.862809917355372,-3.5476190476190474,0.5311263846511538,0.203810623556582,0.1500329924117453,0.15168261299901023,0.09791150823554742,0.26961998062224135,100.0,100.0,OK,PRESENT
ULTA,ULTA,ULTA BEAUTY INC,-,0.03535,0001403568,5990,10-K,20260131,20260326,0001104659-26-035243,20260430,20260602,2025Q3;2025Q4;2026Q1;2026Q2,12392820000.0,Revenues,20260131,11295654000.0,20250131,1153479000.0,NetIncomeLoss,20260131,1201118000.0,20250131,1532992000.0,OperatingIncomeLoss,20260131,1564972000.0,20250131,1502780000.0,NetCashProvidedByUsedInOperatingActivities,20260131,1338605000.0,20250131,434829000.0,PaymentsToAcquirePropertyPlantAndEquipment,20260131,374458000.0,20250131,44991000.0,WeightedAverageNumberOfDilutedSharesOutstanding,20260131,47404000.0,20250131,6999294000.0,Assets,20260131,2803451000.0,StockholdersEquity,20260131,424243000.0,CashAndCashEquivalentsAtCarryingValue,20260131,62287000.0,ShortTermBorrowings,20260131,1067951000.0,0.09713169330434512,-0.039662214703301446,-0.05090287739431276,0.12370001339485283,0.09307639423472623,0.08617497873768844,0.41144967399109167,0.022217973490530063,100.0,100.0,OK,PRESENT
NRG,NRG,NRG ENERGY INC,-,0.035114,0001013871,4911,10-K,20251231,20260224,0001013871-26-000004,20260331,20260506,2025Q3;2025Q4;2026Q1;2026Q2,30713000000.0,Revenues,20251231,28130000000.0,20241231,864000000.0,ProfitLoss,20251231,1125000000.0,20241231,1845000000.0,OperatingIncomeLoss,20251231,2424000000.0,20241231,1913000000.0,NetCashProvidedByUsedInOperatingActivities,20251231,2306000000.0,20241231,1147000000.0,PaymentsToAcquirePropertyPlantAndEquipment,20251231,472000000.0,20241231,199000000.0,WeightedAverageNumberOfDilutedSharesOutstanding,20251231,212000000.0,20241231,29140000000.0,Assets,20251231,1681000000.0,StockholdersEquityIncludingPortionAttributableToNoncontrollingInterest,20251231,4708000000.0,CashAndCashEquivalentsAtCarryingValue,20251231,16412000000.0,LongTermDebtAndCapitalLeaseObligations,20251231,766000000.0,0.0918236757909705,-0.23199999999999998,-0.061320754716981174,0.06007228209552958,0.028131410152052876,0.024940578907954286,0.5139797739440809,9.763236168947055,100.0,100.0,OK,PRESENT
FFIV,FFIV,F5 INC,-,0.034679,0001048695,3576,10-K,20250930,20251125,0001048695-25-000157,20260331,20260505,2025Q3;2025Q4;2026Q1;2026Q2,3088072000.0,RevenueFromContractWithCustomerExcludingAssessedTax,20250930,2816120000.0,20240930,692380000.0,NetIncomeLoss,20250930,566778000.0,20240930,765949000.0,OperatingIncomeLoss,20250930,658591000.0,20240930,949666000.0,NetCashProvidedByUsedInOperatingActivities,20250930,792419000.0,20240930,43260000.0,PaymentsToAcquirePropertyPlantAndEquipment,20250930,30412000.0,20240930,58684000.0,WeightedAverageNumberOfDilutedSharesOutstanding,20250930,59359000.0,20240930,6319492000.0,Assets,20250930,3591999000.0,StockholdersEquityIncludingPortionAttributableToNoncontrollingInterest,20250930,1344273000.0,CashAndCashEquivalentsAtCarryingValue,20250930,,,,906406000.0,0.09656974844821953,0.2216070489680262,-0.011371485368688816,0.2480346960822157,0.22421109352372612,0.2935184153737348,0.19275617838423675,,100.0,87.5,OK,PRESENT
DLTR,DLTR,DOLLAR TREE INC,-,0.034651,0000935703,5331,10-K,20260131,20260316,0000935703-26-000025,20260430,20260528,2025Q3;2025Q4;2026Q1;2026Q2,19395700000.0,RevenueFromContractWithCustomerExcludingAssessedTax,20260131,17565800000.0,20250131,1282500000.0,NetIncomeLoss,20260131,-3030100000.0,20250131,1653100000.0,OperatingIncomeLoss,20260131,1462000000.0,20250131,,,,,,1134000000.0,PaymentsToAcquireProductiveAssets,20260131,1300500000.0,20250131,206300000.0,WeightedAverageNumberOfDilutedSharesOutstanding,20260131,215900000.0,20250131,13466200000.0,Assets,20260131,3754900000.0,StockholdersEquity,20260131,717800000.0,CashAndCashEquivalentsAtCarryingValue,20260131,2431700000.0,LongTermDebtCurrent+LongTermDebtNoncurrent,20260131+20260131,,0.1041740199706247,-1.4232533579749842,-0.0444650301065308,0.08523023144305181,0.0661229035301639,,0.3415537031612027,0.6476071266877946,83.3,87.5,MISSING_OPERATING_CASH_FLOW,PARTIAL
STE,STE,STERIS PLC,-,0.034489,0001757898,3842,10-K,20260331,20260529,0001628280-26-039136,20251231,20260206,2025Q3;2025Q4;2026Q1;2026Q2,5935900000.0,Revenues,20260331,5459500000.0,20250331,782300000.0,NetIncomeLoss,20260331,614600000.0,20250331,1101800000.0,OperatingIncomeLoss,20260331,866600000.0,20250331,1341400000.0,NetCashProvidedByUsedInOperatingActivities,20260331,1148100000.0,20250331,369000000.0,PaymentsToAcquirePropertyPlantAndEquipment,20260331,370100000.0,20250331,,,,,,10737200000.0,Assets,20260331,7183600000.0,StockholdersEquity,20260331,439600000.0,CashCashEquivalentsRestrictedCashAndRestrictedCashEquivalents,20260331,1931700000.0,ShortTermBorrowings+LongTermDebtNoncurrent,20260331+20260331,972400000.0,0.08726073816283542,0.2728603970061829,,0.18561633450698292,0.13179130376185583,0.1638167758890817,0.10890082966757615,0.26890417061083577,83.3,87.5,MISSING_DILUTED_SHARES,PARTIAL
EFX,EFX,EQUIFAX INC,-,0.034044,0000033185,7320,10-K,20251231,20260219,0000033185-26-000010,20260331,20260421,2025Q3;2025Q4;2026Q1;2026Q2,6074500000.0,RevenueFromContractWithCustomerExcludingAssessedTax,20251231,5681100000.0,20241231,660300000.0,NetIncomeLoss,20251231,604100000.0,20241231,1095200000.0,OperatingIncomeLoss,20251231,1042100000.0,20241231,1615700000.0,NetCashProvidedByUsedInOperatingActivities,20251231,1324500000.0,20241231,481400000.0,PaymentsToAcquireProductiveAssets,20251231,511500000.0,20241231,124100000.0,WeightedAverageNumberOfDilutedSharesOutstanding,20251231,124900000.0,20241231,11864200000.0,Assets,20251231,4604300000.0,StockholdersEquity,20251231,180800000.0,CashAndCashEquivalentsAtCarryingValue,20251231,4055300000.0,LongTermDebtNoncurrent,20251231,1134300000.0,0.06924715284011906,0.09303095513987758,-0.006405124099279402,0.1802946744588032,0.10870030455181497,0.1867314182237221,0.14340942162760897,0.8807636339943097,100.0,100.0,OK,PRESENT
IFF,IFF,INTL FLAVORS + FRAGRANCES,-,0.033392,0000051253,2860,10-K,20251231,20260227,0000051253-26-000006,20260331,20260505,2025Q3;2025Q4;2026Q1;2026Q2,10890000000.0,RevenueFromContractWithCustomerExcludingAssessedTax,20251231,11484000000.0,20241231,-359000000.0,ProfitLoss,20251231,267000000.0,20241231,-382000000.0,OperatingIncomeLoss,20251231,766000000.0,20241231,850000000.0,NetCashProvidedByUsedInOperatingActivities,20251231,1070000000.0,20241231,594000000.0,PaymentsToAcquirePropertyPlantAndEquipment,20251231,463000000.0,20241231,256000000.0,WeightedAverageNumberOfDilutedSharesOutstanding,20251231,256000000.0,20241231,25539000000.0,Assets,20251231,14154000000.0,StockholdersEquity,20251231,590000000.0,CashCashEquivalentsRestrictedCashAndRestrictedCashEquivalents,20251231,4740000000.0,LongTermDebtNoncurrent,20251231,256000000.0,-0.051724137931034475,-2.344569288389513,0.0,-0.03507805325987144,-0.03296602387511478,0.023507805325987143,-0.02536385474070934,0.3348876642645189,100.0,100.0,OK,PRESENT
GIS,GIS,GENERAL MILLS INC,-,0.033233,0000040704,,,,,,20260228,20260318,2025Q3;2025Q4;2026Q1;2026Q2,,,,,,,,,,,,,,,,,,,,,,,,,,,,,,,,,,,,,,,,,,,,,,,,,,,,0.0,0.0,MISSING_ANNUAL_FILING_IN_BULK_WINDOW;MISSING_REVENUE;MISSING_NET_INCOME;MISSING_ASSETS;MISSING_EQUITY;MISSING_OPERATING_CASH_FLOW;MISSING_DILUTED_SHARES,PARTIAL
KHC,KHC,KRAFT HEINZ CO/THE,-,0.033229,0001637459,2030,10-K,20251231,20260212,0001637459-26-000009,20260331,20260506,2025Q3;2025Q4;2026Q1;2026Q2,,,,,,-5846000000.0,NetIncomeLoss,20251231,2744000000.0,20241231,-4669000000.0,OperatingIncomeLoss,20251231,1683000000.0,20241231,4462000000.0,NetCashProvidedByUsedInOperatingActivities,20251231,4184000000.0,20241231,801000000.0,PaymentsToAcquirePropertyPlantAndEquipment,20251231,1024000000.0,20241231,,,,,,81786000000.0,Assets,20251231,41664000000.0,StockholdersEquity,20251231,2615000000.0,CashAndCashEquivalentsAtCarryingValue,20251231,19311000000.0,LongTermDebtAndCapitalLeaseObligations,20251231,3661000000.0,,-3.130466472303207,,,,,-0.14031298003072196,0.46349366359447003,66.7,75.0,MISSING_REVENUE;MISSING_DILUTED_SHARES,PARTIAL
DOW,DOW,DOW INC,-,0.033132,0001751788,2821,10-K,20251231,20260203,0001751788-26-000018,20260331,20260424,2025Q3;2025Q4;2026Q1;2026Q2,,,,,,-2444000000.0,ProfitLoss,20251231,1201000000.0,20241231,,,,,,1032000000.0,NetCashProvidedByUsedInOperatingActivities,20251231,2914000000.0,20241231,,,,,,711600000.0,WeightedAverageNumberOfDilutedSharesOutstanding,20251231,705100000.0,20241231,58538000000.0,Assets,20251231,16008000000.0,StockholdersEquity,20251231,3816000000.0,CashAndCashEquivalentsAtCarryingValue,20251231,17849000000.0,LongTermDebtAndCapitalLeaseObligations,20251231,,,-3.034970857618651,0.009218550560204264,,,,-0.1526736631684158,1.1150049975012495,83.3,75.0,MISSING_REVENUE,PARTIAL
FSLR,FSLR,FIRST SOLAR INC,-,0.032762,0001274494,3674,10-K,20251231,20260224,0001274494-26-000021,20260331,20260430,2025Q3;2025Q4;2026Q1;2026Q2,5219376000.0,Revenues,20251231,4206289000.0,20241231,1528229000.0,NetIncomeLoss,20251231,1292044000.0,20241231,1596864000.0,OperatingIncomeLoss,20251231,1394420000.0,20241231,2057105000.0,NetCashProvidedByUsedInOperatingActivities,20251231,1217999000.0,20241231,869875000.0,PaymentsToAcquirePropertyPlantAndEquipment,20251231,1526076000.0,20241231,107537000.0,WeightedAverageNumberOfDilutedSharesOutstanding,20251231,107525000.0,20241231,13321310000.0,Assets,20251231,9537993000.0,StockholdersEquity,20251231,2803514000.0,CashAndCashEquivalentsAtCarryingValue,20251231,282593000.0,LongTermDebtNoncurrent,20251231,1187230000.0,0.24085054545705242,0.1827995021841362,0.00011160195303427933,0.30594921691788446,0.2927991775262024,0.227465888642627,0.1602254268796381,0.02962814084682176,100.0,100.0,OK,PRESENT
PFG,PFG,PRINCIPAL FINANCIAL GROUP,-,0.032719,0001126328,6321,10-K,20251231,20260218,0001104659-26-017031,20260331,20260429,2025Q3;2025Q4;2026Q1;2026Q2,15625500000.0,Revenues,20251231,16127700000.0,20241231,1185100000.0,NetIncomeLoss,20251231,1571000000.0,20241231,,,,,,4536700000.0,NetCashProvidedByUsedInOperatingActivities,20251231,4602900000.0,20241231,,,,,,,,,,,341376500000.0,Assets,20251231,11883900000.0,StockholdersEquity,20251231,4431000000.0,CashAndCashEquivalentsAtCarryingValue,20251231,3926300000.0,LongTermDebt,20251231,,-0.031138972079093774,-0.24563971992361555,,,0.07584397299286423,,0.09972315485657066,0.33038817223302114,83.3,75.0,MISSING_DILUTED_SHARES,PARTIAL
TPL,TPL,TEXAS PACIFIC LAND CORP,-,0.032718,0001811074,6792,10-K,20251231,20260218,0001811074-26-000018,20260331,20260506,2025Q3;2025Q4;2026Q1;2026Q2,798190000.0,RevenueFromContractWithCustomerExcludingAssessedTax,20251231,705823000.0,20241231,481376000.0,NetIncomeLoss,20251231,453960000.0,20241231,592161000.0,OperatingIncomeLoss,20251231,539138000.0,20241231,545910000.0,NetCashProvidedByUsedInOperatingActivities,20251231,490672000.0,20241231,,,,,,69027492.0,WeightedAverageNumberOfDilutedSharesOutstanding,20251231,69059252.0,20241231,1623278000.0,Assets,20251231,1458907000.0,StockholdersEquity,20251231,144809000.0,CashAndCashEquivalentsAtCarryingValue,20251231,,,,,0.13086425350264874,0.06039298616618205,-0.0004598949319636336,0.741879752941029,0.6030844786329069,,0.3299566044991216,,100.0,75.0,OK,PRESENT
GPN,GPN,GLOBAL PAYMENTS INC,-,0.032,0001123360,7389,10-K,20251231,20260220,0001123360-26-000008,20260331,20260508,2025Q3;2025Q4;2026Q1;2026Q2,7705878000.0,RevenueFromContractWithCustomerExcludingAssessedTax,20251231,7735970000.0,20241231,1400107000.0,NetIncomeLoss,20251231,1570365000.0,20241231,1754624000.0,OperatingIncomeLoss,20251231,1974500000.0,20241231,2656592000.0,NetCashProvidedByUsedInOperatingActivities,20251231,3057583000.0,20241231,617769000.0,PaymentsToAcquireProductiveAssets,20251231,674917000.0,20241231,,,,,,53338484000.0,Assets,20251231,22888767000.0,StockholdersEquity,20251231,8336402000.0,CashAndCashEquivalentsAtCarryingValue,20251231,19541512000.0,LongTermDebtAndCapitalLeaseObligations,20251231,2038823000.0,-0.003889880648451305,-0.10841938020778608,,0.2276994263340271,0.181693377445114,0.2645802334270021,0.061170049046329146,0.8537599251196012,83.3,87.5,MISSING_DILUTED_SHARES,PARTIAL
BR,BR,BROADRIDGE FINANCIAL SOLUTIO,-,0.031881,0001383312,7389,10-K,20250630,20250805,0001628280-25-037656,20260331,20260430,2025Q3;2025Q4;2026Q1;2026Q2,6889100000.0,RevenueFromContractWithCustomerExcludingAssessedTax,20250630,6506800000.0,20240630,839500000.0,NetIncomeLoss,20250630,698100000.0,20240630,1188600000.0,OperatingIncomeLoss,20250630,1017100000.0,20240630,1171300000.0,NetCashProvidedByUsedInOperatingActivities,20250630,1056200000.0,20240630,43800000.0,PaymentsToAcquirePropertyPlantAndEquipment,20250630,57400000.0,20240630,118300000.0,WeightedAverageNumberOfDilutedSharesOutstanding,20250630,119100000.0,20240630,8545000000.0,Assets,20250630,2655100000.0,StockholdersEquity,20250630,561500000.0,CashAndCashEquivalentsAtCarryingValue,20250630,3252300000.0,LongTermDebtCurrent+LongTermDebtNoncurrent,20250630+20250630,1127500000.0,0.05875391897707005,0.20254977796877238,-0.0067170445004197665,0.17253342236286306,0.1218591688319229,0.16366433931863378,0.3161839478739031,1.2249256148544312,100.0,100.0,OK,PRESENT
FIS,FIS,FIDELITY NATIONAL INFO SERV,-,0.031853,0001136893,7389,10-K,20251231,20260224,0001136893-26-000013,20260331,20260508,2025Q3;2025Q4;2026Q1;2026Q2,10677000000.0,RevenueFromContractWithCustomerExcludingAssessedTax,20251231,10127000000.0,20241231,382000000.0,NetIncomeLoss,20251231,1450000000.0,20241231,1741000000.0,OperatingIncomeLoss,20251231,1709000000.0,20241231,,,,,,154000000.0,PaymentsToAcquirePropertyPlantAndEquipment,20251231,97000000.0,20241231,525000000.0,WeightedAverageNumberOfDilutedSharesOutstanding,20251231,555000000.0,20241231,33488000000.0,Assets,20251231,13899000000.0,StockholdersEquity,20251231,599000000.0,CashAndCashEquivalentsAtCarryingValue,20251231,9069000000.0,LongTermDebtAndCapitalLeaseObligations,20251231,,0.05431025970178727,-0.736551724137931,-0.05405405405405406,0.16306078486466236,0.035777840217289504,,0.027483991654075834,0.6524929851068422,83.3,87.5,MISSING_OPERATING_CASH_FLOW,PARTIAL
AMCR,AMCR,AMCOR PLC,-,0.031846,0001748790,3990,10-K,20250630,20250815,0001748790-25-000023,20260331,20260507,2025Q3;2025Q4;2026Q1;2026Q2,15009000000.0,RevenueFromContractWithCustomerExcludingAssessedTax,20250630,13640000000.0,20240630,511000000.0,NetIncomeLoss,20250630,730000000.0,20240630,1009000000.0,OperatingIncomeLoss,20250630,1214000000.0,20240630,1390000000.0,NetCashProvidedByUsedInOperatingActivities,20250630,1321000000.0,20240630,580000000.0,PaymentsToAcquireProductiveAssets,20250630,492000000.0,20240630,,,,,,37066000000.0,Assets,20250630,11728000000.0,StockholdersEquity,20250630,827000000.0,CashAndCashEquivalentsAtCarryingValue,20250630,13841000000.0,LongTermDebtAndCapitalLeaseObligations,20250630,810000000.0,0.10036656891495599,-0.30000000000000004,,0.06722633086814578,0.034046238923312676,0.053967619428342994,0.04357094133697135,1.1801671214188267,83.3,87.5,MISSING_DILUTED_SHARES,PARTIAL
BRO,BRO,BROWN + BROWN INC,-,0.031797,0000079282,6411,10-K,20251231,20260212,0001193125-26-046984,20260331,20260427,2025Q3;2025Q4;2026Q1;2026Q2,5902000000.0,Revenues,20251231,4805000000.0,20241231,1054000000.0,NetIncomeLoss,20251231,993000000.0,20241231,,,,,,1450000000.0,NetCashProvidedByUsedInOperatingActivities,20251231,1174000000.0,20241231,68000000.0,PaymentsToAcquirePropertyPlantAndEquipment,20251231,82000000.0,20241231,,,,,,29991000000.0,Assets,20251231,12573000000.0,StockholdersEquityIncludingPortionAttributableToNoncontrollingInterest,20251231,1079000000.0,CashAndCashEquivalentsAtCarryingValue,20251231,7613000000.0,LongTermDebtCurrent+LongTermDebtNoncurrent,20251231+20251231,1382000000.0,0.22830385015608745,0.061430010070493424,,,0.1785835310064385,0.2341579125720095,0.0838304302871232,0.6055038574723615,83.3,87.5,MISSING_DILUTED_SHARES,PARTIAL
SMCI,SMCI,SUPER MICRO COMPUTER INC,-,0.031709,0001375365,3571,10-K,20250630,20250828,0001375365-25-000027,20260331,20260511,2025Q3;2025Q4;2026Q1;2026Q2,21972042000.0,RevenueFromContractWithCustomerExcludingAssessedTax,20250630,14989251000.0,20240630,1048854000.0,NetIncomeLoss,20250630,1152666000.0,20240630,1252994000.0,OperatingIncomeLoss,20250630,1210774000.0,20240630,1659524000.0,NetCashProvidedByUsedInOperatingActivities,20250630,-2485972000.0,20240630,127214000.0,PaymentsToAcquirePropertyPlantAndEquipment,20250630,124279000.0,20240630,628402000.0,WeightedAverageNumberOfDilutedSharesOutstanding,20250630,602146000.0,20240630,14018429000.0,Assets,20250630,6301693000.0,StockholdersEquity,20250630,5169911000.0,CashAndCashEquivalentsAtCarryingValue,20250630,,,,1532310000.0,0.46585323042492255,-0.09006251594130477,0.04360404287332309,0.057026743349571245,0.047735845398438614,0.0697390802366025,0.16644003444788566,,100.0,87.5,OK,PRESENT
CMS,CMS,CMS ENERGY CORP,-,0.031632,0000811156,4931,10-K,20251231,20260210,0000811156-26-000004,20260331,20260428,2025Q3;2025Q4;2026Q1;2026Q2,8539000000.0,Revenues,20251231,7515000000.0,20241231,1071000000.0,NetIncomeLoss,20251231,1003000000.0,20241231,1727000000.0,OperatingIncomeLoss,20251231,1487000000.0,20241231,2235000000.0,NetCashProvidedByUsedInOperatingActivities,20251231,2370000000.0,20241231,,,,,,,,,,,39941000000.0,Assets,20251231,9144000000.0,StockholdersEquity,20251231,509000000.0,CashAndCashEquivalentsAtCarryingValue,20251231,17807000000.0,LongTermDebtNoncurrent,20251231,,0.13626081170991355,0.06779661016949157,,0.2022485068509193,0.12542452277784283,,0.1171259842519685,1.9473972003499562,83.3,75.0,MISSING_DILUTED_SHARES,PARTIAL
EIX,EIX,EDISON INTERNATIONAL,-,0.031395,0000827052,4911,10-K,20251231,20260218,0000827052-26-000012,20260331,20260428,2025Q3;2025Q4;2026Q1;2026Q2,19317000000.0,Revenues,20251231,17599000000.0,20241231,4459000000.0,NetIncomeLoss,20251231,1284000000.0,20241231,7093000000.0,OperatingIncomeLoss,20251231,2930000000.0,20241231,5800000000.0,NetCashProvidedByUsedInOperatingActivities,20251231,5014000000.0,20241231,6515000000.0,PaymentsToAcquirePropertyPlantAndEquipment,20251231,5707000000.0,20241231,386000000.0,WeightedAverageNumberOfDilutedSharesOutstanding,20251231,388000000.0,20241231,94026000000.0,Assets,20251231,17579000000.0,StockholdersEquity,20251231,158000000.0,CashAndCashEquivalentsAtCarryingValue,20251231,37998000000.0,LongTermDebtCurrent+LongTermDebtNoncurrent,20251231+20251231,-715000000.0,0.09761918290811988,2.472741433021807,-0.005154639175257714,0.36718952218253353,0.2308329450742869,-0.037014029093544544,0.2536549291768588,2.1615564025257408,100.0,100.0,OK,PRESENT
PKG,PKG,PACKAGING CORP OF AMERICA,-,0.0313,0000075677,2650,10-K,20251231,20260226,0001193125-26-074129,20260331,20260508,2025Q3;2025Q4;2026Q1;2026Q2,8989300000.0,RevenueFromContractWithCustomerExcludingAssessedTax,20251231,8383300000.0,20241231,774100000.0,NetIncomeLoss,20251231,805100000.0,20241231,1107000000.0,OperatingIncomeLoss,20251231,1101300000.0,20241231,1557500000.0,NetCashProvidedByUsedInOperatingActivities,20251231,1191200000.0,20241231,828900000.0,PaymentsToAcquirePropertyPlantAndEquipment,20251231,669700000.0,20241231,,,,,,10725500000.0,Assets,20251231,4598000000.0,StockholdersEquity,20251231,529000000.0,CashAndCashEquivalentsAtCarryingValue,20251231,3967300000.0,LongTermDebtNoncurrent,20251231,728600000.0,0.07228656972791137,-0.03850453359831074,,0.12314640739545904,0.08611349048312994,0.08105191727943221,0.16835580687255328,0.8628316659417138,83.3,87.5,MISSING_DILUTED_SHARES,PARTIAL
INCY,INCY,INCYTE CORP,-,0.031036,0000879169,8731,10-K,20251231,20260210,0000879169-26-000010,20260331,20260428,2025Q3;2025Q4;2026Q1;2026Q2,5141242000.0,RevenueFromContractWithCustomerExcludingAssessedTax,20251231,4241217000.0,20241231,1286650000.0,NetIncomeLoss,20251231,32615000.0,20241231,1514859000.0,OperatingIncomeLoss,20251231,61366000.0,20241231,1413498000.0,NetCashProvidedByUsedInOperatingActivities,20251231,335337000.0,20241231,,,,,,200700000.0,WeightedAverageNumberOfDilutedSharesOutstanding,20251231,210530000.0,20241231,6957973000.0,Assets,20251231,5167478000.0,StockholdersEquity,20251231,3097817000.0,CashAndCashEquivalentsAtCarryingValue,20251231,,,,,0.21220913714153267,38.44963973631764,-0.04669168289554937,0.2946484526501573,0.2502605401574172,,0.24898993280668055,,100.0,75.0,OK,PRESENT
SBAC,SBAC,SBA COMMUNICATIONS CORP,-,0.030395,0001034054,6798,10-K,20251231,20260227,0001034054-26-000002,20260331,20260505,2025Q3;2025Q4;2026Q1;2026Q2,244498000.0,RevenueFromContractWithCustomerExcludingAssessedTax,20251231,152869000.0,20241231,1053632000.0,NetIncomeLoss,20251231,749536000.0,20241231,1342786000.0,OperatingIncomeLoss,20251231,1435763000.0,20241231,1291328000.0,NetCashProvidedByUsedInOperatingActivities,20251231,1334866000.0,20241231,224819000.0,PaymentsToAcquirePropertyPlantAndEquipment,20251231,228149000.0,20241231,107533000.0,WeightedAverageNumberOfDilutedSharesOutstanding,20251231,108080000.0,20241231,11575012000.0,Assets,20251231,-4853519000.0,StockholdersEquity,20251231,264568000.0,CashAndCashEquivalentsAtCarryingValue,20251231,12900268000.0,LongTermDebtCurrent+LongTermDebtNoncurrent,20251231+20251231,1066509000.0,0.5993955609050887,0.40571233403065365,-0.005061065877128068,5.492012204598811,4.3093685837920965,4.362035681273467,-0.21708620075454532,-2.6579205726813884,100.0,100.0,OK,PRESENT
IP,IP,INTERNATIONAL PAPER CO,-,0.030292,0000051434,2621,10-K,20251231,20260227,0000051434-26-000055,20260331,20260505,2025Q3;2025Q4;2026Q1;2026Q2,23634000000.0,RevenueFromContractWithCustomerExcludingAssessedTax,20251231,15835000000.0,20241231,-3516000000.0,NetIncomeLoss,20251231,557000000.0,20241231,,,,,,1698000000.0,NetCashProvidedByUsedInOperatingActivities,20251231,1678000000.0,20241231,1857000000.0,PaymentsToAcquireProductiveAssets,20251231,921000000.0,20241231,,,,,,37964000000.0,Assets,20251231,14827000000.0,StockholdersEquity,20251231,1145000000.0,CashAndCashEquivalentsAtCarryingValue,20251231,8839000000.0,LongTermDebtAndCapitalLeaseObligations,20251231,-159000000.0,0.49251657720239983,-7.312387791741473,,,-0.14876872302614877,-0.006727595836506728,-0.23713495649828017,0.5961421730626559,83.3,87.5,MISSING_DILUTED_SHARES,PARTIAL
SNA,SNA,SNAP ON INC,-,0.030246,0000091440,3420,10-K,20251231,20260212,0000091440-26-000045,20260331,20260423,2025Q3;2025Q4;2026Q1;2026Q2,5156100000.0,Revenues,20251231,5108400000.0,20241231,1016900000.0,NetIncomeLoss,20251231,1043900000.0,20241231,1327700000.0,OperatingIncomeLoss,20251231,1345700000.0,20241231,1081700000.0,NetCashProvidedByUsedInOperatingActivities,20251231,1217500000.0,20241231,,,,,,53000000.0,WeightedAverageNumberOfDilutedSharesOutstanding,20251231,53500000.0,20241231,8412300000.0,Assets,20251231,5931800000.0,StockholdersEquity,20251231,1624500000.0,CashAndCashEquivalentsAtCarryingValue,20251231,1186400000.0,LongTermDebtNoncurrent,20251231,,0.009337561663143035,-0.025864546412491585,-0.009345794392523366,0.2575008242664029,0.19722270708481215,,0.1714319430864156,0.20000674331568832,100.0,87.5,OK,PRESENT
CF,CF,CF INDUSTRIES HOLDINGS INC,-,0.030194,0001324404,2870,10-K,20251231,20260225,0001324404-26-000007,20260331,20260507,2025Q3;2025Q4;2026Q1;2026Q2,7084000000.0,Revenues,20251231,5936000000.0,20241231,1798000000.0,ProfitLoss,20251231,1477000000.0,20241231,2300000000.0,OperatingIncomeLoss,20251231,1746000000.0,20241231,2752000000.0,NetCashProvidedByUsedInOperatingActivities,20251231,2271000000.0,20241231,950000000.0,PaymentsToAcquirePropertyPlantAndEquipment,20251231,518000000.0,20241231,162200000.0,WeightedAverageNumberOfDilutedSharesOutstanding,20251231,180700000.0,20241231,14088000000.0,Assets,20251231,4838000000.0,StockholdersEquity,20251231,1982000000.0,CashCashEquivalentsRestrictedCashAndRestrictedCashEquivalents,20251231,3215000000.0,LongTermDebtNoncurrent,20251231,1802000000.0,0.19339622641509435,0.2173324306025728,-0.10237963475373546,0.3246753246753247,0.25381140598531904,0.2543760587238848,0.37164117403885905,0.6645307978503514,100.0,100.0,OK,PRESENT
WRB,WRB,WR BERKLEY CORP,-,0.030029,0000011544,6331,10-K,20251231,20260227,0000011544-26-000005,20260331,20260501,2025Q3;2025Q4;2026Q1;2026Q2,14707856000.0,Revenues,20251231,13638752000.0,20241231,1779403000.0,NetIncomeLoss,20251231,1756115000.0,20241231,,,,,,3582616000.0,NetCashProvidedByUsedInOperatingActivities,20251231,3678368000.0,20241231,,,,,,,,,,,44071071000.0,Assets,20251231,9700818000.0,StockholdersEquity,20251231,2539938000.0,CashAndCashEquivalentsAtCarryingValue,20251231,,,,,0.07838723073782705,0.013261090532225905,,,0.12098316709111104,,0.18342813977130587,,83.3,62.5,MISSING_DILUTED_SHARES,PARTIAL
JBHT,JBHT,HUNT (JB) TRANSPRT SVCS INC,-,0.029875,0000728535,4213,10-K,20251231,20260224,0001437749-26-005294,20260331,20260424,2025Q3;2025Q4;2026Q1;2026Q2,,,,,,598282000.0,NetIncomeLoss,20251231,570886000.0,20241231,865069000.0,OperatingIncomeLoss,20251231,831225000.0,20241231,1678272000.0,NetCashProvidedByUsedInOperatingActivities,20251231,1483156000.0,20241231,730687000.0,PaymentsToAcquirePropertyPlantAndEquipment,20251231,865373000.0,20241231,97688000.0,WeightedAverageNumberOfDilutedSharesOutstanding,20251231,102754000.0,20241231,7927155000.0,Assets,20251231,3565085000.0,StockholdersEquity,20251231,17284000.0,CashAndCashEquivalentsAtCarryingValue,20251231,1466797000.0,LongTermDebtCurrent+LongTermDebtNoncurrent,20251231+20251231,947585000.0,,0.04798856514260286,-0.04930221694532577,,,,0.16781703662044523,0.4114339489801786,83.3,87.5,MISSING_REVENUE,PARTIAL
KEY,KEY,KEYCORP,-,0.029816,0000091576,6021,10-K,20251231,20260223,0001628280-26-010546,20260331,20260505,2025Q3;2025Q4;2026Q1;2026Q2,,,,,,1829000000.0,NetIncomeLoss,20251231,-161000000.0,20241231,,,,,,2208000000.0,NetCashProvidedByUsedInOperatingActivities,20251231,664000000.0,20241231,107000000.0,PaymentsToAcquireProductiveAssets,20251231,65000000.0,20241231,1107994000.0,WeightedAverageNumberOfDilutedSharesOutstanding,20251231,949561000.0,20241231,184381000000.0,Assets,20251231,20381000000.0,StockholdersEquity,20251231,1287000000.0,CashCashEquivalentsRestrictedCashAndRestrictedCashEquivalents,20251231,9917000000.0,LongTermDebt,20251231,2101000000.0,,-12.360248447204969,0.16684868060082492,,,,0.08974044453167165,0.48658063883028313,83.3,87.5,MISSING_REVENUE,PARTIAL
NI,NI,NISOURCE INC,-,0.029571,0001111711,4931,10-K,20251231,20260211,0001111711-26-000027,20260331,20260506,2025Q3;2025Q4;2026Q1;2026Q2,6522800000.0,RevenueFromContractWithCustomerExcludingAssessedTax,20251231,5282900000.0,20241231,929500000.0,NetIncomeLoss,20251231,760400000.0,20241231,1835300000.0,OperatingIncomeLoss,20251231,1455500000.0,20241231,2362300000.0,NetCashProvidedByUsedInOperatingActivities,20251231,1781500000.0,20241231,2782300000.0,PaymentsToAcquirePropertyPlantAndEquipment,20251231,2614000000.0,20241231,474500000.0,WeightedAverageNumberOfDilutedSharesOutstanding,20251231,456000000.0,20241231,35858700000.0,Assets,20251231,9450100000.0,StockholdersEquity,20251231,110100000.0,CashAndCashEquivalentsAtCarryingValue,20251231,15457800000.0,LongTermDebtAndCapitalLeaseObligations,20251231,-420000000.0,0.23470063790721007,0.22238295633876914,0.040570175438596534,0.2813668976513154,0.14250015330839516,-0.06438952597044215,0.0983587475264812,1.6357287224473815,100.0,100.0,OK,PRESENT
CDW,CDW,CDW CORP/DE,-,0.029269,0001402057,5961,10-K,20251231,20260220,0001402057-26-000011,20260331,20260506,2025Q3;2025Q4;2026Q1;2026Q2,22424100000.0,RevenueFromContractWithCustomerExcludingAssessedTax,20251231,20998700000.0,20241231,1066600000.0,NetIncomeLoss,20251231,1077800000.0,20241231,1655600000.0,OperatingIncomeLoss,20251231,1651300000.0,20241231,1205200000.0,NetCashProvidedByUsedInOperatingActivities,20251231,1277300000.0,20241231,117100000.0,PaymentsToAcquirePropertyPlantAndEquipment,20251231,122600000.0,20241231,132100000.0,WeightedAverageNumberOfDilutedSharesOutstanding,20251231,135200000.0,20241231,16028200000.0,Assets,20251231,2606100000.0,StockholdersEquity,20251231,618700000.0,CashAndCashEquivalentsAtCarryingValue,20251231,5629800000.0,LongTermDebtCurrent+LongTermDebtNoncurrent,20251231+20251231,1088100000.0,0.06788039259573209,-0.010391538318797577,-0.022928994082840215,0.07383127973920915,0.0475648966959655,0.048523686569360645,0.4092705575380837,2.16023943824105,100.0,100.0,OK,PRESENT
ZBH,ZBH,ZIMMER BIOMET HOLDINGS INC,-,0.029252,0001136869,3842,10-K,20251231,20260220,0001193125-26-059853,20260331,20260501,2025Q3;2025Q4;2026Q1;2026Q2,8231500000.0,RevenueFromContractWithCustomerExcludingAssessedTax,20251231,7678600000.0,20241231,705100000.0,NetIncomeLoss,20251231,903800000.0,20241231,1098100000.0,OperatingIncomeLoss,20251231,1285700000.0,20241231,1697100000.0,NetCashProvidedByUsedInOperatingActivities,20251231,1499400000.0,20241231,224500000.0,PaymentsToAcquirePropertyPlantAndEquipment,20251231,203800000.0,20241231,198700000.0,WeightedAverageNumberOfDilutedSharesOutstanding,20251231,203900000.0,20241231,23091700000.0,Assets,20251231,12697700000.0,StockholdersEquity,20251231,591900000.0,CashAndCashEquivalentsAtCarryingValue,20251231,7519100000.0,LongTermDebtCurrent+LongTermDebtNoncurrent,20251231+20251231,1472600000.0,0.07200531346860095,-0.21984952423102455,-0.025502697400686558,0.13340217457328554,0.08565874992407216,0.17889813521229422,0.05552974160674768,0.5921623601124613,100.0,100.0,OK,PRESENT
RDDT,RDDT,REDDIT INC CL A,-,0.029084,0001713445,7374,10-K,20251231,20260206,0001713445-26-000022,20260331,20260501,2025Q3;2025Q4;2026Q1;2026Q2,2202506000.0,RevenueFromContractWithCustomerExcludingAssessedTax,20251231,1300205000.0,20241231,529721000.0,NetIncomeLoss,20251231,-484276000.0,20241231,441984000.0,OperatingIncomeLoss,20251231,-560568000.0,20241231,690875000.0,NetCashProvidedByUsedInOperatingActivities,20251231,222068000.0,20241231,6706000.0,PaymentsToAcquirePropertyPlantAndEquipment,20251231,6248000.0,20241231,202107978.0,WeightedAverageNumberOfDilutedSharesOutstanding,20251231,145472389.0,20241231,3239173000.0,Assets,20251231,2929038000.0,StockholdersEquity,20251231,953569000.0,CashAndCashEquivalentsAtCarryingValue,20251231,,,,684169000.0,0.6939682588514888,-2.093841115397005,0.38932191455245846,0.20067323312626617,0.2405083118956316,0.3106320709228488,0.18085152872717936,,100.0,87.5,OK,PRESENT
VTRS,VTRS,VIATRIS INC,-,0.02903,0001792044,2834,10-K,20251231,20260226,0001792044-26-000013,20260331,20260507,2025Q3;2025Q4;2026Q1;2026Q2,14250400000.0,RevenueFromContractWithCustomerExcludingAssessedTax,20251231,14692800000.0,20241231,-3514900000.0,ProfitLoss,20251231,-634200000.0,20241231,-2663100000.0,OperatingIncomeLoss,20251231,10100000.0,20241231,2315900000.0,NetCashProvidedByUsedInOperatingActivities,20251231,2302900000.0,20241231,378800000.0,PaymentsToAcquirePropertyPlantAndEquipment,20251231,326000000.0,20241231,1206900000.0,WeightedAverageNumberOfDilutedSharesOutstanding,20231231,,,37193100000.0,Assets,20251231,14711300000.0,StockholdersEquityIncludingPortionAttributableToNoncontrollingInterest,20251231,1322400000.0,CashAndCashEquivalentsAtCarryingValue,20251231,14413900000.0,LongTermDebtCurrent+LongTermDebtNoncurrent,20251231+20251231,1937100000.0,-0.030109985843406295,4.542257962787764,,-0.18687896480098803,-0.24665272553752876,0.13593302644136304,-0.23892517996370138,0.9797842474832272,100.0,100.0,OK,PRESENT
LUV,LUV,SOUTHWEST AIRLINES CO,-,0.028456,0000092380,4512,10-K,20251231,20260205,0000092380-26-000004,20260331,20260423,2025Q3;2025Q4;2026Q1;2026Q2,28063000000.0,RevenueFromContractWithCustomerExcludingAssessedTax,20251231,27483000000.0,20241231,441000000.0,NetIncomeLoss,20251231,465000000.0,20241231,428000000.0,OperatingIncomeLoss,20251231,321000000.0,20241231,1842000000.0,NetCashProvidedByUsedInOperatingActivities,20251231,462000000.0,20241231,2673000000.0,PaymentsToAcquireProductiveAssets,20251231,2054000000.0,20241231,,,,,,29061000000.0,Assets,20251231,7981000000.0,StockholdersEquity,20251231,3231000000.0,CashAndCashEquivalentsAtCarryingValue,20251231,4577000000.0,LongTermDebtAndCapitalLeaseObligations,20251231,-831000000.0,0.021103955172288247,-0.05161290322580647,,0.015251398638777038,0.015714642055375407,-0.029611944553326445,0.05525623355469239,0.5734870317002881,83.3,87.5,MISSING_DILUTED_SHARES,PARTIAL
EVRG,EVRG,EVERGY INC,-,0.028234,0001711269,4931,10-K,20251231,20260219,0001711269-26-000017,20260331,20260507,2025Q3;2025Q4;2026Q1;2026Q2,5961600000.0,Revenues,20251231,5847300000.0,20241231,855600000.0,NetIncomeLoss,20251231,873500000.0,20241231,1532900000.0,OperatingIncomeLoss,20251231,1468000000.0,20241231,2045200000.0,NetCashProvidedByUsedInOperatingActivities,20251231,1983700000.0,20241231,2796900000.0,PaymentsToAcquirePropertyPlantAndEquipment,20251231,2336600000.0,20241231,233600000.0,WeightedAverageNumberOfDilutedSharesOutstanding,20251231,230600000.0,20241231,33948500000.0,Assets,20251231,10221300000.0,StockholdersEquity,20251231,19800000.0,CashAndCashEquivalentsAtCarryingValue,20251231,13406200000.0,LongTermDebtCurrent+LongTermDebtNoncurrent,20251231+20251231,-751700000.0,0.01954748345390178,-0.020492272467086403,0.013009540329575131,0.25712895866881375,0.14351851851851852,-0.12609031132581858,0.08370755187696281,1.311594415583145,100.0,100.0,OK,PRESENT
GPC,GPC,GENUINE PARTS CO,-,0.028225,0000040987,5013,10-K,20251231,20260220,0000040987-26-000003,20260331,20260421,2025Q3;2025Q4;2026Q1;2026Q2,24300141000.0,RevenueFromContractWithCustomerExcludingAssessedTax,20251231,23486569000.0,20241231,65945000.0,NetIncomeLoss,20251231,904076000.0,20241231,,,,,,890762000.0,NetCashProvidedByUsedInOperatingActivities,20251231,1251251000.0,20241231,469838000.0,PaymentsToAcquirePropertyPlantAndEquipment,20251231,567339000.0,20241231,,,,,,20795540000.0,Assets,20251231,4422991000.0,StockholdersEquity,20251231,477179000.0,CashCashEquivalentsRestrictedCashAndRestrictedCashEquivalents,20251231,3852211000.0,LongTermDebtCurrent+LongTermDebtNoncurrent,20251231+20251231,420924000.0,0.034639882904991426,-0.9270581234321008,,,0.0027137702616622677,0.01732187479899808,0.014909593982895285,0.8709515800506942,83.3,87.5,MISSING_DILUTED_SHARES,PARTIAL
TSCO,TSCO,TRACTOR SUPPLY COMPANY,-,0.027665,0000916365,5200,10-K,20251231,20260219,0000916365-26-000014,20260331,20260507,2025Q3;2025Q4;2026Q1;2026Q2,15524046000.0,Revenues,20251231,14883231000.0,20241231,1096087000.0,NetIncomeLoss,20251231,1101240000.0,20241231,1467389000.0,OperatingIncomeLoss,20251231,1467532000.0,20241231,1635259000.0,NetCashProvidedByUsedInOperatingActivities,20251231,1420835000.0,20241231,894770000.0,PaymentsToAcquirePropertyPlantAndEquipment,20251231,784047000.0,20241231,532178000.0,WeightedAverageNumberOfDilutedSharesOutstanding,20251231,539652000.0,20241231,10933679000.0,Assets,20251231,2581293000.0,StockholdersEquity,20251231,194109000.0,CashAndCashEquivalentsAtCarryingValue,20251231,1764974000.0,LongTermDebtNoncurrent,20251231,740489000.0,0.04305617510068882,-0.004679270640368993,-0.013849666081104162,0.09452361839175173,0.0706057557417699,0.04769948504404071,0.4246271151705754,0.6837557766592169,100.0,100.0,OK,PRESENT
L,L,LOEWS CORP,-,0.02762,0000060086,6331,10-K,20251231,20260210,0000060086-26-000008,20260331,20260504,2025Q3;2025Q4;2026Q1;2026Q2,18454000000.0,Revenues,20251231,17510000000.0,20241231,1667000000.0,NetIncomeLoss,20251231,1414000000.0,20241231,,,,,,3279000000.0,NetCashProvidedByUsedInOperatingActivities,20251231,3025000000.0,20241231,579000000.0,PaymentsToAcquirePropertyPlantAndEquipment,20251231,632000000.0,20241231,209100000.0,WeightedAverageNumberOfDilutedSharesOutstanding,20251231,220530000.0,20241231,86348000000.0,Assets,20251231,18686000000.0,StockholdersEquity,20251231,495000000.0,CashCashEquivalentsRestrictedCashAndRestrictedCashEquivalents,20251231,8437000000.0,LongTermDebtAndCapitalLeaseObligations,20251231,2700000000.0,0.05391205025699608,0.17892503536067883,-0.05182968303632163,,0.09033271919367075,0.14630974314511758,0.08921117414106818,0.4515145028363481,100.0,100.0,OK,PRESENT
DD,DD,DUPONT DE NEMOURS INC,-,0.027594,0001666700,2821,10-K,20251231,20260217,0001666700-26-000013,20260331,20260505,2025Q3;2025Q4;2026Q1;2026Q2,6849000000.0,RevenueFromContractWithCustomerExcludingAssessedTax,20251231,6719000000.0,20241231,-779000000.0,NetIncomeLoss,20251231,703000000.0,20241231,,,,,,,,,,,333000000.0,PaymentsToAcquireProductiveAssets,20251231,285000000.0,20241231,419200000.0,WeightedAverageNumberOfDilutedSharesOutstanding,20251231,419200000.0,20241231,21575000000.0,Assets,20251231,13919000000.0,StockholdersEquity,20251231,715000000.0,CashAndCashEquivalentsAtCarryingValue,20251231,3134000000.0,LongTermDebtAndCapitalLeaseObligations,20251231,,0.019348117279357036,-2.108108108108108,0.0,,-0.11373923200467222,,-0.05596666427185861,0.22515985343774697,83.3,87.5,MISSING_OPERATING_CASH_FLOW,PARTIAL
STZ,STZ,CONSTELLATION BRANDS INC A,-,0.027535,0000016918,2080,10-K,20260228,20260422,0000016918-26-000011,20251130,20260108,2025Q3;2025Q4;2026Q1;2026Q2,9139000000.0,RevenueFromContractWithCustomerExcludingAssessedTax,20260228,10208700000.0,20250228,1686700000.0,NetIncomeLoss,20260228,-81400000.0,20250228,2721400000.0,OperatingIncomeLoss,20260228,354900000.0,20250228,2669000000.0,NetCashProvidedByUsedInOperatingActivities,20260228,3152200000.0,20250228,875000000.0,PaymentsToAcquirePropertyPlantAndEquipment,20260228,1214100000.0,20250228,,,,,,21900500000.0,Assets,20260228,8082400000.0,StockholdersEquity,20260228,102400000.0,CashAndCashEquivalentsAtCarryingValue,20260228,10296500000.0,LongTermDebtCurrent+LongTermDebtNoncurrent,20260228+20260228,1794000000.0,-0.10478317513493396,-21.72113022113022,,0.29777875041032936,0.18456067403435825,0.19630156472261737,0.2086880134613481,1.2739409086409976,83.3,87.5,MISSING_DILUTED_SHARES,PARTIAL
ESS,ESS,ESSEX PROPERTY TRUST INC,-,0.027473,0000920522,6798,10-K,20251231,20260220,0000920522-26-000003,20260331,20260429,2025Q3;2025Q4;2026Q1;2026Q2,9381000.0,RevenueFromContractWithCustomerExcludingAssessedTax,20251231,10265000.0,20241231,702773000.0,ProfitLoss,20251231,811306000.0,20241231,899316000.0,OperatingIncomeLoss,20251231,703095000.0,20241231,1074423000.0,NetCashProvidedByUsedInOperatingActivities,20251231,1068305000.0,20241231,,,,,,64399459.0,WeightedAverageNumberOfDilutedSharesOutstanding,20251231,64251234.0,20241231,13159009000.0,Assets,20251231,5541372000.0,StockholdersEquity,20251231,76241000.0,CashAndCashEquivalentsAtCarryingValue,20251231,,,,,-0.08611787627861667,-0.13377566540861274,0.002306959583064261,95.86568596098498,74.9145080481825,,0.12682292399788356,,100.0,75.0,OK,PRESENT
LEN,LEN,LENNAR CORP A,-,0.027367,0000920760,1520,10-K,20251130,20260128,0001628280-26-003870,20260531,20260629,2025Q3;2025Q4;2026Q1;2026Q2,34186934000.0,Revenues,20251130,35441452000.0,20241130,2078179000.0,NetIncomeLoss,20251130,3932533000.0,20241130,,,,,,216812000.0,NetCashProvidedByUsedInOperatingActivities,20251130,2403379000.0,20241130,188629000.0,PaymentsToAcquirePropertyPlantAndEquipment,20251130,171503000.0,20241130,,,,,,34430437000.0,Assets,20251130,21959417000.0,StockholdersEquity,20251130,3756305000.0,CashAndCashEquivalentsAtCarryingValue,20251130,5874995000.0,LongTermDebt,20251130,28183000.0,-0.03539691319644578,-0.47154187898741096,,,0.060788691960501635,0.0008243792789373859,0.09463725744631563,0.26753875114261916,83.3,87.5,MISSING_DILUTED_SHARES,PARTIAL
PTC,PTC,PTC INC,-,0.027191,0000857005,7372,10-K,20250930,20251121,0001193125-25-291326,20260331,20260507,2025Q3;2025Q4;2026Q1;2026Q2,2739226000.0,RevenueFromContractWithCustomerExcludingAssessedTax,20250930,2298472000.0,20240930,733997000.0,NetIncomeLoss,20250930,376333000.0,20240930,982385000.0,OperatingIncomeLoss,20250930,588062000.0,20240930,867696000.0,NetCashProvidedByUsedInOperatingActivities,20250930,749984000.0,20240930,11008000.0,PaymentsToAcquirePropertyPlantAndEquipment,20250930,14378000.0,20240930,120777000.0,WeightedAverageNumberOfDilutedSharesOutstanding,20250930,120742000.0,20240930,6617172000.0,Assets,20250930,3826229000.0,StockholdersEquity,20250930,184415000.0,CashAndCashEquivalentsAtCarryingValue,20250930,1172434000.0,LongTermDebt,20250930,856688000.0,0.19175956896581736,0.9503923387000344,0.0002898742773849161,0.35863597965264643,0.26795780997989943,0.3127481996739225,0.1918330031997562,0.30642023778503585,100.0,100.0,OK,PRESENT
FTV,FTV,FORTIVE CORP,-,0.027115,0001659166,3823,10-K,20251231,20260225,0001659166-26-000007,20260331,20260430,2025Q3;2025Q4;2026Q1;2026Q2,4159100000.0,RevenueFromContractWithCustomerExcludingAssessedTax,20251231,4080900000.0,20241231,579200000.0,NetIncomeLoss,20251231,832900000.0,20241231,720200000.0,OperatingIncomeLoss,20251231,716300000.0,20241231,1083200000.0,NetCashProvidedByUsedInOperatingActivities,20251231,1526800000.0,20241231,105100000.0,PaymentsToAcquirePropertyPlantAndEquipment,20251231,86100000.0,20241231,334600000.0,WeightedAverageNumberOfDilutedSharesOutstanding,20251231,352800000.0,20241231,11737700000.0,Assets,20251231,6453400000.0,StockholdersEquity,20251231,375500000.0,CashAndCashEquivalentsAtCarryingValue,20251231,3206000000.0,LongTermDebtCurrent+LongTermDebtNoncurrent,20251231+20251231,978100000.0,0.01916243965791864,-0.3045983911634049,-0.051587301587301626,0.1731624630328677,0.13926089779038733,0.2351710706643264,0.08975113893451514,0.4967923885083832,100.0,100.0,OK,PRESENT
CHRW,CHRW,C.H. ROBINSON WORLDWIDE INC,-,0.026659,0001043277,4731,10-K,20251231,20260213,0001043277-26-000009,20260331,20260501,2025Q3;2025Q4;2026Q1;2026Q2,16232763000.0,RevenueFromContractWithCustomerExcludingAssessedTax,20251231,17724956000.0,20241231,587081000.0,NetIncomeLoss,20251231,465690000.0,20241231,794961000.0,OperatingIncomeLoss,20251231,669141000.0,20241231,914519000.0,NetCashProvidedByUsedInOperatingActivities,20251231,509084000.0,20241231,19628000.0,PaymentsToAcquirePropertyPlantAndEquipment,20251231,22653000.0,20241231,121502000.0,WeightedAverageNumberOfDilutedSharesOutstanding,20251231,120679000.0,20241231,5058381000.0,Assets,20251231,1845647000.0,StockholdersEquity,20251231,160871000.0,CashAndCashEquivalentsAtCarryingValue,20251231,1089438000.0,LongTermDebtCurrent+LongTermDebtNoncurrent,20251231+20251231,894891000.0,-0.08418599177340691,0.26066911464708276,0.006819744943196371,0.04897262406898936,0.036166424656110606,0.05512869250909411,0.31808953716501587,0.5902743048914554,100.0,100.0,OK,PRESENT
LDOS,LDOS,LEIDOS HOLDINGS INC,-,0.026658,0001336920,7373,10-K,20251231,20260217,0001336920-26-000030,20260331,20260505,2025Q3;2025Q4;2026Q1;2026Q2,17174000000.0,Revenues,20251231,16662000000.0,20241231,1448000000.0,NetIncomeLoss,20251231,1254000000.0,20241231,2109000000.0,OperatingIncomeLoss,20251231,1827000000.0,20241231,1750000000.0,NetCashProvidedByUsedInOperatingActivities,20251231,1435000000.0,20241231,125000000.0,PaymentsToAcquireProductiveAssets,20251231,149000000.0,20241231,,,,,,13493000000.0,Assets,20251231,4916000000.0,StockholdersEquity,20251231,1108000000.0,CashAndCashEquivalentsAtCarryingValue,20251231,4628000000.0,LongTermDebtAndCapitalLeaseObligations,20251231,1625000000.0,0.030728604009122584,0.15470494417862835,,0.12280190986374752,0.0843134971468499,0.09461977407709328,0.29454841334418225,0.9414157851912124,83.3,87.5,MISSING_DILUTED_SHARES,PARTIAL
J,J,JACOBS SOLUTIONS INC,-,0.026595,0000052988,1600,10-K,20250930,20251120,0001628280-25-053316,20260331,20260505,2025Q3;2025Q4;2026Q1;2026Q2,,,,,,289336000.0,NetIncomeLoss,20250930,806093000.0,20240930,863634000.0,OperatingIncomeLoss,20250930,692436000.0,20240930,686704000.0,NetCashProvidedByUsedInOperatingActivities,20250930,1054673000.0,20240930,79232000.0,PaymentsToAcquirePropertyPlantAndEquipment,20250930,121114000.0,20240930,,,,,,11252535000.0,Assets,20250930,3640807000.0,StockholdersEquity,20250930,1235448000.0,CashAndCashEquivalentsAtCarryingValue,20250930,2236456000.0,LongTermDebtNoncurrent,20250930,607472000.0,,-0.6410637482275618,,,,,0.07947029326190594,0.6142748022622457,66.7,75.0,MISSING_REVENUE;MISSING_DILUTED_SHARES,PARTIAL
LNT,LNT,ALLIANT ENERGY CORP,-,0.02639,0000352541,4931,10-K,20251231,20260220,0000352541-26-000007,20260331,20260501,2025Q3;2025Q4;2026Q1;2026Q2,4362000000.0,Revenues,20251231,3981000000.0,20241231,810000000.0,NetIncomeLoss,20251231,690000000.0,20241231,1025000000.0,OperatingIncomeLoss,20251231,886000000.0,20241231,1169000000.0,NetCashProvidedByUsedInOperatingActivities,20251231,1167000000.0,20241231,,,,,,257800000.0,WeightedAverageNumberOfDilutedSharesOutstanding,20251231,256800000.0,20241231,24991000000.0,Assets,20251231,7334000000.0,StockholdersEquity,20251231,556000000.0,CashAndCashEquivalentsAtCarryingValue,20251231,12028000000.0,LongTermDebtCurrent+LongTermDebtNoncurrent,20251231+20251231,,0.09570459683496613,0.17391304347826098,0.003894080996884819,0.23498395231545163,0.1856946354883081,,0.11044450504499591,1.640032724297791,100.0,87.5,OK,PRESENT
CHTR,CHTR,CHARTER COMMUNICATIONS INC A,-,0.026299,0001091667,4841,10-K,20251231,20260130,0001091667-26-000017,20260331,20260424,2025Q3;2025Q4;2026Q1;2026Q2,54774000000.0,Revenues,20251231,55085000000.0,20241231,4987000000.0,NetIncomeLoss,20251231,5083000000.0,20241231,12908000000.0,OperatingIncomeLoss,20251231,13118000000.0,20241231,16077000000.0,NetCashProvidedByUsedInOperatingActivities,20251231,14430000000.0,20241231,11659000000.0,PaymentsToAcquirePropertyPlantAndEquipment,20251231,11269000000.0,20241231,137743676.0,WeightedAverageNumberOfDilutedSharesOutstanding,20251231,145363771.0,20241231,154213000000.0,Assets,20251231,16054000000.0,StockholdersEquity,20251231,477000000.0,CashAndCashEquivalentsAtCarryingValue,20251231,94756000000.0,LongTermDebtCurrent+LongTermDebtNoncurrent,20251231+20251231,4418000000.0,-0.0056458200962149485,-0.01888648435963014,-0.0524208676452127,0.23565925439076935,0.09104684704421806,0.08065870668565378,0.3106390930609194,5.902329637473527,100.0,100.0,OK,PRESENT
NDSN,NDSN,NORDSON CORP,-,0.025779,0000072331,3569,10-K,20251031,20251217,0000072331-25-000144,20260430,20260521,2025Q3;2025Q4;2026Q1;2026Q2,2791687000.0,RevenueFromContractWithCustomerExcludingAssessedTax,20251031,2689921000.0,20241031,484474000.0,NetIncomeLoss,20251031,467284000.0,20241031,711725000.0,OperatingIncomeLoss,20251031,674001000.0,20241031,719175000.0,NetCashProvidedByUsedInOperatingActivities,20251031,556193000.0,20241031,58060000.0,PaymentsToAcquirePropertyPlantAndEquipment,20251031,64410000.0,20241031,56916000.0,WeightedAverageNumberOfDilutedSharesOutstanding,20251031,57616000.0,20241031,5917681000.0,Assets,20251031,3043571000.0,StockholdersEquity,20251031,108442000.0,CashAndCashEquivalentsAtCarryingValue,20251031,1996254000.0,LongTermDebtCurrent+LongTermDebtNoncurrent,20251031+20251031,661115000.0,0.03783233782702178,0.03678705027349527,-0.012149402943626764,0.2549444117481652,0.1735416613681978,0.2368155885670564,0.15917946386005125,0.6558920426039018,100.0,100.0,OK,PRESENT
NVR,NVR,NVR INC,-,0.025685,0000906163,1531,10-K,20251231,20260211,0000906163-26-000018,20260331,20260506,2025Q3;2025Q4;2026Q1;2026Q2,10323959000.0,Revenues,20251231,10524479000.0,20241231,1339816000.0,NetIncomeLoss,20251231,1681928000.0,20241231,,,,,,1121320000.0,NetCashProvidedByUsedInOperatingActivities,20251231,1374462000.0,20241231,24508000.0,PaymentsToAcquirePropertyPlantAndEquipment,20251231,29212000.0,20241231,3069103.0,WeightedAverageNumberOfDilutedSharesOutstanding,20251231,3319434.0,20241231,5856930000.0,Assets,20251231,3864869000.0,StockholdersEquity,20251231,1956881000.0,CashCashEquivalentsRestrictedCashAndRestrictedCashEquivalents,20251231,,,,1096812000.0,-0.019052724605179927,-0.2034046641711179,-0.07541376029768931,,0.1297773460743112,0.10623947654189637,0.3466653074140417,,100.0,87.5,OK,PRESENT
GEN,GEN,GEN DIGITAL INC,-,0.025683,0000849399,7372,10-K,20260331,20260521,0000849399-26-000017,20251231,20260206,2025Q3;2025Q4;2026Q1;2026Q2,5000000000.0,RevenueFromContractWithCustomerExcludingAssessedTax,20260331,3935000000.0,20250331,973000000.0,NetIncomeLoss,20260331,643000000.0,20250331,2120000000.0,OperatingIncomeLoss,20260331,1610000000.0,20250331,1545000000.0,NetCashProvidedByUsedInOperatingActivities,20260331,1221000000.0,20250331,22000000.0,PaymentsToAcquirePropertyPlantAndEquipment,20260331,15000000.0,20250331,619000000.0,WeightedAverageNumberOfDilutedSharesOutstanding,20260331,624000000.0,20250331,15589000000.0,Assets,20260331,2611000000.0,StockholdersEquity,20260331,411000000.0,CashCashEquivalentsRestrictedCashAndRestrictedCashEquivalents,20260331,8196000000.0,LongTermDebtCurrent+LongTermDebtNoncurrent,20260331+20260331,1523000000.0,0.27064803049555275,0.5132192846034214,-0.008012820512820484,0.424,0.1946,0.3046,0.3726541554959786,3.1390271926464957,100.0,100.0,OK,PRESENT
IEX,IEX,IDEX CORP,-,0.02558,0000832101,3561,10-K,20251231,20260219,0000832101-26-000003,20260331,20260429,2025Q3;2025Q4;2026Q1;2026Q2,3457500000.0,Revenues,20251231,3268800000.0,20241231,483200000.0,NetIncomeLoss,20251231,505000000.0,20241231,699300000.0,OperatingIncomeLoss,20251231,677200000.0,20241231,680400000.0,NetCashProvidedByUsedInOperatingActivities,20251231,668100000.0,20241231,63600000.0,PaymentsToAcquirePropertyPlantAndEquipment,20251231,65100000.0,20241231,75300000.0,WeightedAverageNumberOfDilutedSharesOutstanding,20251231,75900000.0,20241231,6927000000.0,Assets,20251231,4027500000.0,StockholdersEquity,20251231,580000000.0,CashAndCashEquivalentsAtCarryingValue,20251231,1820800000.0,LongTermDebtCurrent+LongTermDebtNoncurrent,20251231+20251231,616800000.0,0.057727606461086545,-0.04316831683168321,-0.007905138339920903,0.20225596529284165,0.13975415762834417,0.1783947939262473,0.11997517070142769,0.45209186840471755,100.0,100.0,OK,PRESENT
LYB,LYB,LYONDELLBASELL INDU CL A,-,0.025493,0001489393,2860,10-K,20251231,20260220,0001489393-26-000012,20260331,20260501,2025Q3;2025Q4;2026Q1;2026Q2,30153000000.0,RevenueFromContractWithCustomerExcludingAssessedTax,20251231,33394000000.0,20241231,-738000000.0,ProfitLoss,20251231,1367000000.0,20241231,-420000000.0,OperatingIncomeLoss,20251231,1918000000.0,20241231,2262000000.0,NetCashProvidedByUsedInOperatingActivities,20251231,3819000000.0,20241231,1878000000.0,PaymentsToAcquirePropertyPlantAndEquipment,20251231,1839000000.0,20241231,,,,,,34003000000.0,Assets,20251231,10082000000.0,StockholdersEquity,20251231,3443000000.0,CashAndCashEquivalentsAtCarryingValue,20251231,12124000000.0,LongTermDebtAndCapitalLeaseObligations,20251231,384000000.0,-0.09705336287955924,-1.5398683247988294,,-0.013928962292309223,-0.02447517659934335,0.012735051238682718,-0.07319976195199365,1.202539178734378,83.3,87.5,MISSING_DILUTED_SHARES,PARTIAL
ZBRA,ZBRA,ZEBRA TECHNOLOGIES CORP CL A,-,0.025468,0000877212,3560,10-K,20251231,20260212,0001628280-26-007668,20260331,20260512,2025Q3;2025Q4;2026Q1;2026Q2,5396000000.0,RevenueFromContractWithCustomerExcludingAssessedTax,20251231,4981000000.0,20241231,419000000.0,NetIncomeLoss,20251231,528000000.0,20241231,700000000.0,OperatingIncomeLoss,20251231,742000000.0,20241231,917000000.0,NetCashProvidedByUsedInOperatingActivities,20251231,1013000000.0,20241231,86000000.0,PaymentsToAcquirePropertyPlantAndEquipment,20251231,59000000.0,20241231,,,,,,8502000000.0,Assets,20251231,3588000000.0,StockholdersEquity,20251231,125000000.0,CashAndCashEquivalentsAtCarryingValue,20251231,2502000000.0,LongTermDebtCurrent+LongTermDebtNoncurrent,20251231+20251231,831000000.0,0.08331660309174871,-0.20643939393939392,,0.12972572275759822,0.07765011119347665,0.1540029651593773,0.11677814938684504,0.697324414715719,83.3,87.5,MISSING_DILUTED_SHARES,PARTIAL
WY,WY,WEYERHAEUSER CO,-,0.025278,0000106535,6798,10-K,20251231,20260213,0001193125-26-051422,20260331,20260501,2025Q3;2025Q4;2026Q1;2026Q2,6905000000.0,Revenues,20251231,7124000000.0,20241231,324000000.0,NetIncomeLoss,20251231,396000000.0,20241231,731000000.0,OperatingIncomeLoss,20251231,685000000.0,20241231,562000000.0,NetCashProvidedByUsedInOperatingActivities,20251231,1008000000.0,20241231,,,,,,723567000.0,WeightedAverageNumberOfDilutedSharesOutstanding,20251231,728957000.0,20241231,16613000000.0,Assets,20251231,9426000000.0,StockholdersEquity,20251231,464000000.0,CashAndCashEquivalentsAtCarryingValue,20251231,5050000000.0,LongTermDebtNoncurrent,20251231,,-0.03074115665356536,-0.18181818181818177,-0.007394126128152934,0.1058653149891383,0.04692251991310645,,0.03437301082113304,0.5357521748355613,100.0,87.5,OK,PRESENT
BALL,BALL,BALL CORP,-,0.025258,0000009389,3411,10-K,20251231,20260219,0001104659-26-017410,20260331,20260505,2025Q3;2025Q4;2026Q1;2026Q2,,,,,,915000000.0,ProfitLoss,20251231,4014000000.0,20241231,,,,,,1262000000.0,NetCashProvidedByUsedInOperatingActivities,20251231,115000000.0,20241231,474000000.0,PaymentsToAcquirePropertyPlantAndEquipment,20251231,484000000.0,20241231,275972000.0,WeightedAverageNumberOfDilutedSharesOutstanding,20251231,308206000.0,20241231,19524000000.0,Assets,20251231,5421000000.0,StockholdersEquity,20251231,1212000000.0,CashAndCashEquivalentsAtCarryingValue,20251231,6991000000.0,LongTermDebtAndCapitalLeaseObligations,20251231,788000000.0,,-0.7720478325859492,-0.1045858938502171,,,,0.16878804648588822,1.2896144622763328,83.3,87.5,MISSING_REVENUE,PARTIAL
KIM,KIM,KIMCO REALTY CORP,-,0.024169,0000879101,6798,10-K,20251231,20260220,0001193125-26-060760,20260331,20260430,2025Q3;2025Q4;2026Q1;2026Q2,2140116000.0,Revenues,20251231,2037014000.0,20241231,584741000.0,NetIncomeLoss,20251231,410785000.0,20241231,770823000.0,OperatingIncomeLoss,20251231,629088000.0,20241231,1120015000.0,NetCashProvidedByUsedInOperatingActivities,20251231,1005621000.0,20241231,,,,,,675279000.0,WeightedAverageNumberOfDilutedSharesOutstanding,20251231,672136000.0,20241231,19688250000.0,Assets,20251231,10391836000.0,StockholdersEquity,20251231,212794000.0,CashCashEquivalentsRestrictedCashAndRestrictedCashEquivalents,20251231,,,,,0.050614281492419755,0.4234721326241222,0.004676136972279421,0.3601781398765301,0.27322864741911185,,0.056269267528856304,,100.0,75.0,OK,PRESENT
INVH,INVH,INVITATION HOMES INC,-,0.024072,0001687229,6510,10-K,20251231,20260219,0001687229-26-000016,20260331,20260430,2025Q3;2025Q4;2026Q1;2026Q2,2729296000.0,Revenues,20251231,2618942000.0,20241231,587924000.0,NetIncomeLoss,20251231,453917000.0,20241231,,,,,,1206230000.0,NetCashProvidedByUsedInOperatingActivities,20251231,1081805000.0,20241231,,,,,,613177806.0,WeightedAverageNumberOfDilutedSharesOutstanding,20251231,613631617.0,20241231,18680290000.0,Assets,20251231,9530132000.0,StockholdersEquity,20251231,129971000.0,CashAndCashEquivalentsAtCarryingValue,20251231,,,,,0.042136862901125616,0.2952235761163384,-0.0007395495724594747,,0.21541232610900393,,0.06169106576907854,,100.0,75.0,OK,PRESENT
ALB,ALB,ALBEMARLE CORP,-,0.024025,0000915913,2821,10-K,20251231,20260211,0000915913-26-000018,20260331,20260506,2025Q3;2025Q4;2026Q1;2026Q2,5142733000.0,Revenues,20251231,5377526000.0,20241231,-510628000.0,NetIncomeLoss,20251231,-1179449000.0,20241231,-367084000.0,OperatingIncomeLoss,20251231,-1776545000.0,20241231,1282267000.0,NetCashProvidedByUsedInOperatingActivities,20251231,687876000.0,20241231,589801000.0,PaymentsToAcquirePropertyPlantAndEquipment,20251231,1680529000.0,20241231,117664000.0,WeightedAverageNumberOfDilutedSharesOutstanding,20251231,117516000.0,20241231,16374211000.0,Assets,20251231,9533365000.0,StockholdersEquity,20251231,1618001000.0,CashCashEquivalentsRestrictedCashAndRestrictedCashEquivalents,20251231,3193541000.0,LongTermDebtCurrent+LongTermDebtNoncurrent,20251231+20251231,692466000.0,-0.043661899542652094,-0.56706224686273,0.0012594029749140034,-0.0713791674582367,-0.09929117455640804,0.13464941695398147,-0.053562199705979995,0.33498570546706224,100.0,100.0,OK,PRESENT
BG,BG,BUNGE GLOBAL SA,-,0.02393,0001996862,2070,10-K,20251231,20260219,0001628280-26-009842,20260331,20260429,2025Q3;2025Q4;2026Q1;2026Q2,70329000000.0,Revenues,20251231,53108000000.0,20241231,816000000.0,NetIncomeLoss,20251231,1137000000.0,20241231,,,,,,844000000.0,NetCashProvidedByUsedInOperatingActivities,20251231,1900000000.0,20241231,1723000000.0,PaymentsToAcquirePropertyPlantAndEquipment,20251231,1376000000.0,20241231,,,,,,44528000000.0,Assets,20251231,15904000000.0,StockholdersEquity,20251231,1135000000.0,CashAndCashEquivalentsAtCarryingValue,20251231,10168000000.0,LongTermDebtCurrent+LongTermDebtNoncurrent,20251231+20251231,-879000000.0,0.3242637644046096,-0.28232189973614774,,,0.011602610587382161,-0.012498400375378577,0.05130784708249497,0.6393360160965795,83.3,87.5,MISSING_DILUTED_SHARES,PARTIAL
AKAM,AKAM,AKAMAI TECHNOLOGIES INC,-,0.023866,0001086222,7389,10-K,20251231,20260220,0001086222-26-000022,20260331,20260508,2025Q3;2025Q4;2026Q1;2026Q2,,,,,,452031000.0,NetIncomeLoss,20251231,504918000.0,20241231,566944000.0,OperatingIncomeLoss,20251231,533411000.0,20241231,1518765000.0,NetCashProvidedByUsedInOperatingActivities,20251231,1519171000.0,20241231,507786000.0,PaymentsToAcquirePropertyPlantAndEquipment,20251231,390433000.0,20241231,147023000.0,WeightedAverageNumberOfDilutedSharesOutstanding,20251231,154346000.0,20241231,11479643000.0,Assets,20251231,4977371000.0,StockholdersEquity,20251231,930231000.0,CashAndCashEquivalentsAtCarryingValue,20251231,,,,1010979000.0,,-0.10474374056777536,-0.047445350057662705,,,,0.09081722057688688,,83.3,75.0,MISSING_REVENUE,PARTIAL
BBY,BBY,BEST BUY CO INC,-,0.02382,0000764478,5731,10-K,20260131,20260318,0000764478-26-000009,20260430,20260605,2025Q3;2025Q4;2026Q1;2026Q2,,,,,,1069000000.0,NetIncomeLoss,20260131,927000000.0,20250131,1389000000.0,OperatingIncomeLoss,20260131,1262000000.0,20250131,1962000000.0,NetCashProvidedByUsedInOperatingActivities,20260131,2098000000.0,20250131,704000000.0,PaymentsToAcquirePropertyPlantAndEquipment,20260131,706000000.0,20250131,212100000.0,WeightedAverageNumberOfDilutedSharesOutstanding,20260131,216600000.0,20250131,14670000000.0,Assets,20260131,2964000000.0,StockholdersEquity,20260131,1738000000.0,CashAndCashEquivalentsAtCarryingValue,20260131,1165000000.0,LongTermDebtAndCapitalLeaseObligations,20260131,1258000000.0,,0.15318230852211445,-0.020775623268698085,,,,0.3606612685560054,0.39304993252361675,83.3,87.5,MISSING_REVENUE,PARTIAL
TYL,TYL,TYLER TECHNOLOGIES INC,-,0.023707,0000860731,7372,10-K,20251231,20260218,0000860731-26-000016,20260331,20260429,2025Q3;2025Q4;2026Q1;2026Q2,2332340000.0,RevenueFromContractWithCustomerExcludingAssessedTax,20251231,2137803000.0,20241231,315603000.0,NetIncomeLoss,20251231,263026000.0,20241231,357676000.0,OperatingIncomeLoss,20251231,299526000.0,20241231,653543000.0,NetCashProvidedByUsedInOperatingActivities,20251231,624633000.0,20241231,16015000.0,PaymentsToAcquirePropertyPlantAndEquipment,20251231,20535000.0,20241231,,,,,,5638908000.0,Assets,20251231,3702789000.0,StockholdersEquity,20251231,1015400000.0,CashAndCashEquivalentsAtCarryingValue,20251231,,,,637528000.0,0.09099856254294703,0.1998927862644757,,0.15335499969987224,0.13531603454041863,0.2733426515859609,0.0852338602064552,,83.3,75.0,MISSING_DILUTED_SHARES,PARTIAL
TSN,TSN,TYSON FOODS INC CL A,-,0.023296,0000100493,2015,10-K,20250930,20251110,0000100493-25-000095,20260331,20260504,2025Q3;2025Q4;2026Q1;2026Q2,54441000000.0,Revenues,20250930,53309000000.0,20240930,474000000.0,NetIncomeLoss,20250930,800000000.0,20240930,1098000000.0,OperatingIncomeLoss,20250930,1409000000.0,20240930,2155000000.0,NetCashProvidedByUsedInOperatingActivities,20250930,2590000000.0,20240930,978000000.0,PaymentsToAcquirePropertyPlantAndEquipment,20250930,1132000000.0,20240930,357000000.0,WeightedAverageNumberOfDilutedSharesOutstanding,20250930,356000000.0,20240930,36658000000.0,Assets,20250930,18085000000.0,StockholdersEquity,20250930,1229000000.0,CashAndCashEquivalentsAtCarryingValue,20250930,7921000000.0,LongTermDebtAndCapitalLeaseObligations,20250930,1177000000.0,0.021234688326549067,-0.4075,0.002808988764045006,0.020168622912878163,0.008706673279329917,0.021619735126099816,0.02620956593862317,0.43798728227813105,100.0,100.0,OK,PRESENT
APA,APA,APA CORP,-,0.023054,0001841666,1311,10-K,20251231,20260226,0001841666-26-000015,20260331,20260507,2025Q3;2025Q4;2026Q1;2026Q2,,,,,,1434000000.0,NetIncomeLoss,20251231,804000000.0,20241231,,,,,,4545000000.0,NetCashProvidedByUsedInOperatingActivities,20251231,3620000000.0,20241231,,,,,,359000000.0,WeightedAverageNumberOfDilutedSharesOutstanding,20251231,353000000.0,20241231,17761000000.0,Assets,20251231,6093000000.0,StockholdersEquity,20251231,516000000.0,CashAndCashEquivalentsAtCarryingValue,20251231,4280000000.0,LongTermDebtAndCapitalLeaseObligations,20251231,,,0.7835820895522387,0.016997167138810276,,,,0.23535204332840964,0.7024454291810274,83.3,75.0,MISSING_REVENUE,PARTIAL
MAA,MAA,MID AMERICA APARTMENT COMM,-,0.02266,0000912595,6798,10-K,20251231,20260206,0001193125-26-041208,20260331,20260430,2025Q3;2025Q4;2026Q1;2026Q2,2209126000.0,Revenues,20251231,2191015000.0,20241231,446909000.0,NetIncomeLoss,20251231,527543000.0,20241231,,,,,,1078175000.0,NetCashProvidedByUsedInOperatingActivities,20251231,1098292000.0,20241231,,,,,,,,,,,11975383000.0,Assets,20251231,5662851000.0,StockholdersEquity,20251231,60258000.0,CashAndCashEquivalentsAtCarryingValue,20251231,,,,,0.00826603195322706,-0.15284820384309905,,,0.20230127208678908,,0.07891943475115273,,83.3,62.5,MISSING_DILUTED_SHARES,PARTIAL
SWK,SWK,STANLEY BLACK + DECKER INC,-,0.022643,0000093556,3420,10-K,20251231,20260224,0000093556-26-000009,20260331,20260429,2025Q3;2025Q4;2026Q1;2026Q2,15130400000.0,Revenues,20251231,15365700000.0,20241231,401900000.0,NetIncomeLoss,20251231,294300000.0,20241231,,,,,,971200000.0,NetCashProvidedByUsedInOperatingActivities,20251231,1106900000.0,20241231,283300000.0,PaymentsToAcquirePropertyPlantAndEquipment,20251231,353900000.0,20241231,,,,,,21243700000.0,Assets,20251231,9054600000.0,StockholdersEquity,20251231,280100000.0,CashAndCashEquivalentsAtCarryingValue,20251231,5258100000.0,LongTermDebtCurrent+LongTermDebtNoncurrent,20251231+20251231,687900000.0,-0.015313327736451998,0.36561331974176015,,,0.026562417384867552,0.045464759689102734,0.04438627879751728,0.5807103571665231,83.3,87.5,MISSING_DILUTED_SHARES,PARTIAL
EG,EG,EVEREST GROUP LTD,-,0.022411,0001095073,6331,10-K,20251231,20260226,0001095073-26-000006,20260331,20260505,2025Q3;2025Q4;2026Q1;2026Q2,17496000000.0,Revenues,20251231,17281000000.0,20241231,1591000000.0,NetIncomeLoss,20251231,1373000000.0,20241231,,,,,,3068000000.0,NetCashProvidedByUsedInOperatingActivities,20251231,4957000000.0,20241231,,,,,,,,,,,62514000000.0,Assets,20251231,15461000000.0,StockholdersEquity,20251231,1318000000.0,CashCashEquivalentsRestrictedCashAndRestrictedCashEquivalents,20251231,,,,,0.012441409640645773,0.15877640203932986,,,0.09093507087334247,,0.10290408123665998,,83.3,62.5,MISSING_DILUTED_SHARES,PARTIAL
MAS,MAS,MASCO CORP,-,0.022075,0000062996,3430,10-K,20251231,20260210,0000062996-26-000005,20260331,20260422,2025Q3;2025Q4;2026Q1;2026Q2,7562000000.0,RevenueFromContractWithCustomerExcludingAssessedTax,20251231,7828000000.0,20241231,810000000.0,NetIncomeLoss,20251231,822000000.0,20241231,1248000000.0,OperatingIncomeLoss,20251231,1363000000.0,20241231,1022000000.0,NetCashProvidedByUsedInOperatingActivities,20251231,1075000000.0,20241231,156000000.0,PaymentsToAcquireProductiveAssets,20251231,168000000.0,20241231,,,,,,5201000000.0,Assets,20251231,-185000000.0,StockholdersEquity,20251231,647000000.0,CashAndCashEquivalentsAtCarryingValue,20251231,2945000000.0,LongTermDebtNoncurrent,20251231,866000000.0,-0.03398058252427183,-0.014598540145985384,,0.16503570483998942,0.10711451996826236,0.11451996826236445,-4.378378378378378,-15.91891891891892,83.3,87.5,MISSING_DILUTED_SHARES,PARTIAL
IVZ,IVZ,INVESCO LTD,-,0.022011,0000914208,6282,10-K,20251231,20260224,0000914208-26-000079,20260331,20260505,2025Q3;2025Q4;2026Q1;2026Q2,6377100000.0,RevenueFromContractWithCustomerExcludingAssessedTax,20251231,6067000000.0,20241231,-174800000.0,ProfitLoss,20251231,752400000.0,20241231,-695700000.0,OperatingIncomeLoss,20251231,832100000.0,20241231,1525300000.0,NetCashProvidedByUsedInOperatingActivities,20251231,1190000000.0,20241231,84300000.0,PaymentsToAcquirePropertyPlantAndEquipment,20251231,69100000.0,20241231,,,,,,27094000000.0,Assets,20251231,12231000000.0,StockholdersEquity,20251231,1037500000.0,CashAndCashEquivalentsAtCarryingValue,20251231,1825100000.0,LongTermDebt,20251231,1441000000.0,0.05111257623207521,-1.2323232323232323,,-0.1090934750905584,-0.02741057847610983,0.2259647802292578,-0.014291554247404137,0.14921919712206688,83.3,87.5,MISSING_DILUTED_SHARES,PARTIAL
FDXF,FDXF,FEDEX FREIGHT HOLDING CO,-,0.021908,0002082247,,,,,,,,2025Q3;2025Q4;2026Q1;2026Q2,,,,,,,,,,,,,,,,,,,,,,,,,,,,,,,,,,,,,,,,,,,,,,,,,,,,0.0,0.0,MISSING_ANNUAL_FILING_IN_BULK_WINDOW;MISSING_REVENUE;MISSING_NET_INCOME;MISSING_ASSETS;MISSING_EQUITY;MISSING_OPERATING_CASH_FLOW;MISSING_DILUTED_SHARES,PARTIAL
DOC,DOC,HEALTHPEAK PROPERTIES INC,-,0.02178,0000765880,6798,10-K,20251231,20260203,0001628280-26-005044,20260331,20260506,2025Q3;2025Q4;2026Q1;2026Q2,603989000.0,RevenueFromContractWithCustomerExcludingAssessedTax,20251231,568475000.0,20241231,71347000.0,NetIncomeLoss,20251231,243142000.0,20241231,,,,,,1251959000.0,NetCashProvidedByUsedInOperatingActivities,20251231,1070497000.0,20241231,,,,,,696044000.0,WeightedAverageNumberOfDilutedSharesOutstanding,20251231,676233000.0,20241231,20336018000.0,Assets,20251231,7500094000.0,StockholdersEquity,20251231,467457000.0,CashAndCashEquivalentsAtCarryingValue,20251231,,,,,0.06247240423941247,-0.7065624203140551,0.029296115392180022,,0.11812632349264639,,0.009512814106063205,,100.0,75.0,OK,PRESENT
RVTY,RVTY,REVVITY INC,-,0.021701,0000031791,3826,10-K,20251231,20260224,0000031791-26-000012,20260331,20260512,2025Q3;2025Q4;2026Q1;2026Q2,2856051000.0,RevenueFromContractWithCustomerExcludingAssessedTax,20251231,2755026000.0,20241231,241201000.0,NetIncomeLoss,20251231,270385000.0,20241231,356635000.0,OperatingIncomeLoss,20251231,346741000.0,20241231,582933000.0,NetCashProvidedByUsedInOperatingActivities,20251231,628299000.0,20241231,73522000.0,PaymentsToAcquirePropertyPlantAndEquipment,20251231,86648000.0,20241231,,,,,,12168411000.0,Assets,20251231,7250360000.0,StockholdersEquity,20251231,919860000.0,CashAndCashEquivalentsAtCarryingValue,20251231,2631236000.0,LongTermDebtNoncurrent,20251231,509411000.0,0.03666934540726663,-0.10793498160031068,,0.12486996905867577,0.08445262357009731,0.1783620110425199,0.03326745154723352,0.3629110830358768,83.3,87.5,MISSING_DILUTED_SHARES,PARTIAL
SJM,SJM,JM SMUCKER CO/THE,-,0.021146,0000091419,2033,10-K,20260430,20260609,0000091419-26-000050,20260131,20260226,2025Q3;2025Q4;2026Q1;2026Q2,,,,,,-138700000.0,NetIncomeLoss,20260430,-1230800000.0,20250430,360200000.0,OperatingIncomeLoss,20260430,-673900000.0,20250430,1473600000.0,NetCashProvidedByUsedInOperatingActivities,20260430,1210400000.0,20250430,317400000.0,PaymentsToAcquirePropertyPlantAndEquipment,20260430,393800000.0,20250430,,,,,,16219400000.0,Assets,20260430,5543800000.0,StockholdersEquity,20260430,0.0,CashCashEquivalentsRestrictedCashAndRestrictedCashEquivalents,20260430,6542800000.0,LongTermDebtCurrent+LongTermDebtNoncurrent,20260430+20260430,1156200000.0,,-0.8873090672733182,,,,,-0.02501894007720336,1.1802013059634187,66.7,75.0,MISSING_REVENUE;MISSING_DILUTED_SHARES,PARTIAL
TXT,TXT,TEXTRON INC,-,0.021128,0000217346,3720,10-K,20251231,20260211,0000217346-26-000006,20260331,20260430,2025Q3;2025Q4;2026Q1;2026Q2,14799000000.0,Revenues,20251231,13702000000.0,20241231,921000000.0,NetIncomeLoss,20251231,824000000.0,20241231,,,,,,1312000000.0,NetCashProvidedByUsedInOperatingActivities,20251231,1014000000.0,20241231,383000000.0,PaymentsToAcquireProductiveAssets,20251231,364000000.0,20241231,,,,,,18129000000.0,Assets,20251231,7875000000.0,StockholdersEquity,20251231,2025000000.0,CashCashEquivalentsRestrictedCashAndRestrictedCashEquivalents,20251231,,,,929000000.0,0.08006130491899,0.11771844660194164,,,0.06223393472531928,0.06277451179133725,0.11695238095238095,,83.3,75.0,MISSING_DILUTED_SHARES,PARTIAL
TRMB,TRMB,TRIMBLE INC,-,0.021119,0000864749,3829,10-K,20251231,20260225,0000864749-26-000015,20260331,20260506,2025Q3;2025Q4;2026Q1;2026Q2,3587300000.0,RevenueFromContractWithCustomerExcludingAssessedTax,20251231,3683300000.0,20241231,424000000.0,NetIncomeLoss,20251231,1504400000.0,20241231,592000000.0,OperatingIncomeLoss,20251231,460700000.0,20241231,386200000.0,NetCashProvidedByUsedInOperatingActivities,20251231,531400000.0,20241231,25300000.0,PaymentsToAcquirePropertyPlantAndEquipment,20251231,33600000.0,20241231,241500000.0,WeightedAverageNumberOfDilutedSharesOutstanding,20251231,247200000.0,20241231,9312000000.0,Assets,20251231,5836200000.0,StockholdersEquity,20251231,253400000.0,CashAndCashEquivalentsAtCarryingValue,20251231,1392200000.0,LongTermDebtNoncurrent,20251231,360900000.0,-0.026063584285830665,-0.7181600638128157,-0.02305825242718451,0.16502662169319543,0.11819474256404539,0.10060491177208486,0.07265001199410576,0.2385456290051746,100.0,100.0,OK,PRESENT
AIZ,AIZ,ASSURANT INC,-,0.021118,0001267238,6399,10-K,20251231,20260219,0001267238-26-000010,20260331,20260507,2025Q3;2025Q4;2026Q1;2026Q2,12814300000.0,Revenues,20251231,11877500000.0,20241231,872700000.0,NetIncomeLoss,20251231,760200000.0,20241231,,,,,,1833900000.0,NetCashProvidedByUsedInOperatingActivities,20251231,1332700000.0,20241231,235500000.0,PaymentsToAcquirePropertyPlantAndEquipment,20251231,221300000.0,20241231,51086649.0,WeightedAverageNumberOfDilutedSharesOutstanding,20251231,52052961.0,20241231,36289600000.0,Assets,20251231,5871600000.0,StockholdersEquity,20251231,1834100000.0,CashAndCashEquivalentsAtCarryingValue,20251231,,,,1598400000.0,0.07887181645969266,0.1479873717442779,-0.01856401598364399,,0.06810360300601671,0.12473564689448506,0.14863069691395872,,100.0,87.5,OK,PRESENT
HST,HST,HOST HOTELS + RESORTS INC,-,0.021112,0001070750,6798,10-K,20251231,20260225,0001070750-26-000054,20260331,20260508,2025Q3;2025Q4;2026Q1;2026Q2,6114000000.0,RevenueFromContractWithCustomerExcludingAssessedTax,20251231,5684000000.0,20241231,765000000.0,NetIncomeLoss,20251231,697000000.0,20241231,855000000.0,OperatingIncomeLoss,20251231,875000000.0,20241231,1510000000.0,NetCashProvidedByUsedInOperatingActivities,20251231,1498000000.0,20241231,,,,,,,,,,,13049000000.0,Assets,20251231,6558000000.0,StockholdersEquity,20251231,768000000.0,CashAndCashEquivalentsAtCarryingValue,20251231,,,,,0.07565095003518651,0.09756097560975618,,0.13984298331697742,0.12512266928361138,,0.11665141811527904,,83.3,62.5,MISSING_DILUTED_SHARES,PARTIAL
CRL,CRL,CHARLES RIVER LABORATORIES,-,0.020986,0001100682,8731,10-K,20251231,20260218,0001100682-26-000022,20260331,20260507,2025Q3;2025Q4;2026Q1;2026Q2,4015382000.0,RevenueFromContractWithCustomerExcludingAssessedTax,20251231,4049989000.0,20241231,-144338000.0,NetIncomeLoss,20251231,22203000.0,20241231,25162000.0,OperatingIncomeLoss,20251231,227347000.0,20241231,737646000.0,NetCashProvidedByUsedInOperatingActivities,20251231,734577000.0,20241231,219152000.0,PaymentsToAcquireProductiveAssets,20251231,232967000.0,20241231,49564000.0,WeightedAverageNumberOfDilutedSharesOutstanding,20251231,51628000.0,20241231,7135422000.0,Assets,20251231,3164630000.0,StockholdersEquity,20251231,213770000.0,CashAndCashEquivalentsAtCarryingValue,20251231,2136360000.0,LongTermDebtAndCapitalLeaseObligations,20251231,518494000.0,-0.008544961480142277,-7.500833220735936,-0.03997830634539401,0.006266402548997829,-0.035946268624006385,0.12912694234321914,-0.04560975532684706,0.675074179287942,100.0,100.0,OK,PRESENT
MKC,MKC,MCCORMICK + CO NON VTG SHRS,-,0.020878,0000063754,2090,10-K,20251130,20260122,0000063754-26-000037,20260531,20260625,2025Q3;2025Q4;2026Q1;2026Q2,6840300000.0,Revenues,20251130,6723700000.0,20241130,789400000.0,NetIncomeLoss,20251130,788500000.0,20241130,1070800000.0,OperatingIncomeLoss,20251130,1060300000.0,20241130,962200000.0,NetCashProvidedByUsedInOperatingActivities,20251130,921900000.0,20241130,221800000.0,PaymentsToAcquireProductiveAssets,20251130,274900000.0,20241130,,,,,,13200400000.0,Assets,20251130,5736500000.0,StockholdersEquity,20251130,95900000.0,CashAndCashEquivalentsAtCarryingValue,20251130,3614900000.0,LongTermDebtCurrent+LongTermDebtNoncurrent,20251130+20251130,740400000.0,0.017341642250546574,0.0011414077362079666,,0.15654284168823004,0.11540429513325438,0.10824086662865663,0.13761004096574567,0.6301577617013858,83.3,87.5,MISSING_DILUTED_SHARES,PARTIAL
COO,COO,COOPER COS INC/THE,-,0.020665,0000711404,3851,10-K,20251031,20251205,0001628280-25-055615,20260430,20260605,2025Q3;2025Q4;2026Q1;2026Q2,4092400000.0,RevenueFromContractWithCustomerExcludingAssessedTax,20251031,3895400000.0,20241031,374900000.0,NetIncomeLoss,20251031,392300000.0,20241031,682900000.0,OperatingIncomeLoss,20251031,705700000.0,20241031,796100000.0,NetCashProvidedByUsedInOperatingActivities,20251031,709300000.0,20241031,362400000.0,PaymentsToAcquirePropertyPlantAndEquipment,20251031,421200000.0,20241031,200000000.0,WeightedAverageNumberOfDilutedSharesOutstanding,20251031,200400000.0,20241031,12394800000.0,Assets,20251031,8238900000.0,StockholdersEquity,20251031,110600000.0,CashAndCashEquivalentsAtCarryingValue,20251031,2457500000.0,LongTermDebtAndCapitalLeaseObligations,20251031,433700000.0,0.0505724700929302,-0.04435381085903645,-0.001996007984031989,0.16687029615873325,0.09160883589091975,0.1059769328511387,0.04550364733156125,0.2982801102088871,100.0,100.0,OK,PRESENT
BAX,BAX,BAXTER INTERNATIONAL INC,-,0.020389,0000010456,3841,10-K,20251231,20260212,0001628280-26-007733,20260331,20260430,2025Q3;2025Q4;2026Q1;2026Q2,11244000000.0,RevenueFromContractWithCustomerExcludingAssessedTax,20251231,10636000000.0,20241231,-957000000.0,NetIncomeLoss,20251231,-649000000.0,20241231,-308000000.0,OperatingIncomeLoss,20251231,14000000.0,20241231,845000000.0,NetCashProvidedByUsedInOperatingActivities,20251231,1019000000.0,20241231,513000000.0,PaymentsToAcquireProductiveAssets,20251231,446000000.0,20241231,513000000.0,WeightedAverageNumberOfDilutedSharesOutstanding,20251231,510000000.0,20241231,20055000000.0,Assets,20251231,6129000000.0,StockholdersEquity,20251231,1966000000.0,CashAndCashEquivalentsAtCarryingValue,20251231,1000000.0,ShortTermBorrowings,20251231,332000000.0,0.05716434749905974,0.47457627118644075,0.00588235294117645,-0.027392387050871575,-0.08511205976520811,0.029526858769121308,-0.1561429270680372,0.00016315875346712352,100.0,100.0,OK,PRESENT
RL,RL,RALPH LAUREN CORP,-,0.020318,0001037038,2320,10-K,20260331,20260521,0001628280-26-037074,20251231,20260205,2025Q3;2025Q4;2026Q1;2026Q2,8114500000.0,Revenues,20260331,7079000000.0,20250331,941100000.0,NetIncomeLoss,20260331,742900000.0,20250331,1179200000.0,OperatingIncomeLoss,20260331,932100000.0,20250331,1154200000.0,NetCashProvidedByUsedInOperatingActivities,20260331,1235100000.0,20250331,,,,,,62300000.0,WeightedAverageNumberOfDilutedSharesOutstanding,20260331,64000000.0,20250331,7739500000.0,Assets,20260331,2841400000.0,StockholdersEquity,20260331,1988000000.0,CashAndCashEquivalentsAtCarryingValue,20260331,1238900000.0,LongTermDebtCurrent+LongTermDebtNoncurrent,20260331+20260331,,0.1462777228422094,0.2667923004442052,-0.026562500000000044,0.14532010598311665,0.11597757101484996,,0.3312099669177166,0.43601745618357146,100.0,87.5,OK,PRESENT
FOXA,FOXA,FOX CORP CLASS A,-,0.020309,0001754301,4833,10-K,20250630,20250806,0001628280-25-038077,20260331,20260511,2025Q3;2025Q4;2026Q1;2026Q2,16300000000.0,RevenueFromContractWithCustomerExcludingAssessedTax,20250630,13980000000.0,20240630,2293000000.0,ProfitLoss,20250630,1554000000.0,20240630,,,,,,3324000000.0,NetCashProvidedByUsedInOperatingActivities,20250630,1840000000.0,20240630,331000000.0,PaymentsToAcquirePropertyPlantAndEquipment,20250630,345000000.0,20240630,,,,,,23195000000.0,Assets,20250630,11962000000.0,StockholdersEquity,20250630,5351000000.0,CashCashEquivalentsRestrictedCashAndRestrictedCashEquivalents,20250630,6602000000.0,LongTermDebtCurrent+LongTermDebtNoncurrent,20250630+20250630,2993000000.0,0.1659513590844064,0.47554697554697545,,,0.14067484662576688,0.1836196319018405,0.1916903527838154,0.5519143955860224,83.3,87.5,MISSING_DILUTED_SHARES,PARTIAL
GL,GL,GLOBE LIFE INC,-,0.020265,0000320335,6311,10-K,20251231,20260225,0000320335-26-000090,20260331,20260507,2025Q3;2025Q4;2026Q1;2026Q2,5994318000.0,Revenues,20251231,5778069000.0,20241231,1161238000.0,NetIncomeLoss,20251231,1070762000.0,20241231,,,,,,1396391000.0,NetCashProvidedByUsedInOperatingActivities,20251231,1402440000.0,20241231,142484000.0,PaymentsToAcquirePropertyPlantAndEquipment,20251231,71045000.0,20241231,,,,,,30813692000.0,Assets,20251231,5974579000.0,StockholdersEquity,20251231,144704000.0,CashCashEquivalentsRestrictedCashAndRestrictedCashEquivalents,20251231,2625449000.0,ShortTermBorrowings+LongTermDebtNoncurrent,20251231+20251231,1253907000.0,0.03742582513292936,0.0844968349642592,,,0.19372312246363974,0.20918259591833466,0.19436315094335518,0.43943665319347186,83.3,87.5,MISSING_DILUTED_SHARES,PARTIAL
SOLV,SOLV,SOLVENTUM CORP,-,0.020257,0001964738,3841,10-K,20251231,20260227,0001964738-26-000007,20260331,20260505,2025Q3;2025Q4;2026Q1;2026Q2,8325000000.0,Revenues,20251231,8254000000.0,20241231,1556000000.0,NetIncomeLoss,20251231,479000000.0,20241231,2181000000.0,OperatingIncomeLoss,20251231,1036000000.0,20241231,369000000.0,NetCashProvidedByUsedInOperatingActivities,20251231,1185000000.0,20241231,379000000.0,PaymentsToAcquirePropertyPlantAndEquipment,20251231,380000000.0,20241231,175300000.0,WeightedAverageNumberOfDilutedSharesOutstanding,20251231,173700000.0,20241231,14294000000.0,Assets,20251231,5049000000.0,StockholdersEquity,20251231,878000000.0,CashAndCashEquivalentsAtCarryingValue,20251231,5035000000.0,LongTermDebtNoncurrent,20251231,-10000000.0,0.008601889992730705,2.2484342379958244,0.00921128382268277,0.26198198198198197,0.1869069069069069,-0.0012012012012012011,0.3081798375916023,0.9972271736977619,100.0,100.0,OK,PRESENT
AVY,AVY,AVERY DENNISON CORP,-,0.020124,0000008818,2670,10-K,20251231,20260225,0000008818-26-000015,20260331,20260505,2025Q3;2025Q4;2026Q1;2026Q2,8855500000.0,RevenueFromContractWithCustomerExcludingAssessedTax,20251231,8755700000.0,20241231,688000000.0,NetIncomeLoss,20251231,704900000.0,20241231,,,,,,881400000.0,NetCashProvidedByUsedInOperatingActivities,20251231,938800000.0,20241231,169000000.0,PaymentsToAcquirePropertyPlantAndEquipment,20251231,208800000.0,20241231,78300000.0,WeightedAverageNumberOfDilutedSharesOutstanding,20251231,80700000.0,20241231,8801700000.0,Assets,20251231,2242100000.0,StockholdersEquity,20251231,202800000.0,CashAndCashEquivalentsAtCarryingValue,20251231,3210000000.0,LongTermDebtAndCapitalLeaseObligations,20251231,712400000.0,0.011398289114519677,-0.023975031919421186,-0.029739776951672847,,0.07769182993619785,0.08044717971881882,0.3068551804112216,1.4316935016279382,100.0,100.0,OK,PRESENT
IT,IT,GARTNER INC,-,0.020052,0000749251,8741,10-K,20251231,20260212,0000749251-26-000112,20260331,20260505,2025Q3;2025Q4;2026Q1;2026Q2,6497226000.0,RevenueFromContractWithCustomerExcludingAssessedTax,20251231,6267411000.0,20241231,729231000.0,NetIncomeLoss,20251231,1253715000.0,20241231,1025711000.0,OperatingIncomeLoss,20251231,1156287000.0,20241231,1290365000.0,NetCashProvidedByUsedInOperatingActivities,20251231,1484922000.0,20241231,,,,,,75605000.0,WeightedAverageNumberOfDilutedSharesOutstanding,20251231,78338000.0,20241231,8085400000.0,Assets,20251231,319908000.0,StockholdersEquity,20251231,1722521000.0,CashAndCashEquivalentsAtCarryingValue,20251231,2981674000.0,LongTermDebtCurrent+LongTermDebtNoncurrent,20251231+20251231,,0.0366682510529468,-0.4183438819827473,-0.0348872833107815,0.15786906596753753,0.11223728403475576,,2.279502231891669,9.320410868124586,100.0,87.5,OK,PRESENT
ALLE,ALLE,ALLEGION PLC,-,0.019939,0001579241,7381,10-K,20251231,20260217,0001579241-26-000007,20260331,20260428,2025Q3;2025Q4;2026Q1;2026Q2,4067300000.0,RevenueFromContractWithCustomerExcludingAssessedTax,20251231,3772200000.0,20241231,643800000.0,NetIncomeLoss,20251231,597500000.0,20241231,859500000.0,OperatingIncomeLoss,20251231,780700000.0,20241231,783800000.0,NetCashProvidedByUsedInOperatingActivities,20251231,675000000.0,20241231,98100000.0,PaymentsToAcquireProductiveAssets,20251231,92100000.0,20241231,,,,,,5223700000.0,Assets,20251231,2067600000.0,StockholdersEquityIncludingPortionAttributableToNoncontrollingInterest,20251231,356200000.0,CashAndCashEquivalentsAtCarryingValue,20251231,1979900000.0,LongTermDebtNoncurrent,20251231,685700000.0,0.07823021048724876,0.0774895397489539,,0.21131954859489097,0.158286824183119,0.16858849851252675,0.3113755078351712,0.9575836718901142,83.3,87.5,MISSING_DILUTED_SHARES,PARTIAL
CSGP,CSGP,COSTAR GROUP INC,-,0.019796,0001057352,7389,10-K,20251231,20260226,0001057352-26-000020,20260331,20260429,2025Q3;2025Q4;2026Q1;2026Q2,3247000000.0,RevenueFromContractWithCustomerExcludingAssessedTax,20251231,2736000000.0,20241231,7000000.0,NetIncomeLoss,20251231,139000000.0,20241231,-72000000.0,OperatingIncomeLoss,20251231,5000000.0,20241231,430000000.0,NetCashProvidedByUsedInOperatingActivities,20251231,393000000.0,20241231,307000000.0,PaymentsToAcquirePropertyPlantAndEquipment,20251231,579000000.0,20241231,420700000.0,WeightedAverageNumberOfDilutedSharesOutstanding,20251231,407800000.0,20241231,10538000000.0,Assets,20251231,8334000000.0,StockholdersEquity,20251231,1633000000.0,CashAndCashEquivalentsAtCarryingValue,20251231,993000000.0,LongTermDebtNoncurrent,20251231,123000000.0,0.1867690058479532,-0.9496402877697842,0.03163315350662099,-0.02217431475207884,0.0021558361564521095,0.03788112103480135,0.00083993280537557,0.119150467962563,100.0,100.0,OK,PRESENT
LVS,LVS,LAS VEGAS SANDS CORP,-,0.019745,0001300514,7011,10-K,20251231,20260206,0001300514-26-000013,20260331,20260424,2025Q3;2025Q4;2026Q1;2026Q2,13017000000.0,Revenues,20251231,11298000000.0,20241231,1627000000.0,NetIncomeLoss,20251231,1446000000.0,20241231,2818000000.0,OperatingIncomeLoss,20251231,2402000000.0,20241231,3023000000.0,NetCashProvidedByUsedInOperatingActivities,20251231,3204000000.0,20241231,1168000000.0,PaymentsToAcquirePropertyPlantAndEquipment,20251231,1567000000.0,20241231,693000000.0,WeightedAverageNumberOfDilutedSharesOutstanding,20251231,737000000.0,20241231,21920000000.0,Assets,20251231,1590000000.0,StockholdersEquity,20251231,3841000000.0,CashAndCashEquivalentsAtCarryingValue,20251231,14656000000.0,LongTermDebtAndCapitalLeaseObligations,20251231,1855000000.0,0.15215082315454054,0.1251728907330567,-0.05970149253731338,0.21648613351770762,0.1249903971729277,0.14250595375278483,1.0232704402515724,9.217610062893081,100.0,100.0,OK,PRESENT
GDDY,GDDY,GODADDY INC CLASS A,-,0.019592,0001609711,7373,10-K,20251231,20260225,0001609711-26-000010,20260331,20260501,2025Q3;2025Q4;2026Q1;2026Q2,4951100000.0,RevenueFromContractWithCustomerExcludingAssessedTax,20251231,4573200000.0,20241231,875000000.0,NetIncomeLoss,20251231,936900000.0,20241231,1127300000.0,OperatingIncomeLoss,20251231,893500000.0,20241231,1599400000.0,NetCashProvidedByUsedInOperatingActivities,20251231,1287700000.0,20241231,23900000.0,PaymentsToAcquirePropertyPlantAndEquipment,20251231,26600000.0,20241231,140621000.0,WeightedAverageNumberOfDilutedSharesOutstanding,20251231,145287000.0,20241231,8034900000.0,Assets,20251231,215100000.0,StockholdersEquity,20251231,1080900000.0,CashCashEquivalentsRestrictedCashAndRestrictedCashEquivalents,20251231,3780300000.0,LongTermDebtCurrent+LongTermDebtNoncurrent,20251231+20251231,1575500000.0,0.08263360447826473,-0.06606895079517561,-0.03211574332183886,0.2276867766758902,0.17672840378905696,0.31821211447961056,4.0678754067875404,17.574616457461644,100.0,100.0,OK,PRESENT
LULU,LULU,LULULEMON ATHLETICA INC,-,0.019038,0001397187,2300,10-K,20260131,20260317,0001397187-26-000020,20260430,20260604,2025Q3;2025Q4;2026Q1;2026Q2,11102600000.0,RevenueFromContractWithCustomerExcludingAssessedTax,20260131,10588126000.0,20250131,1579183000.0,NetIncomeLoss,20260131,1814616000.0,20250131,2210615000.0,OperatingIncomeLoss,20260131,2505697000.0,20250131,1602477000.0,NetCashProvidedByUsedInOperatingActivities,20260131,2272713000.0,20250131,680802000.0,PaymentsToAcquirePropertyPlantAndEquipment,20260131,689232000.0,20250131,119068000.0,WeightedAverageNumberOfDilutedSharesOutstanding,20260131,123935000.0,20250131,8456743000.0,Assets,20260131,4961840000.0,StockholdersEquity,20260131,1807202000.0,CashCashEquivalentsRestrictedCashAndRestrictedCashEquivalents,20260131,,,,921675000.0,0.048589712664922846,-0.1297426011894528,-0.0392705853875015,0.19910786662583538,0.14223542233350747,0.08301433898366148,0.3182656030827274,,100.0,87.5,OK,PRESENT
HAS,HAS,HASBRO INC,-,0.018973,0000046080,3944,10-K,20251231,20260225,0000046080-26-000011,20260331,20260513,2025Q3;2025Q4;2026Q1;2026Q2,4701300000.0,RevenueFromContractWithCustomerExcludingAssessedTax,20251231,4135500000.0,20241231,-322400000.0,NetIncomeLoss,20251231,385600000.0,20241231,11100000.0,OperatingIncomeLoss,20251231,690000000.0,20241231,893200000.0,NetCashProvidedByUsedInOperatingActivities,20251231,847400000.0,20241231,63300000.0,PaymentsToAcquirePropertyPlantAndEquipment,20251231,87200000.0,20241231,,,,,,5552000000.0,Assets,20251231,565500000.0,StockholdersEquityIncludingPortionAttributableToNoncontrollingInterest,20251231,776600000.0,CashCashEquivalentsRestrictedCashAndRestrictedCashEquivalents,20251231,3264900000.0,LongTermDebtCurrent+LongTermDebtNoncurrent,20251231+20251231,829900000.0,0.13681537903518315,-1.8360995850622408,,0.0023610490715334055,-0.06857677663624955,0.17652564184374533,-0.5701149425287356,5.773474801061008,83.3,87.5,MISSING_DILUTED_SHARES,PARTIAL
REG,REG,REGENCY CENTERS CORP,-,0.018623,0000910606,6798,10-K,20251231,20260213,0001193125-26-051668,20260331,20260504,2025Q3;2025Q4;2026Q1;2026Q2,1553524000.0,Revenues,20251231,1453904000.0,20241231,527460000.0,NetIncomeLoss,20251231,400388000.0,20241231,,,,,,827692000.0,NetCashProvidedByUsedInOperatingActivities,20251231,790198000.0,20241231,,,,,,,,,,,13001283000.0,Assets,20251231,6906890000.0,StockholdersEquity,20251231,120661000.0,CashCashEquivalentsRestrictedCashAndRestrictedCashEquivalents,20251231,,,,,0.0685189668643873,0.3173721490154551,,,0.3395248480229465,,0.0763672217162862,,83.3,62.5,MISSING_DILUTED_SHARES,PARTIAL
DECK,DECK,DECKERS OUTDOOR CORP,-,0.018616,0000910521,3021,10-K,20260331,20260522,0001628280-26-037664,20251231,20260203,2025Q3;2025Q4;2026Q1;2026Q2,5472296000.0,RevenueFromContractWithCustomerExcludingAssessedTax,20260331,4985612000.0,20250331,1024071000.0,NetIncomeLoss,20260331,966091000.0,20250331,1262903000.0,OperatingIncomeLoss,20260331,1179092000.0,20250331,1181955000.0,NetCashProvidedByUsedInOperatingActivities,20260331,1044523000.0,20250331,84623000.0,PaymentsToAcquirePropertyPlantAndEquipment,20260331,86171000.0,20250331,145805000.0,WeightedAverageNumberOfDilutedSharesOutstanding,20260331,152670000.0,20250331,3687765000.0,Assets,20260331,2499638000.0,StockholdersEquity,20260331,1907249000.0,CashAndCashEquivalentsAtCarryingValue,20260331,,,,1097332000.0,0.09761770470706499,0.06001505034204846,-0.044966267112071745,0.23078119312259424,0.18713735514306976,0.2005249716024133,0.40968772278225885,,100.0,87.5,OK,PRESENT
LII,LII,LENNOX INTERNATIONAL INC,-,0.018301,0001069202,3585,10-K,20251231,20260217,0001069202-26-000028,20260331,20260429,2025Q3;2025Q4;2026Q1;2026Q2,5195300000.0,Revenues,20251231,5341300000.0,20241231,805800000.0,NetIncomeLoss,20251231,811100000.0,20241231,1041500000.0,OperatingIncomeLoss,20251231,1040400000.0,20241231,757600000.0,NetCashProvidedByUsedInOperatingActivities,20251231,945700000.0,20241231,118800000.0,PaymentsToAcquirePropertyPlantAndEquipment,20251231,163600000.0,20241231,35400000.0,WeightedAverageNumberOfDilutedSharesOutstanding,20251231,35800000.0,20241231,4081800000.0,Assets,20251231,1163100000.0,StockholdersEquity,20251231,34200000.0,CashAndCashEquivalentsAtCarryingValue,20251231,1144100000.0,LongTermDebtAndCapitalLeaseObligations,20251231,638800000.0,-0.027334169584183665,-0.006534336086795656,-0.011173184357541888,0.20046965526533597,0.1551017265605451,0.12295728831828769,0.6928037142120196,0.9836643452841544,100.0,100.0,OK,PRESENT
JKHY,JKHY,JACK HENRY + ASSOCIATES INC,-,0.018028,0000779152,7373,10-K,20250630,20250825,0000779152-25-000055,20260331,20260507,2025Q3;2025Q4;2026Q1;2026Q2,2375288000.0,RevenueFromContractWithCustomerExcludingAssessedTax,20250630,2215543000.0,20240630,455748000.0,NetIncomeLoss,20250630,381816000.0,20240630,568715000.0,OperatingIncomeLoss,20250630,489391000.0,20240630,641504000.0,NetCashProvidedByUsedInOperatingActivities,20250630,568041000.0,20240630,53358000.0,PaymentsToAcquirePropertyPlantAndEquipment,20250630,58118000.0,20240630,73045000.0,WeightedAverageNumberOfDilutedSharesOutstanding,20250630,73025000.0,20240630,3043970000.0,Assets,20250630,2130832000.0,StockholdersEquity,20250630,101953000.0,CashCashEquivalentsRestrictedCashAndRestrictedCashEquivalents,20250630,0.0,LongTermDebtCurrent+LongTermDebtNoncurrent,20250630+20250630,588146000.0,0.07210196326589013,0.19363253504305744,0.0002738788086271704,0.23942991334103486,0.19187062789859588,0.24761039503420218,0.21388265240995066,0.0,100.0,100.0,OK,PRESENT
CLX,CLX,CLOROX COMPANY,-,0.017949,0000021076,2842,10-K,20250630,20250808,0000021076-25-000039,20260331,20260430,2025Q3;2025Q4;2026Q1;2026Q2,7104000000.0,RevenueFromContractWithCustomerExcludingAssessedTax,20250630,7093000000.0,20240630,810000000.0,NetIncomeLoss,20250630,280000000.0,20240630,,,,,,981000000.0,NetCashProvidedByUsedInOperatingActivities,20250630,695000000.0,20240630,220000000.0,PaymentsToAcquirePropertyPlantAndEquipment,20250630,212000000.0,20240630,124287000.0,WeightedAverageNumberOfDilutedSharesOutstanding,20250630,124804000.0,20240630,5561000000.0,Assets,20250630,321000000.0,StockholdersEquity,20250630,167000000.0,CashAndCashEquivalentsAtCarryingValue,20250630,2484000000.0,LongTermDebtNoncurrent,20250630,761000000.0,0.0015508247568025713,1.8928571428571428,-0.004142495432838733,,0.11402027027027027,0.10712274774774774,2.5233644859813085,7.738317757009346,100.0,100.0,OK,PRESENT
PNW,PNW,PINNACLE WEST CAPITAL,-,0.017895,0000764622,4911,10-K,20251231,20260225,0000764622-26-000011,20260331,20260504,2025Q3;2025Q4;2026Q1;2026Q2,5339939000.0,Revenues,20251231,5124915000.0,20241231,631643000.0,ProfitLoss,20251231,626030000.0,20241231,1067630000.0,OperatingIncomeLoss,20251231,1012063000.0,20241231,1805095000.0,NetCashProvidedByUsedInOperatingActivities,20251231,1609823000.0,20241231,2624618000.0,PaymentsToAcquireProductiveAssets,20251231,2249195000.0,20241231,121971000.0,WeightedAverageNumberOfDilutedSharesOutstanding,20251231,116232000.0,20241231,30031599000.0,Assets,20251231,7046458000.0,StockholdersEquity,20251231,6604000.0,CashAndCashEquivalentsAtCarryingValue,20251231,9805676000.0,LongTermDebtCurrent+LongTermDebtNoncurrent,20251231+20251231,-819523000.0,0.041956598304557335,0.008966023992460492,0.04937538715672107,0.19993299548927432,0.11828655720599056,-0.15347047971896308,0.08963978781963931,1.3915751715258928,100.0,100.0,OK,PRESENT
ECHO,ECHO,ECHOSTAR CORP A,-,0.017652,0001415404,4899,10-K,20251231,20260302,0001104659-26-021817,20260331,20260511,2025Q3;2025Q4;2026Q1;2026Q2,15004989000.0,RevenueFromContractWithCustomerExcludingAssessedTax,20251231,15825516000.0,20241231,-14497180000.0,NetIncomeLoss,20251231,-119546000.0,20241231,-17723146000.0,OperatingIncomeLoss,20251231,-304070000.0,20241231,-99374000.0,NetCashProvidedByUsedInOperatingActivities,20251231,1252697000.0,20241231,965730000.0,PaymentsToAcquirePropertyPlantAndEquipment,20251231,1544877000.0,20241231,287589000.0,WeightedAverageNumberOfDilutedSharesOutstanding,20251231,274079000.0,20241231,43016355000.0,Assets,20251231,5765784000.0,StockholdersEquity,20251231,1883074000.0,CashAndCashEquivalentsAtCarryingValue,20251231,18658602000.0,LongTermDebtAndCapitalLeaseObligations,20251231,-1065104000.0,-0.051848356792915995,120.26863299483044,0.049292357313037494,-1.1811502161047902,-0.966157322741123,-0.0709833242796779,-2.514346704628547,3.2360910502370537,100.0,100.0,OK,PRESENT
TKO,TKO,TKO GROUP HOLDINGS INC,-,0.017372,0001973266,7900,10-K,20251231,20260225,0001193125-26-071651,20260331,20260506,2025Q3;2025Q4;2026Q1;2026Q2,4735151000.0,Revenues,20251231,4884241000.0,20241231,195403000.0,NetIncomeLoss,20251231,9408000.0,20241231,835015000.0,OperatingIncomeLoss,20251231,30946000.0,20241231,1285725000.0,NetCashProvidedByUsedInOperatingActivities,20251231,586084000.0,20241231,,,,,,194011072.0,WeightedAverageNumberOfDilutedSharesOutstanding,20251231,171874540.0,20241231,15495821000.0,Assets,20251231,3737381000.0,StockholdersEquity,20251231,831100000.0,CashAndCashEquivalentsAtCarryingValue,20251231,3762124000.0,LongTermDebtCurrent+LongTermDebtNoncurrent,20251231+20251231,,-0.030524701790923148,19.76987670068027,0.12879471270148568,0.17634390117654114,0.04126647703526244,,0.052283403806034225,1.0066204114592545,100.0,87.5,OK,PRESENT
HII,HII,HUNTINGTON INGALLS INDUSTRIE,-,0.017263,0001501585,3730,10-K,20251231,20260205,0001501585-26-000006,20260331,20260505,2025Q3;2025Q4;2026Q1;2026Q2,12484000000.0,Revenues,20251231,11535000000.0,20241231,605000000.0,NetIncomeLoss,20251231,550000000.0,20241231,657000000.0,OperatingIncomeLoss,20251231,535000000.0,20241231,1196000000.0,NetCashProvidedByUsedInOperatingActivities,20251231,393000000.0,20241231,402000000.0,PaymentsToAcquirePropertyPlantAndEquipment,20251231,367000000.0,20241231,39300000.0,WeightedAverageNumberOfDilutedSharesOutstanding,20251231,39400000.0,20241231,12749000000.0,Assets,20251231,5073000000.0,StockholdersEquity,20251231,774000000.0,CashCashEquivalentsRestrictedCashAndRestrictedCashEquivalents,20251231,2700000000.0,LongTermDebtAndCapitalLeaseObligations,20251231,794000000.0,0.08227134807108794,0.10000000000000009,-0.0025380710659898,0.05262736302467158,0.04846203140019224,0.06360140980454983,0.1192588212103292,0.5322294500295683,100.0,100.0,OK,PRESENT
FDS,FDS,FACTSET RESEARCH SYSTEMS INC,-,0.017263,0001013237,7370,10-K,20250831,20251022,0001628280-25-045769,20260228,20260402,2025Q3;2025Q4;2026Q1;2026Q2,2321748000.0,RevenueFromContractWithCustomerExcludingAssessedTax,20250831,2203056000.0,20240831,597040000.0,NetIncomeLoss,20250831,537126000.0,20240831,748303000.0,OperatingIncomeLoss,20250831,701299000.0,20240831,726260000.0,NetCashProvidedByUsedInOperatingActivities,20250831,700338000.0,20240831,108806000.0,PaymentsToAcquireProductiveAssets,20250831,85681000.0,20240831,38385000.0,WeightedAverageNumberOfDilutedSharesOutstanding,20250831,38618000.0,20240831,4304272000.0,Assets,20250831,2186413000.0,StockholdersEquity,20250831,337651000.0,CashAndCashEquivalentsAtCarryingValue,20250831,1368260000.0,LongTermDebtCurrent+LongTermDebtNoncurrent,20250831+20250831,617454000.0,0.0538760703313943,0.11154552190733646,-0.006033455901393148,0.3223015589977896,0.2571510775501906,0.2659435907772937,0.27306826294940617,0.6258012552980613,100.0,100.0,OK,PRESENT
TECH,TECH,BIO TECHNE CORP,-,0.017141,0000842023,2836,10-K,20250630,20250822,0001558370-25-011716,20260331,20260506,2025Q3;2025Q4;2026Q1;2026Q2,1219635000.0,RevenueFromContractWithCustomerExcludingAssessedTax,20250630,1159060000.0,20240630,73400000.0,NetIncomeLoss,20250630,168105000.0,20240630,102255000.0,OperatingIncomeLoss,20250630,206686000.0,20240630,287556000.0,NetCashProvidedByUsedInOperatingActivities,20250630,298981000.0,20240630,31006000.0,PaymentsToAcquirePropertyPlantAndEquipment,20250630,62877000.0,20240630,159717000.0,WeightedAverageNumberOfDilutedSharesOutstanding,20250630,160774000.0,20240630,2557868000.0,Assets,20250630,1918808000.0,StockholdersEquityIncludingPortionAttributableToNoncontrollingInterest,20250630,162186000.0,CashAndCashEquivalentsAtCarryingValue,20250630,346000000.0,LongTermDebtAndCapitalLeaseObligations,20250630,256550000.0,0.05226217797180466,-0.5633681330121055,-0.006574446116909494,0.08384065724581535,0.06018193967867436,0.2103498177733502,0.038252915351614125,0.18032028217518375,100.0,100.0,OK,PRESENT
NWSA,NWSA,NEWS CORP CLASS A,-,0.016936,0001564708,2711,10-K,20250630,20250806,0001564708-25-000419,20260331,20260508,2025Q3;2025Q4;2026Q1;2026Q2,8452000000.0,RevenueFromContractWithCustomerExcludingAssessedTax,20250630,8252000000.0,20240630,1180000000.0,NetIncomeLoss,20250630,266000000.0,20240630,,,,,,,,,,,407000000.0,PaymentsToAcquirePropertyPlantAndEquipment,20250630,357000000.0,20240630,,,,,,15504000000.0,Assets,20250630,8774000000.0,StockholdersEquity,20250630,2403000000.0,CashAndCashEquivalentsAtCarryingValue,20250630,1962000000.0,LongTermDebtCurrent+LongTermDebtNoncurrent,20250630+20250630,,0.02423654871546299,3.43609022556391,,,0.1396119261713204,,0.13448826077045817,0.22361522680647367,66.7,75.0,MISSING_OPERATING_CASH_FLOW;MISSING_DILUTED_SHARES,PARTIAL
UDR,UDR,UDR INC,-,0.016512,0000074208,6798,10-K,20251231,20260217,0000074208-26-000013,20260331,20260430,2025Q3;2025Q4;2026Q1;2026Q2,11361000.0,RevenueFromContractWithCustomerExcludingAssessedTax,20251231,8317000.0,20241231,377704000.0,NetIncomeLoss,20251231,89585000.0,20241231,553606000.0,OperatingIncomeLoss,20251231,284569000.0,20241231,902887000.0,NetCashProvidedByUsedInOperatingActivities,20251231,876848000.0,20241231,,,,,,331053000.0,WeightedAverageNumberOfDilutedSharesOutstanding,20251231,330116000.0,20241231,10605674000.0,Assets,20251231,3288462000.0,StockholdersEquity,20251231,1222000.0,CashAndCashEquivalentsAtCarryingValue,20251231,,,,,0.36599735481543827,3.216152257632416,0.002838396200123494,48.728633042865944,33.24566499427867,,0.1148573406048177,,100.0,75.0,OK,PRESENT
GNRC,GNRC,GENERAC HOLDINGS INC,-,0.016341,0001474735,3621,10-K,20251231,20260218,0001437749-26-004568,20260331,20260505,2025Q3;2025Q4;2026Q1;2026Q2,4209147000.0,RevenueFromContractWithCustomerExcludingAssessedTax,20251231,4295834000.0,20241231,159554000.0,NetIncomeLoss,20251231,316315000.0,20241231,289191000.0,OperatingIncomeLoss,20251231,536742000.0,20241231,437978000.0,NetCashProvidedByUsedInOperatingActivities,20251231,741301000.0,20241231,169850000.0,PaymentsToAcquirePropertyPlantAndEquipment,20251231,136733000.0,20241231,59275781.0,WeightedAverageNumberOfDilutedSharesOutstanding,20251231,60350412.0,20241231,5573679000.0,Assets,20251231,2632422000.0,StockholdersEquity,20251231,341413000.0,CashAndCashEquivalentsAtCarryingValue,20251231,1260256000.0,LongTermDebtAndCapitalLeaseObligations,20251231,268128000.0,-0.020179317915915762,-0.49558509713418586,-0.01780652301097796,0.06870536952023772,0.03790649269317513,0.06370126773904547,0.060611102627162364,0.4787439096011202,100.0,100.0,OK,PRESENT
CPT,CPT,CAMDEN PROPERTY TRUST,-,0.016071,0000906345,6798,10-K,20251231,20260212,0001628280-26-007697,20260331,20260501,2025Q3;2025Q4;2026Q1;2026Q2,12967000.0,RevenueFromContractWithCustomerExcludingAssessedTax,20251231,7137000.0,20241231,384462000.0,NetIncomeLoss,20251231,163293000.0,20241231,,,,,,826621000.0,NetCashProvidedByUsedInOperatingActivities,20251231,774877000.0,20241231,,,,,,108434000.0,WeightedAverageNumberOfDilutedSharesOutstanding,20251231,108539000.0,20241231,9042989000.0,Assets,20251231,4362523000.0,StockholdersEquity,20251231,25203000.0,CashAndCashEquivalentsAtCarryingValue,20251231,,,,,0.8168698332632758,1.3544303797468356,-0.000967394208533312,,29.649263515076733,,0.0881283605840015,,100.0,75.0,OK,PRESENT
ROL,ROL,ROLLINS INC,-,0.016013,0000084839,7340,10-K,20251231,20260212,0000084839-26-000008,20260331,20260423,2025Q3;2025Q4;2026Q1;2026Q2,3761050000.0,RevenueFromContractWithCustomerExcludingAssessedTax,20251231,3388708000.0,20241231,526705000.0,NetIncomeLoss,20251231,466379000.0,20241231,726068000.0,OperatingIncomeLoss,20251231,657224000.0,20241231,678107000.0,NetCashProvidedByUsedInOperatingActivities,20251231,607653000.0,20241231,28086000.0,PaymentsToAcquirePropertyPlantAndEquipment,20251231,27572000.0,20241231,484147000.0,WeightedAverageNumberOfDilutedSharesOutstanding,20251231,484295000.0,20241231,3140523000.0,Assets,20251231,1374321000.0,StockholdersEquity,20251231,100004000.0,CashAndCashEquivalentsAtCarryingValue,20251231,123683000.0,ShortTermBorrowings,20251231,650021000.0,0.10987727476076437,0.12934973487228207,-0.0003055988601988746,0.19304928145065872,0.1400420095452068,0.17282966192951438,0.3832474363703967,0.08999571424725374,100.0,100.0,OK,PRESENT
ALGN,ALGN,ALIGN TECHNOLOGY INC,-,0.015916,0001097149,3842,10-K,20251231,20260227,0001097149-26-000014,20260331,20260506,2025Q3;2025Q4;2026Q1;2026Q2,4034964000.0,RevenueFromContractWithCustomerExcludingAssessedTax,20251231,3999012000.0,20241231,410351000.0,NetIncomeLoss,20251231,421362000.0,20241231,545755000.0,OperatingIncomeLoss,20251231,607628000.0,20241231,593223000.0,NetCashProvidedByUsedInOperatingActivities,20251231,738231000.0,20241231,102445000.0,PaymentsToAcquirePropertyPlantAndEquipment,20251231,115580000.0,20241231,72588000.0,WeightedAverageNumberOfDilutedSharesOutstanding,20251231,74993000.0,20241231,6233693000.0,Assets,20251231,4049147000.0,StockholdersEquity,20251231,1094908000.0,CashAndCashEquivalentsAtCarryingValue,20251231,,,,490778000.0,0.008990220584484288,-0.026131924568423393,-0.03206965983491794,0.13525647316803818,0.10169880078236138,0.1216313206264046,0.10134257906665281,,100.0,87.5,OK,PRESENT
AES,AES,AES CORP,-,0.015888,0000874761,4991,10-K,20251231,20260302,0000874761-26-000063,20260331,20260505,2025Q3;2025Q4;2026Q1;2026Q2,12233000000.0,Revenues,20251231,12278000000.0,20241231,910000000.0,NetIncomeLoss,20251231,1679000000.0,20241231,,,,,,4306000000.0,NetCashProvidedByUsedInOperatingActivities,20251231,2752000000.0,20241231,5929000000.0,PaymentsToAcquirePropertyPlantAndEquipment,20251231,7392000000.0,20241231,,,,,,51768000000.0,Assets,20251231,4063000000.0,StockholdersEquity,20251231,1382000000.0,CashAndCashEquivalentsAtCarryingValue,20251231,,,,-1623000000.0,-0.003665092034533357,-0.4580107206670637,,,0.07438894792773645,-0.1326739148205673,0.22397243416194929,,83.3,75.0,MISSING_DILUTED_SHARES,PARTIAL
DPZ,DPZ,DOMINO S PIZZA INC,-,0.01583,0001286681,5140,10-K,20251231,20260223,0001193125-26-062321,20260331,20260427,2025Q3;2025Q4;2026Q1;2026Q2,4939994000.0,Revenues,20251231,4706416000.0,20241231,601704000.0,NetIncomeLoss,20251231,584170000.0,20241231,953974000.0,OperatingIncomeLoss,20251231,878999000.0,20241231,792062000.0,NetCashProvidedByUsedInOperatingActivities,20251231,624897000.0,20241231,120558000.0,PaymentsToAcquirePropertyPlantAndEquipment,20251231,112885000.0,20241231,,,,,,1716459000.0,Assets,20251231,-3901142000.0,StockholdersEquity,20251231,125675000.0,CashAndCashEquivalentsAtCarryingValue,20251231,4810683000.0,LongTermDebtAndCapitalLeaseObligations,20251231,671504000.0,0.04962969699236108,0.03001523529109673,,0.1931123802984376,0.12180257708815032,0.13593214890544403,-0.15423791289832567,-1.2331473706929919,83.3,87.5,MISSING_DILUTED_SHARES,PARTIAL
BEN,BEN,FRANKLIN TEMPLETON INC,-,0.015827,0000038777,6282,10-K,20250930,20251110,0000038777-25-000238,20260331,20260428,2025Q3;2025Q4;2026Q1;2026Q2,8770700000.0,RevenueFromContractWithCustomerExcludingAssessedTax,20250930,8478000000.0,20240930,524900000.0,NetIncomeLoss,20250930,464800000.0,20240930,604100000.0,OperatingIncomeLoss,20250930,407600000.0,20240930,1066100000.0,NetCashProvidedByUsedInOperatingActivities,20250930,971300000.0,20240930,154500000.0,PaymentsToAcquirePropertyPlantAndEquipment,20250930,177100000.0,20240930,,,,,,32368300000.0,Assets,20250930,12077800000.0,StockholdersEquity,20250930,3573900000.0,CashCashEquivalentsRestrictedCashAndRestrictedCashEquivalents,20250930,2362000000.0,LongTermDebt,20250930,911600000.0,0.03452465204057553,0.12930292598967297,,0.06887705656333018,0.05984699054807484,0.10393697196346928,0.04345990163771548,0.19556541754293,83.3,87.5,MISSING_DILUTED_SHARES,PARTIAL
PODD,PODD,INSULET CORP,-,0.015562,0001145197,3841,10-K,20251231,20260218,0001145197-26-000028,20260331,20260506,2025Q3;2025Q4;2026Q1;2026Q2,2708100000.0,Revenues,20251231,2071600000.0,20241231,247100000.0,NetIncomeLoss,20251231,418300000.0,20241231,473800000.0,OperatingIncomeLoss,20251231,308900000.0,20241231,569300000.0,NetCashProvidedByUsedInOperatingActivities,20251231,430200000.0,20241231,191600000.0,PaymentsToAcquirePropertyPlantAndEquipment,20251231,124900000.0,20241231,71886000.0,WeightedAverageNumberOfDilutedSharesOutstanding,20251231,73891000.0,20241231,3190400000.0,Assets,20251231,1515200000.0,StockholdersEquity,20251231,716100000.0,CashCashEquivalentsRestrictedCashAndRestrictedCashEquivalents,20251231,930800000.0,LongTermDebtAndCapitalLeaseObligations,20251231,377700000.0,0.30725043444680433,-0.4092756394931867,-0.027134563072634066,0.17495661164654186,0.09124478416602046,0.13947047745651933,0.1630807814149947,0.6143083421330517,100.0,100.0,OK,PRESENT
SWKS,SWKS,SKYWORKS SOLUTIONS INC,-,0.015232,0000004127,3674,10-K,20250930,20251107,0000004127-25-000085,20260331,20260505,2025Q3;2025Q4;2026Q1;2026Q2,4086900000.0,RevenueFromContractWithCustomerExcludingAssessedTax,20250930,4178000000.0,20240930,477100000.0,NetIncomeLoss,20250930,596000000.0,20240930,500000000.0,OperatingIncomeLoss,20250930,637400000.0,20240930,1300800000.0,NetCashProvidedByUsedInOperatingActivities,20250930,1824700000.0,20240930,195000000.0,PaymentsToAcquirePropertyPlantAndEquipment,20250930,157000000.0,20240930,155100000.0,WeightedAverageNumberOfDilutedSharesOutstanding,20250930,161500000.0,20240930,7917000000.0,Assets,20250930,5757100000.0,StockholdersEquity,20250930,1161300000.0,CashAndCashEquivalentsAtCarryingValue,20250930,496400000.0,LongTermDebt,20250930,1105800000.0,-0.021804691239827645,-0.199496644295302,-0.03962848297213617,0.12234211749736965,0.11673884851599012,0.2705718270571827,0.08287158465199493,0.08622396692779351,100.0,100.0,OK,PRESENT
BXP,BXP,BXP INC,-,0.015188,0001037540,6798,10-K,20251231,20260227,0001037540-26-000006,20260331,20260507,2025Q3;2025Q4;2026Q1;2026Q2,3482279000.0,Revenues,20251231,3407719000.0,20241231,276800000.0,NetIncomeLoss,20251231,14272000.0,20241231,,,,,,1245157000.0,NetCashProvidedByUsedInOperatingActivities,20251231,1234501000.0,20241231,,,,,,158869000.0,WeightedAverageNumberOfDilutedSharesOutstanding,20251231,157793000.0,20241231,26166164000.0,Assets,20251231,5147190000.0,StockholdersEquity,20251231,1478206000.0,CashAndCashEquivalentsAtCarryingValue,20251231,,,,,0.021879738323494324,18.394618834080717,0.006819060414593903,,0.07948817426748403,,0.053776915171190494,,100.0,75.0,OK,PRESENT
PNR,PNR,PENTAIR PLC,-,0.01477,0000077360,3550,10-K,20251231,20260224,0000077360-26-000007,20260331,20260428,2025Q3;2025Q4;2026Q1;2026Q2,4176000000.0,RevenueFromContractWithCustomerExcludingAssessedTax,20251231,4082800000.0,20241231,653800000.0,NetIncomeLoss,20251231,625400000.0,20241231,857500000.0,OperatingIncomeLoss,20251231,803800000.0,20241231,814800000.0,NetCashProvidedByUsedInOperatingActivities,20251231,766700000.0,20241231,68800000.0,PaymentsToAcquirePropertyPlantAndEquipment,20251231,74400000.0,20241231,165500000.0,WeightedAverageNumberOfDilutedSharesOutstanding,20251231,167100000.0,20241231,6868800000.0,Assets,20251231,3869200000.0,StockholdersEquityIncludingPortionAttributableToNoncontrollingInterest,20251231,101600000.0,CashCashEquivalentsRestrictedCashAndRestrictedCashEquivalents,20251231,1638600000.0,LongTermDebtNoncurrent,20251231,746000000.0,0.022827471343195738,0.04541093700031973,-0.00957510472770795,0.20534003831417624,0.15656130268199234,0.17863984674329503,0.16897549881112375,0.4234983976015714,100.0,100.0,OK,PRESENT
APTV,APTV,APTIV PLC,-,0.014335,0001521332,3714,10-K,20251231,20260206,0001521332-26-000009,20260331,20260505,2025Q3;2025Q4;2026Q1;2026Q2,20398000000.0,Revenues,20251231,19713000000.0,20241231,165000000.0,NetIncomeLoss,20251231,1787000000.0,20241231,1184000000.0,OperatingIncomeLoss,20251231,1842000000.0,20241231,2185000000.0,NetCashProvidedByUsedInOperatingActivities,20251231,2446000000.0,20241231,656000000.0,PaymentsToAcquireProductiveAssets,20251231,830000000.0,20241231,220750000.0,WeightedAverageNumberOfDilutedSharesOutstanding,20251231,256660000.0,20241231,23413000000.0,Assets,20251231,9207000000.0,StockholdersEquity,20251231,1851000000.0,CashAndCashEquivalentsAtCarryingValue,20251231,7551000000.0,ShortTermBorrowings+LongTermDebtNoncurrent,20251231+20251231,1529000000.0,0.03474864302744374,-0.9076664801343033,-0.13991272500584429,0.05804490636336896,0.008089028336111383,0.07495832924796549,0.017921146953405017,0.820136852394917,100.0,100.0,OK,PRESENT
FRT,FRT,FEDERAL REALTY INVS TRUST,-,0.013834,0000034903,6798,10-K,20251231,20260212,0000034903-26-000017,20260331,20260501,2025Q3;2025Q4;2026Q1;2026Q2,1278975000.0,Revenues,20251231,1202452000.0,20241231,411077000.0,NetIncomeLoss,20251231,295208000.0,20241231,602199000.0,OperatingIncomeLoss,20251231,472356000.0,20241231,622378000.0,NetCashProvidedByUsedInOperatingActivities,20251231,574563000.0,20241231,,,,,,86405000.0,WeightedAverageNumberOfDilutedSharesOutstanding,20251231,83566000.0,20241231,9130460000.0,Assets,20251231,3248731000.0,StockholdersEquity,20251231,107415000.0,CashAndCashEquivalentsAtCarryingValue,20251231,,,,,0.06363913070958338,0.39249952575810965,0.033973146973649504,0.4708450126077523,0.3214112863816728,,0.1265346376785274,,100.0,75.0,OK,PRESENT
UHS,UHS,UNIVERSAL HEALTH SERVICES B,-,0.013706,0000352915,8062,10-K,20251231,20260225,0001193125-26-071676,20260331,20260507,2025Q3;2025Q4;2026Q1;2026Q2,17364829000.0,RevenueFromContractWithCustomerExcludingAssessedTax,20251231,15827935000.0,20241231,1488796000.0,NetIncomeLoss,20251231,1142097000.0,20241231,1994015000.0,OperatingIncomeLoss,20251231,1681814000.0,20241231,1864397000.0,NetCashProvidedByUsedInOperatingActivities,20251231,2067101000.0,20241231,1015152000.0,PaymentsToAcquirePropertyPlantAndEquipment,20251231,943810000.0,20241231,64462000.0,WeightedAverageNumberOfDilutedSharesOutstanding,20251231,67896000.0,20241231,15527593000.0,Assets,20251231,7275792000.0,StockholdersEquity,20251231,137797000.0,CashAndCashEquivalentsAtCarryingValue,20251231,4752551000.0,LongTermDebtCurrent+LongTermDebtNoncurrent,20251231+20251231,849245000.0,0.09710009549571685,0.3035635326946835,-0.0505773535996229,0.11483067296545219,0.08573628913938629,0.04890603875223879,0.2046232217743443,0.6532005038076955,100.0,100.0,OK,PRESENT
HSIC,HSIC,HENRY SCHEIN INC,-,0.013141,0001000228,5047,10-K,20251231,20260224,0001000228-26-000013,20260331,20260505,2025Q3;2025Q4;2026Q1;2026Q2,13184000000.0,RevenueFromContractWithCustomerExcludingAssessedTax,20251231,12673000000.0,20241231,398000000.0,NetIncomeLoss,20251231,390000000.0,20241231,653000000.0,OperatingIncomeLoss,20251231,621000000.0,20241231,712000000.0,NetCashProvidedByUsedInOperatingActivities,20251231,848000000.0,20241231,139000000.0,PaymentsToAcquireProductiveAssets,20251231,148000000.0,20241231,121717876.0,WeightedAverageNumberOfDilutedSharesOutstanding,20251231,127779228.0,20241231,11215000000.0,Assets,20251231,3245000000.0,StockholdersEquity,20251231,156000000.0,CashCashEquivalentsRestrictedCashAndRestrictedCashEquivalents,20251231,2310000000.0,LongTermDebtAndCapitalLeaseObligations,20251231,573000000.0,0.040321944291012324,0.02051282051282044,-0.047436129446642106,0.04952973300970874,0.030188106796116505,0.04346177184466019,0.1226502311248074,0.711864406779661,100.0,100.0,OK,PRESENT
FOX,FOX,FOX CORP CLASS B,-,0.012733,0001754301,4833,10-K,20250630,20250806,0001628280-25-038077,20260331,20260511,2025Q3;2025Q4;2026Q1;2026Q2,16300000000.0,RevenueFromContractWithCustomerExcludingAssessedTax,20250630,13980000000.0,20240630,2293000000.0,ProfitLoss,20250630,1554000000.0,20240630,,,,,,3324000000.0,NetCashProvidedByUsedInOperatingActivities,20250630,1840000000.0,20240630,331000000.0,PaymentsToAcquirePropertyPlantAndEquipment,20250630,345000000.0,20240630,,,,,,23195000000.0,Assets,20250630,11962000000.0,StockholdersEquity,20250630,5351000000.0,CashCashEquivalentsRestrictedCashAndRestrictedCashEquivalents,20250630,6602000000.0,LongTermDebtCurrent+LongTermDebtNoncurrent,20250630+20250630,2993000000.0,0.1659513590844064,0.47554697554697545,,,0.14067484662576688,0.1836196319018405,0.1916903527838154,0.5519143955860224,83.3,87.5,MISSING_DILUTED_SHARES,PARTIAL
ARE,ARE,ALEXANDRIA REAL ESTATE EQUIT,-,0.012114,0001035443,6798,10-K,20251231,20260126,0001035443-26-000013,20260331,20260427,2025Q3;2025Q4;2026Q1;2026Q2,,,,,,-1429570000.0,NetIncomeLoss,20251231,322949000.0,20241231,,,,,,1414046000.0,NetCashProvidedByUsedInOperatingActivities,20251231,1504524000.0,20241231,,,,,,,,,,,34081835000.0,Assets,20251231,15470070000.0,StockholdersEquity,20251231,549062000.0,CashAndCashEquivalentsAtCarryingValue,20251231,,,,,,-5.426612251470046,,,,,-0.09240876091704821,,66.7,50.0,MISSING_REVENUE;MISSING_DILUTED_SHARES,PARTIAL
MGM,MGM,MGM RESORTS INTERNATIONAL,-,0.011858,0000789570,7011,10-K,20251231,20260211,0000789570-26-000018,20260331,20260429,2025Q3;2025Q4;2026Q1;2026Q2,17537683000.0,RevenueFromContractWithCustomerExcludingAssessedTax,20251231,17240545000.0,20241231,205862000.0,NetIncomeLoss,20251231,746558000.0,20241231,1001780000.0,OperatingIncomeLoss,20251231,1490456000.0,20241231,2529378000.0,NetCashProvidedByUsedInOperatingActivities,20251231,2362495000.0,20241231,1068927000.0,PaymentsToAcquirePropertyPlantAndEquipment,20251231,1150589000.0,20241231,277275000.0,WeightedAverageNumberOfDilutedSharesOutstanding,20251231,310232000.0,20241231,41373786000.0,Assets,20251231,2429917000.0,StockholdersEquity,20251231,2062994000.0,CashAndCashEquivalentsAtCarryingValue,20251231,6230141000.0,LongTermDebtNoncurrent,20251231,1460451000.0,0.017234837993810537,-0.7242518330792784,-0.10623339952035893,0.05712157073428685,0.011738266679811695,0.08327502555497211,0.08471976614839108,2.5639316075405043,100.0,100.0,OK,PRESENT
MOS,MOS,MOSAIC CO/THE,-,0.011671,0001285785,2870,10-K,20251231,20260227,0001285785-26-000017,20260331,20260511,2025Q3;2025Q4;2026Q1;2026Q2,12052400000.0,RevenueFromContractWithCustomerExcludingAssessedTax,20251231,11122800000.0,20241231,540700000.0,NetIncomeLoss,20251231,174900000.0,20241231,821500000.0,OperatingIncomeLoss,20251231,621500000.0,20241231,824800000.0,NetCashProvidedByUsedInOperatingActivities,20251231,1299200000.0,20241231,1359400000.0,PaymentsToAcquirePropertyPlantAndEquipment,20251231,1251800000.0,20241231,318900000.0,WeightedAverageNumberOfDilutedSharesOutstanding,20251231,320700000.0,20241231,24480100000.0,Assets,20251231,12084900000.0,StockholdersEquity,20251231,276600000.0,CashAndCashEquivalentsAtCarryingValue,20251231,4250900000.0,LongTermDebtAndCapitalLeaseObligations,20251231,-534600000.0,0.08357607796597977,2.091480846197827,-0.005612722170252549,0.06816069828415917,0.044862434038033916,-0.04435631077627692,0.04474178520302195,0.351753014091966,100.0,100.0,OK,PRESENT
WYNN,WYNN,WYNN RESORTS LTD,-,0.011567,0001174922,7011,10-K,20251231,20260302,0001174922-26-000013,20260331,20260507,2025Q3;2025Q4;2026Q1;2026Q2,,,,,,327334000.0,NetIncomeLoss,20251231,501078000.0,20241231,1118384000.0,OperatingIncomeLoss,20251231,1132731000.0,20241231,1352653000.0,NetCashProvidedByUsedInOperatingActivities,20251231,1426203000.0,20241231,660433000.0,PaymentsToAcquirePropertyPlantAndEquipment,20251231,419929000.0,20241231,104243000.0,WeightedAverageNumberOfDilutedSharesOutstanding,20251231,110267000.0,20241231,13108117000.0,Assets,20251231,-275492000.0,StockholdersEquity,20251231,1463442000.0,CashAndCashEquivalentsAtCarryingValue,20251231,10546812000.0,LongTermDebtCurrent+LongTermDebtNoncurrent,20251231+20251231,692220000.0,,-0.3467404276380125,-0.054631031949722075,,,,-1.1881796930582376,-38.28355088351023,83.3,87.5,MISSING_REVENUE,PARTIAL
NCLH,NCLH,NORWEGIAN CRUISE LINE HOLDIN,-,0.011277,0001513761,4400,10-K,20251231,20260302,0001104659-26-022067,20260331,20260504,2025Q3;2025Q4;2026Q1;2026Q2,,,,,,423246000.0,NetIncomeLoss,20251231,910257000.0,20241231,1560868000.0,OperatingIncomeLoss,20251231,1465906000.0,20241231,2089746000.0,NetCashProvidedByUsedInOperatingActivities,20251231,2049823000.0,20241231,3259606000.0,PaymentsToAcquirePropertyPlantAndEquipment,20251231,1210952000.0,20241231,477742311.0,WeightedAverageNumberOfDilutedSharesOutstanding,20251231,515030548.0,20241231,22541401000.0,Assets,20251231,2209888000.0,StockholdersEquity,20251231,209893000.0,CashAndCashEquivalentsAtCarryingValue,20251231,13730277000.0,LongTermDebtAndCapitalLeaseObligations,20251231,-1169860000.0,,-0.5350258223776362,-0.07240004917145226,,,,0.1915237333294719,6.213109895162107,83.3,87.5,MISSING_REVENUE,PARTIAL
BLDR,BLDR,BUILDERS FIRSTSOURCE INC,-,0.010793,0001316835,5211,10-K,20251231,20260217,0001193125-26-054643,20260331,20260430,2025Q3;2025Q4;2026Q1;2026Q2,15190638000.0,RevenueFromContractWithCustomerExcludingAssessedTax,20251231,16400492000.0,20241231,435199000.0,NetIncomeLoss,20251231,1077898000.0,20241231,786276000.0,OperatingIncomeLoss,20251231,1595249000.0,20241231,1215886000.0,NetCashProvidedByUsedInOperatingActivities,20251231,1872692000.0,20241231,362602000.0,PaymentsToAcquirePropertyPlantAndEquipment,20251231,380569000.0,20241231,111822000.0,WeightedAverageNumberOfDilutedSharesOutstanding,20251231,118980000.0,20241231,11237530000.0,Assets,20251231,4352251000.0,StockholdersEquity,20251231,181753000.0,CashAndCashEquivalentsAtCarryingValue,20251231,4427033000.0,LongTermDebtAndCapitalLeaseObligations,20251231,853284000.0,-0.07376937228468516,-0.5962521500179052,-0.0601613716591024,0.05176056463197925,0.028649158777926245,0.056171702597349764,0.09999400310322176,1.0171823729835434,100.0,100.0,OK,PRESENT
AOS,AOS,SMITH (A.O.) CORP,-,0.010003,0000091142,3630,10-K,20251231,20260210,0000091142-26-000008,20260331,20260430,2025Q3;2025Q4;2026Q1;2026Q2,3830200000.0,RevenueFromContractWithCustomerExcludingAssessedTax,20251231,3818100000.0,20241231,546200000.0,NetIncomeLoss,20251231,533600000.0,20241231,,,,,,616800000.0,NetCashProvidedByUsedInOperatingActivities,20251231,581800000.0,20241231,70800000.0,PaymentsToAcquireProductiveAssets,20251231,108000000.0,20241231,,,,,,3142800000.0,Assets,20251231,1858000000.0,StockholdersEquity,20251231,174500000.0,CashAndCashEquivalentsAtCarryingValue,20251231,155000000.0,LongTermDebtCurrent+LongTermDebtNoncurrent,20251231+20251231,546000000.0,0.0031691155286661665,0.02361319340329837,,,0.14260351939846483,0.1425513028040311,0.29397201291711517,0.08342303552206674,83.3,87.5,MISSING_DILUTED_SHARES,PARTIAL
ERIE,ERIE,ERIE INDEMNITY COMPANY CL A,-,0.009808,0000922621,6411,10-K,20251231,20260223,0001628280-26-010666,20260331,20260423,2025Q3;2025Q4;2026Q1;2026Q2,4067258000.0,RevenueFromContractWithCustomerExcludingAssessedTax,20251231,3795115000.0,20241231,559335000.0,NetIncomeLoss,20251231,600314000.0,20241231,717184000.0,OperatingIncomeLoss,20251231,676455000.0,20241231,686657000.0,NetCashProvidedByUsedInOperatingActivities,20251231,611249000.0,20241231,115692000.0,PaymentsToAcquireProductiveAssets,20251231,124845000.0,20241231,,,,,,3355481000.0,Assets,20251231,2283374000.0,StockholdersEquity,20251231,345874000.0,CashCashEquivalentsRestrictedCashAndRestrictedCashEquivalents,20251231,,,,570965000.0,0.07170876244856883,-0.06826260923450056,,0.17633108103788842,0.13752139647890543,0.14038081675664538,0.24495987078770276,,83.3,75.0,MISSING_DILUTED_SHARES,PARTIAL
TAP,TAP,MOLSON COORS BEVERAGE CO B,-,0.009641,0000024545,2082,10-K,20251231,20260218,0000024545-26-000006,20260331,20260430,2025Q3;2025Q4;2026Q1;2026Q2,13040300000.0,RevenueFromContractWithCustomerExcludingAssessedTax,20251231,13734300000.0,20241231,-2139600000.0,NetIncomeLoss,20251231,1122400000.0,20241231,-2336900000.0,OperatingIncomeLoss,20251231,1753200000.0,20241231,1784400000.0,NetCashProvidedByUsedInOperatingActivities,20251231,1910300000.0,20241231,716600000.0,PaymentsToAcquireProductiveAssets,20251231,674100000.0,20241231,199100000.0,WeightedAverageNumberOfDilutedSharesOutstanding,20251231,209900000.0,20241231,22738400000.0,Assets,20251231,10230300000.0,StockholdersEquity,20251231,896500000.0,CashAndCashEquivalentsAtCarryingValue,20251231,3865400000.0,LongTermDebtNoncurrent,20251231,1067800000.0,-0.05053042382939066,-2.9062722736992157,-0.0514530728918533,-0.17920599986196636,-0.1640759798470894,0.081884619218883,-0.20914342687897716,0.3778383820611321,100.0,100.0,OK,PRESENT
HRL,HRL,HORMEL FOODS CORP,-,0.009632,0000048465,2011,10-K,20251031,20251205,0000048465-25-000059,20260430,20260528,2025Q3;2025Q4;2026Q1;2026Q2,,,,,,478197000.0,NetIncomeLoss,20251031,805038000.0,20241031,718603000.0,OperatingIncomeLoss,20251031,1067932000.0,20241031,845251000.0,NetCashProvidedByUsedInOperatingActivities,20251031,1266738000.0,20241031,310902000.0,PaymentsToAcquirePropertyPlantAndEquipment,20251031,256441000.0,20241031,550496000.0,WeightedAverageNumberOfDilutedSharesOutstanding,20251031,548832000.0,20241031,13393119000.0,Assets,20251031,7901171000.0,StockholdersEquity,20251031,670679000.0,CashAndCashEquivalentsAtCarryingValue,20251031,2857424000.0,LongTermDebtCurrent+LongTermDebtNoncurrent,20251031+20251031,534349000.0,,-0.4059944996385264,0.003031893184070933,,,,0.06052229473327435,0.3616456345521442,83.3,87.5,MISSING_REVENUE,PARTIAL
TTD,TTD,TRADE DESK INC/THE CLASS A,-,0.008854,0001671933,7370,10-K,20251231,20260227,0001671933-26-000014,20260331,20260507,2025Q3;2025Q4;2026Q1;2026Q2,2896284000.0,RevenueFromContractWithCustomerExcludingAssessedTax,20251231,2444831000.0,20241231,443304000.0,NetIncomeLoss,20251231,393076000.0,20241231,589321000.0,OperatingIncomeLoss,20251231,427167000.0,20241231,992721000.0,NetCashProvidedByUsedInOperatingActivities,20251231,739456000.0,20241231,197011000.0,PaymentsToAcquirePropertyPlantAndEquipment,20251231,98238000.0,20241231,493551000.0,WeightedAverageNumberOfDilutedSharesOutstanding,20251231,501924000.0,20241231,6153220000.0,Assets,20251231,2484391000.0,StockholdersEquity,20251231,658175000.0,CashAndCashEquivalentsAtCarryingValue,20251231,,,,795710000.0,0.18465611733489973,0.12778190477159623,-0.01668180840127187,0.20347486641503387,0.1530595756493493,0.2747347981068155,0.178435681018004,,100.0,87.5,OK,PRESENT
DVA,DVA,DAVITA INC,-,0.008546,0000927066,8090,10-K,20251231,20260211,0000927066-26-000012,20260331,20260505,2025Q3;2025Q4;2026Q1;2026Q2,13643069000.0,Revenues,20251231,12815550000.0,20241231,746803000.0,NetIncomeLoss,20251231,936342000.0,20241231,2043615000.0,OperatingIncomeLoss,20251231,2090483000.0,20241231,1886500000.0,NetCashProvidedByUsedInOperatingActivities,20251231,2022038000.0,20241231,575864000.0,PaymentsToAcquirePropertyPlantAndEquipment,20251231,555443000.0,20241231,75885000.0,WeightedAverageNumberOfDilutedSharesOutstanding,20251231,87274000.0,20241231,17480103000.0,Assets,20251231,-651082000.0,StockholdersEquity,20251231,676438000.0,CashAndCashEquivalentsAtCarryingValue,20251231,10163988000.0,LongTermDebtAndCapitalLeaseObligations,20251231,1310636000.0,0.0645714776189863,-0.20242496865461557,-0.13049705525127764,0.1497914435527666,0.054738636885879564,0.09606606841906319,-1.1470183479193097,-15.610918440380782,100.0,100.0,OK,PRESENT
BF.B,BF-B,BROWN FORMAN CORP CLASS B,-,0.006763,0000014693,2080,10-K,20260430,20260612,0000014693-26-000024,20260131,20260304,2025Q3;2025Q4;2026Q1;2026Q2,3928000000.0,RevenueFromContractWithCustomerExcludingAssessedTax,20260430,3975000000.0,20250430,715000000.0,NetIncomeLoss,20260430,869000000.0,20250430,1001000000.0,OperatingIncomeLoss,20260430,1107000000.0,20250430,1000000000.0,NetCashProvidedByUsedInOperatingActivities,20260430,598000000.0,20250430,107000000.0,PaymentsToAcquirePropertyPlantAndEquipment,20260430,167000000.0,20250430,,,,,,7894000000.0,Assets,20260430,4020000000.0,StockholdersEquity,20260430,308000000.0,CashAndCashEquivalentsAtCarryingValue,20260430,2434000000.0,LongTermDebtCurrent+LongTermDebtNoncurrent,20260430+20260430,893000000.0,-0.011823899371069202,-0.17721518987341767,,0.25483706720977595,0.1820264765784114,0.22734215885947046,0.17786069651741293,0.6054726368159205,83.3,87.5,MISSING_DILUTED_SHARES,PARTIAL
NWS,NWS,NEWS CORP CLASS B,-,0.006343,0001564708,2711,10-K,20250630,20250806,0001564708-25-000419,20260331,20260508,2025Q3;2025Q4;2026Q1;2026Q2,8452000000.0,RevenueFromContractWithCustomerExcludingAssessedTax,20250630,8252000000.0,20240630,1180000000.0,NetIncomeLoss,20250630,266000000.0,20240630,,,,,,,,,,,407000000.0,PaymentsToAcquirePropertyPlantAndEquipment,20250630,357000000.0,20240630,,,,,,15504000000.0,Assets,20250630,8774000000.0,StockholdersEquity,20250630,2403000000.0,CashAndCashEquivalentsAtCarryingValue,20250630,1962000000.0,LongTermDebtCurrent+LongTermDebtNoncurrent,20250630+20250630,,0.02423654871546299,3.43609022556391,,,0.1396119261713204,,0.13448826077045817,0.22361522680647367,66.7,75.0,MISSING_OPERATING_CASH_FLOW;MISSING_DILUTED_SHARES,PARTIAL
PSKY,PSKY,PARAMOUNT SKYDANCE CL B,-,0.005182,0002041610,4833,10-K,20251231,20260225,0002041610-26-000011,20260331,20260504,2025Q3;2025Q4;2026Q1;2026Q2,29213000000.0,RevenueFromContractWithCustomerExcludingAssessedTax,20241231,29652000000.0,20231231,-6190000000.0,NetIncomeLoss,20241231,-608000000.0,20231231,-5269000000.0,OperatingIncomeLoss,20241231,-451000000.0,20231231,752000000.0,NetCashProvidedByUsedInOperatingActivities,20241231,475000000.0,20231231,263000000.0,PaymentsToAcquirePropertyPlantAndEquipment,20241231,328000000.0,20231231,664000000.0,WeightedAverageNumberOfDilutedSharesOutstanding,20241231,652000000.0,20231231,43342000000.0,Assets,20251231,11693000000.0,StockholdersEquity,20251231,3274000000.0,CashAndCashEquivalentsAtCarryingValue,20251231,13225000000.0,LongTermDebtAndCapitalLeaseObligations,20251231,489000000.0,-0.014805072170511302,9.180921052631579,0.018404907975460016,-0.18036490603498442,-0.21189196590558998,0.016739122993187965,-0.529376550072693,1.1310185581116907,100.0,100.0,OK,PRESENT
2602335D,2602335D,CONTRA HOLOGIC INCORPO,-,3e-06,,,,,,,,,2025Q3;2025Q4;2026Q1;2026Q2,,,,,,,,,,,,,,,,,,,,,,,,,,,,,,,,,,,,,,,,,,,,,,,,,,,,0.0,0.0,MISSING_CIK;MISSING_ANNUAL_FILING_IN_BULK_WINDOW;MISSING_REVENUE;MISSING_NET_INCOME;MISSING_ASSETS;MISSING_EQUITY;MISSING_OPERATING_CASH_FLOW;MISSING_DILUTED_SHARES,PARTIAL
