ticker,adsh,stmt,line,plabel,tag,version,class,value,ddate,qtrs,uom,used_as
NVDA,0001045810-26-000021,BS,21,Short-term debt,DebtCurrent,us-gaap/2025,CURRENT_DEBT_AGGREGATE,999000000,20260131,0,USD,current_debt
NVDA,0001045810-26-000021,BS,23,Long-term debt,LongTermDebtNoncurrent,us-gaap/2025,NONCURRENT_DEBT_AGGREGATE,7469000000,20260131,0,USD,long_term_debt
NVDA,0001045810-26-000021,BS,21,Short-term debt,DebtCurrent,us-gaap/2025,CURRENT_DEBT_AGGREGATE,999000000,20260131,0,USD,total_debt
NVDA,0001045810-26-000021,BS,23,Long-term debt,LongTermDebtNoncurrent,us-gaap/2025,NONCURRENT_DEBT_AGGREGATE,7469000000,20260131,0,USD,total_debt
NVDA,0001045810-26-000021,BS,24,Long-term operating lease liabilities,OperatingLeaseLiabilityNoncurrent,us-gaap/2025,OPERATING_LEASE,2572000000,20260131,0,USD,operating_lease_liabilities
NVDA,0001045810-26-000021,BS,3,Cash and cash equivalents,CashAndCashEquivalentsAtCarryingValue,us-gaap/2025,CASH,10605000000,20260131,0,USD,cash_and_equivalents
NVDA,0001045810-26-000021,BS,35,Total liabilities and shareholders' equity,LiabilitiesAndStockholdersEquity,us-gaap/2025,BALANCE_CONTROL,206803000000,20260131,0,USD,total_liabilities_and_equity
NVDA,0001045810-26-000021,BS,26,Total liabilities,Liabilities,us-gaap/2025,BALANCE_CONTROL,49510000000,20260131,0,USD,total_liabilities
NVDA,0001045810-26-000021,IS,10,Interest expense,InterestExpenseNonoperating,us-gaap/2025,GROSS_INTEREST,259000000,20260131,4,USD,interest_expense
AAPL,0000320193-25-000079,BS,21,Commercial paper,CommercialPaper,us-gaap/2025,CURRENT_DEBT,7979000000,20250930,0,USD,current_debt
AAPL,0000320193-25-000079,BS,22,Term debt,LongTermDebtCurrent,us-gaap/2025,CURRENT_DEBT,12350000000,20250930,0,USD,current_debt
AAPL,0000320193-25-000079,BS,25,Term debt,LongTermDebtNoncurrent,us-gaap/2025,NONCURRENT_DEBT_AGGREGATE,78328000000,20250930,0,USD,long_term_debt
AAPL,0000320193-25-000079,BS,21,Commercial paper,CommercialPaper,us-gaap/2025,CURRENT_DEBT,7979000000,20250930,0,USD,total_debt
AAPL,0000320193-25-000079,BS,22,Term debt,LongTermDebtCurrent,us-gaap/2025,CURRENT_DEBT,12350000000,20250930,0,USD,total_debt
AAPL,0000320193-25-000079,BS,25,Term debt,LongTermDebtNoncurrent,us-gaap/2025,NONCURRENT_DEBT_AGGREGATE,78328000000,20250930,0,USD,total_debt
AAPL,0000320193-25-000079,BS,3,Cash and cash equivalents,CashAndCashEquivalentsAtCarryingValue,us-gaap/2025,CASH,35934000000,20250930,0,USD,cash_and_equivalents
AAPL,0000320193-25-000079,BS,4,Marketable securities,MarketableSecuritiesCurrent,us-gaap/2025,STI,18763000000,20250930,0,USD,short_term_investments
AAPL,0000320193-25-000079,BS,37,Total liabilities and shareholders equity,LiabilitiesAndStockholdersEquity,us-gaap/2025,BALANCE_CONTROL,359241000000,20250930,0,USD,total_liabilities_and_equity
AAPL,0000320193-25-000079,BS,28,Total liabilities,Liabilities,us-gaap/2025,BALANCE_CONTROL,285508000000,20250930,0,USD,total_liabilities
MSFT,0000950170-25-100235,BS,20,Short-term debt,CommercialPaper,us-gaap/2024,CURRENT_DEBT,0,20250630,0,USD,current_debt
MSFT,0000950170-25-100235,BS,21,Current portion of long-term debt,LongTermDebtCurrent,us-gaap/2024,CURRENT_DEBT,2999000000,20250630,0,USD,current_debt
MSFT,0000950170-25-100235,BS,27,Long-term debt,LongTermDebtNoncurrent,us-gaap/2024,NONCURRENT_DEBT_AGGREGATE,40152000000,20250630,0,USD,long_term_debt
MSFT,0000950170-25-100235,BS,20,Short-term debt,CommercialPaper,us-gaap/2024,CURRENT_DEBT,0,20250630,0,USD,total_debt
MSFT,0000950170-25-100235,BS,21,Current portion of long-term debt,LongTermDebtCurrent,us-gaap/2024,CURRENT_DEBT,2999000000,20250630,0,USD,total_debt
MSFT,0000950170-25-100235,BS,27,Long-term debt,LongTermDebtNoncurrent,us-gaap/2024,NONCURRENT_DEBT_AGGREGATE,40152000000,20250630,0,USD,total_debt
MSFT,0000950170-25-100235,BS,31,Operating lease liabilities,OperatingLeaseLiabilityNoncurrent,us-gaap/2024,OPERATING_LEASE,17437000000,20250630,0,USD,operating_lease_liabilities
MSFT,0000950170-25-100235,BS,3,Cash and cash equivalents,CashAndCashEquivalentsAtCarryingValue,us-gaap/2024,CASH,30242000000,20250630,0,USD,cash_and_equivalents
MSFT,0000950170-25-100235,BS,4,Short-term investments,ShortTermInvestments,us-gaap/2024,STI,64323000000,20250630,0,USD,short_term_investments
MSFT,0000950170-25-100235,BS,40,Total liabilities and stockholders equity,LiabilitiesAndStockholdersEquity,us-gaap/2024,BALANCE_CONTROL,619003000000,20250630,0,USD,total_liabilities_and_equity
MSFT,0000950170-25-100235,BS,33,Total liabilities,Liabilities,us-gaap/2024,BALANCE_CONTROL,275524000000,20250630,0,USD,total_liabilities
AMZN,0001018724-26-000004,BS,20,Long-term debt,LongTermDebtNoncurrent,us-gaap/2025,NONCURRENT_DEBT_AGGREGATE,65648000000,20251231,0,USD,long_term_debt
AMZN,0001018724-26-000004,BS,20,Long-term debt,LongTermDebtNoncurrent,us-gaap/2025,NONCURRENT_DEBT_AGGREGATE,65648000000,20251231,0,USD,total_debt
AMZN,0001018724-26-000004,BS,3,Cash and cash equivalents,CashAndCashEquivalentsAtCarryingValue,us-gaap/2025,CASH,86810000000,20251231,0,USD,cash_and_equivalents
AMZN,0001018724-26-000004,BS,4,Marketable securities,MarketableSecuritiesCurrent,us-gaap/2025,STI,36219000000,20251231,0,USD,short_term_investments
AMZN,0001018724-26-000004,BS,31,Total liabilities and stockholders equity,LiabilitiesAndStockholdersEquity,us-gaap/2025,BALANCE_CONTROL,818042000000,20251231,0,USD,total_liabilities_and_equity
AMZN,0001018724-26-000004,IS,18,Interest expense,InterestExpenseNonoperating,us-gaap/2025,GROSS_INTEREST,2274000000,20251231,4,USD,interest_expense
GOOGL,0001652044-26-000018,BS,24,Long-term debt,LongTermDebtNoncurrent,us-gaap/2025,NONCURRENT_DEBT_AGGREGATE,46547000000,20251231,0,USD,long_term_debt
GOOGL,0001652044-26-000018,BS,24,Long-term debt,LongTermDebtNoncurrent,us-gaap/2025,NONCURRENT_DEBT_AGGREGATE,46547000000,20251231,0,USD,total_debt
GOOGL,0001652044-26-000018,BS,26,Operating lease liabilities,OperatingLeaseLiabilityNoncurrent,us-gaap/2025,OPERATING_LEASE,12744000000,20251231,0,USD,operating_lease_liabilities
GOOGL,0001652044-26-000018,BS,3,Cash and cash equivalents,CashAndCashEquivalentsAtCarryingValue,us-gaap/2025,CASH,30708000000,20251231,0,USD,cash_and_equivalents
GOOGL,0001652044-26-000018,BS,4,Marketable securities,MarketableSecuritiesCurrent,us-gaap/2025,STI,96135000000,20251231,0,USD,short_term_investments
GOOGL,0001652044-26-000018,BS,36,Total liabilities and stockholders equity,LiabilitiesAndStockholdersEquity,us-gaap/2025,BALANCE_CONTROL,595281000000,20251231,0,USD,total_liabilities_and_equity
GOOGL,0001652044-26-000018,BS,28,Total liabilities,Liabilities,us-gaap/2025,BALANCE_CONTROL,180016000000,20251231,0,USD,total_liabilities
AVGO,0001730168-25-000121,BS,18,Short-term debt,LongTermDebtAndCapitalLeaseObligationsCurrent,us-gaap/2024,CURRENT_DEBT_AGGREGATE,3152000000,20251031,0,USD,current_debt
AVGO,0001730168-25-000121,BS,22,Long-term debt,LongTermDebtAndCapitalLeaseObligations,us-gaap/2024,NONCURRENT_DEBT_AGGREGATE,61984000000,20251031,0,USD,long_term_debt
AVGO,0001730168-25-000121,BS,18,Short-term debt,LongTermDebtAndCapitalLeaseObligationsCurrent,us-gaap/2024,CURRENT_DEBT_AGGREGATE,3152000000,20251031,0,USD,total_debt
AVGO,0001730168-25-000121,BS,22,Long-term debt,LongTermDebtAndCapitalLeaseObligations,us-gaap/2024,NONCURRENT_DEBT_AGGREGATE,61984000000,20251031,0,USD,total_debt
AVGO,0001730168-25-000121,BS,3,Cash and cash equivalents,CashAndCashEquivalentsAtCarryingValue,us-gaap/2024,CASH,16178000000,20251031,0,USD,cash_and_equivalents
AVGO,0001730168-25-000121,BS,33,Total liabilities and stockholders equity,LiabilitiesAndStockholdersEquity,us-gaap/2024,BALANCE_CONTROL,171092000000,20251031,0,USD,total_liabilities_and_equity
AVGO,0001730168-25-000121,BS,24,Total liabilities,Liabilities,us-gaap/2024,BALANCE_CONTROL,89800000000,20251031,0,USD,total_liabilities
AVGO,0001730168-25-000121,IS,21,Interest expense,InterestExpenseNonoperating,us-gaap/2024,GROSS_INTEREST,3210000000,20251031,4,USD,interest_expense
GOOG,0001652044-26-000018,BS,24,Long-term debt,LongTermDebtNoncurrent,us-gaap/2025,NONCURRENT_DEBT_AGGREGATE,46547000000,20251231,0,USD,long_term_debt
GOOG,0001652044-26-000018,BS,24,Long-term debt,LongTermDebtNoncurrent,us-gaap/2025,NONCURRENT_DEBT_AGGREGATE,46547000000,20251231,0,USD,total_debt
GOOG,0001652044-26-000018,BS,26,Operating lease liabilities,OperatingLeaseLiabilityNoncurrent,us-gaap/2025,OPERATING_LEASE,12744000000,20251231,0,USD,operating_lease_liabilities
GOOG,0001652044-26-000018,BS,3,Cash and cash equivalents,CashAndCashEquivalentsAtCarryingValue,us-gaap/2025,CASH,30708000000,20251231,0,USD,cash_and_equivalents
GOOG,0001652044-26-000018,BS,4,Marketable securities,MarketableSecuritiesCurrent,us-gaap/2025,STI,96135000000,20251231,0,USD,short_term_investments
GOOG,0001652044-26-000018,BS,36,Total liabilities and stockholders equity,LiabilitiesAndStockholdersEquity,us-gaap/2025,BALANCE_CONTROL,595281000000,20251231,0,USD,total_liabilities_and_equity
GOOG,0001652044-26-000018,BS,28,Total liabilities,Liabilities,us-gaap/2025,BALANCE_CONTROL,180016000000,20251231,0,USD,total_liabilities
META,0001628280-26-003942,BS,21,Long-term debt,LongTermDebtNoncurrent,us-gaap/2025,NONCURRENT_DEBT_AGGREGATE,58744000000,20251231,0,USD,long_term_debt
META,0001628280-26-003942,BS,21,Long-term debt,LongTermDebtNoncurrent,us-gaap/2025,NONCURRENT_DEBT_AGGREGATE,58744000000,20251231,0,USD,total_debt
META,0001628280-26-003942,BS,20,"Operating lease liabilities, non-current",OperatingLeaseLiabilityNoncurrent,us-gaap/2025,OPERATING_LEASE,22940000000,20251231,0,USD,operating_lease_liabilities
META,0001628280-26-003942,BS,17,"Operating lease liabilities, current",OperatingLeaseLiabilityCurrent,us-gaap/2025,OPERATING_LEASE,2213000000,20251231,0,USD,operating_lease_liabilities
META,0001628280-26-003942,BS,3,Cash and cash equivalents,CashAndCashEquivalentsAtCarryingValue,us-gaap/2025,CASH,35873000000,20251231,0,USD,cash_and_equivalents
META,0001628280-26-003942,BS,4,Marketable securities,MarketableSecuritiesCurrent,us-gaap/2025,STI,45719000000,20251231,0,USD,short_term_investments
META,0001628280-26-003942,BS,32,Total liabilities and stockholders' equity,LiabilitiesAndStockholdersEquity,us-gaap/2025,BALANCE_CONTROL,366021000000,20251231,0,USD,total_liabilities_and_equity
META,0001628280-26-003942,BS,24,Total liabilities,Liabilities,us-gaap/2025,BALANCE_CONTROL,148778000000,20251231,0,USD,total_liabilities
META,0001628280-26-003942,CF,47,"Cash paid for interest, net of amounts capitalized",InterestPaidNet,us-gaap/2025,INTEREST_PAID,696000000,20251231,4,USD,interest_expense
MU,0000723125-25-000028,BS,18,Current debt,DebtCurrent,us-gaap/2025,CURRENT_DEBT_AGGREGATE,560000000,20250831,0,USD,current_debt
MU,0000723125-25-000028,BS,21,Long-term debt,LongTermDebtAndCapitalLeaseObligations,us-gaap/2025,NONCURRENT_DEBT_AGGREGATE,14017000000,20250831,0,USD,long_term_debt
MU,0000723125-25-000028,BS,18,Current debt,DebtCurrent,us-gaap/2025,CURRENT_DEBT_AGGREGATE,560000000,20250831,0,USD,total_debt
MU,0000723125-25-000028,BS,21,Long-term debt,LongTermDebtAndCapitalLeaseObligations,us-gaap/2025,NONCURRENT_DEBT_AGGREGATE,14017000000,20250831,0,USD,total_debt
MU,0000723125-25-000028,BS,22,Noncurrent operating lease liabilities,OperatingLeaseLiabilityNoncurrent,us-gaap/2025,OPERATING_LEASE,701000000,20250831,0,USD,operating_lease_liabilities
MU,0000723125-25-000028,BS,2,Cash and cash equivalents,CashAndCashEquivalentsAtCarryingValue,us-gaap/2025,CASH,9642000000,20250831,0,USD,cash_and_equivalents
MU,0000723125-25-000028,BS,3,Short-term investments,AvailableForSaleSecuritiesDebtSecuritiesCurrent,us-gaap/2025,STI,665000000,20250831,0,USD,short_term_investments
MU,0000723125-25-000028,BS,34,Total liabilities and equity,LiabilitiesAndStockholdersEquity,us-gaap/2025,BALANCE_CONTROL,82798000000,20250831,0,USD,total_liabilities_and_equity
MU,0000723125-25-000028,BS,25,Total liabilities,Liabilities,us-gaap/2025,BALANCE_CONTROL,28633000000,20250831,0,USD,total_liabilities
MU,0000723125-25-000028,IS,10,Interest expense,InterestExpenseNonoperating,us-gaap/2025,GROSS_INTEREST,477000000,20250831,4,USD,interest_expense
TSLA,0001628280-26-003952,BS,28,Current portion of debt and finance leases,LongTermDebtAndFinanceLeasesCurrent,0001628280-26-003952,CUSTOM_DEBT,1640000000,20251231,0,USD,total_debt
TSLA,0001628280-26-003952,BS,30,"Debt and finance leases, net of current portion",LongTermDebtAndFinanceLeasesNoncurrent,0001628280-26-003952,CUSTOM_DEBT,6736000000,20251231,0,USD,total_debt
TSLA,0001628280-26-003952,BS,9,Cash and cash equivalents,CashAndCashEquivalentsAtCarryingValue,us-gaap/2025,CASH,16513000000,20251231,0,USD,cash_and_equivalents
TSLA,0001628280-26-003952,BS,10,Short-term investments,ShortTermInvestments,us-gaap/2025,STI,27546000000,20251231,0,USD,short_term_investments
TSLA,0001628280-26-003952,BS,45,Total liabilities and equity,LiabilitiesAndStockholdersEquity,us-gaap/2025,BALANCE_CONTROL,137806000000,20251231,0,USD,total_liabilities_and_equity
TSLA,0001628280-26-003952,BS,33,Total liabilities,Liabilities,us-gaap/2025,BALANCE_CONTROL,54941000000,20251231,0,USD,total_liabilities
TSLA,0001628280-26-003952,IS,23,Interest expense,InterestExpenseNonoperating,us-gaap/2025,GROSS_INTEREST,338000000,20251231,4,USD,interest_expense
JPM,0001628280-26-008131,BS,26,"Short-term borrowings (included $32,460 and $26,521 at fair value)",ShortTermBorrowings,us-gaap/2025,CURRENT_DEBT,64776000000,20251231,0,USD,current_debt
JPM,0001628280-26-008131,BS,15,"Loans (included $70,684 and $41,350 at fair value)",FinancingReceivableExcludingAccruedInterestBeforeAllowanceForCreditLossesNetOfDeferredIncome,0001628280-26-008131,CUSTOM_DEBT,1493429000000,20251231,0,USD,total_debt
JPM,0001628280-26-008131,BS,42,Total liabilities and stockholders equity,LiabilitiesAndStockholdersEquity,us-gaap/2025,BALANCE_CONTROL,4424900000000,20251231,0,USD,total_liabilities_and_equity
JPM,0001628280-26-008131,BS,32,Total liabilities,Liabilities,us-gaap/2025,BALANCE_CONTROL,4062462000000,20251231,0,USD,total_liabilities
JPM,0001628280-26-008131,CF,55,Cash interest paid,InterestPaidNet,us-gaap/2025,INTEREST_PAID,96436000000,20251231,4,USD,interest_expense
BRK.B,0001193125-26-083899,BS,49,Total liabilities and shareholders' equity,LiabilitiesAndStockholdersEquity,us-gaap/2025,BALANCE_CONTROL,1222176000000,20251231,0,USD,total_liabilities_and_equity
BRK.B,0001193125-26-083899,BS,39,Total liabilities,Liabilities,us-gaap/2025,BALANCE_CONTROL,502473000000,20251231,0,USD,total_liabilities
BRK.B,0001193125-26-083899,IS,31,Interest expense,InterestExpense,us-gaap/2025,GROSS_INTEREST,5069000000,20251231,4,USD,interest_expense
LLY,0000059478-26-000013,BS,20,Short-term borrowings and current maturities of long-term debt,DebtCurrent,us-gaap/2025,CURRENT_DEBT_AGGREGATE,1635000000,20251231,0,USD,current_debt
LLY,0000059478-26-000013,BS,27,Long-term debt,LongTermDebtNoncurrent,us-gaap/2025,NONCURRENT_DEBT_AGGREGATE,40868000000,20251231,0,USD,long_term_debt
LLY,0000059478-26-000013,BS,20,Short-term borrowings and current maturities of long-term debt,DebtCurrent,us-gaap/2025,CURRENT_DEBT_AGGREGATE,1635000000,20251231,0,USD,total_debt
LLY,0000059478-26-000013,BS,27,Long-term debt,LongTermDebtNoncurrent,us-gaap/2025,NONCURRENT_DEBT_AGGREGATE,40868000000,20251231,0,USD,total_debt
LLY,0000059478-26-000013,BS,3,Cash and cash equivalents,CashAndCashEquivalentsAtCarryingValue,us-gaap/2025,CASH,7268000000,20251231,0,USD,cash_and_equivalents
LLY,0000059478-26-000013,BS,40,Total liabilities and equity,LiabilitiesAndStockholdersEquity,us-gaap/2025,BALANCE_CONTROL,112476000000,20251231,0,USD,total_liabilities_and_equity
AMD,0000002488-26-000018,BS,19,"Current portion of long-term debt, net",ShortTermBorrowings,us-gaap/2025,CURRENT_DEBT,874000000,20251231,0,USD,current_debt
AMD,0000002488-26-000018,BS,22,"Long-term debt, net of current portion",LongTermDebtNoncurrent,us-gaap/2025,NONCURRENT_DEBT_AGGREGATE,2348000000,20251231,0,USD,long_term_debt
AMD,0000002488-26-000018,BS,19,"Current portion of long-term debt, net",ShortTermBorrowings,us-gaap/2025,CURRENT_DEBT,874000000,20251231,0,USD,total_debt
AMD,0000002488-26-000018,BS,22,"Long-term debt, net of current portion",LongTermDebtNoncurrent,us-gaap/2025,NONCURRENT_DEBT_AGGREGATE,2348000000,20251231,0,USD,total_debt
AMD,0000002488-26-000018,BS,23,Long-term operating lease liabilities,OperatingLeaseLiabilityNoncurrent,us-gaap/2025,OPERATING_LEASE,625000000,20251231,0,USD,operating_lease_liabilities
AMD,0000002488-26-000018,BS,3,Cash and cash equivalents,CashAndCashEquivalentsAtCarryingValue,us-gaap/2025,CASH,5539000000,20251231,0,USD,cash_and_equivalents
AMD,0000002488-26-000018,BS,4,Short-term investments,ShortTermInvestments,us-gaap/2025,STI,5013000000,20251231,0,USD,short_term_investments
AMD,0000002488-26-000018,BS,34,Total liabilities and stockholders equity,LiabilitiesAndStockholdersEquity,us-gaap/2025,BALANCE_CONTROL,76926000000,20251231,0,USD,total_liabilities_and_equity
AMD,0000002488-26-000018,IS,12,Interest expense,InterestExpense,us-gaap/2025,GROSS_INTEREST,131000000,20251231,4,USD,interest_expense
JNJ,0000200406-26-000016,BS,17,Loans and notes payable,ShortTermBorrowings,us-gaap/2025,CURRENT_DEBT,8495000000,20251231,0,USD,current_debt
JNJ,0000200406-26-000016,BS,24,Long-term debt,LongTermDebtNoncurrent,us-gaap/2025,NONCURRENT_DEBT_AGGREGATE,39438000000,20251231,0,USD,long_term_debt
JNJ,0000200406-26-000016,BS,17,Loans and notes payable,ShortTermBorrowings,us-gaap/2025,CURRENT_DEBT,8495000000,20251231,0,USD,total_debt
JNJ,0000200406-26-000016,BS,24,Long-term debt,LongTermDebtNoncurrent,us-gaap/2025,NONCURRENT_DEBT_AGGREGATE,39438000000,20251231,0,USD,total_debt
JNJ,0000200406-26-000016,BS,3,Cash and cash equivalents,CashAndCashEquivalentsAtCarryingValue,us-gaap/2025,CASH,19709000000,20251231,0,USD,cash_and_equivalents
JNJ,0000200406-26-000016,BS,4,Marketable securities,MarketableSecuritiesCurrent,us-gaap/2025,STI,393000000,20251231,0,USD,short_term_investments
JNJ,0000200406-26-000016,BS,38,Total liabilities and shareholders equity,LiabilitiesAndStockholdersEquity,us-gaap/2025,BALANCE_CONTROL,199210000000,20251231,0,USD,total_liabilities_and_equity
JNJ,0000200406-26-000016,BS,29,Total liabilities,Liabilities,us-gaap/2025,BALANCE_CONTROL,117666000000,20251231,0,USD,total_liabilities
JNJ,0000200406-26-000016,IS,8,"Interest expense, net of portion capitalized",InterestExpenseNonoperating,us-gaap/2025,GROSS_INTEREST,971000000,20251231,4,USD,interest_expense
V,0001403161-25-000089,BS,32,Current maturities of debt,LongTermDebtCurrent,us-gaap/2025,CURRENT_DEBT,5569000000,20250930,0,USD,current_debt
V,0001403161-25-000089,BS,35,Long-term debt,LongTermDebtNoncurrent,us-gaap/2025,NONCURRENT_DEBT_AGGREGATE,19602000000,20250930,0,USD,long_term_debt
V,0001403161-25-000089,BS,32,Current maturities of debt,LongTermDebtCurrent,us-gaap/2025,CURRENT_DEBT,5569000000,20250930,0,USD,total_debt
V,0001403161-25-000089,BS,35,Long-term debt,LongTermDebtNoncurrent,us-gaap/2025,NONCURRENT_DEBT_AGGREGATE,19602000000,20250930,0,USD,total_debt
V,0001403161-25-000089,BS,9,Cash and cash equivalents,CashAndCashEquivalentsAtCarryingValue,us-gaap/2025,CASH,17164000000,20250930,0,USD,cash_and_equivalents
V,0001403161-25-000089,BS,53,Total liabilities and equity,LiabilitiesAndStockholdersEquity,us-gaap/2025,BALANCE_CONTROL,99627000000,20250930,0,USD,total_liabilities_and_equity
V,0001403161-25-000089,BS,38,Total liabilities,Liabilities,us-gaap/2025,BALANCE_CONTROL,61718000000,20250930,0,USD,total_liabilities
V,0001403161-25-000089,IS,21,Interest expense,InterestExpenseNonoperating,us-gaap/2025,GROSS_INTEREST,589000000,20250930,4,USD,interest_expense
MA,0001141391-26-000013,BS,30,Short-term debt,LongTermDebtCurrent,us-gaap/2025,CURRENT_DEBT,749000000,20251231,0,USD,current_debt
MA,0001141391-26-000013,BS,33,Long-term debt,LongTermDebtNoncurrent,us-gaap/2025,NONCURRENT_DEBT_AGGREGATE,18251000000,20251231,0,USD,long_term_debt
MA,0001141391-26-000013,BS,30,Short-term debt,LongTermDebtCurrent,us-gaap/2025,CURRENT_DEBT,749000000,20251231,0,USD,total_debt
MA,0001141391-26-000013,BS,33,Long-term debt,LongTermDebtNoncurrent,us-gaap/2025,NONCURRENT_DEBT_AGGREGATE,18251000000,20251231,0,USD,total_debt
MA,0001141391-26-000013,BS,9,Cash and cash equivalents,CashAndCashEquivalentsAtCarryingValue,us-gaap/2025,CASH,10566000000,20251231,0,USD,cash_and_equivalents
MA,0001141391-26-000013,BS,47,Total Liabilities and Equity,LiabilitiesAndStockholdersEquity,us-gaap/2025,BALANCE_CONTROL,54157000000,20251231,0,USD,total_liabilities_and_equity
MA,0001141391-26-000013,BS,36,Total Liabilities,Liabilities,us-gaap/2025,BALANCE_CONTROL,46411000000,20251231,0,USD,total_liabilities
MA,0001141391-26-000013,IS,12,Interest expense,InterestExpenseNonoperating,us-gaap/2025,GROSS_INTEREST,722000000,20251231,4,USD,interest_expense
WMT,0000104169-26-000055,BS,16,Short-term borrowings,ShortTermBorrowings,us-gaap/2025,CURRENT_DEBT,6596000000,20260131,0,USD,current_debt
WMT,0000104169-26-000055,BS,20,Long-term debt due within one year,LongTermDebtCurrent,us-gaap/2025,CURRENT_DEBT,3542000000,20260131,0,USD,current_debt
WMT,0000104169-26-000055,BS,24,Long-term debt,LongTermDebtNoncurrent,us-gaap/2025,NONCURRENT_DEBT_AGGREGATE,34624000000,20260131,0,USD,long_term_debt
WMT,0000104169-26-000055,BS,22,Finance lease obligations due within one year,FinanceLeaseLiabilityCurrent,us-gaap/2025,FINANCE_LEASE,856000000,20260131,0,USD,finance_lease_liabilities
WMT,0000104169-26-000055,BS,26,Long-term finance lease obligations,FinanceLeaseLiabilityNoncurrent,us-gaap/2025,FINANCE_LEASE,5905000000,20260131,0,USD,finance_lease_liabilities
WMT,0000104169-26-000055,BS,16,Short-term borrowings,ShortTermBorrowings,us-gaap/2025,CURRENT_DEBT,6596000000,20260131,0,USD,total_debt
WMT,0000104169-26-000055,BS,20,Long-term debt due within one year,LongTermDebtCurrent,us-gaap/2025,CURRENT_DEBT,3542000000,20260131,0,USD,total_debt
WMT,0000104169-26-000055,BS,24,Long-term debt,LongTermDebtNoncurrent,us-gaap/2025,NONCURRENT_DEBT_AGGREGATE,34624000000,20260131,0,USD,total_debt
WMT,0000104169-26-000055,BS,22,Finance lease obligations due within one year,FinanceLeaseLiabilityCurrent,us-gaap/2025,FINANCE_LEASE,856000000,20260131,0,USD,total_debt
WMT,0000104169-26-000055,BS,26,Long-term finance lease obligations,FinanceLeaseLiabilityNoncurrent,us-gaap/2025,FINANCE_LEASE,5905000000,20260131,0,USD,total_debt
WMT,0000104169-26-000055,BS,25,Long-term operating lease obligations,OperatingLeaseLiabilityNoncurrent,us-gaap/2025,OPERATING_LEASE,13941000000,20260131,0,USD,operating_lease_liabilities
WMT,0000104169-26-000055,BS,21,Operating lease obligations due within one year,OperatingLeaseLiabilityCurrent,us-gaap/2025,OPERATING_LEASE,1631000000,20260131,0,USD,operating_lease_liabilities
WMT,0000104169-26-000055,BS,3,Cash and cash equivalents,CashAndCashEquivalentsAtCarryingValue,us-gaap/2025,CASH,10727000000,20260131,0,USD,cash_and_equivalents
WMT,0000104169-26-000055,BS,38,"Total liabilities, redeemable noncontrolling interest, and shareholders' equity",LiabilitiesAndStockholdersEquity,us-gaap/2025,BALANCE_CONTROL,284668000000,20260131,0,USD,total_liabilities_and_equity
WMT,0000104169-26-000055,IS,10,Debt,InterestExpenseDebt,us-gaap/2025,GROSS_INTEREST,2318000000,20260131,4,USD,interest_expense
ABBV,0001551152-26-000008,BS,18,Current portion of long-term debt and finance lease obligations,LongTermDebtAndCapitalLeaseObligationsCurrent,us-gaap/2025,CURRENT_DEBT_AGGREGATE,6056000000,20251231,0,USD,current_debt
ABBV,0001551152-26-000008,BS,21,Long-term debt and finance lease obligations,LongTermDebtAndCapitalLeaseObligations,us-gaap/2025,NONCURRENT_DEBT_AGGREGATE,58941000000,20251231,0,USD,long_term_debt
ABBV,0001551152-26-000008,BS,18,Current portion of long-term debt and finance lease obligations,LongTermDebtAndCapitalLeaseObligationsCurrent,us-gaap/2025,CURRENT_DEBT_AGGREGATE,6056000000,20251231,0,USD,total_debt
ABBV,0001551152-26-000008,BS,21,Long-term debt and finance lease obligations,LongTermDebtAndCapitalLeaseObligations,us-gaap/2025,NONCURRENT_DEBT_AGGREGATE,58941000000,20251231,0,USD,total_debt
ABBV,0001551152-26-000008,BS,3,Cash and equivalents,CashAndCashEquivalentsAtCarryingValue,us-gaap/2025,CASH,5229000000,20251231,0,USD,cash_and_equivalents
ABBV,0001551152-26-000008,BS,4,Short-term investments,ShortTermInvestments,us-gaap/2025,STI,28000000,20251231,0,USD,short_term_investments
ABBV,0001551152-26-000008,BS,34,Total liabilities and equity,LiabilitiesAndStockholdersEquity,us-gaap/2025,BALANCE_CONTROL,133960000000,20251231,0,USD,total_liabilities_and_equity
ABBV,0001551152-26-000008,CF,47,"Interest paid, net of portion capitalized",InterestPaidNet,us-gaap/2025,INTEREST_PAID,3002000000,20251231,4,USD,interest_expense
INTC,0000050863-26-000011,BS,17,Short-term debt,DebtCurrent,us-gaap/2025,CURRENT_DEBT_AGGREGATE,2499000000,20251231,0,USD,current_debt
INTC,0000050863-26-000011,BS,23,Debt,LongTermDebtNoncurrent,us-gaap/2025,NONCURRENT_DEBT_AGGREGATE,44086000000,20251231,0,USD,long_term_debt
INTC,0000050863-26-000011,BS,17,Short-term debt,DebtCurrent,us-gaap/2025,CURRENT_DEBT_AGGREGATE,2499000000,20251231,0,USD,total_debt
INTC,0000050863-26-000011,BS,23,Debt,LongTermDebtNoncurrent,us-gaap/2025,NONCURRENT_DEBT_AGGREGATE,44086000000,20251231,0,USD,total_debt
INTC,0000050863-26-000011,BS,3,Cash and cash equivalents,CashAndCashEquivalentsAtCarryingValue,us-gaap/2025,CASH,14265000000,20251231,0,USD,cash_and_equivalents
INTC,0000050863-26-000011,BS,4,Short-term investments,AvailableForSaleSecuritiesDebtSecuritiesCurrent,us-gaap/2025,STI,23151000000,20251231,0,USD,short_term_investments
INTC,0000050863-26-000011,BS,34,Total liabilities and stockholders' equity,LiabilitiesAndStockholdersEquity,us-gaap/2025,BALANCE_CONTROL,211429000000,20251231,0,USD,total_liabilities_and_equity
INTC,0000050863-26-000011,CF,50,"Interest, net of capitalized interest",InterestPaidNet,us-gaap/2025,INTEREST_PAID,1106000000,20251231,4,USD,interest_expense
CSCO,0000858877-25-000111,BS,19,Short-term debt,DebtCurrent,us-gaap/2025,CURRENT_DEBT_AGGREGATE,5232000000,20250731,0,USD,current_debt
CSCO,0000858877-25-000111,BS,26,Long-term debt,LongTermDebtNoncurrent,us-gaap/2025,NONCURRENT_DEBT_AGGREGATE,22861000000,20250731,0,USD,long_term_debt
CSCO,0000858877-25-000111,BS,19,Short-term debt,DebtCurrent,us-gaap/2025,CURRENT_DEBT_AGGREGATE,5232000000,20250731,0,USD,total_debt
CSCO,0000858877-25-000111,BS,26,Long-term debt,LongTermDebtNoncurrent,us-gaap/2025,NONCURRENT_DEBT_AGGREGATE,22861000000,20250731,0,USD,total_debt
CSCO,0000858877-25-000111,BS,3,Cash and cash equivalents,CashAndCashEquivalentsAtCarryingValue,us-gaap/2025,CASH,8346000000,20250731,0,USD,cash_and_equivalents
CSCO,0000858877-25-000111,BS,4,Investments,ShortTermInvestments,us-gaap/2025,STI,7764000000,20250731,0,USD,short_term_investments
CSCO,0000858877-25-000111,BS,39,TOTAL LIABILITIES AND EQUITY,LiabilitiesAndStockholdersEquity,us-gaap/2025,BALANCE_CONTROL,122291000000,20250731,0,USD,total_liabilities_and_equity
CSCO,0000858877-25-000111,BS,30,Total liabilities,Liabilities,us-gaap/2025,BALANCE_CONTROL,75448000000,20250731,0,USD,total_liabilities
CSCO,0000858877-25-000111,IS,21,Interest expense,InterestExpenseNonoperating,us-gaap/2025,GROSS_INTEREST,1593000000,20250731,4,USD,interest_expense
PLTR,0001321655-26-000011,BS,22,"Operating lease liabilities, noncurrent",OperatingLeaseLiabilityNoncurrent,us-gaap/2025,OPERATING_LEASE,183474000,20251231,0,USD,operating_lease_liabilities
PLTR,0001321655-26-000011,BS,18,Operating lease liabilities,OperatingLeaseLiabilityCurrent,us-gaap/2025,OPERATING_LEASE,45864000,20251231,0,USD,operating_lease_liabilities
PLTR,0001321655-26-000011,BS,3,Cash and cash equivalents,CashAndCashEquivalentsAtCarryingValue,us-gaap/2025,CASH,1423796000,20251231,0,USD,cash_and_equivalents
PLTR,0001321655-26-000011,BS,4,Marketable securities,MarketableSecuritiesCurrent,us-gaap/2025,STI,5753247000,20251231,0,USD,short_term_investments
PLTR,0001321655-26-000011,BS,34,Total liabilities and equity,LiabilitiesAndStockholdersEquity,us-gaap/2025,BALANCE_CONTROL,8900392000,20251231,0,USD,total_liabilities_and_equity
PLTR,0001321655-26-000011,BS,24,Total liabilities,Liabilities,us-gaap/2025,BALANCE_CONTROL,1412381000,20251231,0,USD,total_liabilities
COST,0000909832-25-000101,BS,23,"Long-term debt, excluding current portion",LongTermDebtNoncurrent,us-gaap/2025,NONCURRENT_DEBT_AGGREGATE,5713000000,20250831,0,USD,long_term_debt
COST,0000909832-25-000101,BS,23,"Long-term debt, excluding current portion",LongTermDebtNoncurrent,us-gaap/2025,NONCURRENT_DEBT_AGGREGATE,5713000000,20250831,0,USD,total_debt
COST,0000909832-25-000101,BS,24,Long-term operating lease liabilities,OperatingLeaseLiabilityNoncurrent,us-gaap/2025,OPERATING_LEASE,2460000000,20250831,0,USD,operating_lease_liabilities
COST,0000909832-25-000101,BS,3,Cash and cash equivalents,CashAndCashEquivalentsAtCarryingValue,us-gaap/2025,CASH,14161000000,20250831,0,USD,cash_and_equivalents
COST,0000909832-25-000101,BS,4,Short-term investments,ShortTermInvestments,us-gaap/2025,STI,1123000000,20250831,0,USD,short_term_investments
COST,0000909832-25-000101,BS,34,TOTAL LIABILITIES AND EQUITY,LiabilitiesAndStockholdersEquity,us-gaap/2025,BALANCE_CONTROL,77099000000,20250831,0,USD,total_liabilities_and_equity
COST,0000909832-25-000101,BS,26,TOTAL LIABILITIES,Liabilities,us-gaap/2025,BALANCE_CONTROL,47935000000,20250831,0,USD,total_liabilities
COST,0000909832-25-000101,IS,14,Interest expense,InterestExpense,us-gaap/2025,GROSS_INTEREST,154000000,20250831,4,USD,interest_expense
BAC,0000070858-26-000157,BS,38,"Short-term borrowings (includes $8,051 and $6,245 measured at fair value)",OtherShortTermBorrowings,us-gaap/2025,CURRENT_DEBT,48088000000,20251231,0,USD,current_debt
BAC,0000070858-26-000157,BS,40,"Long-term debt (includes $72,591 and $50,005 measured at fair value)",LongTermDebt,us-gaap/2025,NONCURRENT_DEBT_AGGREGATE,317816000000,20251231,0,USD,long_term_debt
BAC,0000070858-26-000157,BS,38,"Short-term borrowings (includes $8,051 and $6,245 measured at fair value)",OtherShortTermBorrowings,us-gaap/2025,CURRENT_DEBT,48088000000,20251231,0,USD,total_debt
BAC,0000070858-26-000157,BS,40,"Long-term debt (includes $72,591 and $50,005 measured at fair value)",LongTermDebt,us-gaap/2025,NONCURRENT_DEBT_AGGREGATE,317816000000,20251231,0,USD,total_debt
BAC,0000070858-26-000157,BS,50,Total liabilities and shareholders equity,LiabilitiesAndStockholdersEquity,us-gaap/2025,BALANCE_CONTROL,3411738000000,20251231,0,USD,total_liabilities_and_equity
BAC,0000070858-26-000157,BS,42,Total liabilities,Liabilities,us-gaap/2025,BALANCE_CONTROL,3108495000000,20251231,0,USD,total_liabilities
BAC,0000070858-26-000157,CF,52,Interest paid,InterestPaidNet,us-gaap/2025,INTEREST_PAID,79065000000,20251231,4,USD,interest_expense
CVX,0000093410-26-000078,BS,23,Short-term debt,ShortTermBorrowings,us-gaap/2025,CURRENT_DEBT,977000000,20251231,0,USD,current_debt
CVX,0000093410-26-000078,BS,29,Long-term debt,LongTermDebtAndCapitalLeaseObligationsIncludingCurrentMaturities,us-gaap/2025,DEBT_AGGREGATE,39781000000,20251231,0,USD,total_debt
CVX,0000093410-26-000078,BS,4,Marketable securities,MarketableSecuritiesCurrent,us-gaap/2025,STI,0,20251231,0,USD,short_term_investments
CVX,0000093410-26-000078,BS,44,Total Liabilities and Equity,LiabilitiesAndStockholdersEquity,us-gaap/2025,BALANCE_CONTROL,324012000000,20251231,0,USD,total_liabilities_and_equity
CVX,0000093410-26-000078,BS,33,Total Liabilities,Liabilities,us-gaap/2025,BALANCE_CONTROL,131836000000,20251231,0,USD,total_liabilities
CVX,0000093410-26-000078,IS,13,Interest and debt expense,InterestExpenseDebt,us-gaap/2025,GROSS_INTEREST,1217000000,20251231,4,USD,interest_expense
LRCX,0000707549-25-000075,BS,15,Current portion of long-term debt and finance lease obligations,LongTermDebtAndCapitalLeaseObligationsCurrent,us-gaap/2025,CURRENT_DEBT_AGGREGATE,754311000,20250630,0,USD,current_debt
LRCX,0000707549-25-000075,BS,17,Long-term debt and finance lease obligations,LongTermDebtAndCapitalLeaseObligations,us-gaap/2025,NONCURRENT_DEBT_AGGREGATE,3730194000,20250630,0,USD,long_term_debt
LRCX,0000707549-25-000075,BS,15,Current portion of long-term debt and finance lease obligations,LongTermDebtAndCapitalLeaseObligationsCurrent,us-gaap/2025,CURRENT_DEBT_AGGREGATE,754311000,20250630,0,USD,total_debt
LRCX,0000707549-25-000075,BS,17,Long-term debt and finance lease obligations,LongTermDebtAndCapitalLeaseObligations,us-gaap/2025,NONCURRENT_DEBT_AGGREGATE,3730194000,20250630,0,USD,total_debt
LRCX,0000707549-25-000075,BS,2,Cash and cash equivalents,CashAndCashEquivalentsAtCarryingValue,us-gaap/2025,CASH,6390659000,20250630,0,USD,cash_and_equivalents
LRCX,0000707549-25-000075,BS,30,Total liabilities and stockholders equity,LiabilitiesAndStockholdersEquity,us-gaap/2025,BALANCE_CONTROL,21345260000,20250630,0,USD,total_liabilities_and_equity
LRCX,0000707549-25-000075,BS,20,Total liabilities,Liabilities,us-gaap/2025,BALANCE_CONTROL,11483641000,20250630,0,USD,total_liabilities
LRCX,0000707549-25-000075,CF,41,Cash payments for interest,InterestPaidNet,us-gaap/2025,INTEREST_PAID,172355000,20250630,4,USD,interest_expense
CAT,0000018230-26-000008,BS,26,Short-term borrowings,ShortTermBorrowings,us-gaap/2025,CURRENT_DEBT,5514000000,20251231,0,USD,current_debt
CAT,0000018230-26-000008,BS,26,Short-term borrowings,ShortTermBorrowings,us-gaap/2025,CURRENT_DEBT,5514000000,20251231,0,USD,total_debt
CAT,0000018230-26-000008,BS,9,Cash and cash equivalents,CashAndCashEquivalentsAtCarryingValue,us-gaap/2025,CASH,9980000000,20251231,0,USD,cash_and_equivalents
CAT,0000018230-26-000008,BS,50,Total liabilities and shareholders equity,LiabilitiesAndStockholdersEquity,us-gaap/2025,BALANCE_CONTROL,98585000000,20251231,0,USD,total_liabilities_and_equity
CAT,0000018230-26-000008,BS,40,Total liabilities,Liabilities,us-gaap/2025,BALANCE_CONTROL,77267000000,20251231,0,USD,total_liabilities
MRK,0000310158-26-000063,BS,24,Loans payable and current portion of long-term debt,DebtCurrent,us-gaap/2025,CURRENT_DEBT_AGGREGATE,2589000000,20251231,0,USD,current_debt
MRK,0000310158-26-000063,BS,30,Long-Term Debt,LongTermDebtNoncurrent,us-gaap/2025,NONCURRENT_DEBT_AGGREGATE,46750000000,20251231,0,USD,long_term_debt
MRK,0000310158-26-000063,BS,24,Loans payable and current portion of long-term debt,DebtCurrent,us-gaap/2025,CURRENT_DEBT_AGGREGATE,2589000000,20251231,0,USD,total_debt
MRK,0000310158-26-000063,BS,30,Long-Term Debt,LongTermDebtNoncurrent,us-gaap/2025,NONCURRENT_DEBT_AGGREGATE,46750000000,20251231,0,USD,total_debt
MRK,0000310158-26-000063,BS,3,Cash and cash equivalents,CashAndCashEquivalentsAtCarryingValue,us-gaap/2025,CASH,14565000000,20251231,0,USD,cash_and_equivalents
MRK,0000310158-26-000063,BS,4,Short-term investments,MarketableSecuritiesCurrent,us-gaap/2025,STI,0,20251231,0,USD,short_term_investments
MRK,0000310158-26-000063,BS,43,Total Liabilities and Equity,LiabilitiesAndStockholdersEquity,us-gaap/2025,BALANCE_CONTROL,136866000000,20251231,0,USD,total_liabilities_and_equity
AMAT,0001628280-25-056742,BS,17,Short-term debt,ShortTermBorrowings,us-gaap/2025,CURRENT_DEBT,100000000,20251031,0,USD,current_debt
AMAT,0001628280-25-056742,BS,21,Long-term debt,LongTermDebtNoncurrent,us-gaap/2025,NONCURRENT_DEBT_AGGREGATE,6455000000,20251031,0,USD,long_term_debt
AMAT,0001628280-25-056742,BS,17,Short-term debt,ShortTermBorrowings,us-gaap/2025,CURRENT_DEBT,100000000,20251031,0,USD,total_debt
AMAT,0001628280-25-056742,BS,21,Long-term debt,LongTermDebtNoncurrent,us-gaap/2025,NONCURRENT_DEBT_AGGREGATE,6455000000,20251031,0,USD,total_debt
AMAT,0001628280-25-056742,BS,3,Cash and cash equivalents,CashAndCashEquivalentsAtCarryingValue,us-gaap/2025,CASH,7241000000,20251031,0,USD,cash_and_equivalents
AMAT,0001628280-25-056742,BS,4,Short-term investments,ShortTermInvestments,us-gaap/2025,STI,1332000000,20251031,0,USD,short_term_investments
AMAT,0001628280-25-056742,BS,34,Total liabilities and stockholders equity,LiabilitiesAndStockholdersEquity,us-gaap/2025,BALANCE_CONTROL,36299000000,20251031,0,USD,total_liabilities_and_equity
AMAT,0001628280-25-056742,BS,24,Total liabilities,Liabilities,us-gaap/2025,BALANCE_CONTROL,15884000000,20251031,0,USD,total_liabilities
AMAT,0001628280-25-056742,IS,11,Interest expense,InterestExpenseNonoperating,us-gaap/2025,GROSS_INTEREST,269000000,20251031,4,USD,interest_expense
UNH,0000731766-26-000062,BS,19,Short-term borrowings and current maturities of long-term debt,DebtCurrent,us-gaap/2025,CURRENT_DEBT_AGGREGATE,6069000000,20251231,0,USD,current_debt
UNH,0000731766-26-000062,BS,23,"Long-term debt, less current maturities",LongTermDebtNoncurrent,us-gaap/2025,NONCURRENT_DEBT_AGGREGATE,72320000000,20251231,0,USD,long_term_debt
UNH,0000731766-26-000062,BS,19,Short-term borrowings and current maturities of long-term debt,DebtCurrent,us-gaap/2025,CURRENT_DEBT_AGGREGATE,6069000000,20251231,0,USD,total_debt
UNH,0000731766-26-000062,BS,23,"Long-term debt, less current maturities",LongTermDebtNoncurrent,us-gaap/2025,NONCURRENT_DEBT_AGGREGATE,72320000000,20251231,0,USD,total_debt
UNH,0000731766-26-000062,BS,3,Cash and cash equivalents,CashAndCashEquivalentsAtCarryingValue,us-gaap/2025,CASH,24365000000,20251231,0,USD,cash_and_equivalents
UNH,0000731766-26-000062,BS,4,Short-term investments,ShortTermInvestments,us-gaap/2025,STI,3756000000,20251231,0,USD,short_term_investments
UNH,0000731766-26-000062,BS,37,Total liabilities and shareholders equity,LiabilitiesAndStockholdersEquity,us-gaap/2025,BALANCE_CONTROL,309581000000,20251231,0,USD,total_liabilities_and_equity
UNH,0000731766-26-000062,BS,26,Total liabilities,Liabilities,us-gaap/2025,BALANCE_CONTROL,207883000000,20251231,0,USD,total_liabilities
UNH,0000731766-26-000062,IS,19,Interest expense,InterestExpense,us-gaap/2025,GROSS_INTEREST,4002000000,20251231,4,USD,interest_expense
GE,0000040545-26-000008,BS,17,Short-term borrowings (Note 10),DebtCurrent,us-gaap/2025,CURRENT_DEBT_AGGREGATE,1686000000,20251231,0,USD,current_debt
GE,0000040545-26-000008,BS,25,Long-term borrowings (Note 10),LongTermDebtAndCapitalLeaseObligations,us-gaap/2025,NONCURRENT_DEBT_AGGREGATE,18808000000,20251231,0,USD,long_term_debt
GE,0000040545-26-000008,BS,17,Short-term borrowings (Note 10),DebtCurrent,us-gaap/2025,CURRENT_DEBT_AGGREGATE,1686000000,20251231,0,USD,total_debt
GE,0000040545-26-000008,BS,25,Long-term borrowings (Note 10),LongTermDebtAndCapitalLeaseObligations,us-gaap/2025,NONCURRENT_DEBT_AGGREGATE,18808000000,20251231,0,USD,total_debt
GE,0000040545-26-000008,BS,39,Total liabilities and equity,LiabilitiesAndStockholdersEquity,us-gaap/2025,BALANCE_CONTROL,130169000000,20251231,0,USD,total_liabilities_and_equity
GE,0000040545-26-000008,BS,30,Total liabilities,Liabilities,us-gaap/2025,BALANCE_CONTROL,111271000000,20251231,0,USD,total_liabilities
GE,0000040545-26-000008,CF,55,Cash paid during the year for interest,InterestPaidNet,us-gaap/2025,INTEREST_PAID,882000000,20251231,4,USD,interest_expense
KO,0001628280-26-010047,BS,25,Current maturities of long-term debt,LongTermDebtAndCapitalLeaseObligationsCurrent,us-gaap/2025,CURRENT_DEBT_AGGREGATE,1822000000,20251231,0,USD,current_debt
KO,0001628280-26-010047,BS,29,Long-term debt,LongTermDebtAndCapitalLeaseObligations,us-gaap/2025,NONCURRENT_DEBT_AGGREGATE,42119000000,20251231,0,USD,long_term_debt
KO,0001628280-26-010047,BS,25,Current maturities of long-term debt,LongTermDebtAndCapitalLeaseObligationsCurrent,us-gaap/2025,CURRENT_DEBT_AGGREGATE,1822000000,20251231,0,USD,total_debt
KO,0001628280-26-010047,BS,29,Long-term debt,LongTermDebtAndCapitalLeaseObligations,us-gaap/2025,NONCURRENT_DEBT_AGGREGATE,42119000000,20251231,0,USD,total_debt
KO,0001628280-26-010047,BS,5,Cash and cash equivalents,CashAndCashEquivalentsAtCarryingValue,us-gaap/2025,CASH,10270000000,20251231,0,USD,cash_and_equivalents
KO,0001628280-26-010047,BS,41,Total Liabilities and Equity,LiabilitiesAndStockholdersEquity,us-gaap/2025,BALANCE_CONTROL,104816000000,20251231,0,USD,total_liabilities_and_equity
KO,0001628280-26-010047,IS,10,Interest expense,InterestExpenseNonoperating,us-gaap/2025,GROSS_INTEREST,1654000000,20251231,4,USD,interest_expense
NFLX,0001065280-26-000034,BS,17,Short-term debt,ShortTermBorrowings,us-gaap/2025,CURRENT_DEBT,998865000,20251231,0,USD,current_debt
NFLX,0001065280-26-000034,BS,20,Long-term debt,LongTermDebtNoncurrent,us-gaap/2025,NONCURRENT_DEBT_AGGREGATE,13463971000,20251231,0,USD,long_term_debt
NFLX,0001065280-26-000034,BS,17,Short-term debt,ShortTermBorrowings,us-gaap/2025,CURRENT_DEBT,998865000,20251231,0,USD,total_debt
NFLX,0001065280-26-000034,BS,20,Long-term debt,LongTermDebtNoncurrent,us-gaap/2025,NONCURRENT_DEBT_AGGREGATE,13463971000,20251231,0,USD,total_debt
NFLX,0001065280-26-000034,BS,3,Cash and cash equivalents,CashAndCashEquivalentsAtCarryingValue,us-gaap/2025,CASH,9033681000,20251231,0,USD,cash_and_equivalents
NFLX,0001065280-26-000034,BS,4,Short-term investments,ShortTermInvestments,us-gaap/2025,STI,28678000,20251231,0,USD,short_term_investments
NFLX,0001065280-26-000034,BS,31,Total liabilities and stockholders equity,LiabilitiesAndStockholdersEquity,us-gaap/2025,BALANCE_CONTROL,55596993000,20251231,0,USD,total_liabilities_and_equity
NFLX,0001065280-26-000034,BS,22,Total liabilities,Liabilities,us-gaap/2025,BALANCE_CONTROL,28981505000,20251231,0,USD,total_liabilities
NFLX,0001065280-26-000034,IS,8,Interest expense,InterestExpenseNonoperating,us-gaap/2025,GROSS_INTEREST,776510000,20251231,4,USD,interest_expense
PG,0000080424-25-000076,BS,27,Debt due within one year,DebtCurrent,us-gaap/2025,CURRENT_DEBT_AGGREGATE,9513000000,20250630,0,USD,current_debt
PG,0000080424-25-000076,BS,29,LONG-TERM DEBT,LongTermDebtNoncurrent,us-gaap/2025,NONCURRENT_DEBT_AGGREGATE,24995000000,20250630,0,USD,long_term_debt
PG,0000080424-25-000076,BS,27,Debt due within one year,DebtCurrent,us-gaap/2025,CURRENT_DEBT_AGGREGATE,9513000000,20250630,0,USD,total_debt
PG,0000080424-25-000076,BS,29,LONG-TERM DEBT,LongTermDebtNoncurrent,us-gaap/2025,NONCURRENT_DEBT_AGGREGATE,24995000000,20250630,0,USD,total_debt
PG,0000080424-25-000076,BS,43,TOTAL LIABILITIES AND SHAREHOLDERS' EQUITY,LiabilitiesAndStockholdersEquity,us-gaap/2025,BALANCE_CONTROL,125231000000,20250630,0,USD,total_liabilities_and_equity
PG,0000080424-25-000076,BS,32,TOTAL LIABILITIES,Liabilities,us-gaap/2025,BALANCE_CONTROL,72946000000,20250630,0,USD,total_liabilities
PG,0000080424-25-000076,IS,6,Interest expense,InterestExpenseNonoperating,us-gaap/2025,GROSS_INTEREST,907000000,20250630,4,USD,interest_expense
HD,0001628280-26-019436,BS,22,Current installments of long-term debt,LongTermDebtAndCapitalLeaseObligationsCurrent,us-gaap/2025,CURRENT_DEBT_AGGREGATE,4967000000,20260131,0,USD,current_debt
HD,0001628280-26-019436,BS,26,"Long-term debt, excluding current installments",LongTermDebtAndCapitalLeaseObligations,us-gaap/2025,NONCURRENT_DEBT_AGGREGATE,46341000000,20260131,0,USD,long_term_debt
HD,0001628280-26-019436,BS,22,Current installments of long-term debt,LongTermDebtAndCapitalLeaseObligationsCurrent,us-gaap/2025,CURRENT_DEBT_AGGREGATE,4967000000,20260131,0,USD,total_debt
HD,0001628280-26-019436,BS,26,"Long-term debt, excluding current installments",LongTermDebtAndCapitalLeaseObligations,us-gaap/2025,NONCURRENT_DEBT_AGGREGATE,46341000000,20260131,0,USD,total_debt
HD,0001628280-26-019436,BS,27,Long-term operating lease liabilities,OperatingLeaseLiabilityNoncurrent,us-gaap/2025,OPERATING_LEASE,8160000000,20260131,0,USD,operating_lease_liabilities
HD,0001628280-26-019436,BS,23,Current operating lease liabilities,OperatingLeaseLiabilityCurrent,us-gaap/2025,OPERATING_LEASE,1418000000,20260131,0,USD,operating_lease_liabilities
HD,0001628280-26-019436,BS,3,Cash and cash equivalents,CashAndCashEquivalentsAtCarryingValue,us-gaap/2025,CASH,1389000000,20260131,0,USD,cash_and_equivalents
HD,0001628280-26-019436,BS,38,Total liabilities and stockholders equity,LiabilitiesAndStockholdersEquity,us-gaap/2025,BALANCE_CONTROL,105095000000,20260131,0,USD,total_liabilities_and_equity
HD,0001628280-26-019436,BS,30,Total liabilities,Liabilities,us-gaap/2025,BALANCE_CONTROL,92282000000,20260131,0,USD,total_liabilities
HD,0001628280-26-019436,IS,11,Interest expense,InterestExpenseNonoperating,us-gaap/2025,GROSS_INTEREST,2412000000,20260131,4,USD,interest_expense
PANW,0001327567-25-000027,BS,30,Long-term operating lease liabilities,OperatingLeaseLiabilityNoncurrent,us-gaap/2025,OPERATING_LEASE,338200000,20250731,0,USD,operating_lease_liabilities
PANW,0001327567-25-000027,BS,3,Cash and cash equivalents,CashAndCashEquivalentsAtCarryingValue,us-gaap/2025,CASH,2268600000,20250731,0,USD,cash_and_equivalents
PANW,0001327567-25-000027,BS,4,Short-term investments,ShortTermInvestments,us-gaap/2025,STI,634600000,20250731,0,USD,short_term_investments
PANW,0001327567-25-000027,BS,40,Total liabilities and stockholders equity,LiabilitiesAndStockholdersEquity,us-gaap/2025,BALANCE_CONTROL,23576200000,20250731,0,USD,total_liabilities_and_equity
PANW,0001327567-25-000027,BS,32,Total liabilities,Liabilities,us-gaap/2025,BALANCE_CONTROL,15751800000,20250731,0,USD,total_liabilities
PANW,0001327567-25-000027,IS,18,Interest expense,InterestExpenseNonoperating,us-gaap/2025,GROSS_INTEREST,3000000,20250731,4,USD,interest_expense
GS,0000886982-26-000091,BS,24,"Unsecured long-term borrowings (includes $112,683 and $89,189 at fair value)",UnsecuredLongTermDebt,us-gaap/2025,NONCURRENT_DEBT,285500000000,20251231,0,USD,long_term_debt
GS,0000886982-26-000091,BS,24,"Unsecured long-term borrowings (includes $112,683 and $89,189 at fair value)",UnsecuredLongTermDebt,us-gaap/2025,NONCURRENT_DEBT,285500000000,20251231,0,USD,total_debt
GS,0000886982-26-000091,BS,2,Cash and cash equivalents,CashAndCashEquivalentsAtCarryingValue,us-gaap/2025,CASH,164259000000,20251231,0,USD,cash_and_equivalents
GS,0000886982-26-000091,BS,38,Total liabilities and shareholders equity,LiabilitiesAndStockholdersEquity,us-gaap/2025,BALANCE_CONTROL,1809320000000,20251231,0,USD,total_liabilities_and_equity
GS,0000886982-26-000091,BS,26,Total liabilities,Liabilities,us-gaap/2025,BALANCE_CONTROL,1684348000000,20251231,0,USD,total_liabilities
GS,0000886982-26-000091,CF,53,"Cash payments for interest, net of capitalized interest",InterestPaidNet,us-gaap/2025,INTEREST_PAID,65494000000,20251231,4,USD,interest_expense
PM,0001628280-26-005939,BS,28,Current portion of long-term debt (Note 6),LongTermDebtAndCapitalLeaseObligationsCurrent,us-gaap/2025,CURRENT_DEBT_AGGREGATE,3533000000,20251231,0,USD,current_debt
PM,0001628280-26-005939,BS,38,Long-term debt (Note 6),LongTermDebtAndCapitalLeaseObligations,us-gaap/2025,NONCURRENT_DEBT_AGGREGATE,45134000000,20251231,0,USD,long_term_debt
PM,0001628280-26-005939,BS,28,Current portion of long-term debt (Note 6),LongTermDebtAndCapitalLeaseObligationsCurrent,us-gaap/2025,CURRENT_DEBT_AGGREGATE,3533000000,20251231,0,USD,total_debt
PM,0001628280-26-005939,BS,38,Long-term debt (Note 6),LongTermDebtAndCapitalLeaseObligations,us-gaap/2025,NONCURRENT_DEBT_AGGREGATE,45134000000,20251231,0,USD,total_debt
PM,0001628280-26-005939,BS,2,Cash and cash equivalents,CashAndCashEquivalentsAtCarryingValue,us-gaap/2025,CASH,4872000000,20251231,0,USD,cash_and_equivalents
PM,0001628280-26-005939,BS,54,Total Liabilities and Stockholders (Deficit) Equity,LiabilitiesAndStockholdersEquity,us-gaap/2025,BALANCE_CONTROL,69185000000,20251231,0,USD,total_liabilities_and_equity
PM,0001628280-26-005939,BS,42,Total liabilities,Liabilities,us-gaap/2025,BALANCE_CONTROL,77213000000,20251231,0,USD,total_liabilities
PM,0001628280-26-005939,CF,49,Interest,InterestPaidNet,us-gaap/2025,INTEREST_PAID,1688000000,20251231,4,USD,interest_expense
RTX,0000101829-26-000006,BS,23,Long-term debt currently due,LongTermDebtAndCapitalLeaseObligationsCurrent,us-gaap/2025,CURRENT_DEBT_AGGREGATE,3412000000,20251231,0,USD,current_debt
RTX,0000101829-26-000006,BS,25,Long-term debt,LongTermDebtAndCapitalLeaseObligations,us-gaap/2025,NONCURRENT_DEBT_AGGREGATE,34288000000,20251231,0,USD,long_term_debt
RTX,0000101829-26-000006,BS,23,Long-term debt currently due,LongTermDebtAndCapitalLeaseObligationsCurrent,us-gaap/2025,CURRENT_DEBT_AGGREGATE,3412000000,20251231,0,USD,total_debt
RTX,0000101829-26-000006,BS,25,Long-term debt,LongTermDebtAndCapitalLeaseObligations,us-gaap/2025,NONCURRENT_DEBT_AGGREGATE,34288000000,20251231,0,USD,total_debt
RTX,0000101829-26-000006,BS,26,"Operating lease liabilities, non-current",OperatingLeaseLiabilityNoncurrent,us-gaap/2025,OPERATING_LEASE,1602000000,20251231,0,USD,operating_lease_liabilities
RTX,0000101829-26-000006,BS,3,Cash and cash equivalents,CashAndCashEquivalentsAtCarryingValue,us-gaap/2025,CASH,7435000000,20251231,0,USD,cash_and_equivalents
RTX,0000101829-26-000006,BS,42,"Total liabilities, redeemable noncontrolling interest, and equity",LiabilitiesAndStockholdersEquity,us-gaap/2025,BALANCE_CONTROL,171079000000,20251231,0,USD,total_liabilities_and_equity
RTX,0000101829-26-000006,BS,29,Total liabilities,Liabilities,us-gaap/2025,BALANCE_CONTROL,103941000000,20251231,0,USD,total_liabilities
RTX,0000101829-26-000006,CF,45,"Interest paid, net of amounts capitalized",InterestPaidNet,us-gaap/2025,INTEREST_PAID,1858000000,20251231,4,USD,interest_expense
WFC,0000072971-26-000133,BS,22,Short-term borrowings,ShortTermBorrowings,us-gaap/2025,CURRENT_DEBT,18323000000,20251231,0,USD,current_debt
WFC,0000072971-26-000133,BS,25,Long-term debt,LongTermDebt,us-gaap/2025,NONCURRENT_DEBT_AGGREGATE,174712000000,20251231,0,USD,long_term_debt
WFC,0000072971-26-000133,BS,9,Total loans,FinancingReceivableAndNetInvestmentInLeaseExcludingAccruedInterestBeforeAllowanceForCreditLoss,0000072971-26-000133,CUSTOM_DEBT,986167000000,20251231,0,USD,total_debt
WFC,0000072971-26-000133,BS,10,Allowance for loan losses,FinancingReceivableAndNetInvestmentInLeaseAllowanceForLoanLossesExcludingAccruedInterest,0000072971-26-000133,CUSTOM_DEBT,13797000000,20251231,0,USD,total_debt
WFC,0000072971-26-000133,BS,11,Net loans,FinancingReceivableAndNetInvestmentInLeaseExcludingAccruedInterestAfterAllowanceForCreditLoss,0000072971-26-000133,CUSTOM_DEBT,972370000000,20251231,0,USD,total_debt
WFC,0000072971-26-000133,BS,38,Total liabilities and equity,LiabilitiesAndStockholdersEquity,us-gaap/2025,BALANCE_CONTROL,2148631000000,20251231,0,USD,total_liabilities_and_equity
WFC,0000072971-26-000133,BS,26,Total liabilities,Liabilities,us-gaap/2025,BALANCE_CONTROL,1965593000000,20251231,0,USD,total_liabilities
WFC,0000072971-26-000133,CF,61,Cash paid for interest,InterestPaidNet,us-gaap/2025,INTEREST_PAID,39806000000,20251231,4,USD,interest_expense
MS,0000895421-26-000086,BS,25,"Borrowings (includes $132,479 and $103,332 at fair value)",DebtLongtermAndShorttermCombinedAmount,us-gaap/2025,DEBT_AGGREGATE,348935000000,20251231,0,USD,total_debt
MS,0000895421-26-000086,BS,2,Cash and cash equivalents,CashAndCashEquivalentsAtCarryingValue,us-gaap/2025,CASH,111695000000,20251231,0,USD,cash_and_equivalents
MS,0000895421-26-000086,BS,40,Total liabilities and equity,LiabilitiesAndStockholdersEquity,us-gaap/2025,BALANCE_CONTROL,1420270000000,20251231,0,USD,total_liabilities_and_equity
MS,0000895421-26-000086,BS,26,Total liabilities,Liabilities,us-gaap/2025,BALANCE_CONTROL,1307618000000,20251231,0,USD,total_liabilities
MS,0000895421-26-000086,CF,48,Cash payments for interest,InterestPaidNet,us-gaap/2025,INTEREST_PAID,47096000000,20251231,4,USD,interest_expense
ORCL,0001193125-26-277521,BS,18,"Notes payable and other borrowings, current",NotesPayableCurrent,us-gaap/2025,CURRENT_DEBT,7199000000,20260531,0,USD,current_debt
ORCL,0001193125-26-277521,BS,18,"Notes payable and other borrowings, current",NotesPayableCurrent,us-gaap/2025,CURRENT_DEBT,7199000000,20260531,0,USD,total_debt
ORCL,0001193125-26-277521,BS,27,Operating lease liabilities,OperatingLeaseLiabilityNoncurrent,us-gaap/2025,OPERATING_LEASE,26648000000,20260531,0,USD,operating_lease_liabilities
ORCL,0001193125-26-277521,BS,3,Cash and cash equivalents,CashAndCashEquivalentsAtCarryingValue,us-gaap/2025,CASH,31289000000,20260531,0,USD,cash_and_equivalents
ORCL,0001193125-26-277521,BS,4,Marketable securities,AvailableForSaleSecuritiesDebtSecuritiesCurrent,us-gaap/2025,STI,605000000,20260531,0,USD,short_term_investments
ORCL,0001193125-26-277521,BS,39,Total liabilities and stockholders' equity,LiabilitiesAndStockholdersEquity,us-gaap/2025,BALANCE_CONTROL,261759000000,20260531,0,USD,total_liabilities_and_equity
ORCL,0001193125-26-277521,IS,18,Interest expense,InterestExpense,us-gaap/2025,GROSS_INTEREST,4599000000,20260531,4,USD,interest_expense
GEV,0001996810-26-000015,BS,34,Total liabilities and equity,LiabilitiesAndStockholdersEquity,us-gaap/2025,BALANCE_CONTROL,63016000000,20251231,0,USD,total_liabilities_and_equity
GEV,0001996810-26-000015,BS,24,Total liabilities,Liabilities,us-gaap/2025,BALANCE_CONTROL,50720000000,20251231,0,USD,total_liabilities
GEV,0001996810-26-000015,CF,41,Cash paid during the year for interest,InterestPaidNet,us-gaap/2025,INTEREST_PAID,53000000,20251231,4,USD,interest_expense
TXN,0000097476-26-000059,BS,23,Current portion of long-term debt,LongTermDebtCurrent,us-gaap/2025,CURRENT_DEBT,500000000,20251231,0,USD,current_debt
TXN,0000097476-26-000059,BS,29,Long-term debt,LongTermDebtNoncurrent,us-gaap/2025,NONCURRENT_DEBT_AGGREGATE,13548000000,20251231,0,USD,long_term_debt
TXN,0000097476-26-000059,BS,23,Current portion of long-term debt,LongTermDebtCurrent,us-gaap/2025,CURRENT_DEBT,500000000,20251231,0,USD,total_debt
TXN,0000097476-26-000059,BS,29,Long-term debt,LongTermDebtNoncurrent,us-gaap/2025,NONCURRENT_DEBT_AGGREGATE,13548000000,20251231,0,USD,total_debt
TXN,0000097476-26-000059,BS,3,Cash and cash equivalents,CashAndCashEquivalentsAtCarryingValue,us-gaap/2025,CASH,3225000000,20251231,0,USD,cash_and_equivalents
TXN,0000097476-26-000059,BS,4,Short-term investments,ShortTermInvestments,us-gaap/2025,STI,1656000000,20251231,0,USD,short_term_investments
TXN,0000097476-26-000059,BS,42,Total liabilities and stockholders equity,LiabilitiesAndStockholdersEquity,us-gaap/2025,BALANCE_CONTROL,34585000000,20251231,0,USD,total_liabilities_and_equity
TXN,0000097476-26-000059,BS,33,Total liabilities,Liabilities,us-gaap/2025,BALANCE_CONTROL,18312000000,20251231,0,USD,total_liabilities
TXN,0000097476-26-000059,IS,9,Interest and debt expense,InterestAndDebtExpense,us-gaap/2025,GROSS_INTEREST,543000000,20251231,4,USD,interest_expense
CRWD,0001535527-26-000010,BS,25,Long-term debt,LongTermDebtNoncurrent,us-gaap/2025,NONCURRENT_DEBT_AGGREGATE,745471000,20260131,0,USD,long_term_debt
CRWD,0001535527-26-000010,BS,25,Long-term debt,LongTermDebtNoncurrent,us-gaap/2025,NONCURRENT_DEBT_AGGREGATE,745471000,20260131,0,USD,total_debt
CRWD,0001535527-26-000010,BS,27,"Operating lease liabilities, noncurrent",OperatingLeaseLiabilityNoncurrent,us-gaap/2025,OPERATING_LEASE,56374000,20260131,0,USD,operating_lease_liabilities
CRWD,0001535527-26-000010,BS,21,"Operating lease liabilities, current",OperatingLeaseLiabilityCurrent,us-gaap/2025,OPERATING_LEASE,18232000,20260131,0,USD,operating_lease_liabilities
CRWD,0001535527-26-000010,BS,3,Cash and cash equivalents,CashAndCashEquivalentsAtCarryingValue,us-gaap/2025,CASH,5230125000,20260131,0,USD,cash_and_equivalents
CRWD,0001535527-26-000010,BS,40,Total liabilities and stockholders equity,LiabilitiesAndStockholdersEquity,us-gaap/2025,BALANCE_CONTROL,11086684000,20260131,0,USD,total_liabilities_and_equity
CRWD,0001535527-26-000010,BS,29,Total liabilities,Liabilities,us-gaap/2025,BALANCE_CONTROL,6614079000,20260131,0,USD,total_liabilities
CRWD,0001535527-26-000010,IS,18,Interest expense,InterestExpenseNonoperating,us-gaap/2025,GROSS_INTEREST,28021000,20260131,4,USD,interest_expense
SNDK,0002023554-25-000034,BS,32,Current portion of long-term debt,LongTermDebtCurrent,us-gaap/2025,CURRENT_DEBT,20000000,20250630,0,USD,current_debt
SNDK,0002023554-25-000034,BS,36,Long-term debt,LongTermDebtNoncurrent,us-gaap/2025,NONCURRENT_DEBT_AGGREGATE,1829000000,20250630,0,USD,long_term_debt
SNDK,0002023554-25-000034,BS,32,Current portion of long-term debt,LongTermDebtCurrent,us-gaap/2025,CURRENT_DEBT,20000000,20250630,0,USD,total_debt
SNDK,0002023554-25-000034,BS,36,Long-term debt,LongTermDebtNoncurrent,us-gaap/2025,NONCURRENT_DEBT_AGGREGATE,1829000000,20250630,0,USD,total_debt
SNDK,0002023554-25-000034,BS,9,Cash and cash equivalents,CashAndCashEquivalentsAtCarryingValue,us-gaap/2025,CASH,1481000000,20250630,0,USD,cash_and_equivalents
SNDK,0002023554-25-000034,BS,47,Total liabilities and shareholders equity,LiabilitiesAndStockholdersEquity,us-gaap/2025,BALANCE_CONTROL,12985000000,20250630,0,USD,total_liabilities_and_equity
SNDK,0002023554-25-000034,BS,38,Total liabilities,Liabilities,us-gaap/2025,BALANCE_CONTROL,3769000000,20250630,0,USD,total_liabilities
SNDK,0002023554-25-000034,IS,15,Interest expense,InterestExpenseNonoperating,us-gaap/2025,GROSS_INTEREST,63000000,20250630,4,USD,interest_expense
AMGN,0000318154-26-000010,BS,17,Current portion of long-term debt,LongTermDebtCurrent,us-gaap/2025,CURRENT_DEBT,4599000000,20251231,0,USD,current_debt
AMGN,0000318154-26-000010,BS,19,Long-term debt,LongTermDebtNoncurrent,us-gaap/2025,NONCURRENT_DEBT_AGGREGATE,50005000000,20251231,0,USD,long_term_debt
AMGN,0000318154-26-000010,BS,17,Current portion of long-term debt,LongTermDebtCurrent,us-gaap/2025,CURRENT_DEBT,4599000000,20251231,0,USD,total_debt
AMGN,0000318154-26-000010,BS,19,Long-term debt,LongTermDebtNoncurrent,us-gaap/2025,NONCURRENT_DEBT_AGGREGATE,50005000000,20251231,0,USD,total_debt
AMGN,0000318154-26-000010,BS,3,Cash and cash equivalents,CashAndCashEquivalentsAtCarryingValue,us-gaap/2025,CASH,9129000000,20251231,0,USD,cash_and_equivalents
AMGN,0000318154-26-000010,BS,29,Total liabilities and stockholders equity,LiabilitiesAndStockholdersEquity,us-gaap/2025,BALANCE_CONTROL,90586000000,20251231,0,USD,total_liabilities_and_equity
AMGN,0000318154-26-000010,IS,17,"Interest expense, net",InterestExpenseDebt,us-gaap/2025,GROSS_INTEREST,2755000000,20251231,4,USD,interest_expense
TMO,0000097745-26-000018,BS,17,Short-term obligations and current maturities of long-term obligations,DebtCurrent,us-gaap/2025,CURRENT_DEBT_AGGREGATE,3533000000,20251231,0,USD,current_debt
TMO,0000097745-26-000018,BS,25,Long-term obligations,LongTermDebtAndCapitalLeaseObligations,us-gaap/2025,NONCURRENT_DEBT_AGGREGATE,35852000000,20251231,0,USD,long_term_debt
TMO,0000097745-26-000018,BS,17,Short-term obligations and current maturities of long-term obligations,DebtCurrent,us-gaap/2025,CURRENT_DEBT_AGGREGATE,3533000000,20251231,0,USD,total_debt
TMO,0000097745-26-000018,BS,25,Long-term obligations,LongTermDebtAndCapitalLeaseObligations,us-gaap/2025,NONCURRENT_DEBT_AGGREGATE,35852000000,20251231,0,USD,total_debt
TMO,0000097745-26-000018,BS,3,Cash and cash equivalents,CashAndCashEquivalentsAtCarryingValue,us-gaap/2025,CASH,9852000000,20251231,0,USD,cash_and_equivalents
TMO,0000097745-26-000018,BS,4,Short-term investments,ShortTermInvestments,us-gaap/2025,STI,253000000,20251231,0,USD,short_term_investments
TMO,0000097745-26-000018,BS,39,"Total liabilities, redeemable noncontrolling interest and equity",LiabilitiesAndStockholdersEquity,us-gaap/2025,BALANCE_CONTROL,110343000000,20251231,0,USD,total_liabilities_and_equity
TMO,0000097745-26-000018,IS,17,Interest expense,InterestExpenseNonoperating,us-gaap/2025,GROSS_INTEREST,1419000000,20251231,4,USD,interest_expense
KLAC,0000319201-25-000024,BS,20,Current portion of long-term debt,LongTermDebtCurrent,us-gaap/2025,CURRENT_DEBT,0,20250630,0,USD,current_debt
KLAC,0000319201-25-000024,BS,23,Long-term debt,LongTermDebt,us-gaap/2025,NONCURRENT_DEBT_AGGREGATE,5884257000,20250630,0,USD,long_term_debt
KLAC,0000319201-25-000024,BS,20,Current portion of long-term debt,LongTermDebtCurrent,us-gaap/2025,CURRENT_DEBT,0,20250630,0,USD,total_debt
KLAC,0000319201-25-000024,BS,23,Long-term debt,LongTermDebt,us-gaap/2025,NONCURRENT_DEBT_AGGREGATE,5884257000,20250630,0,USD,total_debt
KLAC,0000319201-25-000024,BS,3,Cash and cash equivalents,CashAndCashEquivalentsAtCarryingValue,us-gaap/2025,CASH,2078908000,20250630,0,USD,cash_and_equivalents
KLAC,0000319201-25-000024,BS,36,Total liabilities and stockholders equity,LiabilitiesAndStockholdersEquity,us-gaap/2025,BALANCE_CONTROL,16067926000,20250630,0,USD,total_liabilities_and_equity
KLAC,0000319201-25-000024,BS,27,Total liabilities,Liabilities,us-gaap/2025,BALANCE_CONTROL,11375473000,20250630,0,USD,total_liabilities
KLAC,0000319201-25-000024,IS,14,Interest expense,InterestExpenseNonoperating,us-gaap/2025,GROSS_INTEREST,302166000,20250630,4,USD,interest_expense
LIN,0001628280-26-011430,BS,16,Short-term debt,ShortTermBorrowings,us-gaap/2025,CURRENT_DEBT,4510000000,20251231,0,USD,current_debt
LIN,0001628280-26-011430,BS,22,Long-term debt,LongTermDebtAndCapitalLeaseObligations,us-gaap/2025,NONCURRENT_DEBT_AGGREGATE,20683000000,20251231,0,USD,long_term_debt
LIN,0001628280-26-011430,BS,16,Short-term debt,ShortTermBorrowings,us-gaap/2025,CURRENT_DEBT,4510000000,20251231,0,USD,total_debt
LIN,0001628280-26-011430,BS,22,Long-term debt,LongTermDebtAndCapitalLeaseObligations,us-gaap/2025,NONCURRENT_DEBT_AGGREGATE,20683000000,20251231,0,USD,total_debt
LIN,0001628280-26-011430,BS,2,Cash and cash equivalents,CashAndCashEquivalentsAtCarryingValue,us-gaap/2025,CASH,5056000000,20251231,0,USD,cash_and_equivalents
LIN,0001628280-26-011430,BS,37,Total Liabilities and Equity,LiabilitiesAndStockholdersEquity,us-gaap/2025,BALANCE_CONTROL,86817000000,20251231,0,USD,total_liabilities_and_equity
LIN,0001628280-26-011430,BS,25,Total Liabilities,Liabilities,us-gaap/2025,BALANCE_CONTROL,47076000000,20251231,0,USD,total_liabilities
LIN,0001628280-26-011430,IS,9,Interest expense - net,InterestExpenseNonoperating,us-gaap/2025,GROSS_INTEREST,255000000,20251231,4,USD,interest_expense
C,0000831001-26-000011,BS,32,"Short-term borrowings (including $21,567 and $12,484 as of December 31, 2025 and 2024, respectively, at fair value)",ShortTermBorrowings,us-gaap/2025,CURRENT_DEBT,51878000000,20251231,0,USD,current_debt
C,0000831001-26-000011,BS,33,"Long-term debt (including $130,726 and $112,719 as of December 31, 2025 and 2024, respectively, at fair value)",LongTermDebt,us-gaap/2025,NONCURRENT_DEBT_AGGREGATE,315827000000,20251231,0,USD,long_term_debt
C,0000831001-26-000011,BS,32,"Short-term borrowings (including $21,567 and $12,484 as of December 31, 2025 and 2024, respectively, at fair value)",ShortTermBorrowings,us-gaap/2025,CURRENT_DEBT,51878000000,20251231,0,USD,total_debt
C,0000831001-26-000011,BS,33,"Long-term debt (including $130,726 and $112,719 as of December 31, 2025 and 2024, respectively, at fair value)",LongTermDebt,us-gaap/2025,NONCURRENT_DEBT_AGGREGATE,315827000000,20251231,0,USD,total_debt
C,0000831001-26-000011,BS,46,Total liabilities and equity,LiabilitiesAndStockholdersEquity,us-gaap/2025,BALANCE_CONTROL,2657202000000,20251231,0,USD,total_liabilities_and_equity
C,0000831001-26-000011,BS,35,Total liabilities,Liabilities,us-gaap/2025,BALANCE_CONTROL,2443380000000,20251231,0,USD,total_liabilities
C,0000831001-26-000011,CF,62,Cash paid during the year for interest,InterestPaidNet,us-gaap/2025,INTEREST_PAID,80983000000,20251231,4,USD,interest_expense
IBM,0000051143-26-000010,BS,30,Short-term debt,ShortTermBorrowings,us-gaap/2025,CURRENT_DEBT,6424000000,20251231,0,USD,current_debt
IBM,0000051143-26-000010,BS,37,Long-term debt,LongTermDebtNoncurrent,us-gaap/2025,NONCURRENT_DEBT_AGGREGATE,54836000000,20251231,0,USD,long_term_debt
IBM,0000051143-26-000010,BS,30,Short-term debt,ShortTermBorrowings,us-gaap/2025,CURRENT_DEBT,6424000000,20251231,0,USD,total_debt
IBM,0000051143-26-000010,BS,37,Long-term debt,LongTermDebtNoncurrent,us-gaap/2025,NONCURRENT_DEBT_AGGREGATE,54836000000,20251231,0,USD,total_debt
IBM,0000051143-26-000010,BS,40,Operating lease liabilities,OperatingLeaseLiabilityNoncurrent,us-gaap/2025,OPERATING_LEASE,2547000000,20251231,0,USD,operating_lease_liabilities
IBM,0000051143-26-000010,BS,34,Operating lease liabilities,OperatingLeaseLiabilityCurrent,us-gaap/2025,OPERATING_LEASE,800000000,20251231,0,USD,operating_lease_liabilities
IBM,0000051143-26-000010,BS,3,Cash and cash equivalents,CashAndCashEquivalentsAtCarryingValue,us-gaap/2025,CASH,13587000000,20251231,0,USD,cash_and_equivalents
IBM,0000051143-26-000010,BS,53,Total liabilities and equity,LiabilitiesAndStockholdersEquity,us-gaap/2025,BALANCE_CONTROL,151880000000,20251231,0,USD,total_liabilities_and_equity
IBM,0000051143-26-000010,BS,42,Total liabilities,Liabilities,us-gaap/2025,BALANCE_CONTROL,119139000000,20251231,0,USD,total_liabilities
IBM,0000051143-26-000010,IS,16,Interest expense,InterestExpense,us-gaap/2025,GROSS_INTEREST,1935000000,20251231,4,USD,interest_expense
CRM,0001108524-26-000060,BS,24,Noncurrent debt,LongTermDebtNoncurrent,us-gaap/2025,NONCURRENT_DEBT_AGGREGATE,10439000000,20260131,0,USD,long_term_debt
CRM,0001108524-26-000060,BS,24,Noncurrent debt,LongTermDebtNoncurrent,us-gaap/2025,NONCURRENT_DEBT_AGGREGATE,10439000000,20260131,0,USD,total_debt
CRM,0001108524-26-000060,BS,25,Noncurrent operating lease liabilities,OperatingLeaseLiabilityNoncurrent,us-gaap/2025,OPERATING_LEASE,2189000000,20260131,0,USD,operating_lease_liabilities
CRM,0001108524-26-000060,BS,20,"Operating lease liabilities, current",OperatingLeaseLiabilityCurrent,us-gaap/2025,OPERATING_LEASE,548000000,20260131,0,USD,operating_lease_liabilities
CRM,0001108524-26-000060,BS,3,Cash and cash equivalents,CashAndCashEquivalentsAtCarryingValue,us-gaap/2025,CASH,7327000000,20260131,0,USD,cash_and_equivalents
CRM,0001108524-26-000060,BS,4,Marketable securities,AvailableForSaleSecuritiesDebtSecuritiesCurrent,us-gaap/2025,STI,2238000000,20260131,0,USD,short_term_investments
CRM,0001108524-26-000060,BS,37,Total liabilities and stockholders equity,LiabilitiesAndStockholdersEquity,us-gaap/2025,BALANCE_CONTROL,112305000000,20260131,0,USD,total_liabilities_and_equity
CRM,0001108524-26-000060,BS,27,Total liabilities,Liabilities,us-gaap/2025,BALANCE_CONTROL,53163000000,20260131,0,USD,total_liabilities
CRM,0001108524-26-000060,CF,40,Interest,InterestPaidNet,us-gaap/2025,INTEREST_PAID,276000000,20260131,4,USD,interest_expense
VZ,0000732712-26-000007,BS,22,Debt maturing within one year,LongTermDebtCurrent,us-gaap/2025,CURRENT_DEBT,18618000000,20251231,0,USD,current_debt
VZ,0000732712-26-000007,BS,27,Long-term debt,LongTermDebtAndCapitalLeaseObligations,us-gaap/2025,NONCURRENT_DEBT_AGGREGATE,139532000000,20251231,0,USD,long_term_debt
VZ,0000732712-26-000007,BS,22,Debt maturing within one year,LongTermDebtCurrent,us-gaap/2025,CURRENT_DEBT,18618000000,20251231,0,USD,total_debt
VZ,0000732712-26-000007,BS,27,Long-term debt,LongTermDebtAndCapitalLeaseObligations,us-gaap/2025,NONCURRENT_DEBT_AGGREGATE,139532000000,20251231,0,USD,total_debt
VZ,0000732712-26-000007,BS,30,Non-current operating lease liabilities,OperatingLeaseLiabilityNoncurrent,us-gaap/2025,OPERATING_LEASE,18951000000,20251231,0,USD,operating_lease_liabilities
VZ,0000732712-26-000007,BS,24,Current operating lease liabilities,OperatingLeaseLiabilityCurrent,us-gaap/2025,OPERATING_LEASE,4542000000,20251231,0,USD,operating_lease_liabilities
VZ,0000732712-26-000007,BS,3,Cash and cash equivalents,CashAndCashEquivalentsAtCarryingValue,us-gaap/2025,CASH,19048000000,20251231,0,USD,cash_and_equivalents
VZ,0000732712-26-000007,BS,44,Total liabilities and equity,LiabilitiesAndStockholdersEquity,us-gaap/2025,BALANCE_CONTROL,404258000000,20251231,0,USD,total_liabilities_and_equity
VZ,0000732712-26-000007,IS,19,Interest expense,InterestExpenseNonoperating,us-gaap/2025,GROSS_INTEREST,6694000000,20251231,4,USD,interest_expense
ANET,0001596532-26-000013,BS,3,Cash and cash equivalents,CashAndCashEquivalentsAtCarryingValue,us-gaap/2025,CASH,1963900000,20251231,0,USD,cash_and_equivalents
ANET,0001596532-26-000013,BS,4,Marketable securities,AvailableForSaleSecuritiesDebtSecuritiesCurrent,us-gaap/2025,STI,8779100000,20251231,0,USD,short_term_investments
ANET,0001596532-26-000013,BS,32,TOTAL LIABILITIES AND STOCKHOLDERS EQUITY,LiabilitiesAndStockholdersEquity,us-gaap/2025,BALANCE_CONTROL,19448600000,20251231,0,USD,total_liabilities_and_equity
ANET,0001596532-26-000013,BS,23,TOTAL LIABILITIES,Liabilities,us-gaap/2025,BALANCE_CONTROL,7078100000,20251231,0,USD,total_liabilities
APH,0001104659-26-013549,BS,22,Current portion of long-term debt,LongTermDebtAndCapitalLeaseObligationsCurrent,us-gaap/2025,CURRENT_DEBT_AGGREGATE,937200000,20251231,0,USD,current_debt
APH,0001104659-26-013549,BS,24,"Long-term debt, less current portion",LongTermDebtAndCapitalLeaseObligations,us-gaap/2025,NONCURRENT_DEBT_AGGREGATE,14564800000,20251231,0,USD,long_term_debt
APH,0001104659-26-013549,BS,22,Current portion of long-term debt,LongTermDebtAndCapitalLeaseObligationsCurrent,us-gaap/2025,CURRENT_DEBT_AGGREGATE,937200000,20251231,0,USD,total_debt
APH,0001104659-26-013549,BS,24,"Long-term debt, less current portion",LongTermDebtAndCapitalLeaseObligations,us-gaap/2025,NONCURRENT_DEBT_AGGREGATE,14564800000,20251231,0,USD,total_debt
APH,0001104659-26-013549,BS,3,Cash and cash equivalents,CashAndCashEquivalentsAtCarryingValue,us-gaap/2025,CASH,11130600000,20251231,0,USD,cash_and_equivalents
APH,0001104659-26-013549,BS,4,Short-term investments,ShortTermInvestments,us-gaap/2025,STI,303600000,20251231,0,USD,short_term_investments
APH,0001104659-26-013549,BS,40,"Total Liabilities, Redeemable Noncontrolling Interests and Equity",LiabilitiesAndStockholdersEquity,us-gaap/2025,BALANCE_CONTROL,36236900000,20251231,0,USD,total_liabilities_and_equity
APH,0001104659-26-013549,BS,28,Total Liabilities,Liabilities,us-gaap/2025,BALANCE_CONTROL,22727200000,20251231,0,USD,total_liabilities
APH,0001104659-26-013549,IS,7,Interest expense,InterestExpenseNonoperating,us-gaap/2025,GROSS_INTEREST,367800000,20251231,4,USD,interest_expense
ABT,0001628280-26-010185,BS,33,Current portion of long-term debt,LongTermDebtCurrent,us-gaap/2025,CURRENT_DEBT,3033000000,20251231,0,USD,current_debt
ABT,0001628280-26-010185,BS,35,Long-term debt,LongTermDebtNoncurrent,us-gaap/2025,NONCURRENT_DEBT_AGGREGATE,9896000000,20251231,0,USD,long_term_debt
ABT,0001628280-26-010185,BS,33,Current portion of long-term debt,LongTermDebtCurrent,us-gaap/2025,CURRENT_DEBT,3033000000,20251231,0,USD,total_debt
ABT,0001628280-26-010185,BS,35,Long-term debt,LongTermDebtNoncurrent,us-gaap/2025,NONCURRENT_DEBT_AGGREGATE,9896000000,20251231,0,USD,total_debt
ABT,0001628280-26-010185,BS,3,Cash and cash equivalents,CashAndCashEquivalentsAtCarryingValue,us-gaap/2025,CASH,8522000000,20251231,0,USD,cash_and_equivalents
ABT,0001628280-26-010185,BS,4,"Investments, primarily bank time deposits and U.S. treasury bills",ShortTermInvestments,us-gaap/2025,STI,417000000,20251231,0,USD,short_term_investments
ABT,0001628280-26-010185,BS,47,Total Liabilities and Shareholders' Investment,LiabilitiesAndStockholdersEquity,us-gaap/2025,BALANCE_CONTROL,86713000000,20251231,0,USD,total_liabilities_and_equity
ABT,0001628280-26-010185,IS,8,Interest expense,InterestExpenseNonoperating,us-gaap/2025,GROSS_INTEREST,493000000,20251231,4,USD,interest_expense
PEP,0000077476-26-000007,BS,25,Short-term debt obligations,DebtCurrent,us-gaap/2025,CURRENT_DEBT_AGGREGATE,6861000000,20251231,0,USD,current_debt
PEP,0000077476-26-000007,BS,28,Long-Term Debt Obligations,LongTermDebtNoncurrent,us-gaap/2025,NONCURRENT_DEBT_AGGREGATE,42321000000,20251231,0,USD,long_term_debt
PEP,0000077476-26-000007,BS,25,Short-term debt obligations,DebtCurrent,us-gaap/2025,CURRENT_DEBT_AGGREGATE,6861000000,20251231,0,USD,total_debt
PEP,0000077476-26-000007,BS,28,Long-Term Debt Obligations,LongTermDebtNoncurrent,us-gaap/2025,NONCURRENT_DEBT_AGGREGATE,42321000000,20251231,0,USD,total_debt
PEP,0000077476-26-000007,BS,10,Cash and cash equivalents,CashAndCashEquivalentsAtCarryingValue,us-gaap/2025,CASH,9159000000,20251231,0,USD,cash_and_equivalents
PEP,0000077476-26-000007,BS,11,Short-term Investments,ShortTermInvestments,us-gaap/2025,STI,371000000,20251231,0,USD,short_term_investments
PEP,0000077476-26-000007,BS,45,Liabilities and Equity,LiabilitiesAndStockholdersEquity,us-gaap/2025,BALANCE_CONTROL,107399000000,20251231,0,USD,total_liabilities_and_equity
PEP,0000077476-26-000007,BS,31,Liabilities,Liabilities,us-gaap/2025,BALANCE_CONTROL,86852000000,20251231,0,USD,total_liabilities
PEP,0000077476-26-000007,IS,8,Net interest expense and other,InterestExpense,us-gaap/2025,GROSS_INTEREST,1121000000,20251231,4,USD,interest_expense
DIS,0001744489-25-000155,BS,28,Current portion of borrowings,LongTermDebtCurrent,us-gaap/2025,CURRENT_DEBT,6711000000,20250930,0,USD,current_debt
DIS,0001744489-25-000155,BS,31,Borrowings,LongTermDebtNoncurrent,us-gaap/2025,NONCURRENT_DEBT_AGGREGATE,35315000000,20250930,0,USD,long_term_debt
DIS,0001744489-25-000155,BS,28,Current portion of borrowings,LongTermDebtCurrent,us-gaap/2025,CURRENT_DEBT,6711000000,20250930,0,USD,total_debt
DIS,0001744489-25-000155,BS,31,Borrowings,LongTermDebtNoncurrent,us-gaap/2025,NONCURRENT_DEBT_AGGREGATE,35315000000,20250930,0,USD,total_debt
DIS,0001744489-25-000155,BS,7,Cash and cash equivalents,CashAndCashEquivalentsAtCarryingValue,us-gaap/2025,CASH,5695000000,20250930,0,USD,cash_and_equivalents
DIS,0001744489-25-000155,BS,44,Total liabilities and equity,LiabilitiesAndStockholdersEquity,us-gaap/2025,BALANCE_CONTROL,197514000000,20250930,0,USD,total_liabilities_and_equity
DIS,0001744489-25-000155,CF,43,Interest paid,InterestPaidNet,us-gaap/2025,INTEREST_PAID,2050000000,20250930,4,USD,interest_expense
MCD,0000063908-26-000035,BS,30,Long-term debt,LongTermDebtNoncurrent,us-gaap/2025,NONCURRENT_DEBT_AGGREGATE,39973000000,20251231,0,USD,long_term_debt
MCD,0000063908-26-000035,BS,30,Long-term debt,LongTermDebtNoncurrent,us-gaap/2025,NONCURRENT_DEBT_AGGREGATE,39973000000,20251231,0,USD,total_debt
MCD,0000063908-26-000035,BS,5,Cash and equivalents,CashAndCashEquivalentsAtCarryingValue,us-gaap/2025,CASH,774000000,20251231,0,USD,cash_and_equivalents
MCD,0000063908-26-000035,BS,44,Total liabilities and shareholders' equity (deficit),LiabilitiesAndStockholdersEquity,us-gaap/2025,BALANCE_CONTROL,59515000000,20251231,0,USD,total_liabilities_and_equity
MCD,0000063908-26-000035,IS,17,"Interest expense-net of capitalized interest of $29, $22 and $14",InterestExpense,us-gaap/2025,GROSS_INTEREST,1582000000,20251231,4,USD,interest_expense
STX,0001137789-25-000157,BS,18,Current portion of long-term debt,LongTermDebtCurrent,us-gaap/2024,CURRENT_DEBT,0,20250630,0,USD,current_debt
STX,0001137789-25-000157,BS,23,"Long-term debt, less current portion",LongTermDebtNoncurrent,us-gaap/2024,NONCURRENT_DEBT_AGGREGATE,4995000000,20250630,0,USD,long_term_debt
STX,0001137789-25-000157,BS,18,Current portion of long-term debt,LongTermDebtCurrent,us-gaap/2024,CURRENT_DEBT,0,20250630,0,USD,total_debt
STX,0001137789-25-000157,BS,23,"Long-term debt, less current portion",LongTermDebtNoncurrent,us-gaap/2024,NONCURRENT_DEBT_AGGREGATE,4995000000,20250630,0,USD,total_debt
STX,0001137789-25-000157,BS,3,Cash and cash equivalents,CashAndCashEquivalentsAtCarryingValue,us-gaap/2024,CASH,891000000,20250630,0,USD,cash_and_equivalents
STX,0001137789-25-000157,BS,31,Total Liabilities and Shareholders Deficit,LiabilitiesAndStockholdersEquity,us-gaap/2024,BALANCE_CONTROL,8023000000,20250630,0,USD,total_liabilities_and_equity
STX,0001137789-25-000157,BS,24,Total Liabilities,Liabilities,us-gaap/2024,BALANCE_CONTROL,8476000000,20250630,0,USD,total_liabilities
STX,0001137789-25-000157,IS,11,Interest expense,InterestExpenseNonoperating,us-gaap/2024,GROSS_INTEREST,321000000,20250630,4,USD,interest_expense
MRVL,0001835632-26-000011,BS,19,Short-term debt,ShortTermBorrowings,us-gaap/2025,CURRENT_DEBT,499800000,20260131,0,USD,current_debt
MRVL,0001835632-26-000011,BS,21,Long-term debt,OtherLongTermDebtNoncurrent,us-gaap/2025,NONCURRENT_DEBT,3970800000,20260131,0,USD,long_term_debt
MRVL,0001835632-26-000011,BS,19,Short-term debt,ShortTermBorrowings,us-gaap/2025,CURRENT_DEBT,499800000,20260131,0,USD,total_debt
MRVL,0001835632-26-000011,BS,21,Long-term debt,OtherLongTermDebtNoncurrent,us-gaap/2025,NONCURRENT_DEBT,3970800000,20260131,0,USD,total_debt
MRVL,0001835632-26-000011,BS,3,Cash and cash equivalents,CashAndCashEquivalentsAtCarryingValue,us-gaap/2025,CASH,2638800000,20260131,0,USD,cash_and_equivalents
MRVL,0001835632-26-000011,BS,32,Total liabilities and stockholders equity,LiabilitiesAndStockholdersEquity,us-gaap/2025,BALANCE_CONTROL,22285300000,20260131,0,USD,total_liabilities_and_equity
MRVL,0001835632-26-000011,BS,23,Total liabilities,Liabilities,us-gaap/2025,BALANCE_CONTROL,7976900000,20260131,0,USD,total_liabilities
MRVL,0001835632-26-000011,IS,10,Interest expense,InterestExpenseNonoperating,us-gaap/2025,GROSS_INTEREST,202600000,20260131,4,USD,interest_expense
GILD,0000882095-26-000006,BS,20,"Current portion of long-term debt, net",DebtCurrent,us-gaap/2025,CURRENT_DEBT_AGGREGATE,2807000000,20251231,0,USD,current_debt
GILD,0000882095-26-000006,BS,23,"Long-term debt, net",LongTermDebtNoncurrent,us-gaap/2025,NONCURRENT_DEBT_AGGREGATE,22129000000,20251231,0,USD,long_term_debt
GILD,0000882095-26-000006,BS,20,"Current portion of long-term debt, net",DebtCurrent,us-gaap/2025,CURRENT_DEBT_AGGREGATE,2807000000,20251231,0,USD,total_debt
GILD,0000882095-26-000006,BS,23,"Long-term debt, net",LongTermDebtNoncurrent,us-gaap/2025,NONCURRENT_DEBT_AGGREGATE,22129000000,20251231,0,USD,total_debt
GILD,0000882095-26-000006,BS,4,Short-term marketable debt securities,MarketableSecuritiesCurrent,us-gaap/2025,STI,68000000,20251231,0,USD,short_term_investments
GILD,0000882095-26-000006,BS,37,Total liabilities and stockholders equity,LiabilitiesAndStockholdersEquity,us-gaap/2025,BALANCE_CONTROL,59023000000,20251231,0,USD,total_liabilities_and_equity
GILD,0000882095-26-000006,IS,17,Interest expense,InterestExpenseNonoperating,us-gaap/2025,GROSS_INTEREST,1024000000,20251231,4,USD,interest_expense
T,0000732717-26-000120,BS,25,Debt maturing within one year,DebtCurrent,us-gaap/2025,CURRENT_DEBT_AGGREGATE,9011000000,20251231,0,USD,current_debt
T,0000732717-26-000120,BS,30,Long-Term Debt,LongTermDebtAndCapitalLeaseObligations,us-gaap/2025,NONCURRENT_DEBT_AGGREGATE,127089000000,20251231,0,USD,long_term_debt
T,0000732717-26-000120,BS,25,Debt maturing within one year,DebtCurrent,us-gaap/2025,CURRENT_DEBT_AGGREGATE,9011000000,20251231,0,USD,total_debt
T,0000732717-26-000120,BS,30,Long-Term Debt,LongTermDebtAndCapitalLeaseObligations,us-gaap/2025,NONCURRENT_DEBT_AGGREGATE,127089000000,20251231,0,USD,total_debt
T,0000732717-26-000120,BS,34,Operating lease liabilities,OperatingLeaseLiabilityNoncurrent,us-gaap/2025,OPERATING_LEASE,18943000000,20251231,0,USD,operating_lease_liabilities
T,0000732717-26-000120,BS,10,Cash and cash equivalents,CashAndCashEquivalentsAtCarryingValue,us-gaap/2025,CASH,18234000000,20251231,0,USD,cash_and_equivalents
T,0000732717-26-000120,BS,50,Total Liabilities and Stockholders Equity,LiabilitiesAndStockholdersEquity,us-gaap/2025,BALANCE_CONTROL,420198000000,20251231,0,USD,total_liabilities_and_equity
T,0000732717-26-000120,IS,19,Interest expense,InterestExpenseNonoperating,us-gaap/2025,GROSS_INTEREST,6804000000,20251231,4,USD,interest_expense
QCOM,0000804328-25-000085,BS,21,Short-term debt,DebtCurrent,us-gaap/2025,CURRENT_DEBT_AGGREGATE,0,20250930,0,USD,current_debt
QCOM,0000804328-25-000085,BS,25,Long-term debt,LongTermDebt,us-gaap/2025,NONCURRENT_DEBT_AGGREGATE,14811000000,20250930,0,USD,long_term_debt
QCOM,0000804328-25-000085,BS,21,Short-term debt,DebtCurrent,us-gaap/2025,CURRENT_DEBT_AGGREGATE,0,20250930,0,USD,total_debt
QCOM,0000804328-25-000085,BS,25,Long-term debt,LongTermDebt,us-gaap/2025,NONCURRENT_DEBT_AGGREGATE,14811000000,20250930,0,USD,total_debt
QCOM,0000804328-25-000085,BS,3,Cash and cash equivalents,CashAndCashEquivalentsAtCarryingValue,us-gaap/2025,CASH,5520000000,20250930,0,USD,cash_and_equivalents
QCOM,0000804328-25-000085,BS,5,Marketable securities,MarketableSecuritiesCurrent,us-gaap/2025,STI,4635000000,20250930,0,USD,short_term_investments
QCOM,0000804328-25-000085,BS,41,Total liabilities and stockholders equity,LiabilitiesAndStockholdersEquity,us-gaap/2025,BALANCE_CONTROL,50143000000,20250930,0,USD,total_liabilities_and_equity
QCOM,0000804328-25-000085,BS,27,Total liabilities,Liabilities,us-gaap/2025,BALANCE_CONTROL,28937000000,20250930,0,USD,total_liabilities
QCOM,0000804328-25-000085,IS,12,Interest expense,InterestExpense,us-gaap/2025,GROSS_INTEREST,664000000,20250930,4,USD,interest_expense
SCHW,0000316709-26-000009,BS,25,Other short-term borrowings,OtherShortTermBorrowings,us-gaap/2025,CURRENT_DEBT,6913000000,20251231,0,USD,current_debt
SCHW,0000316709-26-000009,BS,27,Long-term debt,LongTermDebtAndCapitalLeaseObligations,us-gaap/2025,NONCURRENT_DEBT_AGGREGATE,22199000000,20251231,0,USD,long_term_debt
SCHW,0000316709-26-000009,BS,25,Other short-term borrowings,OtherShortTermBorrowings,us-gaap/2025,CURRENT_DEBT,6913000000,20251231,0,USD,total_debt
SCHW,0000316709-26-000009,BS,27,Long-term debt,LongTermDebtAndCapitalLeaseObligations,us-gaap/2025,NONCURRENT_DEBT_AGGREGATE,22199000000,20251231,0,USD,total_debt
SCHW,0000316709-26-000009,BS,8,Cash and cash equivalents,CashAndCashEquivalentsAtCarryingValue,us-gaap/2025,CASH,46030000000,20251231,0,USD,cash_and_equivalents
SCHW,0000316709-26-000009,BS,37,Total liabilities and stockholders equity,LiabilitiesAndStockholdersEquity,us-gaap/2025,BALANCE_CONTROL,490995000000,20251231,0,USD,total_liabilities_and_equity
SCHW,0000316709-26-000009,BS,28,Total liabilities,Liabilities,us-gaap/2025,BALANCE_CONTROL,441570000000,20251231,0,USD,total_liabilities
SCHW,0000316709-26-000009,CF,54,Interest,InterestPaidNet,us-gaap/2025,INTEREST_PAID,4557000000,20251231,4,USD,interest_expense
UNP,0000100885-26-000037,BS,17,Debt due within one year (Note 14),LongTermDebtAndCapitalLeaseObligationsCurrent,us-gaap/2025,CURRENT_DEBT_AGGREGATE,1520000000,20251231,0,USD,current_debt
UNP,0000100885-26-000037,BS,19,Debt due after one year (Note 14),LongTermDebtAndCapitalLeaseObligations,us-gaap/2025,NONCURRENT_DEBT_AGGREGATE,30294000000,20251231,0,USD,long_term_debt
UNP,0000100885-26-000037,BS,17,Debt due within one year (Note 14),LongTermDebtAndCapitalLeaseObligationsCurrent,us-gaap/2025,CURRENT_DEBT_AGGREGATE,1520000000,20251231,0,USD,total_debt
UNP,0000100885-26-000037,BS,19,Debt due after one year (Note 14),LongTermDebtAndCapitalLeaseObligations,us-gaap/2025,NONCURRENT_DEBT_AGGREGATE,30294000000,20251231,0,USD,total_debt
UNP,0000100885-26-000037,BS,20,Operating lease liabilities (Note 16),OperatingLeaseLiabilityNoncurrent,us-gaap/2025,OPERATING_LEASE,738000000,20251231,0,USD,operating_lease_liabilities
UNP,0000100885-26-000037,BS,3,Cash and cash equivalents,CashAndCashEquivalentsAtCarryingValue,us-gaap/2025,CASH,1266000000,20251231,0,USD,cash_and_equivalents
UNP,0000100885-26-000037,BS,32,Total liabilities and common shareholders' equity,LiabilitiesAndStockholdersEquity,us-gaap/2025,BALANCE_CONTROL,69698000000,20251231,0,USD,total_liabilities_and_equity
UNP,0000100885-26-000037,BS,24,Total liabilities,Liabilities,us-gaap/2025,BALANCE_CONTROL,51231000000,20251231,0,USD,total_liabilities
UNP,0000100885-26-000037,IS,19,Interest expense,InterestExpenseNonoperating,us-gaap/2025,GROSS_INTEREST,1309000000,20251231,4,USD,interest_expense
ADI,0000006281-25-000153,BS,22,Commercial paper notes,CommercialPaper,us-gaap/2025,CURRENT_DEBT,446639000,20251031,0,USD,current_debt
ADI,0000006281-25-000153,BS,21,"Debt, current",LongTermDebtCurrent,us-gaap/2025,CURRENT_DEBT,0,20251031,0,USD,current_debt
ADI,0000006281-25-000153,BS,26,Long-term debt,LongTermDebtNoncurrent,us-gaap/2025,NONCURRENT_DEBT_AGGREGATE,8145066000,20251031,0,USD,long_term_debt
ADI,0000006281-25-000153,BS,22,Commercial paper notes,CommercialPaper,us-gaap/2025,CURRENT_DEBT,446639000,20251031,0,USD,total_debt
ADI,0000006281-25-000153,BS,21,"Debt, current",LongTermDebtCurrent,us-gaap/2025,CURRENT_DEBT,0,20251031,0,USD,total_debt
ADI,0000006281-25-000153,BS,26,Long-term debt,LongTermDebtNoncurrent,us-gaap/2025,NONCURRENT_DEBT_AGGREGATE,8145066000,20251031,0,USD,total_debt
ADI,0000006281-25-000153,BS,3,Cash and cash equivalents,CashAndCashEquivalentsAtCarryingValue,us-gaap/2025,CASH,2499406000,20251031,0,USD,cash_and_equivalents
ADI,0000006281-25-000153,BS,4,Short-term investments,AvailableForSaleSecuritiesDebtSecuritiesCurrent,us-gaap/2025,STI,1152915000,20251031,0,USD,short_term_investments
ADI,0000006281-25-000153,BS,38,TOTAL LIABILITIES AND SHAREHOLDERS EQUITY,LiabilitiesAndStockholdersEquity,us-gaap/2025,BALANCE_CONTROL,47992712000,20251031,0,USD,total_liabilities_and_equity
ADI,0000006281-25-000153,IS,14,Interest expense,InterestExpenseNonoperating,us-gaap/2025,GROSS_INTEREST,317716000,20251031,4,USD,interest_expense
AXP,0000004962-26-000080,BS,24,Short-term borrowings,ShortTermBorrowings,us-gaap/2025,CURRENT_DEBT,1371000000,20251231,0,USD,current_debt
AXP,0000004962-26-000080,BS,25,"Long-term debt (includes debt issued by consolidated variable interest entities: 2025, $13,022; 2024, $13,880)",LongTermDebt,us-gaap/2025,NONCURRENT_DEBT_AGGREGATE,56387000000,20251231,0,USD,long_term_debt
AXP,0000004962-26-000080,BS,24,Short-term borrowings,ShortTermBorrowings,us-gaap/2025,CURRENT_DEBT,1371000000,20251231,0,USD,total_debt
AXP,0000004962-26-000080,BS,25,"Long-term debt (includes debt issued by consolidated variable interest entities: 2025, $13,022; 2024, $13,880)",LongTermDebt,us-gaap/2025,NONCURRENT_DEBT_AGGREGATE,56387000000,20251231,0,USD,total_debt
AXP,0000004962-26-000080,BS,12,"Short-term investment securities (includes restricted investments of consolidated variable interest entities: 2025, $84; 2024, $82)",ShortTermInvestments,us-gaap/2025,STI,742000000,20251231,0,USD,short_term_investments
AXP,0000004962-26-000080,BS,36,Total liabilities and shareholders equity,LiabilitiesAndStockholdersEquity,us-gaap/2025,BALANCE_CONTROL,300052000000,20251231,0,USD,total_liabilities_and_equity
AXP,0000004962-26-000080,BS,27,Total liabilities,Liabilities,us-gaap/2025,BALANCE_CONTROL,266578000000,20251231,0,USD,total_liabilities
NEE,0000753308-26-000015,BS,28,Commercial paper,CommercialPaper,us-gaap/2025,CURRENT_DEBT,1955000000,20251231,0,USD,current_debt
NEE,0000753308-26-000015,BS,30,Current portion of long-term debt,LongTermDebtCurrent,us-gaap/2025,CURRENT_DEBT,3500000000,20251231,0,USD,current_debt
NEE,0000753308-26-000015,BS,29,Other short-term debt,OtherShortTermBorrowings,us-gaap/2025,CURRENT_DEBT,608000000,20251231,0,USD,current_debt
NEE,0000753308-26-000015,BS,40,Long-term debt,LongTermDebtNoncurrent,us-gaap/2025,NONCURRENT_DEBT_AGGREGATE,89556000000,20251231,0,USD,long_term_debt
NEE,0000753308-26-000015,BS,28,Commercial paper,CommercialPaper,us-gaap/2025,CURRENT_DEBT,1955000000,20251231,0,USD,total_debt
NEE,0000753308-26-000015,BS,30,Current portion of long-term debt,LongTermDebtCurrent,us-gaap/2025,CURRENT_DEBT,3500000000,20251231,0,USD,total_debt
NEE,0000753308-26-000015,BS,29,Other short-term debt,OtherShortTermBorrowings,us-gaap/2025,CURRENT_DEBT,608000000,20251231,0,USD,total_debt
NEE,0000753308-26-000015,BS,40,Long-term debt,LongTermDebtNoncurrent,us-gaap/2025,NONCURRENT_DEBT_AGGREGATE,89556000000,20251231,0,USD,total_debt
NEE,0000753308-26-000015,BS,7,Cash and cash equivalents,CashAndCashEquivalentsAtCarryingValue,us-gaap/2025,CASH,2812000000,20251231,0,USD,cash_and_equivalents
NEE,0000753308-26-000015,BS,58,"TOTAL LIABILITIES, REDEEMABLE NONCONTROLLING INTERESTS AND EQUITY",LiabilitiesAndStockholdersEquity,us-gaap/2025,BALANCE_CONTROL,212721000000,20251231,0,USD,total_liabilities_and_equity
NEE,0000753308-26-000015,BS,47,TOTAL LIABILITIES,Liabilities,us-gaap/2025,BALANCE_CONTROL,146242000000,20251231,0,USD,total_liabilities
NEE,0000753308-26-000015,CF,58,Cash paid for interest (net of amount capitalized),InterestPaidNet,us-gaap/2025,INTEREST_PAID,3501000000,20251231,4,USD,interest_expense
BLK,0001193125-26-071966,BS,24,Borrowings,LongTermDebt,us-gaap/2025,NONCURRENT_DEBT_AGGREGATE,12768000000,20251231,0,USD,long_term_debt
BLK,0001193125-26-071966,BS,24,Borrowings,LongTermDebt,us-gaap/2025,NONCURRENT_DEBT_AGGREGATE,12768000000,20251231,0,USD,total_debt
BLK,0001193125-26-071966,BS,29,Operating lease liabilities,OperatingLeaseLiability,us-gaap/2025,OPERATING_LEASE,2228000000,20251231,0,USD,operating_lease_liabilities
BLK,0001193125-26-071966,BS,10,Cash and cash equivalents,CashAndCashEquivalentsAtCarryingValue,us-gaap/2025,CASH,11468000000,20251231,0,USD,cash_and_equivalents
BLK,0001193125-26-071966,BS,44,"Total liabilities, temporary equity and permanent equity",LiabilitiesAndStockholdersEquity,us-gaap/2025,BALANCE_CONTROL,169998000000,20251231,0,USD,total_liabilities_and_equity
BLK,0001193125-26-071966,BS,31,Total liabilities,Liabilities,us-gaap/2025,BALANCE_CONTROL,108456000000,20251231,0,USD,total_liabilities
BLK,0001193125-26-071966,IS,37,Interest expense,InterestExpenseNonoperating,us-gaap/2025,GROSS_INTEREST,614000000,20251231,4,USD,interest_expense
WELL,0000766704-26-000010,BS,25,Senior unsecured notes,UnsecuredDebt,us-gaap/2025,NONCURRENT_DEBT,16383522000,20251231,0,USD,long_term_debt
WELL,0000766704-26-000010,BS,25,Senior unsecured notes,UnsecuredDebt,us-gaap/2025,NONCURRENT_DEBT,16383522000,20251231,0,USD,total_debt
WELL,0000766704-26-000010,BS,17,Cash and cash equivalents,CashAndCashEquivalentsAtCarryingValue,us-gaap/2025,CASH,5033678000,20251231,0,USD,cash_and_equivalents
WELL,0000766704-26-000010,BS,41,Total liabilities and equity,LiabilitiesAndStockholdersEquity,us-gaap/2025,BALANCE_CONTROL,67303047000,20251231,0,USD,total_liabilities_and_equity
WELL,0000766704-26-000010,BS,29,Total liabilities,Liabilities,us-gaap/2025,BALANCE_CONTROL,24100108000,20251231,0,USD,total_liabilities
WELL,0000766704-26-000010,CF,53,Interest paid,InterestPaidNet,us-gaap/2025,INTEREST_PAID,579589000,20251231,4,USD,interest_expense
DE,0001104659-25-122321,BS,26,Short-term borrowings,DebtCurrent,us-gaap/2025,CURRENT_DEBT_AGGREGATE,13796000000,20251031,0,USD,current_debt
DE,0001104659-25-122321,BS,27,Short-term securitization borrowings,SecuredDebt,us-gaap/2025,NONCURRENT_DEBT,6596000000,20251031,0,USD,long_term_debt
DE,0001104659-25-122321,BS,30,Long-term borrowings,LongTermDebtAndFinanceLeasesNoncurrent,0001104659-25-122321,CUSTOM_DEBT,43544000000,20251031,0,USD,total_debt
DE,0001104659-25-122321,BS,8,Cash and cash equivalents,CashAndCashEquivalentsAtCarryingValue,us-gaap/2025,CASH,8276000000,20251031,0,USD,cash_and_equivalents
DE,0001104659-25-122321,BS,44,Total Liabilities and Stockholders' Equity,LiabilitiesAndStockholdersEquity,us-gaap/2025,BALANCE_CONTROL,105996000000,20251031,0,USD,total_liabilities_and_equity
DE,0001104659-25-122321,BS,33,Total liabilities,Liabilities,us-gaap/2025,BALANCE_CONTROL,79989000000,20251031,0,USD,total_liabilities
DE,0001104659-25-122321,IS,15,Interest expense,InterestExpense,us-gaap/2025,GROSS_INTEREST,3170000000,20251031,4,USD,interest_expense
BA,0001628280-26-004357,BS,27,Short-term debt and current portion of long-term debt,DebtCurrent,us-gaap/2025,CURRENT_DEBT_AGGREGATE,8461000000,20251231,0,USD,current_debt
BA,0001628280-26-004357,BS,33,Long-term debt,LongTermDebtAndCapitalLeaseObligations,us-gaap/2025,NONCURRENT_DEBT_AGGREGATE,45637000000,20251231,0,USD,long_term_debt
BA,0001628280-26-004357,BS,27,Short-term debt and current portion of long-term debt,DebtCurrent,us-gaap/2025,CURRENT_DEBT_AGGREGATE,8461000000,20251231,0,USD,total_debt
BA,0001628280-26-004357,BS,33,Long-term debt,LongTermDebtAndCapitalLeaseObligations,us-gaap/2025,NONCURRENT_DEBT_AGGREGATE,45637000000,20251231,0,USD,total_debt
BA,0001628280-26-004357,BS,7,Cash and cash equivalents,CashAndCashEquivalentsAtCarryingValue,us-gaap/2025,CASH,10921000000,20251231,0,USD,cash_and_equivalents
BA,0001628280-26-004357,BS,8,Short-term and other investments,ShortTermInvestments,us-gaap/2025,STI,18479000000,20251231,0,USD,short_term_investments
BA,0001628280-26-004357,BS,45,Total liabilities and equity,LiabilitiesAndStockholdersEquity,us-gaap/2025,BALANCE_CONTROL,168235000000,20251231,0,USD,total_liabilities_and_equity
BA,0001628280-26-004357,BS,34,Total liabilities,Liabilities,us-gaap/2025,BALANCE_CONTROL,162778000000,20251231,0,USD,total_liabilities
BA,0001628280-26-004357,IS,17,Interest and debt expense,InterestAndDebtExpense,us-gaap/2025,GROSS_INTEREST,2771000000,20251231,4,USD,interest_expense
PFE,0000078003-26-000026,BS,17,"Short-term borrowings, including current portion of long-term debt: 2025$2,997; 2024$3,747",DebtCurrent,us-gaap/2025,CURRENT_DEBT_AGGREGATE,3154000000,20251231,0,USD,current_debt
PFE,0000078003-26-000026,BS,25,Long-term debt,LongTermDebtNoncurrent,us-gaap/2025,NONCURRENT_DEBT_AGGREGATE,61641000000,20251231,0,USD,long_term_debt
PFE,0000078003-26-000026,BS,17,"Short-term borrowings, including current portion of long-term debt: 2025$2,997; 2024$3,747",DebtCurrent,us-gaap/2025,CURRENT_DEBT_AGGREGATE,3154000000,20251231,0,USD,total_debt
PFE,0000078003-26-000026,BS,25,Long-term debt,LongTermDebtNoncurrent,us-gaap/2025,NONCURRENT_DEBT_AGGREGATE,61641000000,20251231,0,USD,total_debt
PFE,0000078003-26-000026,BS,2,Cash and cash equivalents,CashAndCashEquivalentsAtCarryingValue,us-gaap/2025,CASH,1142000000,20251231,0,USD,cash_and_equivalents
PFE,0000078003-26-000026,BS,40,Total liabilities and equity,LiabilitiesAndStockholdersEquity,us-gaap/2025,BALANCE_CONTROL,208160000000,20251231,0,USD,total_liabilities_and_equity
PFE,0000078003-26-000026,BS,30,Total liabilities,Liabilities,us-gaap/2025,BALANCE_CONTROL,121385000000,20251231,0,USD,total_liabilities
PFE,0000078003-26-000026,CF,48,Interest paid,InterestPaidNet,us-gaap/2025,INTEREST_PAID,2739000000,20251231,4,USD,interest_expense
COP,0001163165-26-000009,BS,15,Short-term debt,DebtCurrent,us-gaap/2025,CURRENT_DEBT_AGGREGATE,1020000000,20251231,0,USD,current_debt
COP,0001163165-26-000009,BS,20,Long-term debt,LongTermDebtAndCapitalLeaseObligations,us-gaap/2025,NONCURRENT_DEBT_AGGREGATE,22424000000,20251231,0,USD,long_term_debt
COP,0001163165-26-000009,BS,15,Short-term debt,DebtCurrent,us-gaap/2025,CURRENT_DEBT_AGGREGATE,1020000000,20251231,0,USD,total_debt
COP,0001163165-26-000009,BS,20,Long-term debt,LongTermDebtAndCapitalLeaseObligations,us-gaap/2025,NONCURRENT_DEBT_AGGREGATE,22424000000,20251231,0,USD,total_debt
COP,0001163165-26-000009,BS,2,Cash and cash equivalents,CashAndCashEquivalentsAtCarryingValue,us-gaap/2025,CASH,6497000000,20251231,0,USD,cash_and_equivalents
COP,0001163165-26-000009,BS,3,Short-term investments,ShortTermInvestments,us-gaap/2025,STI,484000000,20251231,0,USD,short_term_investments
COP,0001163165-26-000009,BS,33,Total liabilities and equity,LiabilitiesAndStockholdersEquity,us-gaap/2025,BALANCE_CONTROL,121939000000,20251231,0,USD,total_liabilities_and_equity
COP,0001163165-26-000009,BS,25,Total liabilities,Liabilities,us-gaap/2025,BALANCE_CONTROL,57452000000,20251231,0,USD,total_liabilities
COP,0001163165-26-000009,IS,16,Interest and debt expense,InterestAndDebtExpense,us-gaap/2025,GROSS_INTEREST,855000000,20251231,4,USD,interest_expense
ETN,0001551182-26-000007,BS,25,Current portion of long-term debt,LongTermDebtAndCapitalLeaseObligationsCurrent,us-gaap/2025,CURRENT_DEBT_AGGREGATE,1136000000,20251231,0,USD,current_debt
ETN,0001551182-26-000007,BS,31,Long-term debt,LongTermDebtAndCapitalLeaseObligations,us-gaap/2025,NONCURRENT_DEBT_AGGREGATE,8758000000,20251231,0,USD,long_term_debt
ETN,0001551182-26-000007,BS,25,Current portion of long-term debt,LongTermDebtAndCapitalLeaseObligationsCurrent,us-gaap/2025,CURRENT_DEBT_AGGREGATE,1136000000,20251231,0,USD,total_debt
ETN,0001551182-26-000007,BS,31,Long-term debt,LongTermDebtAndCapitalLeaseObligations,us-gaap/2025,NONCURRENT_DEBT_AGGREGATE,8758000000,20251231,0,USD,total_debt
ETN,0001551182-26-000007,BS,34,Operating lease liabilities,OperatingLeaseLiabilityNoncurrent,us-gaap/2025,OPERATING_LEASE,637000000,20251231,0,USD,operating_lease_liabilities
ETN,0001551182-26-000007,BS,3,Cash,CashAndCashEquivalentsAtCarryingValue,us-gaap/2025,CASH,622000000,20251231,0,USD,cash_and_equivalents
ETN,0001551182-26-000007,BS,4,Short-term investments,ShortTermInvestments,us-gaap/2025,STI,181000000,20251231,0,USD,short_term_investments
ETN,0001551182-26-000007,BS,47,Total liabilities and equity,LiabilitiesAndStockholdersEquity,us-gaap/2025,BALANCE_CONTROL,41251000000,20251231,0,USD,total_liabilities_and_equity
ETN,0001551182-26-000007,IS,5,Interest expense - net,InterestExpenseNonoperating,us-gaap/2025,GROSS_INTEREST,241000000,20251231,4,USD,interest_expense
WDC,0000106040-25-000038,BS,22,Current portion of long-term debt,LongTermDebtCurrent,us-gaap/2025,CURRENT_DEBT,2226000000,20250630,0,USD,current_debt
WDC,0000106040-25-000038,BS,26,Long-term debt,LongTermDebtNoncurrent,us-gaap/2025,NONCURRENT_DEBT_AGGREGATE,2485000000,20250630,0,USD,long_term_debt
WDC,0000106040-25-000038,BS,22,Current portion of long-term debt,LongTermDebtCurrent,us-gaap/2025,CURRENT_DEBT,2226000000,20250630,0,USD,total_debt
WDC,0000106040-25-000038,BS,26,Long-term debt,LongTermDebtNoncurrent,us-gaap/2025,NONCURRENT_DEBT_AGGREGATE,2485000000,20250630,0,USD,total_debt
WDC,0000106040-25-000038,BS,3,Cash and cash equivalents,CashAndCashEquivalentsAtCarryingValue,us-gaap/2025,CASH,2114000000,20250630,0,USD,cash_and_equivalents
WDC,0000106040-25-000038,BS,39,"Total liabilities, convertible preferred stock and shareholders equity",LiabilitiesAndStockholdersEquity,us-gaap/2025,BALANCE_CONTROL,14002000000,20250630,0,USD,total_liabilities_and_equity
WDC,0000106040-25-000038,BS,29,Total liabilities,Liabilities,us-gaap/2025,BALANCE_CONTROL,8462000000,20250630,0,USD,total_liabilities
WDC,0000106040-25-000038,IS,13,Interest expense,InterestExpenseNonoperating,us-gaap/2025,GROSS_INTEREST,357000000,20250630,4,USD,interest_expense
BKNG,0001075531-26-000009,BS,20,Short-term debt,LongTermDebtCurrent,us-gaap/2025,CURRENT_DEBT,1880000000,20251231,0,USD,current_debt
BKNG,0001075531-26-000009,BS,26,Long-term debt,LongTermDebtNoncurrent,us-gaap/2025,NONCURRENT_DEBT_AGGREGATE,16856000000,20251231,0,USD,long_term_debt
BKNG,0001075531-26-000009,BS,20,Short-term debt,LongTermDebtCurrent,us-gaap/2025,CURRENT_DEBT,1880000000,20251231,0,USD,total_debt
BKNG,0001075531-26-000009,BS,26,Long-term debt,LongTermDebtNoncurrent,us-gaap/2025,NONCURRENT_DEBT_AGGREGATE,16856000000,20251231,0,USD,total_debt
BKNG,0001075531-26-000009,BS,23,Operating lease liabilities,OperatingLeaseLiabilityNoncurrent,us-gaap/2025,OPERATING_LEASE,557000000,20251231,0,USD,operating_lease_liabilities
BKNG,0001075531-26-000009,BS,3,Cash and cash equivalents,CashAndCashEquivalentsAtCarryingValue,us-gaap/2025,CASH,17203000000,20251231,0,USD,cash_and_equivalents
BKNG,0001075531-26-000009,BS,36,Total liabilities and stockholders' deficit,LiabilitiesAndStockholdersEquity,us-gaap/2025,BALANCE_CONTROL,29264000000,20251231,0,USD,total_liabilities_and_equity
BKNG,0001075531-26-000009,BS,27,Total liabilities,Liabilities,us-gaap/2025,BALANCE_CONTROL,34842000000,20251231,0,USD,total_liabilities
BKNG,0001075531-26-000009,IS,20,Interest expense,InterestExpenseNonoperating,us-gaap/2025,GROSS_INTEREST,1617000000,20251231,4,USD,interest_expense
UBER,0001543151-26-000015,BS,26,"Long-term debt, net of current portion",LongTermDebtNoncurrent,us-gaap/2025,NONCURRENT_DEBT_AGGREGATE,10521000000,20251231,0,USD,long_term_debt
UBER,0001543151-26-000015,BS,26,"Long-term debt, net of current portion",LongTermDebtNoncurrent,us-gaap/2025,NONCURRENT_DEBT_AGGREGATE,10521000000,20251231,0,USD,total_debt
UBER,0001543151-26-000015,BS,27,"Operating lease liabilities, non-current",OperatingLeaseLiabilityNoncurrent,us-gaap/2025,OPERATING_LEASE,1390000000,20251231,0,USD,operating_lease_liabilities
UBER,0001543151-26-000015,BS,22,"Operating lease liabilities, current",OperatingLeaseLiabilityCurrent,us-gaap/2025,OPERATING_LEASE,169000000,20251231,0,USD,operating_lease_liabilities
UBER,0001543151-26-000015,BS,2,Cash and cash equivalents,CashAndCashEquivalentsAtCarryingValue,us-gaap/2025,CASH,7105000000,20251231,0,USD,cash_and_equivalents
UBER,0001543151-26-000015,BS,3,Short-term investments,MarketableSecuritiesCurrent,us-gaap/2025,STI,528000000,20251231,0,USD,short_term_investments
UBER,0001543151-26-000015,BS,40,"Total liabilities, redeemable non-controlling interests and equity",LiabilitiesAndStockholdersEquity,us-gaap/2025,BALANCE_CONTROL,61802000000,20251231,0,USD,total_liabilities_and_equity
UBER,0001543151-26-000015,BS,29,Total liabilities,Liabilities,us-gaap/2025,BALANCE_CONTROL,33719000000,20251231,0,USD,total_liabilities
UBER,0001543151-26-000015,IS,11,Interest expense,InterestExpenseNonoperating,us-gaap/2025,GROSS_INTEREST,440000000,20251231,4,USD,interest_expense
NOW,0001373715-26-000007,BS,28,"Long-term debt, net",ConvertibleLongTermNotesPayable,us-gaap/2025,NONCURRENT_DEBT,1491000000,20251231,0,USD,long_term_debt
NOW,0001373715-26-000007,BS,28,"Long-term debt, net",ConvertibleLongTermNotesPayable,us-gaap/2025,NONCURRENT_DEBT,1491000000,20251231,0,USD,total_debt
NOW,0001373715-26-000007,BS,27,"Operating lease liabilities, less current portion",OperatingLeaseLiabilityNoncurrent,us-gaap/2025,OPERATING_LEASE,800000000,20251231,0,USD,operating_lease_liabilities
NOW,0001373715-26-000007,BS,24,Current portion of operating lease liabilities,OperatingLeaseLiabilityCurrent,us-gaap/2025,OPERATING_LEASE,112000000,20251231,0,USD,operating_lease_liabilities
NOW,0001373715-26-000007,BS,3,Cash and cash equivalents,CashAndCashEquivalentsAtCarryingValue,us-gaap/2025,CASH,3726000000,20251231,0,USD,cash_and_equivalents
NOW,0001373715-26-000007,BS,4,Marketable securities,AvailableForSaleSecuritiesDebtSecuritiesCurrent,us-gaap/2025,STI,2558000000,20251231,0,USD,short_term_investments
NOW,0001373715-26-000007,BS,40,Total liabilities and stockholders equity,LiabilitiesAndStockholdersEquity,us-gaap/2025,BALANCE_CONTROL,26038000000,20251231,0,USD,total_liabilities_and_equity
NOW,0001373715-26-000007,BS,30,Total liabilities,Liabilities,us-gaap/2025,BALANCE_CONTROL,13074000000,20251231,0,USD,total_liabilities
NOW,0001373715-26-000007,CF,53,Interest paid,InterestPaidNet,us-gaap/2025,INTEREST_PAID,22000000,20251231,4,USD,interest_expense
TJX,0000109198-26-000008,BS,20,Current portion of long-term debt,LongTermDebtCurrent,us-gaap/2025,CURRENT_DEBT,999000000,20260131,0,USD,current_debt
TJX,0000109198-26-000008,BS,26,Long-term debt,LongTermDebtNoncurrent,us-gaap/2025,NONCURRENT_DEBT_AGGREGATE,1870000000,20260131,0,USD,long_term_debt
TJX,0000109198-26-000008,BS,20,Current portion of long-term debt,LongTermDebtCurrent,us-gaap/2025,CURRENT_DEBT,999000000,20260131,0,USD,total_debt
TJX,0000109198-26-000008,BS,26,Long-term debt,LongTermDebtNoncurrent,us-gaap/2025,NONCURRENT_DEBT_AGGREGATE,1870000000,20260131,0,USD,total_debt
TJX,0000109198-26-000008,BS,25,Long-term operating lease liabilities,OperatingLeaseLiabilityNoncurrent,us-gaap/2025,OPERATING_LEASE,8894000000,20260131,0,USD,operating_lease_liabilities
TJX,0000109198-26-000008,BS,19,Current portion of operating lease liabilities,OperatingLeaseLiabilityCurrent,us-gaap/2025,OPERATING_LEASE,1726000000,20260131,0,USD,operating_lease_liabilities
TJX,0000109198-26-000008,BS,3,Cash and cash equivalents,CashAndCashEquivalentsAtCarryingValue,us-gaap/2025,CASH,6230000000,20260131,0,USD,cash_and_equivalents
TJX,0000109198-26-000008,BS,35,Total liabilities and shareholders equity,LiabilitiesAndStockholdersEquity,us-gaap/2025,BALANCE_CONTROL,35767000000,20260131,0,USD,total_liabilities_and_equity
VRTX,0000875320-26-000056,BS,23,Long-term operating lease liabilities,OperatingLeaseLiabilityNoncurrent,us-gaap/2025,OPERATING_LEASE,1846500000,20251231,0,USD,operating_lease_liabilities
VRTX,0000875320-26-000056,BS,3,Cash and cash equivalents,CashAndCashEquivalentsAtCarryingValue,us-gaap/2025,CASH,5084800000,20251231,0,USD,cash_and_equivalents
VRTX,0000875320-26-000056,BS,4,Marketable securities,MarketableSecuritiesCurrent,us-gaap/2025,STI,1523300000,20251231,0,USD,short_term_investments
VRTX,0000875320-26-000056,BS,33,Total liabilities and shareholders equity,LiabilitiesAndStockholdersEquity,us-gaap/2025,BALANCE_CONTROL,25643000000,20251231,0,USD,total_liabilities_and_equity
VRTX,0000875320-26-000056,BS,25,Total liabilities,Liabilities,us-gaap/2025,BALANCE_CONTROL,6977200000,20251231,0,USD,total_liabilities
VRTX,0000875320-26-000056,IS,18,Interest expense,InterestExpenseNonoperating,us-gaap/2025,GROSS_INTEREST,13300000,20251231,4,USD,interest_expense
BMY,0000014272-26-000004,BS,18,Short-term debt obligations,DebtCurrent,us-gaap/2025,CURRENT_DEBT_AGGREGATE,2261000000,20251231,0,USD,current_debt
BMY,0000014272-26-000004,BS,23,Long-term debt,LongTermDebtNoncurrent,us-gaap/2025,NONCURRENT_DEBT_AGGREGATE,42850000000,20251231,0,USD,long_term_debt
BMY,0000014272-26-000004,BS,18,Short-term debt obligations,DebtCurrent,us-gaap/2025,CURRENT_DEBT_AGGREGATE,2261000000,20251231,0,USD,total_debt
BMY,0000014272-26-000004,BS,23,Long-term debt,LongTermDebtNoncurrent,us-gaap/2025,NONCURRENT_DEBT_AGGREGATE,42850000000,20251231,0,USD,total_debt
BMY,0000014272-26-000004,BS,3,Cash and cash equivalents,CashAndCashEquivalentsAtCarryingValue,us-gaap/2025,CASH,10209000000,20251231,0,USD,cash_and_equivalents
BMY,0000014272-26-000004,BS,4,Marketable debt securities,AvailableForSaleSecuritiesDebtSecuritiesCurrent,us-gaap/2025,STI,464000000,20251231,0,USD,short_term_investments
BMY,0000014272-26-000004,BS,38,Total Liabilities and Equity,LiabilitiesAndStockholdersEquity,us-gaap/2025,BALANCE_CONTROL,90038000000,20251231,0,USD,total_liabilities_and_equity
BMY,0000014272-26-000004,BS,25,Total Liabilities,Liabilities,us-gaap/2025,BALANCE_CONTROL,71533000000,20251231,0,USD,total_liabilities
NEM,0001164727-26-000010,BS,23,Debt (Note 20),LongTermDebtCurrent,us-gaap/2025,CURRENT_DEBT,0,20251231,0,USD,current_debt
NEM,0001164727-26-000010,BS,27,Debt (Note 20),LongTermDebtNoncurrent,us-gaap/2025,NONCURRENT_DEBT_AGGREGATE,5115000000,20251231,0,USD,long_term_debt
NEM,0001164727-26-000010,BS,23,Debt (Note 20),LongTermDebtCurrent,us-gaap/2025,CURRENT_DEBT,0,20251231,0,USD,total_debt
NEM,0001164727-26-000010,BS,27,Debt (Note 20),LongTermDebtNoncurrent,us-gaap/2025,NONCURRENT_DEBT_AGGREGATE,5115000000,20251231,0,USD,total_debt
NEM,0001164727-26-000010,BS,2,Cash and cash equivalents,CashAndCashEquivalentsAtCarryingValue,us-gaap/2025,CASH,7647000000,20251231,0,USD,cash_and_equivalents
NEM,0001164727-26-000010,BS,4,Investments (Note 15),ShortTermInvestments,us-gaap/2025,STI,594000000,20251231,0,USD,short_term_investments
NEM,0001164727-26-000010,BS,45,Total liabilities and equity,LiabilitiesAndStockholdersEquity,us-gaap/2025,BALANCE_CONTROL,57121000000,20251231,0,USD,total_liabilities_and_equity
NEM,0001164727-26-000010,BS,34,Total liabilities,Liabilities,us-gaap/2025,BALANCE_CONTROL,23079000000,20251231,0,USD,total_liabilities
NEM,0001164727-26-000010,CF,61,"Interest paid, net of amounts capitalized",InterestPaidNet,us-gaap/2025,INTEREST_PAID,233000000,20251231,4,USD,interest_expense
DHR,0000313616-26-000062,BS,15,Notes payable and current portion of long-term debt,DebtCurrent,us-gaap/2025,CURRENT_DEBT_AGGREGATE,2000000,20251231,0,USD,current_debt
DHR,0000313616-26-000062,BS,20,Long-term debt,LongTermDebtNoncurrent,us-gaap/2025,NONCURRENT_DEBT_AGGREGATE,18416000000,20251231,0,USD,long_term_debt
DHR,0000313616-26-000062,BS,15,Notes payable and current portion of long-term debt,DebtCurrent,us-gaap/2025,CURRENT_DEBT_AGGREGATE,2000000,20251231,0,USD,total_debt
DHR,0000313616-26-000062,BS,20,Long-term debt,LongTermDebtNoncurrent,us-gaap/2025,NONCURRENT_DEBT_AGGREGATE,18416000000,20251231,0,USD,total_debt
DHR,0000313616-26-000062,BS,30,Total liabilities and stockholders equity,LiabilitiesAndStockholdersEquity,us-gaap/2025,BALANCE_CONTROL,83464000000,20251231,0,USD,total_liabilities_and_equity
DHR,0000313616-26-000062,IS,10,Interest expense,InterestExpenseNonoperating,us-gaap/2025,GROSS_INTEREST,265000000,20251231,4,USD,interest_expense
COF,0000927628-26-000024,BS,34,Senior and subordinated notes,UnsecuredDebt,us-gaap/2025,NONCURRENT_DEBT,36001000000,20251231,0,USD,long_term_debt
COF,0000927628-26-000024,BS,31,Securitized debt obligations,SecuredDebt,us-gaap/2025,NONCURRENT_DEBT,12853000000,20251231,0,USD,long_term_debt
COF,0000927628-26-000024,BS,34,Senior and subordinated notes,UnsecuredDebt,us-gaap/2025,NONCURRENT_DEBT,36001000000,20251231,0,USD,total_debt
COF,0000927628-26-000024,BS,31,Securitized debt obligations,SecuredDebt,us-gaap/2025,NONCURRENT_DEBT,12853000000,20251231,0,USD,total_debt
COF,0000927628-26-000024,BS,48,Total liabilities and stockholders equity,LiabilitiesAndStockholdersEquity,us-gaap/2025,BALANCE_CONTROL,669009000000,20251231,0,USD,total_liabilities_and_equity
COF,0000927628-26-000024,BS,38,Total liabilities,Liabilities,us-gaap/2025,BALANCE_CONTROL,555393000000,20251231,0,USD,total_liabilities
COF,0000927628-26-000024,CF,67,Interest paid,InterestPaidNet,us-gaap/2025,INTEREST_PAID,14886000000,20251231,4,USD,interest_expense
ISRG,0001035267-26-000010,BS,3,Cash and cash equivalents,CashAndCashEquivalentsAtCarryingValue,us-gaap/2025,CASH,3368000000,20251231,0,USD,cash_and_equivalents
ISRG,0001035267-26-000010,BS,4,Short-term investments,MarketableSecuritiesCurrent,us-gaap/2025,STI,2566900000,20251231,0,USD,short_term_investments
ISRG,0001035267-26-000010,BS,34,Total liabilities and stockholders equity,LiabilitiesAndStockholdersEquity,us-gaap/2025,BALANCE_CONTROL,20458700000,20251231,0,USD,total_liabilities_and_equity
ISRG,0001035267-26-000010,BS,23,Total liabilities,Liabilities,us-gaap/2025,BALANCE_CONTROL,2517000000,20251231,0,USD,total_liabilities
PLD,0001193125-26-051453,BS,23,Debt,LongTermDebt,us-gaap/2025,NONCURRENT_DEBT_AGGREGATE,35037073000,20251231,0,USD,long_term_debt
PLD,0001193125-26-051453,BS,23,Debt,LongTermDebt,us-gaap/2025,NONCURRENT_DEBT_AGGREGATE,35037073000,20251231,0,USD,total_debt
PLD,0001193125-26-051453,BS,18,Cash and cash equivalents,CashAndCashEquivalentsAtCarryingValue,us-gaap/2025,CASH,1145647000,20251231,0,USD,cash_and_equivalents
PLD,0001193125-26-051453,BS,38,Total liabilities and equity,LiabilitiesAndStockholdersEquity,us-gaap/2025,BALANCE_CONTROL,98724256000,20251231,0,USD,total_liabilities_and_equity
PLD,0001193125-26-051453,BS,26,Total liabilities,Liabilities,us-gaap/2025,BALANCE_CONTROL,40970248000,20251231,0,USD,total_liabilities
PLD,0001193125-26-051453,IS,24,Interest expense,InterestExpenseNonoperating,us-gaap/2025,GROSS_INTEREST,1002344000,20251231,4,USD,interest_expense
SPGI,0000064040-26-000013,BS,27,Short-term debt,DebtCurrent,us-gaap/2025,CURRENT_DEBT_AGGREGATE,718000000,20251231,0,USD,current_debt
SPGI,0000064040-26-000013,BS,33,Long-term debt,LongTermDebtNoncurrent,us-gaap/2025,NONCURRENT_DEBT_AGGREGATE,12370000000,20251231,0,USD,long_term_debt
SPGI,0000064040-26-000013,BS,27,Short-term debt,DebtCurrent,us-gaap/2025,CURRENT_DEBT_AGGREGATE,718000000,20251231,0,USD,total_debt
SPGI,0000064040-26-000013,BS,33,Long-term debt,LongTermDebtNoncurrent,us-gaap/2025,NONCURRENT_DEBT_AGGREGATE,12370000000,20251231,0,USD,total_debt
SPGI,0000064040-26-000013,BS,34,Lease liabilities  non-current,OperatingLeaseLiabilityNoncurrent,us-gaap/2025,OPERATING_LEASE,494000000,20251231,0,USD,operating_lease_liabilities
SPGI,0000064040-26-000013,BS,3,Cash and cash equivalents,CashAndCashEquivalentsAtCarryingValue,us-gaap/2025,CASH,1745000000,20251231,0,USD,cash_and_equivalents
SPGI,0000064040-26-000013,BS,5,Short-term investments,ShortTermInvestments,us-gaap/2025,STI,56000000,20251231,0,USD,short_term_investments
SPGI,0000064040-26-000013,BS,50,Total liabilities and equity,LiabilitiesAndStockholdersEquity,us-gaap/2025,BALANCE_CONTROL,61200000000,20251231,0,USD,total_liabilities_and_equity
SPGI,0000064040-26-000013,BS,38,Total liabilities,Liabilities,us-gaap/2025,BALANCE_CONTROL,25048000000,20251231,0,USD,total_liabilities
SPGI,0000064040-26-000013,IS,12,"Interest expense, net",InterestExpenseNonoperating,us-gaap/2025,GROSS_INTEREST,287000000,20251231,4,USD,interest_expense
DELL,0001571996-26-000008,BS,19,Short-term debt,DebtCurrent,us-gaap/2025,CURRENT_DEBT_AGGREGATE,7990000000,20260131,0,USD,current_debt
DELL,0001571996-26-000008,BS,25,Long-term debt,LongTermDebtNoncurrent,us-gaap/2025,NONCURRENT_DEBT_AGGREGATE,23513000000,20260131,0,USD,long_term_debt
DELL,0001571996-26-000008,BS,19,Short-term debt,DebtCurrent,us-gaap/2025,CURRENT_DEBT_AGGREGATE,7990000000,20260131,0,USD,total_debt
DELL,0001571996-26-000008,BS,25,Long-term debt,LongTermDebtNoncurrent,us-gaap/2025,NONCURRENT_DEBT_AGGREGATE,23513000000,20260131,0,USD,total_debt
DELL,0001571996-26-000008,BS,3,Cash and cash equivalents,CashAndCashEquivalentsAtCarryingValue,us-gaap/2025,CASH,11528000000,20260131,0,USD,cash_and_equivalents
DELL,0001571996-26-000008,BS,38,Total liabilities and stockholders equity,LiabilitiesAndStockholdersEquity,us-gaap/2025,BALANCE_CONTROL,101286000000,20260131,0,USD,total_liabilities_and_equity
DELL,0001571996-26-000008,BS,28,Total liabilities,Liabilities,us-gaap/2025,BALANCE_CONTROL,103756000000,20260131,0,USD,total_liabilities
DELL,0001571996-26-000008,CF,39,Interest paid,InterestPaidNet,us-gaap/2025,INTEREST_PAID,1354000000,20260131,4,USD,interest_expense
PGR,0000080661-26-000086,BS,28,Debt,DebtLongtermAndShorttermCombinedAmount,us-gaap/2025,DEBT_AGGREGATE,6897000000,20251231,0,USD,total_debt
PGR,0000080661-26-000086,BS,11,Cash and cash equivalents,Cash,us-gaap/2025,CASH,125000000,20251231,0,USD,cash_and_equivalents
PGR,0000080661-26-000086,BS,4,"Short-term investments (amortized cost: $10,005 and $615)",ShortTermInvestments,us-gaap/2025,STI,10005000000,20251231,0,USD,short_term_investments
PGR,0000080661-26-000086,BS,41,Total liabilities and shareholders equity,LiabilitiesAndStockholdersEquity,us-gaap/2025,BALANCE_CONTROL,123039000000,20251231,0,USD,total_liabilities_and_equity
PGR,0000080661-26-000086,BS,29,Total liabilities,Liabilities,us-gaap/2025,BALANCE_CONTROL,92716000000,20251231,0,USD,total_liabilities
PGR,0000080661-26-000086,IS,19,Interest expense,InterestExpenseDebt,us-gaap/2025,GROSS_INTEREST,278000000,20251231,4,USD,interest_expense
PH,0000076334-25-000035,BS,20,Notes payable and long-term debt payable within one year,LongTermDebtAndCapitalLeaseObligationsCurrent,us-gaap/2025,CURRENT_DEBT_AGGREGATE,1791000000,20250630,0,USD,current_debt
PH,0000076334-25-000035,BS,26,Long-term debt,LongTermDebtAndCapitalLeaseObligations,us-gaap/2025,NONCURRENT_DEBT_AGGREGATE,7494000000,20250630,0,USD,long_term_debt
PH,0000076334-25-000035,BS,20,Notes payable and long-term debt payable within one year,LongTermDebtAndCapitalLeaseObligationsCurrent,us-gaap/2025,CURRENT_DEBT_AGGREGATE,1791000000,20250630,0,USD,total_debt
PH,0000076334-25-000035,BS,26,Long-term debt,LongTermDebtAndCapitalLeaseObligations,us-gaap/2025,NONCURRENT_DEBT_AGGREGATE,7494000000,20250630,0,USD,total_debt
PH,0000076334-25-000035,BS,3,Cash and cash equivalents,CashAndCashEquivalentsAtCarryingValue,us-gaap/2025,CASH,467000000,20250630,0,USD,cash_and_equivalents
PH,0000076334-25-000035,BS,42,Total Liabilities and Equity,LiabilitiesAndStockholdersEquity,us-gaap/2025,BALANCE_CONTROL,29494000000,20250630,0,USD,total_liabilities_and_equity
PH,0000076334-25-000035,BS,30,Total Liabilities,Liabilities,us-gaap/2025,BALANCE_CONTROL,15803000000,20250630,0,USD,total_liabilities
PH,0000076334-25-000035,IS,4,Interest expense,InterestExpenseNonoperating,us-gaap/2025,GROSS_INTEREST,409000000,20250630,4,USD,interest_expense
CB,0000896159-26-000005,BS,36,Short-term debt,ShortTermBorrowings,us-gaap/2025,CURRENT_DEBT,1499000000,20251231,0,USD,current_debt
CB,0000896159-26-000005,BS,37,Long-term debt,LongTermDebt,us-gaap/2025,NONCURRENT_DEBT_AGGREGATE,15728000000,20251231,0,USD,long_term_debt
CB,0000896159-26-000005,BS,36,Short-term debt,ShortTermBorrowings,us-gaap/2025,CURRENT_DEBT,1499000000,20251231,0,USD,total_debt
CB,0000896159-26-000005,BS,37,Long-term debt,LongTermDebt,us-gaap/2025,NONCURRENT_DEBT_AGGREGATE,15728000000,20251231,0,USD,total_debt
CB,0000896159-26-000005,BS,50,Total liabilities and shareholders equity,LiabilitiesAndStockholdersEquity,us-gaap/2025,BALANCE_CONTROL,272327000000,20251231,0,USD,total_liabilities_and_equity
CB,0000896159-26-000005,BS,39,Total liabilities,Liabilities,us-gaap/2025,BALANCE_CONTROL,192548000000,20251231,0,USD,total_liabilities
CB,0000896159-26-000005,IS,14,Interest expense,InterestExpense,us-gaap/2025,GROSS_INTEREST,764000000,20251231,4,USD,interest_expense
SBUX,0000829224-25-000114,BS,26,"Long-term Debt, Current Maturities",LongTermDebtCurrent,us-gaap/2025,CURRENT_DEBT,1498900000,20250930,0,USD,current_debt
SBUX,0000829224-25-000114,BS,28,"Long-term Debt, Excluding Current Maturities",LongTermDebtNoncurrent,us-gaap/2025,NONCURRENT_DEBT_AGGREGATE,14575900000,20250930,0,USD,long_term_debt
SBUX,0000829224-25-000114,BS,26,"Long-term Debt, Current Maturities",LongTermDebtCurrent,us-gaap/2025,CURRENT_DEBT,1498900000,20250930,0,USD,total_debt
SBUX,0000829224-25-000114,BS,28,"Long-term Debt, Excluding Current Maturities",LongTermDebtNoncurrent,us-gaap/2025,NONCURRENT_DEBT_AGGREGATE,14575900000,20250930,0,USD,total_debt
SBUX,0000829224-25-000114,BS,29,"Operating Lease, Liability, Noncurrent",OperatingLeaseLiabilityNoncurrent,us-gaap/2025,OPERATING_LEASE,8972200000,20250930,0,USD,operating_lease_liabilities
SBUX,0000829224-25-000114,BS,23,"Operating Lease, Liability, Current",OperatingLeaseLiabilityCurrent,us-gaap/2025,OPERATING_LEASE,1564500000,20250930,0,USD,operating_lease_liabilities
SBUX,0000829224-25-000114,BS,4,Short-term Investments,ShortTermInvestments,us-gaap/2025,STI,247200000,20250930,0,USD,short_term_investments
SBUX,0000829224-25-000114,BS,41,Liabilities and Shareholders' Equity/(Deficit),LiabilitiesAndStockholdersEquity,us-gaap/2025,BALANCE_CONTROL,32019700000,20250930,0,USD,total_liabilities_and_equity
SBUX,0000829224-25-000114,BS,32,Liabilities,Liabilities,us-gaap/2025,BALANCE_CONTROL,40108900000,20250930,0,USD,total_liabilities
SBUX,0000829224-25-000114,IS,20,Interest expense,InterestExpense,us-gaap/2025,GROSS_INTEREST,542600000,20250930,4,USD,interest_expense
CVS,0000064803-26-000010,BS,24,Current portion of long-term debt,LongTermDebtAndCapitalLeaseObligationsCurrent,us-gaap/2025,CURRENT_DEBT_AGGREGATE,4068000000,20251231,0,USD,current_debt
CVS,0000064803-26-000010,BS,27,Long-term debt,LongTermDebtAndCapitalLeaseObligations,us-gaap/2025,NONCURRENT_DEBT_AGGREGATE,60502000000,20251231,0,USD,long_term_debt
CVS,0000064803-26-000010,BS,24,Current portion of long-term debt,LongTermDebtAndCapitalLeaseObligationsCurrent,us-gaap/2025,CURRENT_DEBT_AGGREGATE,4068000000,20251231,0,USD,total_debt
CVS,0000064803-26-000010,BS,27,Long-term debt,LongTermDebtAndCapitalLeaseObligations,us-gaap/2025,NONCURRENT_DEBT_AGGREGATE,60502000000,20251231,0,USD,total_debt
CVS,0000064803-26-000010,BS,26,Long-term operating lease liabilities,OperatingLeaseLiabilityNoncurrent,us-gaap/2025,OPERATING_LEASE,13643000000,20251231,0,USD,operating_lease_liabilities
CVS,0000064803-26-000010,BS,22,Current portion of operating lease liabilities,OperatingLeaseLiabilityCurrent,us-gaap/2025,OPERATING_LEASE,1737000000,20251231,0,USD,operating_lease_liabilities
CVS,0000064803-26-000010,BS,2,Cash and cash equivalents,CashAndCashEquivalentsAtCarryingValue,us-gaap/2025,CASH,8453000000,20251231,0,USD,cash_and_equivalents
CVS,0000064803-26-000010,BS,3,Investments,ShortTermInvestments,us-gaap/2025,STI,2145000000,20251231,0,USD,short_term_investments
CVS,0000064803-26-000010,BS,43,Total liabilities and shareholders equity,LiabilitiesAndStockholdersEquity,us-gaap/2025,BALANCE_CONTROL,253538000000,20251231,0,USD,total_liabilities_and_equity
CVS,0000064803-26-000010,BS,32,Total liabilities,Liabilities,us-gaap/2025,BALANCE_CONTROL,178156000000,20251231,0,USD,total_liabilities
CVS,0000064803-26-000010,IS,21,Interest expense,InterestExpenseNonoperating,us-gaap/2025,GROSS_INTEREST,3119000000,20251231,4,USD,interest_expense
ADBE,0000796343-26-000003,BS,19,Debt,DebtCurrent,us-gaap/2025,CURRENT_DEBT_AGGREGATE,0,20251130,0,USD,current_debt
ADBE,0000796343-26-000003,BS,25,Debt,LongTermDebt,us-gaap/2025,NONCURRENT_DEBT_AGGREGATE,6210000000,20251130,0,USD,long_term_debt
ADBE,0000796343-26-000003,BS,19,Debt,DebtCurrent,us-gaap/2025,CURRENT_DEBT_AGGREGATE,0,20251130,0,USD,total_debt
ADBE,0000796343-26-000003,BS,25,Debt,LongTermDebt,us-gaap/2025,NONCURRENT_DEBT_AGGREGATE,6210000000,20251130,0,USD,total_debt
ADBE,0000796343-26-000003,BS,28,Operating lease liabilities,OperatingLeaseLiabilityNoncurrent,us-gaap/2025,OPERATING_LEASE,361000000,20251130,0,USD,operating_lease_liabilities
ADBE,0000796343-26-000003,BS,22,Operating lease liabilities,OperatingLeaseLiabilityCurrent,us-gaap/2025,OPERATING_LEASE,77000000,20251130,0,USD,operating_lease_liabilities
ADBE,0000796343-26-000003,BS,3,Cash and cash equivalents,CashAndCashEquivalentsAtCarryingValue,us-gaap/2025,CASH,5431000000,20251130,0,USD,cash_and_equivalents
ADBE,0000796343-26-000003,BS,4,Short-term investments,ShortTermInvestments,us-gaap/2025,STI,1164000000,20251130,0,USD,short_term_investments
ADBE,0000796343-26-000003,BS,40,Total liabilities and stockholders equity,LiabilitiesAndStockholdersEquity,us-gaap/2025,BALANCE_CONTROL,29496000000,20251130,0,USD,total_liabilities_and_equity
ADBE,0000796343-26-000003,BS,30,Total liabilities,Liabilities,us-gaap/2025,BALANCE_CONTROL,17873000000,20251130,0,USD,total_liabilities
ADBE,0000796343-26-000003,IS,22,Interest expense,InterestExpenseNonoperating,us-gaap/2025,GROSS_INTEREST,263000000,20251130,4,USD,interest_expense
GLW,0000024741-26-000124,BS,16,Current portion of long-term debt and short-term borrowings (Note 10),DebtCurrent,us-gaap/2025,CURRENT_DEBT_AGGREGATE,804000000,20251231,0,USD,current_debt
GLW,0000024741-26-000124,BS,20,Long-term debt (Note 10),LongTermDebtAndCapitalLeaseObligations,us-gaap/2025,NONCURRENT_DEBT_AGGREGATE,7630000000,20251231,0,USD,long_term_debt
GLW,0000024741-26-000124,BS,16,Current portion of long-term debt and short-term borrowings (Note 10),DebtCurrent,us-gaap/2025,CURRENT_DEBT_AGGREGATE,804000000,20251231,0,USD,total_debt
GLW,0000024741-26-000124,BS,20,Long-term debt (Note 10),LongTermDebtAndCapitalLeaseObligations,us-gaap/2025,NONCURRENT_DEBT_AGGREGATE,7630000000,20251231,0,USD,total_debt
GLW,0000024741-26-000124,BS,3,Cash and cash equivalents,CashAndCashEquivalentsAtCarryingValue,us-gaap/2025,CASH,1526000000,20251231,0,USD,cash_and_equivalents
GLW,0000024741-26-000124,BS,34,Total Liabilities and Equity,LiabilitiesAndStockholdersEquity,us-gaap/2025,BALANCE_CONTROL,30976000000,20251231,0,USD,total_liabilities_and_equity
GLW,0000024741-26-000124,BS,23,Total liabilities,Liabilities,us-gaap/2025,BALANCE_CONTROL,18669000000,20251231,0,USD,total_liabilities
GLW,0000024741-26-000124,IS,10,Interest expense,InterestExpenseNonoperating,us-gaap/2025,GROSS_INTEREST,336000000,20251231,4,USD,interest_expense
ACN,0001467373-25-000217,BS,29,Current portion of long-term debt and bank borrowings,DebtCurrent,us-gaap/2025,CURRENT_DEBT_AGGREGATE,114484000,20250831,0,USD,current_debt
ACN,0001467373-25-000217,BS,38,Long-term debt,LongTermDebtAndCapitalLeaseObligations,us-gaap/2025,NONCURRENT_DEBT_AGGREGATE,5034169000,20250831,0,USD,long_term_debt
ACN,0001467373-25-000217,BS,29,Current portion of long-term debt and bank borrowings,DebtCurrent,us-gaap/2025,CURRENT_DEBT_AGGREGATE,114484000,20250831,0,USD,total_debt
ACN,0001467373-25-000217,BS,38,Long-term debt,LongTermDebtAndCapitalLeaseObligations,us-gaap/2025,NONCURRENT_DEBT_AGGREGATE,5034169000,20250831,0,USD,total_debt
ACN,0001467373-25-000217,BS,43,Lease liabilities,OperatingLeaseLiabilityNoncurrent,us-gaap/2025,OPERATING_LEASE,2305210000,20250831,0,USD,operating_lease_liabilities
ACN,0001467373-25-000217,BS,34,Lease liabilities,OperatingLeaseLiabilityCurrent,us-gaap/2025,OPERATING_LEASE,729003000,20250831,0,USD,operating_lease_liabilities
ACN,0001467373-25-000217,BS,10,Cash and cash equivalents,CashAndCashEquivalentsAtCarryingValue,us-gaap/2025,CASH,11478729000,20250831,0,USD,cash_and_equivalents
ACN,0001467373-25-000217,BS,11,Short-term investments,ShortTermInvestments,us-gaap/2025,STI,5945000,20250831,0,USD,short_term_investments
ACN,0001467373-25-000217,BS,57,TOTAL LIABILITIES AND SHAREHOLDERS EQUITY,LiabilitiesAndStockholdersEquity,us-gaap/2025,BALANCE_CONTROL,65394897000,20250831,0,USD,total_liabilities_and_equity
ACN,0001467373-25-000217,IS,11,Interest expense,InterestExpense,us-gaap/2025,GROSS_INTEREST,228555000,20250831,4,USD,interest_expense
MDT,0001628280-26-044354,BS,17,Current debt obligations,DebtCurrent,us-gaap/2026,CURRENT_DEBT_AGGREGATE,1788000000,20260430,0,USD,current_debt
MDT,0001628280-26-044354,BS,23,Long-term debt,LongTermDebtAndCapitalLeaseObligations,us-gaap/2026,NONCURRENT_DEBT_AGGREGATE,26173000000,20260430,0,USD,long_term_debt
MDT,0001628280-26-044354,BS,17,Current debt obligations,DebtCurrent,us-gaap/2026,CURRENT_DEBT_AGGREGATE,1788000000,20260430,0,USD,total_debt
MDT,0001628280-26-044354,BS,23,Long-term debt,LongTermDebtAndCapitalLeaseObligations,us-gaap/2026,NONCURRENT_DEBT_AGGREGATE,26173000000,20260430,0,USD,total_debt
MDT,0001628280-26-044354,BS,3,Cash and cash equivalents,CashAndCashEquivalentsAtCarryingValue,us-gaap/2026,CASH,1949000000,20260430,0,USD,cash_and_equivalents
MDT,0001628280-26-044354,BS,4,Investments,ShortTermInvestments,us-gaap/2026,STI,7271000000,20260430,0,USD,short_term_investments
MDT,0001628280-26-044354,BS,38,Total liabilities and equity,LiabilitiesAndStockholdersEquity,us-gaap/2026,BALANCE_CONTROL,93028000000,20260430,0,USD,total_liabilities_and_equity
MDT,0001628280-26-044354,BS,28,Total liabilities,Liabilities,us-gaap/2026,BALANCE_CONTROL,42956000000,20260430,0,USD,total_liabilities
MDT,0001628280-26-044354,IS,12,"Interest expense, net",InterestExpenseNonoperating,us-gaap/2026,GROSS_INTEREST,715000000,20260430,4,USD,interest_expense
LOW,0000060667-26-000029,BS,19,Current maturities of long-term debt,LongTermDebtAndCapitalLeaseObligationsCurrent,us-gaap/2025,CURRENT_DEBT_AGGREGATE,2431000000,20260131,0,USD,current_debt
LOW,0000060667-26-000029,BS,26,"Long-term debt, excluding current maturities",LongTermDebtAndCapitalLeaseObligations,us-gaap/2025,NONCURRENT_DEBT_AGGREGATE,37490000000,20260131,0,USD,long_term_debt
LOW,0000060667-26-000029,BS,19,Current maturities of long-term debt,LongTermDebtAndCapitalLeaseObligationsCurrent,us-gaap/2025,CURRENT_DEBT_AGGREGATE,2431000000,20260131,0,USD,total_debt
LOW,0000060667-26-000029,BS,26,"Long-term debt, excluding current maturities",LongTermDebtAndCapitalLeaseObligations,us-gaap/2025,NONCURRENT_DEBT_AGGREGATE,37490000000,20260131,0,USD,total_debt
LOW,0000060667-26-000029,BS,27,Noncurrent operating lease liabilities,OperatingLeaseLiabilityNoncurrent,us-gaap/2025,OPERATING_LEASE,4043000000,20260131,0,USD,operating_lease_liabilities
LOW,0000060667-26-000029,BS,20,Current operating lease liabilities,OperatingLeaseLiabilityCurrent,us-gaap/2025,OPERATING_LEASE,713000000,20260131,0,USD,operating_lease_liabilities
LOW,0000060667-26-000029,BS,3,Cash and cash equivalents,CashAndCashEquivalentsAtCarryingValue,us-gaap/2025,CASH,982000000,20260131,0,USD,cash_and_equivalents
LOW,0000060667-26-000029,BS,4,Short-term investments,ShortTermInvestments,us-gaap/2025,STI,370000000,20260131,0,USD,short_term_investments
LOW,0000060667-26-000029,BS,40,Total liabilities and shareholders deficit,LiabilitiesAndStockholdersEquity,us-gaap/2025,BALANCE_CONTROL,54144000000,20260131,0,USD,total_liabilities_and_equity
LOW,0000060667-26-000029,BS,31,Total liabilities,Liabilities,us-gaap/2025,BALANCE_CONTROL,64061000000,20260131,0,USD,total_liabilities
ADP,0000008670-25-000037,BS,26,Obligations under commercial paper borrowings,CommercialPaper,us-gaap/2025,CURRENT_DEBT,4769500000,20250630,0,USD,current_debt
ADP,0000008670-25-000037,BS,31,Long-term debt,LongTermDebtNoncurrent,us-gaap/2025,NONCURRENT_DEBT_AGGREGATE,3974700000,20250630,0,USD,long_term_debt
ADP,0000008670-25-000037,BS,26,Obligations under commercial paper borrowings,CommercialPaper,us-gaap/2025,CURRENT_DEBT,4769500000,20250630,0,USD,total_debt
ADP,0000008670-25-000037,BS,31,Long-term debt,LongTermDebtNoncurrent,us-gaap/2025,NONCURRENT_DEBT_AGGREGATE,3974700000,20250630,0,USD,total_debt
ADP,0000008670-25-000037,BS,32,Operating lease liabilities,OperatingLeaseLiabilityNoncurrent,us-gaap/2025,OPERATING_LEASE,321200000,20250630,0,USD,operating_lease_liabilities
ADP,0000008670-25-000037,BS,3,Cash and cash equivalents,CashAndCashEquivalentsAtCarryingValue,us-gaap/2025,CASH,3347800000,20250630,0,USD,cash_and_equivalents
ADP,0000008670-25-000037,BS,4,Short-term marketable securities,MarketableSecuritiesCurrent,us-gaap/2025,STI,4498800000,20250630,0,USD,short_term_investments
ADP,0000008670-25-000037,BS,46,Total liabilities and stockholders equity,LiabilitiesAndStockholdersEquity,us-gaap/2025,BALANCE_CONTROL,53369300000,20250630,0,USD,total_liabilities_and_equity
ADP,0000008670-25-000037,BS,36,Total liabilities,Liabilities,us-gaap/2025,BALANCE_CONTROL,47181300000,20250630,0,USD,total_liabilities
ADP,0000008670-25-000037,IS,17,Interest expense,InterestExpense,us-gaap/2025,GROSS_INTEREST,455900000,20250630,4,USD,interest_expense
MO,0000764180-26-000017,BS,26,Current portion of long-term debt,LongTermDebtCurrent,us-gaap/2025,CURRENT_DEBT,1569000000,20251231,0,USD,current_debt
MO,0000764180-26-000017,BS,34,Long-term debt,LongTermDebtNoncurrent,us-gaap/2025,NONCURRENT_DEBT_AGGREGATE,24140000000,20251231,0,USD,long_term_debt
MO,0000764180-26-000017,BS,26,Current portion of long-term debt,LongTermDebtCurrent,us-gaap/2025,CURRENT_DEBT,1569000000,20251231,0,USD,total_debt
MO,0000764180-26-000017,BS,34,Long-term debt,LongTermDebtNoncurrent,us-gaap/2025,NONCURRENT_DEBT_AGGREGATE,24140000000,20251231,0,USD,total_debt
MO,0000764180-26-000017,BS,2,Cash and cash equivalents,CashAndCashEquivalentsAtCarryingValue,us-gaap/2025,CASH,4474000000,20251231,0,USD,cash_and_equivalents
MO,0000764180-26-000017,BS,50,Total Liabilities and Stockholders Equity (Deficit),LiabilitiesAndStockholdersEquity,us-gaap/2025,BALANCE_CONTROL,35017000000,20251231,0,USD,total_liabilities_and_equity
MO,0000764180-26-000017,BS,39,Total liabilities,Liabilities,us-gaap/2025,BALANCE_CONTROL,38469000000,20251231,0,USD,total_liabilities
MO,0000764180-26-000017,CF,45,Cash paid: Interest,InterestPaidNet,us-gaap/2025,INTEREST_PAID,1114000000,20251231,4,USD,interest_expense
LMT,0001628280-26-004195,BS,21,Current maturities of long-term debt,LongTermDebtCurrent,us-gaap/2025,CURRENT_DEBT,1168000000,20251231,0,USD,current_debt
LMT,0001628280-26-004195,BS,24,"Long-term debt, net",LongTermDebtNoncurrent,us-gaap/2025,NONCURRENT_DEBT_AGGREGATE,20532000000,20251231,0,USD,long_term_debt
LMT,0001628280-26-004195,BS,21,Current maturities of long-term debt,LongTermDebtCurrent,us-gaap/2025,CURRENT_DEBT,1168000000,20251231,0,USD,total_debt
LMT,0001628280-26-004195,BS,24,"Long-term debt, net",LongTermDebtNoncurrent,us-gaap/2025,NONCURRENT_DEBT_AGGREGATE,20532000000,20251231,0,USD,total_debt
LMT,0001628280-26-004195,BS,3,Cash and cash equivalents,CashAndCashEquivalentsAtCarryingValue,us-gaap/2025,CASH,4121000000,20251231,0,USD,cash_and_equivalents
LMT,0001628280-26-004195,BS,34,Total liabilities and equity,LiabilitiesAndStockholdersEquity,us-gaap/2025,BALANCE_CONTROL,59840000000,20251231,0,USD,total_liabilities_and_equity
LMT,0001628280-26-004195,BS,27,Total liabilities,Liabilities,us-gaap/2025,BALANCE_CONTROL,53119000000,20251231,0,USD,total_liabilities
LMT,0001628280-26-004195,IS,17,Interest expense,InterestExpenseNonoperating,us-gaap/2025,GROSS_INTEREST,1118000000,20251231,4,USD,interest_expense
SYK,0000310764-26-000010,BS,33,Current maturities of debt,DebtCurrent,us-gaap/2025,CURRENT_DEBT_AGGREGATE,1000000000,20251231,0,USD,current_debt
SYK,0000310764-26-000010,BS,35,"Long-term debt, excluding current maturities",LongTermDebtNoncurrent,us-gaap/2025,NONCURRENT_DEBT_AGGREGATE,14859000000,20251231,0,USD,long_term_debt
SYK,0000310764-26-000010,BS,33,Current maturities of debt,DebtCurrent,us-gaap/2025,CURRENT_DEBT_AGGREGATE,1000000000,20251231,0,USD,total_debt
SYK,0000310764-26-000010,BS,35,"Long-term debt, excluding current maturities",LongTermDebtNoncurrent,us-gaap/2025,NONCURRENT_DEBT_AGGREGATE,14859000000,20251231,0,USD,total_debt
SYK,0000310764-26-000010,BS,3,Cash and cash equivalents,CashAndCashEquivalentsAtCarryingValue,us-gaap/2025,CASH,4011000000,20251231,0,USD,cash_and_equivalents
SYK,0000310764-26-000010,BS,5,Marketable securities,AvailableForSaleSecuritiesDebtSecuritiesCurrent,us-gaap/2025,STI,89000000,20251231,0,USD,short_term_investments
SYK,0000310764-26-000010,BS,45,Total liabilities & shareholders' equity,LiabilitiesAndStockholdersEquity,us-gaap/2025,BALANCE_CONTROL,47844000000,20251231,0,USD,total_liabilities_and_equity
SYK,0000310764-26-000010,BS,38,Total liabilities,Liabilities,us-gaap/2025,BALANCE_CONTROL,25424000000,20251231,0,USD,total_liabilities
SYK,0000310764-26-000010,IS,10,Interest expense,InterestExpenseNonoperating,us-gaap/2025,GROSS_INTEREST,607000000,20251231,4,USD,interest_expense
BNY,0001390777-26-000033,BS,29,Commercial paper,CommercialPaper,us-gaap/2025,CURRENT_DEBT,2003000000,20251231,0,USD,current_debt
BNY,0001390777-26-000033,BS,33,Long-term debt,LongTermDebt,us-gaap/2025,NONCURRENT_DEBT_AGGREGATE,31873000000,20251231,0,USD,long_term_debt
BNY,0001390777-26-000033,BS,29,Commercial paper,CommercialPaper,us-gaap/2025,CURRENT_DEBT,2003000000,20251231,0,USD,total_debt
BNY,0001390777-26-000033,BS,33,Long-term debt,LongTermDebt,us-gaap/2025,NONCURRENT_DEBT_AGGREGATE,31873000000,20251231,0,USD,total_debt
BNY,0001390777-26-000033,BS,47,"Total liabilities, temporary equity and permanent equity",LiabilitiesAndStockholdersEquity,us-gaap/2025,BALANCE_CONTROL,472300000000,20251231,0,USD,total_liabilities_and_equity
BNY,0001390777-26-000033,BS,34,Total liabilities,Liabilities,us-gaap/2025,BALANCE_CONTROL,427492000000,20251231,0,USD,total_liabilities
BNY,0001390777-26-000033,CF,54,Interest paid,InterestPaidNet,us-gaap/2025,INTEREST_PAID,20629000000,20251231,4,USD,interest_expense
FCX,0000831259-26-000012,BS,21,Current portion of debt,LongTermDebtCurrent,us-gaap/2024,CURRENT_DEBT,466000000,20251231,0,USD,current_debt
FCX,0000831259-26-000012,BS,26,"Long-term debt, less current portion",LongTermDebtNoncurrent,us-gaap/2024,NONCURRENT_DEBT_AGGREGATE,8913000000,20251231,0,USD,long_term_debt
FCX,0000831259-26-000012,BS,21,Current portion of debt,LongTermDebtCurrent,us-gaap/2024,CURRENT_DEBT,466000000,20251231,0,USD,total_debt
FCX,0000831259-26-000012,BS,26,"Long-term debt, less current portion",LongTermDebtNoncurrent,us-gaap/2024,NONCURRENT_DEBT_AGGREGATE,8913000000,20251231,0,USD,total_debt
FCX,0000831259-26-000012,BS,29,Long-term leases,OperatingLeaseLiabilityNoncurrent,us-gaap/2024,OPERATING_LEASE,1010000000,20251231,0,USD,operating_lease_liabilities
FCX,0000831259-26-000012,BS,3,Cash and cash equivalents,CashAndCashEquivalentsAtCarryingValue,us-gaap/2024,CASH,3824000000,20251231,0,USD,cash_and_equivalents
FCX,0000831259-26-000012,BS,42,Total liabilities and equity,LiabilitiesAndStockholdersEquity,us-gaap/2024,BALANCE_CONTROL,58167000000,20251231,0,USD,total_liabilities_and_equity
FCX,0000831259-26-000012,BS,31,Total liabilities,Liabilities,us-gaap/2024,BALANCE_CONTROL,27401000000,20251231,0,USD,total_liabilities
MPC,0001510295-26-000009,BS,18,Debt due within one year,LongTermDebtAndCapitalLeaseObligationsCurrent,us-gaap/2025,CURRENT_DEBT_AGGREGATE,2371000000,20251231,0,USD,current_debt
MPC,0001510295-26-000009,BS,22,Long-term debt,LongTermDebtAndCapitalLeaseObligations,us-gaap/2025,NONCURRENT_DEBT_AGGREGATE,30505000000,20251231,0,USD,long_term_debt
MPC,0001510295-26-000009,BS,18,Debt due within one year,LongTermDebtAndCapitalLeaseObligationsCurrent,us-gaap/2025,CURRENT_DEBT_AGGREGATE,2371000000,20251231,0,USD,total_debt
MPC,0001510295-26-000009,BS,22,Long-term debt,LongTermDebtAndCapitalLeaseObligations,us-gaap/2025,NONCURRENT_DEBT_AGGREGATE,30505000000,20251231,0,USD,total_debt
MPC,0001510295-26-000009,BS,25,Long-term operating lease liabilities,OperatingLeaseLiabilityNoncurrent,us-gaap/2025,OPERATING_LEASE,993000000,20251231,0,USD,operating_lease_liabilities
MPC,0001510295-26-000009,BS,19,Operating lease liabilities,OperatingLeaseLiabilityCurrent,us-gaap/2025,OPERATING_LEASE,489000000,20251231,0,USD,operating_lease_liabilities
MPC,0001510295-26-000009,BS,2,Cash and cash equivalents,CashAndCashEquivalentsAtCarryingValue,us-gaap/2025,CASH,3672000000,20251231,0,USD,cash_and_equivalents
MPC,0001510295-26-000009,BS,41,"Total liabilities, redeemable noncontrolling interest and equity",LiabilitiesAndStockholdersEquity,us-gaap/2025,BALANCE_CONTROL,83955000000,20251231,0,USD,total_liabilities_and_equity
MPC,0001510295-26-000009,BS,27,Total liabilities,Liabilities,us-gaap/2025,BALANCE_CONTROL,59869000000,20251231,0,USD,total_liabilities
MPC,0001510295-26-000009,IS,14,Net interest and other financial costs,InterestAndDebtExpense,us-gaap/2025,GROSS_INTEREST,1276000000,20251231,4,USD,interest_expense
VLO,0001628280-26-011499,BS,15,Current portion of debt and finance lease obligations,DebtCurrent,us-gaap/2025,CURRENT_DEBT_AGGREGATE,949000000,20251231,0,USD,current_debt
VLO,0001628280-26-011499,BS,21,"Debt and finance lease obligations, less current portion",LongTermDebtAndCapitalLeaseObligations,us-gaap/2025,NONCURRENT_DEBT_AGGREGATE,9670000000,20251231,0,USD,long_term_debt
VLO,0001628280-26-011499,BS,15,Current portion of debt and finance lease obligations,DebtCurrent,us-gaap/2025,CURRENT_DEBT_AGGREGATE,949000000,20251231,0,USD,total_debt
VLO,0001628280-26-011499,BS,21,"Debt and finance lease obligations, less current portion",LongTermDebtAndCapitalLeaseObligations,us-gaap/2025,NONCURRENT_DEBT_AGGREGATE,9670000000,20251231,0,USD,total_debt
VLO,0001628280-26-011499,BS,3,Cash and cash equivalents,CashAndCashEquivalentsAtCarryingValue,us-gaap/2025,CASH,4688000000,20251231,0,USD,cash_and_equivalents
VLO,0001628280-26-011499,BS,35,Total liabilities and equity,LiabilitiesAndStockholdersEquity,us-gaap/2025,BALANCE_CONTROL,57988000000,20251231,0,USD,total_liabilities_and_equity
VLO,0001628280-26-011499,IS,18,"Interest and debt expense, net of capitalized interest",InterestExpense,us-gaap/2025,GROSS_INTEREST,556000000,20251231,4,USD,interest_expense
FTNT,0001262039-26-000007,BS,22,Current portion of long-term debt,LongTermDebtCurrent,us-gaap/2025,CURRENT_DEBT,499700000,20251231,0,USD,current_debt
FTNT,0001262039-26-000007,BS,26,LONG-TERM DEBT,LongTermDebtNoncurrent,us-gaap/2025,NONCURRENT_DEBT_AGGREGATE,496600000,20251231,0,USD,long_term_debt
FTNT,0001262039-26-000007,BS,22,Current portion of long-term debt,LongTermDebtCurrent,us-gaap/2025,CURRENT_DEBT,499700000,20251231,0,USD,total_debt
FTNT,0001262039-26-000007,BS,26,LONG-TERM DEBT,LongTermDebtNoncurrent,us-gaap/2025,NONCURRENT_DEBT_AGGREGATE,496600000,20251231,0,USD,total_debt
FTNT,0001262039-26-000007,BS,3,Cash and cash equivalents,CashAndCashEquivalentsAtCarryingValue,us-gaap/2025,CASH,2495300000,20251231,0,USD,cash_and_equivalents
FTNT,0001262039-26-000007,BS,36,TOTAL LIABILITIES AND STOCKHOLDERS EQUITY,LiabilitiesAndStockholdersEquity,us-gaap/2025,BALANCE_CONTROL,10389200000,20251231,0,USD,total_liabilities_and_equity
FTNT,0001262039-26-000007,BS,28,Total liabilities,Liabilities,us-gaap/2025,BALANCE_CONTROL,9151700000,20251231,0,USD,total_liabilities
FTNT,0001262039-26-000007,IS,21,INTEREST EXPENSE,InterestExpense,us-gaap/2025,GROSS_INTEREST,20100000,20251231,4,USD,interest_expense
BX,0001193125-26-082531,BS,25,Operating Lease Liabilities,OperatingLeaseLiability,us-gaap/2025,OPERATING_LEASE,861021000,20251231,0,USD,operating_lease_liabilities
BX,0001193125-26-082531,BS,10,Cash and Cash Equivalents,CashAndCashEquivalentsAtCarryingValue,us-gaap/2025,CASH,2631241000,20251231,0,USD,cash_and_equivalents
BX,0001193125-26-082531,BS,40,Total Liabilities and Equity,LiabilitiesAndStockholdersEquity,us-gaap/2025,BALANCE_CONTROL,47708975000,20251231,0,USD,total_liabilities_and_equity
BX,0001193125-26-082531,BS,27,Total Liabilities,Liabilities,us-gaap/2025,BALANCE_CONTROL,25827803000,20251231,0,USD,total_liabilities
BX,0001193125-26-082531,IS,32,Interest Expense,InterestExpense,us-gaap/2025,GROSS_INTEREST,508314000,20251231,4,USD,interest_expense
MCK,0000927653-26-000069,BS,17,Current portion of long-term debt,LongTermDebtAndCapitalLeaseObligationsCurrent,us-gaap/2025,CURRENT_DEBT_AGGREGATE,1267000000,20260331,0,USD,current_debt
MCK,0000927653-26-000069,BS,21,Long-term debt,LongTermDebtAndCapitalLeaseObligations,us-gaap/2025,NONCURRENT_DEBT_AGGREGATE,5259000000,20260331,0,USD,long_term_debt
MCK,0000927653-26-000069,BS,17,Current portion of long-term debt,LongTermDebtAndCapitalLeaseObligationsCurrent,us-gaap/2025,CURRENT_DEBT_AGGREGATE,1267000000,20260331,0,USD,total_debt
MCK,0000927653-26-000069,BS,21,Long-term debt,LongTermDebtAndCapitalLeaseObligations,us-gaap/2025,NONCURRENT_DEBT_AGGREGATE,5259000000,20260331,0,USD,total_debt
MCK,0000927653-26-000069,BS,23,Long-term operating lease liabilities,OperatingLeaseLiabilityNoncurrent,us-gaap/2025,OPERATING_LEASE,1801000000,20260331,0,USD,operating_lease_liabilities
MCK,0000927653-26-000069,BS,18,Current portion of operating lease liabilities,OperatingLeaseLiabilityCurrent,us-gaap/2025,OPERATING_LEASE,287000000,20260331,0,USD,operating_lease_liabilities
MCK,0000927653-26-000069,BS,3,Cash and cash equivalents,CashAndCashEquivalentsAtCarryingValue,us-gaap/2025,CASH,3975000000,20260331,0,USD,cash_and_equivalents
MCK,0000927653-26-000069,BS,38,"Total liabilities, redeemable noncontrolling interests, and deficit",LiabilitiesAndStockholdersEquity,us-gaap/2025,BALANCE_CONTROL,82323000000,20260331,0,USD,total_liabilities_and_equity
MCK,0000927653-26-000069,IS,10,Interest expense,InterestExpenseNonoperating,us-gaap/2025,GROSS_INTEREST,247000000,20260331,4,USD,interest_expense
CME,0001156375-26-000009,BS,23,Short-term debt,ShortTermBorrowings,us-gaap/2025,CURRENT_DEBT,0,20251231,0,USD,current_debt
CME,0001156375-26-000009,BS,27,Long-term debt,UnsecuredLongTermDebt,us-gaap/2025,NONCURRENT_DEBT,3422300000,20251231,0,USD,long_term_debt
CME,0001156375-26-000009,BS,25,Performance bonds and guaranty fund contributions,MarginDepositsAndGuarantyFundsLiabilitiesCurrent,0001156375-26-000009,CUSTOM_DEBT,159656100000,20251231,0,USD,total_debt
CME,0001156375-26-000009,BS,9,Cash and cash equivalents,CashAndCashEquivalentsAtCarryingValue,us-gaap/2025,CASH,4416900000,20251231,0,USD,cash_and_equivalents
CME,0001156375-26-000009,BS,10,Marketable securities,MarketableSecuritiesCurrent,us-gaap/2025,STI,125000000,20251231,0,USD,short_term_investments
CME,0001156375-26-000009,BS,38,Total Liabilities and Shareholders' Equity,LiabilitiesAndStockholdersEquity,us-gaap/2025,BALANCE_CONTROL,198424200000,20251231,0,USD,total_liabilities_and_equity
CME,0001156375-26-000009,BS,30,Total Liabilities,Liabilities,us-gaap/2025,BALANCE_CONTROL,169696000000,20251231,0,USD,total_liabilities
CME,0001156375-26-000009,IS,22,Interest and other borrowing costs,InterestAndDebtExpense,us-gaap/2025,GROSS_INTEREST,173400000,20251231,4,USD,interest_expense
EQIX,0001101239-26-000032,BS,27,"Senior notes, less current portion",SeniorLongTermNotes,us-gaap/2025,NONCURRENT_DEBT,16910000000,20251231,0,USD,long_term_debt
EQIX,0001101239-26-000032,BS,19,Current portion of finance lease liabilities,FinanceLeaseLiabilityCurrent,us-gaap/2025,FINANCE_LEASE,168000000,20251231,0,USD,finance_lease_liabilities
EQIX,0001101239-26-000032,BS,25,"Finance lease liabilities, less current portion",FinanceLeaseLiabilityNoncurrent,us-gaap/2025,FINANCE_LEASE,2187000000,20251231,0,USD,finance_lease_liabilities
EQIX,0001101239-26-000032,BS,27,"Senior notes, less current portion",SeniorLongTermNotes,us-gaap/2025,NONCURRENT_DEBT,16910000000,20251231,0,USD,total_debt
EQIX,0001101239-26-000032,BS,19,Current portion of finance lease liabilities,FinanceLeaseLiabilityCurrent,us-gaap/2025,FINANCE_LEASE,168000000,20251231,0,USD,total_debt
EQIX,0001101239-26-000032,BS,25,"Finance lease liabilities, less current portion",FinanceLeaseLiabilityNoncurrent,us-gaap/2025,FINANCE_LEASE,2187000000,20251231,0,USD,total_debt
EQIX,0001101239-26-000032,BS,24,"Operating lease liabilities, less current portion",OperatingLeaseLiabilityNoncurrent,us-gaap/2025,OPERATING_LEASE,1304000000,20251231,0,USD,operating_lease_liabilities
EQIX,0001101239-26-000032,BS,18,Current portion of operating lease liabilities,OperatingLeaseLiabilityCurrent,us-gaap/2025,OPERATING_LEASE,155000000,20251231,0,USD,operating_lease_liabilities
EQIX,0001101239-26-000032,BS,3,Cash and cash equivalents,CashAndCashEquivalentsAtCarryingValue,us-gaap/2025,CASH,1727000000,20251231,0,USD,cash_and_equivalents
EQIX,0001101239-26-000032,BS,4,Short-term investments,ShortTermInvestments,us-gaap/2025,STI,1500000000,20251231,0,USD,short_term_investments
EQIX,0001101239-26-000032,BS,42,"Total liabilities, redeemable non-controlling interest and stockholders' equity",LiabilitiesAndStockholdersEquity,us-gaap/2025,BALANCE_CONTROL,40141000000,20251231,0,USD,total_liabilities_and_equity
EQIX,0001101239-26-000032,BS,29,Total liabilities,Liabilities,us-gaap/2025,BALANCE_CONTROL,25963000000,20251231,0,USD,total_liabilities
EQIX,0001101239-26-000032,IS,13,Interest expense,InterestExpenseNonoperating,us-gaap/2025,GROSS_INTEREST,527000000,20251231,4,USD,interest_expense
INTU,0000896878-25-000035,BS,23,Short-term debt,LongTermDebtCurrent,us-gaap/2025,CURRENT_DEBT,0,20250731,0,USD,current_debt
INTU,0000896878-25-000035,BS,31,Long-term debt,LongTermDebtNoncurrent,us-gaap/2025,NONCURRENT_DEBT_AGGREGATE,5973000000,20250731,0,USD,long_term_debt
INTU,0000896878-25-000035,BS,23,Short-term debt,LongTermDebtCurrent,us-gaap/2025,CURRENT_DEBT,0,20250731,0,USD,total_debt
INTU,0000896878-25-000035,BS,31,Long-term debt,LongTermDebtNoncurrent,us-gaap/2025,NONCURRENT_DEBT_AGGREGATE,5973000000,20250731,0,USD,total_debt
INTU,0000896878-25-000035,BS,32,Operating lease liabilities,OperatingLeaseLiabilityNoncurrent,us-gaap/2025,OPERATING_LEASE,597000000,20250731,0,USD,operating_lease_liabilities
INTU,0000896878-25-000035,BS,3,Cash and cash equivalents,CashAndCashEquivalentsAtCarryingValue,us-gaap/2025,CASH,2884000000,20250731,0,USD,cash_and_equivalents
INTU,0000896878-25-000035,BS,44,Total liabilities and stockholders equity,LiabilitiesAndStockholdersEquity,us-gaap/2025,BALANCE_CONTROL,36958000000,20250731,0,USD,total_liabilities_and_equity
INTU,0000896878-25-000035,BS,34,Total liabilities,Liabilities,us-gaap/2025,BALANCE_CONTROL,17248000000,20250731,0,USD,total_liabilities
INTU,0000896878-25-000035,IS,20,Interest expense,InterestExpenseDebt,us-gaap/2025,GROSS_INTEREST,247000000,20250731,4,USD,interest_expense
VRT,0001674101-26-000008,BS,20,Current portion of long-term debt,LongTermDebtCurrent,us-gaap/2025,CURRENT_DEBT,20900000,20251231,0,USD,current_debt
VRT,0001674101-26-000008,BS,26,"Long-term debt, net",LongTermDebtNoncurrent,us-gaap/2025,NONCURRENT_DEBT_AGGREGATE,2892100000,20251231,0,USD,long_term_debt
VRT,0001674101-26-000008,BS,20,Current portion of long-term debt,LongTermDebtCurrent,us-gaap/2025,CURRENT_DEBT,20900000,20251231,0,USD,total_debt
VRT,0001674101-26-000008,BS,26,"Long-term debt, net",LongTermDebtNoncurrent,us-gaap/2025,NONCURRENT_DEBT_AGGREGATE,2892100000,20251231,0,USD,total_debt
VRT,0001674101-26-000008,BS,3,Cash and cash equivalents,CashAndCashEquivalentsAtCarryingValue,us-gaap/2025,CASH,1728400000,20251231,0,USD,cash_and_equivalents
VRT,0001674101-26-000008,BS,38,Total liabilities and equity,LiabilitiesAndStockholdersEquity,us-gaap/2025,BALANCE_CONTROL,12212400000,20251231,0,USD,total_liabilities_and_equity
VRT,0001674101-26-000008,BS,30,Total liabilities,Liabilities,us-gaap/2025,BALANCE_CONTROL,8271100000,20251231,0,USD,total_liabilities
VRT,0001674101-26-000008,IS,18,"Interest expense, net",InterestExpense,us-gaap/2025,GROSS_INTEREST,86100000,20251231,4,USD,interest_expense
SO,0000092122-26-000006,BS,47,Securities due within one year,LongTermDebtAndCapitalLeaseObligationsCurrent,us-gaap/2025,CURRENT_DEBT_AGGREGATE,6220000000,20251231,0,USD,current_debt
SO,0000092122-26-000006,BS,63,Long-Term Debt,LongTermDebtAndCapitalLeaseObligations,us-gaap/2025,NONCURRENT_DEBT_AGGREGATE,65649000000,20251231,0,USD,long_term_debt
SO,0000092122-26-000006,BS,47,Securities due within one year,LongTermDebtAndCapitalLeaseObligationsCurrent,us-gaap/2025,CURRENT_DEBT_AGGREGATE,6220000000,20251231,0,USD,total_debt
SO,0000092122-26-000006,BS,63,Long-Term Debt,LongTermDebtAndCapitalLeaseObligations,us-gaap/2025,NONCURRENT_DEBT_AGGREGATE,65649000000,20251231,0,USD,total_debt
SO,0000092122-26-000006,BS,69,"Operating lease obligations, deferred",OperatingLeaseLiabilityNoncurrent,us-gaap/2025,OPERATING_LEASE,1287000000,20251231,0,USD,operating_lease_liabilities
SO,0000092122-26-000006,BS,58,Operating lease obligations,OperatingLeaseLiabilityCurrent,us-gaap/2025,OPERATING_LEASE,197000000,20251231,0,USD,operating_lease_liabilities
SO,0000092122-26-000006,BS,3,Cash and cash equivalents,CashAndCashEquivalentsAtCarryingValue,us-gaap/2025,CASH,1639000000,20251231,0,USD,cash_and_equivalents
SO,0000092122-26-000006,BS,85,Total Liabilities and Stockholders' Equity,LiabilitiesAndStockholdersEquity,us-gaap/2025,BALANCE_CONTROL,155720000000,20251231,0,USD,total_liabilities_and_equity
SO,0000092122-26-000006,BS,75,Total Liabilities,Liabilities,us-gaap/2025,BALANCE_CONTROL,116853000000,20251231,0,USD,total_liabilities
SO,0000092122-26-000006,IS,25,"Interest expense, net of amounts capitalized",InterestAndDebtExpense,us-gaap/2025,GROSS_INTEREST,3238000000,20251231,4,USD,interest_expense
PSX,0001534701-26-000006,BS,21,Short-term debt,DebtCurrent,us-gaap/2025,CURRENT_DEBT_AGGREGATE,1038000000,20251231,0,USD,current_debt
PSX,0001534701-26-000006,BS,26,Long-term debt,LongTermDebtAndCapitalLeaseObligations,us-gaap/2025,NONCURRENT_DEBT_AGGREGATE,18678000000,20251231,0,USD,long_term_debt
PSX,0001534701-26-000006,BS,21,Short-term debt,DebtCurrent,us-gaap/2025,CURRENT_DEBT_AGGREGATE,1038000000,20251231,0,USD,total_debt
PSX,0001534701-26-000006,BS,26,Long-term debt,LongTermDebtAndCapitalLeaseObligations,us-gaap/2025,NONCURRENT_DEBT_AGGREGATE,18678000000,20251231,0,USD,total_debt
PSX,0001534701-26-000006,BS,8,Cash and cash equivalents,CashAndCashEquivalentsAtCarryingValue,us-gaap/2025,CASH,1116000000,20251231,0,USD,cash_and_equivalents
PSX,0001534701-26-000006,BS,41,Total Liabilities and Equity,LiabilitiesAndStockholdersEquity,us-gaap/2025,BALANCE_CONTROL,73680000000,20251231,0,USD,total_liabilities_and_equity
PSX,0001534701-26-000006,BS,31,Total Liabilities,Liabilities,us-gaap/2025,BALANCE_CONTROL,43439000000,20251231,0,USD,total_liabilities
PSX,0001534701-26-000006,IS,15,Interest and debt expense,InterestAndDebtExpense,us-gaap/2025,GROSS_INTEREST,1039000000,20251231,4,USD,interest_expense
TT,0001628280-26-005731,BS,21,Short-term borrowings and current maturities of long-term debt,DebtCurrent,us-gaap/2025,CURRENT_DEBT_AGGREGATE,693000000,20251231,0,USD,current_debt
TT,0001628280-26-005731,BS,23,Long-term debt,LongTermDebtNoncurrent,us-gaap/2025,NONCURRENT_DEBT_AGGREGATE,3922100000,20251231,0,USD,long_term_debt
TT,0001628280-26-005731,BS,21,Short-term borrowings and current maturities of long-term debt,DebtCurrent,us-gaap/2025,CURRENT_DEBT_AGGREGATE,693000000,20251231,0,USD,total_debt
TT,0001628280-26-005731,BS,23,Long-term debt,LongTermDebtNoncurrent,us-gaap/2025,NONCURRENT_DEBT_AGGREGATE,3922100000,20251231,0,USD,total_debt
TT,0001628280-26-005731,BS,7,Cash and cash equivalents,CashAndCashEquivalentsAtCarryingValue,us-gaap/2025,CASH,1763300000,20251231,0,USD,cash_and_equivalents
TT,0001628280-26-005731,BS,39,Total liabilities and equity,LiabilitiesAndStockholdersEquity,us-gaap/2025,BALANCE_CONTROL,21420700000,20251231,0,USD,total_liabilities_and_equity
TT,0001628280-26-005731,BS,27,Total liabilities,Liabilities,us-gaap/2025,BALANCE_CONTROL,12819800000,20251231,0,USD,total_liabilities
TT,0001628280-26-005731,IS,11,Interest expense,InterestExpense,us-gaap/2025,GROSS_INTEREST,226700000,20251231,4,USD,interest_expense
HWM,0000004281-26-000012,BS,23,Long-term debt due within one year (Q and R),LongTermDebtCurrent,us-gaap/2025,CURRENT_DEBT,191000000,20251231,0,USD,current_debt
HWM,0000004281-26-000012,BS,25,"Long-term debt, less amount due within one year (Q and R)",LongTermDebtNoncurrent,us-gaap/2025,NONCURRENT_DEBT_AGGREGATE,2859000000,20251231,0,USD,long_term_debt
HWM,0000004281-26-000012,BS,23,Long-term debt due within one year (Q and R),LongTermDebtCurrent,us-gaap/2025,CURRENT_DEBT,191000000,20251231,0,USD,total_debt
HWM,0000004281-26-000012,BS,25,"Long-term debt, less amount due within one year (Q and R)",LongTermDebtNoncurrent,us-gaap/2025,NONCURRENT_DEBT_AGGREGATE,2859000000,20251231,0,USD,total_debt
HWM,0000004281-26-000012,BS,3,Cash and cash equivalents,CashAndCashEquivalentsAtCarryingValue,us-gaap/2025,CASH,742000000,20251231,0,USD,cash_and_equivalents
HWM,0000004281-26-000012,BS,39,Total liabilities and equity,LiabilitiesAndStockholdersEquity,us-gaap/2025,BALANCE_CONTROL,11179000000,20251231,0,USD,total_liabilities_and_equity
HWM,0000004281-26-000012,BS,29,Total liabilities,Liabilities,us-gaap/2025,BALANCE_CONTROL,5826000000,20251231,0,USD,total_liabilities
PNC,0000713676-26-000020,BS,25,Total borrowed funds,LongTermDebt,us-gaap/2025,NONCURRENT_DEBT_AGGREGATE,57101000000,20251231,0,USD,long_term_debt
PNC,0000713676-26-000020,BS,25,Total borrowed funds,LongTermDebt,us-gaap/2025,NONCURRENT_DEBT_AGGREGATE,57101000000,20251231,0,USD,total_debt
PNC,0000713676-26-000020,BS,39,Total liabilities and equity,LiabilitiesAndStockholdersEquity,us-gaap/2025,BALANCE_CONTROL,573572000000,20251231,0,USD,total_liabilities_and_equity
PNC,0000713676-26-000020,BS,28,Total liabilities,Liabilities,us-gaap/2025,BALANCE_CONTROL,512936000000,20251231,0,USD,total_liabilities
PNC,0000713676-26-000020,CF,58,Interest paid,InterestPaidNet,us-gaap/2025,INTEREST_PAID,11154000000,20251231,4,USD,interest_expense
USB,0000036104-26-000011,BS,34,Short-term borrowings,ShortTermBorrowings,us-gaap/2025,CURRENT_DEBT,17162000000,20251231,0,USD,current_debt
USB,0000036104-26-000011,BS,35,"Long-term debt (including $1,414 and $391 of long-term debt carried at fair value, respectively)",LongTermDebtAndCapitalLeaseObligationsIncludingCurrentMaturities,us-gaap/2025,DEBT_AGGREGATE,60764000000,20251231,0,USD,total_debt
USB,0000036104-26-000011,BS,48,Total liabilities and equity,LiabilitiesAndStockholdersEquity,us-gaap/2025,BALANCE_CONTROL,692345000000,20251231,0,USD,total_liabilities_and_equity
USB,0000036104-26-000011,BS,37,Total liabilities,Liabilities,us-gaap/2025,BALANCE_CONTROL,626694000000,20251231,0,USD,total_liabilities
USB,0000036104-26-000011,CF,43,Cash paid for interest,InterestPaidNet,us-gaap/2025,INTEREST_PAID,14388000000,20251231,4,USD,interest_expense
CMCSA,0001628280-26-004994,BS,26,Current portion of debt,DebtCurrent,us-gaap/2025,CURRENT_DEBT_AGGREGATE,5958000000,20251231,0,USD,current_debt
CMCSA,0001628280-26-004994,BS,29,Noncurrent portion of debt,LongTermDebtAndCapitalLeaseObligations,us-gaap/2025,NONCURRENT_DEBT_AGGREGATE,92979000000,20251231,0,USD,long_term_debt
CMCSA,0001628280-26-004994,BS,26,Current portion of debt,DebtCurrent,us-gaap/2025,CURRENT_DEBT_AGGREGATE,5958000000,20251231,0,USD,total_debt
CMCSA,0001628280-26-004994,BS,29,Noncurrent portion of debt,LongTermDebtAndCapitalLeaseObligations,us-gaap/2025,NONCURRENT_DEBT_AGGREGATE,92979000000,20251231,0,USD,total_debt
CMCSA,0001628280-26-004994,BS,9,Cash and cash equivalents,CashAndCashEquivalentsAtCarryingValue,us-gaap/2025,CASH,9481000000,20251231,0,USD,cash_and_equivalents
CMCSA,0001628280-26-004994,BS,44,Total liabilities and equity,LiabilitiesAndStockholdersEquity,us-gaap/2025,BALANCE_CONTROL,272631000000,20251231,0,USD,total_liabilities_and_equity
CMCSA,0001628280-26-004994,IS,10,Interest expense,InterestExpenseNonoperating,us-gaap/2025,GROSS_INTEREST,4409000000,20251231,4,USD,interest_expense
GD,0000040533-26-000006,BS,18,Short-term debt and current portion of long-term debt,DebtCurrent,us-gaap/2024,CURRENT_DEBT_AGGREGATE,1006000000,20251231,0,USD,current_debt
GD,0000040533-26-000006,BS,24,Long-term debt,LongTermDebtNoncurrent,us-gaap/2024,NONCURRENT_DEBT_AGGREGATE,7007000000,20251231,0,USD,long_term_debt
GD,0000040533-26-000006,BS,18,Short-term debt and current portion of long-term debt,DebtCurrent,us-gaap/2024,CURRENT_DEBT_AGGREGATE,1006000000,20251231,0,USD,total_debt
GD,0000040533-26-000006,BS,24,Long-term debt,LongTermDebtNoncurrent,us-gaap/2024,NONCURRENT_DEBT_AGGREGATE,7007000000,20251231,0,USD,total_debt
GD,0000040533-26-000006,BS,3,Cash and equivalents,CashAndCashEquivalentsAtCarryingValue,us-gaap/2024,CASH,2333000000,20251231,0,USD,cash_and_equivalents
GD,0000040533-26-000006,BS,35,Total liabilities and shareholders equity,LiabilitiesAndStockholdersEquity,us-gaap/2024,BALANCE_CONTROL,57249000000,20251231,0,USD,total_liabilities_and_equity
CSX,0000277948-26-000006,BS,22,Current Maturities of Long-term Debt (Note 10),LongTermDebtAndCapitalLeaseObligationsCurrent,us-gaap/2025,CURRENT_DEBT_AGGREGATE,708000000,20251231,0,USD,current_debt
CSX,0000277948-26-000006,BS,28,Long-term Debt (Note 10),LongTermDebtAndCapitalLeaseObligations,us-gaap/2025,NONCURRENT_DEBT_AGGREGATE,18165000000,20251231,0,USD,long_term_debt
CSX,0000277948-26-000006,BS,22,Current Maturities of Long-term Debt (Note 10),LongTermDebtAndCapitalLeaseObligationsCurrent,us-gaap/2025,CURRENT_DEBT_AGGREGATE,708000000,20251231,0,USD,total_debt
CSX,0000277948-26-000006,BS,28,Long-term Debt (Note 10),LongTermDebtAndCapitalLeaseObligations,us-gaap/2025,NONCURRENT_DEBT_AGGREGATE,18165000000,20251231,0,USD,total_debt
CSX,0000277948-26-000006,BS,30,Long-term Lease Liability (Note 7),OperatingLeaseLiabilityNoncurrent,us-gaap/2025,OPERATING_LEASE,479000000,20251231,0,USD,operating_lease_liabilities
CSX,0000277948-26-000006,BS,4,Short-term Investments,ShortTermInvestments,us-gaap/2025,STI,5000000,20251231,0,USD,short_term_investments
CSX,0000277948-26-000006,BS,40,Total Liabilities and Shareholders' Equity,LiabilitiesAndStockholdersEquity,us-gaap/2025,BALANCE_CONTROL,43682000000,20251231,0,USD,total_liabilities_and_equity
CSX,0000277948-26-000006,BS,32,Total Liabilities,Liabilities,us-gaap/2025,BALANCE_CONTROL,30522000000,20251231,0,USD,total_liabilities
CSX,0000277948-26-000006,IS,12,Interest Expense,InterestExpenseNonoperating,us-gaap/2025,GROSS_INTEREST,844000000,20251231,4,USD,interest_expense
CDNS,0000813672-26-000016,BS,21,Long-term debt,UnsecuredLongTermDebt,us-gaap/2025,NONCURRENT_DEBT,2480150000,20251231,0,USD,long_term_debt
CDNS,0000813672-26-000016,BS,21,Long-term debt,UnsecuredLongTermDebt,us-gaap/2025,NONCURRENT_DEBT,2480150000,20251231,0,USD,total_debt
CDNS,0000813672-26-000016,BS,3,Cash and cash equivalents,CashAndCashEquivalentsAtCarryingValue,us-gaap/2025,CASH,3001317000,20251231,0,USD,cash_and_equivalents
CDNS,0000813672-26-000016,BS,32,Total liabilities and stockholders equity,LiabilitiesAndStockholdersEquity,us-gaap/2025,BALANCE_CONTROL,10153148000,20251231,0,USD,total_liabilities_and_equity
CDNS,0000813672-26-000016,IS,19,Interest expense,InterestExpense,us-gaap/2025,GROSS_INTEREST,116541000,20251231,4,USD,interest_expense
DUK,0001326160-26-000014,BS,37,Notes payable and commercial paper,ShortTermBorrowings,us-gaap/2025,CURRENT_DEBT,2624000000,20251231,0,USD,current_debt
DUK,0001326160-26-000014,BS,40,Current maturities of long-term debt,LongTermDebtCurrent,us-gaap/2025,CURRENT_DEBT,7104000000,20251231,0,USD,current_debt
DUK,0001326160-26-000014,BS,46,Long-Term Debt (includes amounts related to VIEs),LongTermDebtNoncurrent,us-gaap/2025,NONCURRENT_DEBT_AGGREGATE,80108000000,20251231,0,USD,long_term_debt
DUK,0001326160-26-000014,BS,37,Notes payable and commercial paper,ShortTermBorrowings,us-gaap/2025,CURRENT_DEBT,2624000000,20251231,0,USD,total_debt
DUK,0001326160-26-000014,BS,40,Current maturities of long-term debt,LongTermDebtCurrent,us-gaap/2025,CURRENT_DEBT,7104000000,20251231,0,USD,total_debt
DUK,0001326160-26-000014,BS,46,Long-Term Debt (includes amounts related to VIEs),LongTermDebtNoncurrent,us-gaap/2025,NONCURRENT_DEBT_AGGREGATE,80108000000,20251231,0,USD,total_debt
DUK,0001326160-26-000014,BS,11,Cash and cash equivalents,CashAndCashEquivalentsAtCarryingValue,us-gaap/2025,CASH,245000000,20251231,0,USD,cash_and_equivalents
DUK,0001326160-26-000014,BS,67,Total Liabilities and Equity,LiabilitiesAndStockholdersEquity,us-gaap/2025,BALANCE_CONTROL,195736000000,20251231,0,USD,total_liabilities_and_equity
DUK,0001326160-26-000014,IS,25,Interest Expense,InterestExpense,us-gaap/2025,GROSS_INTEREST,3634000000,20251231,4,USD,interest_expense
WMB,0000107263-26-000006,BS,22,Long-term debt due within one year,LongTermDebtAndCapitalLeaseObligationsCurrent,us-gaap/2025,CURRENT_DEBT_AGGREGATE,1345000000,20251231,0,USD,current_debt
WMB,0000107263-26-000006,BS,24,Long-term debt,LongTermDebtAndCapitalLeaseObligations,us-gaap/2025,NONCURRENT_DEBT_AGGREGATE,27316000000,20251231,0,USD,long_term_debt
WMB,0000107263-26-000006,BS,22,Long-term debt due within one year,LongTermDebtAndCapitalLeaseObligationsCurrent,us-gaap/2025,CURRENT_DEBT_AGGREGATE,1345000000,20251231,0,USD,total_debt
WMB,0000107263-26-000006,BS,24,Long-term debt,LongTermDebtAndCapitalLeaseObligations,us-gaap/2025,NONCURRENT_DEBT_AGGREGATE,27316000000,20251231,0,USD,total_debt
WMB,0000107263-26-000006,BS,40,Total liabilities and equity,LiabilitiesAndStockholdersEquity,us-gaap/2025,BALANCE_CONTROL,58573000000,20251231,0,USD,total_liabilities_and_equity
WMB,0000107263-26-000006,IS,25,Interest expense,InterestExpenseNonoperating,us-gaap/2025,GROSS_INTEREST,1442000000,20251231,4,USD,interest_expense
MRSH,0000062709-26-000022,BS,24,Short-term debt,DebtCurrent,us-gaap/2025,CURRENT_DEBT_AGGREGATE,1267000000,20251231,0,USD,current_debt
MRSH,0000062709-26-000022,BS,31,Long-term debt,LongTermDebtNoncurrent,us-gaap/2025,NONCURRENT_DEBT_AGGREGATE,18320000000,20251231,0,USD,long_term_debt
MRSH,0000062709-26-000022,BS,24,Short-term debt,DebtCurrent,us-gaap/2025,CURRENT_DEBT_AGGREGATE,1267000000,20251231,0,USD,total_debt
MRSH,0000062709-26-000022,BS,31,Long-term debt,LongTermDebtNoncurrent,us-gaap/2025,NONCURRENT_DEBT_AGGREGATE,18320000000,20251231,0,USD,total_debt
MRSH,0000062709-26-000022,BS,33,Long-term lease liabilities,OperatingLeaseLiabilityNoncurrent,us-gaap/2025,OPERATING_LEASE,1529000000,20251231,0,USD,operating_lease_liabilities
MRSH,0000062709-26-000022,BS,27,Current lease liabilities,OperatingLeaseLiabilityCurrent,us-gaap/2025,OPERATING_LEASE,333000000,20251231,0,USD,operating_lease_liabilities
MRSH,0000062709-26-000022,BS,3,Cash and cash equivalents,CashAndCashEquivalentsAtCarryingValue,us-gaap/2025,CASH,2687000000,20251231,0,USD,cash_and_equivalents
MRSH,0000062709-26-000022,BS,47,Total liabilities and stockholders' equity,LiabilitiesAndStockholdersEquity,us-gaap/2025,BALANCE_CONTROL,58710000000,20251231,0,USD,total_liabilities_and_equity
MRSH,0000062709-26-000022,IS,9,Interest expense,InterestExpenseNonoperating,us-gaap/2025,GROSS_INTEREST,960000000,20251231,4,USD,interest_expense
PWR,0001050915-26-000006,BS,17,Current maturities of long-term debt,DebtCurrent,us-gaap/2025,CURRENT_DEBT_AGGREGATE,763898000,20251231,0,USD,current_debt
PWR,0001050915-26-000006,BS,22,"Long-term debt, net of current maturities",LongTermDebtAndCapitalLeaseObligations,us-gaap/2025,NONCURRENT_DEBT_AGGREGATE,5231008000,20251231,0,USD,long_term_debt
PWR,0001050915-26-000006,BS,17,Current maturities of long-term debt,DebtCurrent,us-gaap/2025,CURRENT_DEBT_AGGREGATE,763898000,20251231,0,USD,total_debt
PWR,0001050915-26-000006,BS,22,"Long-term debt, net of current maturities",LongTermDebtAndCapitalLeaseObligations,us-gaap/2025,NONCURRENT_DEBT_AGGREGATE,5231008000,20251231,0,USD,total_debt
PWR,0001050915-26-000006,BS,23,"Operating lease liabilities, net of current portion",OperatingLeaseLiabilityNoncurrent,us-gaap/2025,OPERATING_LEASE,309671000,20251231,0,USD,operating_lease_liabilities
PWR,0001050915-26-000006,BS,18,Current portion of operating lease liabilities,OperatingLeaseLiabilityCurrent,us-gaap/2025,OPERATING_LEASE,114377000,20251231,0,USD,operating_lease_liabilities
PWR,0001050915-26-000006,BS,3,Cash and cash equivalents,CashAndCashEquivalentsAtCarryingValue,us-gaap/2025,CASH,439508000,20251231,0,USD,cash_and_equivalents
PWR,0001050915-26-000006,BS,37,Total liabilities and equity,LiabilitiesAndStockholdersEquity,us-gaap/2025,BALANCE_CONTROL,24926901000,20251231,0,USD,total_liabilities_and_equity
PWR,0001050915-26-000006,BS,26,Total liabilities,Liabilities,us-gaap/2025,BALANCE_CONTROL,15899027000,20251231,0,USD,total_liabilities
PWR,0001050915-26-000006,IS,9,Interest and other financing expenses,InterestExpenseNonoperating,us-gaap/2025,GROSS_INTEREST,261445000,20251231,4,USD,interest_expense
ICE,0001571949-26-000004,BS,26,Short-term debt,LongTermDebtCurrent,us-gaap/2025,CURRENT_DEBT,1035000000,20251231,0,USD,current_debt
ICE,0001571949-26-000004,BS,33,Long-term debt,LongTermDebtNoncurrent,us-gaap/2025,NONCURRENT_DEBT_AGGREGATE,18609000000,20251231,0,USD,long_term_debt
ICE,0001571949-26-000004,BS,26,Short-term debt,LongTermDebtCurrent,us-gaap/2025,CURRENT_DEBT,1035000000,20251231,0,USD,total_debt
ICE,0001571949-26-000004,BS,33,Long-term debt,LongTermDebtNoncurrent,us-gaap/2025,NONCURRENT_DEBT_AGGREGATE,18609000000,20251231,0,USD,total_debt
ICE,0001571949-26-000004,BS,35,Non-current operating lease liability,OperatingLeaseLiabilityNoncurrent,us-gaap/2025,OPERATING_LEASE,635000000,20251231,0,USD,operating_lease_liabilities
ICE,0001571949-26-000004,BS,3,Cash and cash equivalents,CashAndCashEquivalentsAtCarryingValue,us-gaap/2025,CASH,837000000,20251231,0,USD,cash_and_equivalents
ICE,0001571949-26-000004,BS,52,Total liabilities and equity,LiabilitiesAndStockholdersEquity,us-gaap/2025,BALANCE_CONTROL,136887000000,20251231,0,USD,total_liabilities_and_equity
ICE,0001571949-26-000004,BS,38,Total liabilities,Liabilities,us-gaap/2025,BALANCE_CONTROL,107896000000,20251231,0,USD,total_liabilities
ICE,0001571949-26-000004,IS,26,Interest expense,InterestExpenseNonoperating,us-gaap/2025,GROSS_INTEREST,803000000,20251231,4,USD,interest_expense
SLB,0001193125-26-021017,BS,22,Long-term Debt,LongTermDebtNoncurrent,us-gaap/2025,NONCURRENT_DEBT_AGGREGATE,9742000000,20251231,0,USD,long_term_debt
SLB,0001193125-26-021017,BS,22,Long-term Debt,LongTermDebtNoncurrent,us-gaap/2025,NONCURRENT_DEBT_AGGREGATE,9742000000,20251231,0,USD,total_debt
SLB,0001193125-26-021017,BS,3,Cash,Cash,us-gaap/2025,CASH,3036000000,20251231,0,USD,cash_and_equivalents
SLB,0001193125-26-021017,BS,4,Short-term investments,ShortTermInvestments,us-gaap/2025,STI,1176000000,20251231,0,USD,short_term_investments
SLB,0001193125-26-021017,BS,35,Liabilities and stockholders equity,LiabilitiesAndStockholdersEquity,us-gaap/2025,BALANCE_CONTROL,54868000000,20251231,0,USD,total_liabilities_and_equity
SLB,0001193125-26-021017,BS,26,Total Liabilities,Liabilities,us-gaap/2025,BALANCE_CONTROL,27577000000,20251231,0,USD,total_liabilities
SLB,0001193125-26-021017,IS,17,Interest,InterestExpense,us-gaap/2025,GROSS_INTEREST,558000000,20251231,4,USD,interest_expense
MMM,0000066740-26-000014,BS,24,Short-term borrowings and current portion of long-term debt,DebtCurrent,us-gaap/2025,CURRENT_DEBT_AGGREGATE,1670000000,20251231,0,USD,current_debt
MMM,0000066740-26-000014,BS,30,Long-term debt,LongTermDebtNoncurrent,us-gaap/2025,NONCURRENT_DEBT_AGGREGATE,10932000000,20251231,0,USD,long_term_debt
MMM,0000066740-26-000014,BS,24,Short-term borrowings and current portion of long-term debt,DebtCurrent,us-gaap/2025,CURRENT_DEBT_AGGREGATE,1670000000,20251231,0,USD,total_debt
MMM,0000066740-26-000014,BS,30,Long-term debt,LongTermDebtNoncurrent,us-gaap/2025,NONCURRENT_DEBT_AGGREGATE,10932000000,20251231,0,USD,total_debt
MMM,0000066740-26-000014,BS,45,Total liabilities and equity,LiabilitiesAndStockholdersEquity,us-gaap/2025,BALANCE_CONTROL,37733000000,20251231,0,USD,total_liabilities_and_equity
MMM,0000066740-26-000014,BS,33,Total liabilities,Liabilities,us-gaap/2025,BALANCE_CONTROL,32986000000,20251231,0,USD,total_liabilities
CEG,0001868275-26-000032,BS,21,Short-term borrowings,ShortTermBorrowings,us-gaap/2025,CURRENT_DEBT,1650000000,20251231,0,USD,current_debt
CEG,0001868275-26-000032,BS,28,Long-term debt,LongTermDebtNoncurrent,us-gaap/2025,NONCURRENT_DEBT_AGGREGATE,7250000000,20251231,0,USD,long_term_debt
CEG,0001868275-26-000032,BS,21,Short-term borrowings,ShortTermBorrowings,us-gaap/2025,CURRENT_DEBT,1650000000,20251231,0,USD,total_debt
CEG,0001868275-26-000032,BS,28,Long-term debt,LongTermDebtNoncurrent,us-gaap/2025,NONCURRENT_DEBT_AGGREGATE,7250000000,20251231,0,USD,total_debt
CEG,0001868275-26-000032,BS,3,Cash and cash equivalents,CashAndCashEquivalentsAtCarryingValue,us-gaap/2025,CASH,3641000000,20251231,0,USD,cash_and_equivalents
CEG,0001868275-26-000032,BS,47,Total liabilities and equity,LiabilitiesAndStockholdersEquity,us-gaap/2025,BALANCE_CONTROL,57249000000,20251231,0,USD,total_liabilities_and_equity
CEG,0001868275-26-000032,BS,37,Total liabilities,Liabilities,us-gaap/2025,BALANCE_CONTROL,42396000000,20251231,0,USD,total_liabilities
CEG,0001868275-26-000032,IS,12,"Interest expense, net",InterestExpenseNonoperating,us-gaap/2025,GROSS_INTEREST,511000000,20251231,4,USD,interest_expense
DASH,0001792789-26-000013,BS,24,"Convertible notes, net",ConvertibleLongTermNotesPayable,us-gaap/2025,NONCURRENT_DEBT,2724000000,20251231,0,USD,long_term_debt
DASH,0001792789-26-000013,BS,24,"Convertible notes, net",ConvertibleLongTermNotesPayable,us-gaap/2025,NONCURRENT_DEBT,2724000000,20251231,0,USD,total_debt
DASH,0001792789-26-000013,BS,23,Operating lease liabilities,OperatingLeaseLiabilityNoncurrent,us-gaap/2025,OPERATING_LEASE,461000000,20251231,0,USD,operating_lease_liabilities
DASH,0001792789-26-000013,BS,20,Operating lease liabilities,OperatingLeaseLiabilityCurrent,us-gaap/2025,OPERATING_LEASE,105000000,20251231,0,USD,operating_lease_liabilities
DASH,0001792789-26-000013,BS,3,Cash and cash equivalents,CashAndCashEquivalentsAtCarryingValue,us-gaap/2025,CASH,4378000000,20251231,0,USD,cash_and_equivalents
DASH,0001792789-26-000013,BS,5,Short-term investments,AvailableForSaleSecuritiesDebtSecuritiesCurrent,us-gaap/2025,STI,1128000000,20251231,0,USD,short_term_investments
DASH,0001792789-26-000013,BS,35,"Total liabilities, redeemable non-controlling interests and stockholders equity",LiabilitiesAndStockholdersEquity,us-gaap/2025,BALANCE_CONTROL,19659000000,20251231,0,USD,total_liabilities_and_equity
DASH,0001792789-26-000013,BS,26,Total liabilities,Liabilities,us-gaap/2025,BALANCE_CONTROL,9613000000,20251231,0,USD,total_liabilities
EMR,0000032604-25-000087,BS,17,Short-term borrowings and current maturities of long-term debt,DebtCurrent,us-gaap/2025,CURRENT_DEBT_AGGREGATE,4797000000,20250930,0,USD,current_debt
EMR,0000032604-25-000087,BS,21,Long-term debt,LongTermDebtNoncurrent,us-gaap/2025,NONCURRENT_DEBT_AGGREGATE,8319000000,20250930,0,USD,long_term_debt
EMR,0000032604-25-000087,BS,17,Short-term borrowings and current maturities of long-term debt,DebtCurrent,us-gaap/2025,CURRENT_DEBT_AGGREGATE,4797000000,20250930,0,USD,total_debt
EMR,0000032604-25-000087,BS,21,Long-term debt,LongTermDebtNoncurrent,us-gaap/2025,NONCURRENT_DEBT_AGGREGATE,8319000000,20250930,0,USD,total_debt
EMR,0000032604-25-000087,BS,32,Total liabilities and equity,LiabilitiesAndStockholdersEquity,us-gaap/2025,BALANCE_CONTROL,41964000000,20250930,0,USD,total_liabilities_and_equity
ELV,0001156039-26-000013,BS,26,Short-term borrowings,ShortTermBorrowings,us-gaap/2025,CURRENT_DEBT,150000000,20251231,0,USD,current_debt
ELV,0001156039-26-000013,BS,27,Current portion of long-term debt,LongTermDebtCurrent,us-gaap/2025,CURRENT_DEBT,1099000000,20251231,0,USD,current_debt
ELV,0001156039-26-000013,BS,31,"Long-term debt, less current portion",LongTermDebtNoncurrent,us-gaap/2025,NONCURRENT_DEBT_AGGREGATE,30797000000,20251231,0,USD,long_term_debt
ELV,0001156039-26-000013,BS,26,Short-term borrowings,ShortTermBorrowings,us-gaap/2025,CURRENT_DEBT,150000000,20251231,0,USD,total_debt
ELV,0001156039-26-000013,BS,27,Current portion of long-term debt,LongTermDebtCurrent,us-gaap/2025,CURRENT_DEBT,1099000000,20251231,0,USD,total_debt
ELV,0001156039-26-000013,BS,31,"Long-term debt, less current portion",LongTermDebtNoncurrent,us-gaap/2025,NONCURRENT_DEBT_AGGREGATE,30797000000,20251231,0,USD,total_debt
ELV,0001156039-26-000013,BS,3,Cash and cash equivalents,CashAndCashEquivalentsAtCarryingValue,us-gaap/2025,CASH,9491000000,20251231,0,USD,cash_and_equivalents
ELV,0001156039-26-000013,BS,4,"Fixed maturity securities (amortized cost of $25,773 and $25,879; allowance for credit losses of $21 and $6)",AvailableForSaleSecuritiesDebtSecuritiesCurrent,us-gaap/2025,STI,25884000000,20251231,0,USD,short_term_investments
ELV,0001156039-26-000013,BS,46,Total liabilities and equity,LiabilitiesAndStockholdersEquity,us-gaap/2025,BALANCE_CONTROL,121494000000,20251231,0,USD,total_liabilities_and_equity
ELV,0001156039-26-000013,BS,35,Total liabilities,Liabilities,us-gaap/2025,BALANCE_CONTROL,77468000000,20251231,0,USD,total_liabilities
ELV,0001156039-26-000013,IS,19,Interest expense,InterestExpenseNonoperating,us-gaap/2025,GROSS_INTEREST,1402000000,20251231,4,USD,interest_expense
JCI,0000833444-25-000097,BS,15,Short-term debt,ShortTermBorrowings,us-gaap/2025,CURRENT_DEBT,723000000,20250930,0,USD,current_debt
JCI,0000833444-25-000097,BS,23,Long-term debt,LongTermDebtAndCapitalLeaseObligations,us-gaap/2025,NONCURRENT_DEBT_AGGREGATE,8591000000,20250930,0,USD,long_term_debt
JCI,0000833444-25-000097,BS,15,Short-term debt,ShortTermBorrowings,us-gaap/2025,CURRENT_DEBT,723000000,20250930,0,USD,total_debt
JCI,0000833444-25-000097,BS,23,Long-term debt,LongTermDebtAndCapitalLeaseObligations,us-gaap/2025,NONCURRENT_DEBT_AGGREGATE,8591000000,20250930,0,USD,total_debt
JCI,0000833444-25-000097,BS,2,Cash and cash equivalents,CashAndCashEquivalentsAtCarryingValue,us-gaap/2025,CASH,379000000,20250930,0,USD,cash_and_equivalents
JCI,0000833444-25-000097,BS,39,Total liabilities and equity,LiabilitiesAndStockholdersEquity,us-gaap/2025,BALANCE_CONTROL,37939000000,20250930,0,USD,total_liabilities_and_equity
SNPS,0000883241-25-000028,BS,22,Short-term debt,LongTermDebtCurrent,us-gaap/2025,CURRENT_DEBT,22117000,20251031,0,USD,current_debt
SNPS,0000883241-25-000028,BS,26,Long-term debt,LongTermDebtNoncurrent,us-gaap/2025,NONCURRENT_DEBT_AGGREGATE,13462398000,20251031,0,USD,long_term_debt
SNPS,0000883241-25-000028,BS,22,Short-term debt,LongTermDebtCurrent,us-gaap/2025,CURRENT_DEBT,22117000,20251031,0,USD,total_debt
SNPS,0000883241-25-000028,BS,26,Long-term debt,LongTermDebtNoncurrent,us-gaap/2025,NONCURRENT_DEBT_AGGREGATE,13462398000,20251031,0,USD,total_debt
SNPS,0000883241-25-000028,BS,24,Long-term operating lease liabilities,OperatingLeaseLiabilityNoncurrent,us-gaap/2025,OPERATING_LEASE,680698000,20251031,0,USD,operating_lease_liabilities
SNPS,0000883241-25-000028,BS,20,Operating lease liabilities,OperatingLeaseLiabilityCurrent,us-gaap/2025,OPERATING_LEASE,128205000,20251031,0,USD,operating_lease_liabilities
SNPS,0000883241-25-000028,BS,3,Cash and cash equivalents,CashAndCashEquivalentsAtCarryingValue,us-gaap/2025,CASH,2888030000,20251031,0,USD,cash_and_equivalents
SNPS,0000883241-25-000028,BS,4,Short-term investments,ShortTermInvestments,us-gaap/2025,STI,72929000,20251031,0,USD,short_term_investments
SNPS,0000883241-25-000028,BS,41,"Total liabilities, redeemable non-controlling interest and stockholders equity",LiabilitiesAndStockholdersEquity,us-gaap/2025,BALANCE_CONTROL,48224461000,20251031,0,USD,total_liabilities_and_equity
SNPS,0000883241-25-000028,BS,28,Total liabilities,Liabilities,us-gaap/2025,BALANCE_CONTROL,19897446000,20251031,0,USD,total_liabilities
SNPS,0000883241-25-000028,IS,24,Interest expense,InterestExpenseNonoperating,us-gaap/2025,GROSS_INTEREST,446729000,20251031,4,USD,interest_expense
TMUS,0001283699-26-000010,BS,28,Short-term debt,ShortTermBorrowings,us-gaap/2025,CURRENT_DEBT,5135000000,20251231,0,USD,current_debt
TMUS,0001283699-26-000010,BS,34,Long-term debt,LongTermDebtNoncurrent,us-gaap/2025,NONCURRENT_DEBT_AGGREGATE,81147000000,20251231,0,USD,long_term_debt
TMUS,0001283699-26-000010,BS,31,Short-term financing lease liabilities,FinanceLeaseLiabilityCurrent,us-gaap/2025,FINANCE_LEASE,1163000000,20251231,0,USD,finance_lease_liabilities
TMUS,0001283699-26-000010,BS,38,Financing lease liabilities,FinanceLeaseLiabilityNoncurrent,us-gaap/2025,FINANCE_LEASE,1107000000,20251231,0,USD,finance_lease_liabilities
TMUS,0001283699-26-000010,BS,28,Short-term debt,ShortTermBorrowings,us-gaap/2025,CURRENT_DEBT,5135000000,20251231,0,USD,total_debt
TMUS,0001283699-26-000010,BS,34,Long-term debt,LongTermDebtNoncurrent,us-gaap/2025,NONCURRENT_DEBT_AGGREGATE,81147000000,20251231,0,USD,total_debt
TMUS,0001283699-26-000010,BS,31,Short-term financing lease liabilities,FinanceLeaseLiabilityCurrent,us-gaap/2025,FINANCE_LEASE,1163000000,20251231,0,USD,total_debt
TMUS,0001283699-26-000010,BS,38,Financing lease liabilities,FinanceLeaseLiabilityNoncurrent,us-gaap/2025,FINANCE_LEASE,1107000000,20251231,0,USD,total_debt
TMUS,0001283699-26-000010,BS,37,Operating lease liabilities,OperatingLeaseLiabilityNoncurrent,us-gaap/2025,OPERATING_LEASE,26371000000,20251231,0,USD,operating_lease_liabilities
TMUS,0001283699-26-000010,BS,30,Short-term operating lease liabilities,OperatingLeaseLiabilityCurrent,us-gaap/2025,OPERATING_LEASE,3814000000,20251231,0,USD,operating_lease_liabilities
TMUS,0001283699-26-000010,BS,9,Cash and cash equivalents,CashAndCashEquivalentsAtCarryingValue,us-gaap/2025,CASH,5598000000,20251231,0,USD,cash_and_equivalents
TMUS,0001283699-26-000010,BS,49,Total liabilities and stockholders' equity,LiabilitiesAndStockholdersEquity,us-gaap/2025,BALANCE_CONTROL,219237000000,20251231,0,USD,total_liabilities_and_equity
APP,0001751008-26-000010,BS,23,Long-term debt,LongTermDebtNoncurrent,us-gaap/2025,NONCURRENT_DEBT_AGGREGATE,3512987000,20251231,0,USD,long_term_debt
APP,0001751008-26-000010,BS,23,Long-term debt,LongTermDebtNoncurrent,us-gaap/2025,NONCURRENT_DEBT_AGGREGATE,3512987000,20251231,0,USD,total_debt
APP,0001751008-26-000010,BS,24,"Operating lease liabilities, non-current",OperatingLeaseLiabilityNoncurrent,us-gaap/2025,OPERATING_LEASE,17811000,20251231,0,USD,operating_lease_liabilities
APP,0001751008-26-000010,BS,20,"Operating lease liabilities, current",OperatingLeaseLiabilityCurrent,us-gaap/2025,OPERATING_LEASE,13943000,20251231,0,USD,operating_lease_liabilities
APP,0001751008-26-000010,BS,3,Cash and cash equivalents,CashAndCashEquivalentsAtCarryingValue,us-gaap/2025,CASH,2487096000,20251231,0,USD,cash_and_equivalents
APP,0001751008-26-000010,BS,36,Total liabilities and stockholders equity,LiabilitiesAndStockholdersEquity,us-gaap/2025,BALANCE_CONTROL,7259610000,20251231,0,USD,total_liabilities_and_equity
APP,0001751008-26-000010,BS,27,Total liabilities,Liabilities,us-gaap/2025,BALANCE_CONTROL,5124939000,20251231,0,USD,total_liabilities
APP,0001751008-26-000010,IS,10,Interest expense and loss on settlement of debt,InterestAndDebtExpense,us-gaap/2025,GROSS_INTEREST,207016000,20251231,4,USD,interest_expense
HOOD,0001783879-26-000023,BS,10,Cash and cash equivalents,CashAndCashEquivalentsAtCarryingValue,us-gaap/2025,CASH,4261000000,20251231,0,USD,cash_and_equivalents
HOOD,0001783879-26-000023,BS,46,Total liabilities and stockholders equity,LiabilitiesAndStockholdersEquity,us-gaap/2025,BALANCE_CONTROL,38137000000,20251231,0,USD,total_liabilities_and_equity
HOOD,0001783879-26-000023,BS,36,Total liabilities,Liabilities,us-gaap/2025,BALANCE_CONTROL,28986000000,20251231,0,USD,total_liabilities
HOOD,0001783879-26-000023,CF,59,Cash paid for interest,InterestPaidNet,us-gaap/2025,INTEREST_PAID,31000000,20251231,4,USD,interest_expense
AMT,0001053507-26-000035,BS,23,Current portion of long-term obligations,LongTermDebtCurrent,us-gaap/2025,CURRENT_DEBT,3387800000,20251231,0,USD,current_debt
AMT,0001053507-26-000035,BS,26,LONG-TERM OBLIGATIONS,LongTermDebtAndCapitalLeaseObligations,us-gaap/2025,NONCURRENT_DEBT_AGGREGATE,33832500000,20251231,0,USD,long_term_debt
AMT,0001053507-26-000035,BS,23,Current portion of long-term obligations,LongTermDebtCurrent,us-gaap/2025,CURRENT_DEBT,3387800000,20251231,0,USD,total_debt
AMT,0001053507-26-000035,BS,26,LONG-TERM OBLIGATIONS,LongTermDebtAndCapitalLeaseObligations,us-gaap/2025,NONCURRENT_DEBT_AGGREGATE,33832500000,20251231,0,USD,total_debt
AMT,0001053507-26-000035,BS,27,OPERATING LEASE LIABILITY,OperatingLeaseLiabilityNoncurrent,us-gaap/2025,OPERATING_LEASE,7158700000,20251231,0,USD,operating_lease_liabilities
AMT,0001053507-26-000035,BS,22,Current portion of operating lease liability,OperatingLeaseLiabilityCurrent,us-gaap/2025,OPERATING_LEASE,584900000,20251231,0,USD,operating_lease_liabilities
AMT,0001053507-26-000035,BS,3,Cash and cash equivalents,CashAndCashEquivalentsAtCarryingValue,us-gaap/2025,CASH,1474800000,20251231,0,USD,cash_and_equivalents
AMT,0001053507-26-000035,BS,42,TOTAL,LiabilitiesAndStockholdersEquity,us-gaap/2025,BALANCE_CONTROL,63190400000,20251231,0,USD,total_liabilities_and_equity
AMT,0001053507-26-000035,BS,31,Total liabilities,Liabilities,us-gaap/2025,BALANCE_CONTROL,52835100000,20251231,0,USD,total_liabilities
AMT,0001053507-26-000035,IS,21,Interest expense,InterestExpenseNonoperating,us-gaap/2025,GROSS_INTEREST,1359400000,20251231,4,USD,interest_expense
WM,0001104659-26-012049,BS,21,Current portion of long-term debt,DebtCurrent,us-gaap/2025,CURRENT_DEBT_AGGREGATE,711000000,20251231,0,USD,current_debt
WM,0001104659-26-012049,BS,23,"Long-term debt, less current portion",LongTermDebtAndCapitalLeaseObligations,us-gaap/2025,NONCURRENT_DEBT_AGGREGATE,22196000000,20251231,0,USD,long_term_debt
WM,0001104659-26-012049,BS,21,Current portion of long-term debt,DebtCurrent,us-gaap/2025,CURRENT_DEBT_AGGREGATE,711000000,20251231,0,USD,total_debt
WM,0001104659-26-012049,BS,23,"Long-term debt, less current portion",LongTermDebtAndCapitalLeaseObligations,us-gaap/2025,NONCURRENT_DEBT_AGGREGATE,22196000000,20251231,0,USD,total_debt
WM,0001104659-26-012049,BS,3,Cash and cash equivalents,CashAndCashEquivalentsAtCarryingValue,us-gaap/2025,CASH,201000000,20251231,0,USD,cash_and_equivalents
WM,0001104659-26-012049,BS,38,Total liabilities and equity,LiabilitiesAndStockholdersEquity,us-gaap/2025,BALANCE_CONTROL,45835000000,20251231,0,USD,total_liabilities_and_equity
WM,0001104659-26-012049,BS,27,Total liabilities,Liabilities,us-gaap/2025,BALANCE_CONTROL,35844000000,20251231,0,USD,total_liabilities
MSI,0000068505-26-000010,BS,18,Short-term borrowings,ShortTermBorrowings,us-gaap/2025,CURRENT_DEBT,749000000,20251231,0,USD,current_debt
MSI,0000068505-26-000010,BS,17,Current portion of long-term debt,LongTermDebtCurrent,us-gaap/2025,CURRENT_DEBT,0,20251231,0,USD,current_debt
MSI,0000068505-26-000010,BS,23,Long-term debt,LongTermDebtNoncurrent,us-gaap/2025,NONCURRENT_DEBT_AGGREGATE,8413000000,20251231,0,USD,long_term_debt
MSI,0000068505-26-000010,BS,18,Short-term borrowings,ShortTermBorrowings,us-gaap/2025,CURRENT_DEBT,749000000,20251231,0,USD,total_debt
MSI,0000068505-26-000010,BS,17,Current portion of long-term debt,LongTermDebtCurrent,us-gaap/2025,CURRENT_DEBT,0,20251231,0,USD,total_debt
MSI,0000068505-26-000010,BS,23,Long-term debt,LongTermDebtNoncurrent,us-gaap/2025,NONCURRENT_DEBT_AGGREGATE,8413000000,20251231,0,USD,total_debt
MSI,0000068505-26-000010,BS,24,Operating lease liabilities,OperatingLeaseLiabilityNoncurrent,us-gaap/2025,OPERATING_LEASE,471000000,20251231,0,USD,operating_lease_liabilities
MSI,0000068505-26-000010,BS,2,Cash and cash equivalents,CashAndCashEquivalentsAtCarryingValue,us-gaap/2025,CASH,1165000000,20251231,0,USD,cash_and_equivalents
MSI,0000068505-26-000010,BS,35,Total liabilities and stockholders equity,LiabilitiesAndStockholdersEquity,us-gaap/2025,BALANCE_CONTROL,19389000000,20251231,0,USD,total_liabilities_and_equity
MSI,0000068505-26-000010,IS,15,"Interest expense, net",InterestExpenseNonoperating,us-gaap/2025,GROSS_INTEREST,302000000,20251231,4,USD,interest_expense
REGN,0000872589-26-000008,BS,27,Long-term debt,LongTermDebtNoncurrent,us-gaap/2025,NONCURRENT_DEBT_AGGREGATE,1985900000,20251231,0,USD,long_term_debt
REGN,0000872589-26-000008,BS,28,Finance lease liabilities,FinanceLeaseLiabilityNoncurrent,us-gaap/2025,FINANCE_LEASE,720000000,20251231,0,USD,finance_lease_liabilities
REGN,0000872589-26-000008,BS,27,Long-term debt,LongTermDebtNoncurrent,us-gaap/2025,NONCURRENT_DEBT_AGGREGATE,1985900000,20251231,0,USD,total_debt
REGN,0000872589-26-000008,BS,28,Finance lease liabilities,FinanceLeaseLiabilityNoncurrent,us-gaap/2025,FINANCE_LEASE,720000000,20251231,0,USD,total_debt
REGN,0000872589-26-000008,BS,9,Cash and cash equivalents,CashAndCashEquivalentsAtCarryingValue,us-gaap/2025,CASH,3118100000,20251231,0,USD,cash_and_equivalents
REGN,0000872589-26-000008,BS,10,Marketable securities,MarketableSecuritiesCurrent,us-gaap/2025,STI,5487100000,20251231,0,USD,short_term_investments
REGN,0000872589-26-000008,BS,41,Total liabilities and stockholders' equity,LiabilitiesAndStockholdersEquity,us-gaap/2025,BALANCE_CONTROL,40558700000,20251231,0,USD,total_liabilities_and_equity
REGN,0000872589-26-000008,BS,31,Total liabilities,Liabilities,us-gaap/2025,BALANCE_CONTROL,9301800000,20251231,0,USD,total_liabilities
REGN,0000872589-26-000008,IS,22,Interest expense,InterestExpenseNonoperating,us-gaap/2025,GROSS_INTEREST,43800000,20251231,4,USD,interest_expense
MDLZ,0001628280-26-005345,BS,18,Short-term borrowings,ShortTermBorrowings,us-gaap/2025,CURRENT_DEBT,2688000000,20251231,0,USD,current_debt
MDLZ,0001628280-26-005345,BS,25,Long-term debt,LongTermDebtAndCapitalLeaseObligations,us-gaap/2025,NONCURRENT_DEBT_AGGREGATE,17222000000,20251231,0,USD,long_term_debt
MDLZ,0001628280-26-005345,BS,18,Short-term borrowings,ShortTermBorrowings,us-gaap/2025,CURRENT_DEBT,2688000000,20251231,0,USD,total_debt
MDLZ,0001628280-26-005345,BS,25,Long-term debt,LongTermDebtAndCapitalLeaseObligations,us-gaap/2025,NONCURRENT_DEBT_AGGREGATE,17222000000,20251231,0,USD,total_debt
MDLZ,0001628280-26-005345,BS,26,Long-term operating lease liabilities,OperatingLeaseLiabilityNoncurrent,us-gaap/2025,OPERATING_LEASE,599000000,20251231,0,USD,operating_lease_liabilities
MDLZ,0001628280-26-005345,BS,42,TOTAL LIABILITIES AND EQUITY,LiabilitiesAndStockholdersEquity,us-gaap/2025,BALANCE_CONTROL,71487000000,20251231,0,USD,total_liabilities_and_equity
MDLZ,0001628280-26-005345,BS,31,TOTAL LIABILITIES,Liabilities,us-gaap/2025,BALANCE_CONTROL,45596000000,20251231,0,USD,total_liabilities
MDLZ,0001628280-26-005345,CF,49,Interest,InterestPaidNet,us-gaap/2025,INTEREST_PAID,570000000,20251231,4,USD,interest_expense
DDOG,0001628280-26-008819,BS,27,"Convertible senior notes, net, current",ConvertibleNotesPayableCurrent,us-gaap/2025,CURRENT_DEBT,0,20251231,0,USD,current_debt
DDOG,0001628280-26-008819,BS,31,"Convertible senior notes, net, non-current",ConvertibleLongTermNotesPayable,us-gaap/2025,NONCURRENT_DEBT,983449000,20251231,0,USD,long_term_debt
DDOG,0001628280-26-008819,BS,27,"Convertible senior notes, net, current",ConvertibleNotesPayableCurrent,us-gaap/2025,CURRENT_DEBT,0,20251231,0,USD,total_debt
DDOG,0001628280-26-008819,BS,31,"Convertible senior notes, net, non-current",ConvertibleLongTermNotesPayable,us-gaap/2025,NONCURRENT_DEBT,983449000,20251231,0,USD,total_debt
DDOG,0001628280-26-008819,BS,30,"Operating lease liabilities, non-current",OperatingLeaseLiabilityNoncurrent,us-gaap/2025,OPERATING_LEASE,256187000,20251231,0,USD,operating_lease_liabilities
DDOG,0001628280-26-008819,BS,26,"Operating lease liabilities, current",OperatingLeaseLiabilityCurrent,us-gaap/2025,OPERATING_LEASE,39369000,20251231,0,USD,operating_lease_liabilities
DDOG,0001628280-26-008819,BS,9,Cash and cash equivalents,CashAndCashEquivalentsAtCarryingValue,us-gaap/2025,CASH,401305000,20251231,0,USD,cash_and_equivalents
DDOG,0001628280-26-008819,BS,10,Marketable securities,AvailableForSaleSecuritiesDebtSecuritiesCurrent,us-gaap/2025,STI,4073531000,20251231,0,USD,short_term_investments
DDOG,0001628280-26-008819,BS,42,TOTAL LIABILITIES AND STOCKHOLDERS' EQUITY,LiabilitiesAndStockholdersEquity,us-gaap/2025,BALANCE_CONTROL,6643844000,20251231,0,USD,total_liabilities_and_equity
DDOG,0001628280-26-008819,BS,34,Total liabilities,Liabilities,us-gaap/2025,BALANCE_CONTROL,2911638000,20251231,0,USD,total_liabilities
DDOG,0001628280-26-008819,IS,11,Interest expense,InterestExpenseNonoperating,us-gaap/2025,GROSS_INTEREST,11059000,20251231,4,USD,interest_expense
CMI,0000026172-26-000009,BS,27,Commercial paper (Note 12),CommercialPaper,us-gaap/2025,CURRENT_DEBT,353000000,20251231,0,USD,current_debt
CMI,0000026172-26-000009,BS,28,Current maturities of long-term debt (Note 12),LongTermDebtCurrent,us-gaap/2025,CURRENT_DEBT,94000000,20251231,0,USD,current_debt
CMI,0000026172-26-000009,BS,35,Long-term debt (Note 12),LongTermDebtAndCapitalLeaseObligations,us-gaap/2025,NONCURRENT_DEBT_AGGREGATE,6792000000,20251231,0,USD,long_term_debt
CMI,0000026172-26-000009,BS,27,Commercial paper (Note 12),CommercialPaper,us-gaap/2025,CURRENT_DEBT,353000000,20251231,0,USD,total_debt
CMI,0000026172-26-000009,BS,28,Current maturities of long-term debt (Note 12),LongTermDebtCurrent,us-gaap/2025,CURRENT_DEBT,94000000,20251231,0,USD,total_debt
CMI,0000026172-26-000009,BS,35,Long-term debt (Note 12),LongTermDebtAndCapitalLeaseObligations,us-gaap/2025,NONCURRENT_DEBT_AGGREGATE,6792000000,20251231,0,USD,total_debt
CMI,0000026172-26-000009,BS,8,Marketable securities (Note 5),MarketableSecuritiesCurrent,us-gaap/2025,STI,764000000,20251231,0,USD,short_term_investments
CMI,0000026172-26-000009,BS,49,Total liabilities and equity,LiabilitiesAndStockholdersEquity,us-gaap/2025,BALANCE_CONTROL,33992000000,20251231,0,USD,total_liabilities_and_equity
CMI,0000026172-26-000009,BS,38,Total liabilities,Liabilities,us-gaap/2025,BALANCE_CONTROL,20584000000,20251231,0,USD,total_liabilities
CMI,0000026172-26-000009,IS,10,Interest expense,InterestExpense,us-gaap/2025,GROSS_INTEREST,329000000,20251231,4,USD,interest_expense
GM,0001467858-26-000013,BS,9,Cash and cash equivalents (Note 4),CashAndCashEquivalentsAtCarryingValue,us-gaap/2025,CASH,20945000000,20251231,0,USD,cash_and_equivalents
GM,0001467858-26-000013,BS,10,Marketable debt securities (Note 4),AvailableForSaleSecuritiesDebtSecuritiesCurrent,us-gaap/2025,STI,6724000000,20251231,0,USD,short_term_investments
GM,0001467858-26-000013,BS,48,Total Liabilities and Equity,LiabilitiesAndStockholdersEquity,us-gaap/2025,BALANCE_CONTROL,281284000000,20251231,0,USD,total_liabilities_and_equity
GM,0001467858-26-000013,BS,38,Total Liabilities,Liabilities,us-gaap/2025,BALANCE_CONTROL,218116000000,20251231,0,USD,total_liabilities
UPS,0001628280-26-008432,BS,22,Current maturities of long-term debt and finance leases,DebtCurrent,us-gaap/2025,CURRENT_DEBT_AGGREGATE,608000000,20251231,0,USD,current_debt
UPS,0001628280-26-008432,BS,30,Long-Term Debt and Finance Leases,LongTermDebtAndCapitalLeaseObligations,us-gaap/2025,NONCURRENT_DEBT_AGGREGATE,23519000000,20251231,0,USD,long_term_debt
UPS,0001628280-26-008432,BS,22,Current maturities of long-term debt and finance leases,DebtCurrent,us-gaap/2025,CURRENT_DEBT_AGGREGATE,608000000,20251231,0,USD,total_debt
UPS,0001628280-26-008432,BS,30,Long-Term Debt and Finance Leases,LongTermDebtAndCapitalLeaseObligations,us-gaap/2025,NONCURRENT_DEBT_AGGREGATE,23519000000,20251231,0,USD,total_debt
UPS,0001628280-26-008432,BS,31,Non-Current Operating Leases,OperatingLeaseLiabilityNoncurrent,us-gaap/2025,OPERATING_LEASE,3700000000,20251231,0,USD,operating_lease_liabilities
UPS,0001628280-26-008432,BS,23,Current maturities of operating leases,OperatingLeaseLiabilityCurrent,us-gaap/2025,OPERATING_LEASE,763000000,20251231,0,USD,operating_lease_liabilities
UPS,0001628280-26-008432,BS,9,Cash and cash equivalents,CashAndCashEquivalentsAtCarryingValue,us-gaap/2025,CASH,5887000000,20251231,0,USD,cash_and_equivalents
UPS,0001628280-26-008432,BS,45,Total Liabilities and Shareowners Equity,LiabilitiesAndStockholdersEquity,us-gaap/2025,BALANCE_CONTROL,73090000000,20251231,0,USD,total_liabilities_and_equity
UPS,0001628280-26-008432,IS,14,Interest expense,InterestExpenseNonoperating,us-gaap/2025,GROSS_INTEREST,1017000000,20251231,4,USD,interest_expense
TRV,0000086312-26-000065,BS,26,Debt,DebtLongtermAndShorttermCombinedAmount,us-gaap/2025,DEBT_AGGREGATE,9267000000,20251231,0,USD,total_debt
TRV,0000086312-26-000065,BS,8,Cash (including restricted cash of $132 and $131),Cash,us-gaap/2025,CASH,842000000,20251231,0,USD,cash_and_equivalents
TRV,0000086312-26-000065,BS,36,Total liabilities and shareholders equity,LiabilitiesAndStockholdersEquity,us-gaap/2025,BALANCE_CONTROL,143708000000,20251231,0,USD,total_liabilities_and_equity
TRV,0000086312-26-000065,BS,29,Total liabilities,Liabilities,us-gaap/2025,BALANCE_CONTROL,110814000000,20251231,0,USD,total_liabilities
TRV,0000086312-26-000065,IS,12,Interest expense,InterestExpense,us-gaap/2025,GROSS_INTEREST,425000000,20251231,4,USD,interest_expense
SHW,0000089800-26-000008,BS,16,Short-term borrowings,ShortTermBorrowings,us-gaap/2025,CURRENT_DEBT,1200500000,20251231,0,USD,current_debt
SHW,0000089800-26-000008,BS,20,Current portion of long-term debt,LongTermDebtCurrent,us-gaap/2025,CURRENT_DEBT,350100000,20251231,0,USD,current_debt
SHW,0000089800-26-000008,BS,24,Long-term debt,LongTermDebtNoncurrent,us-gaap/2025,NONCURRENT_DEBT_AGGREGATE,9320700000,20251231,0,USD,long_term_debt
SHW,0000089800-26-000008,BS,16,Short-term borrowings,ShortTermBorrowings,us-gaap/2025,CURRENT_DEBT,1200500000,20251231,0,USD,total_debt
SHW,0000089800-26-000008,BS,20,Current portion of long-term debt,LongTermDebtCurrent,us-gaap/2025,CURRENT_DEBT,350100000,20251231,0,USD,total_debt
SHW,0000089800-26-000008,BS,24,Long-term debt,LongTermDebtNoncurrent,us-gaap/2025,NONCURRENT_DEBT_AGGREGATE,9320700000,20251231,0,USD,total_debt
SHW,0000089800-26-000008,BS,27,Long-term operating lease liabilities,OperatingLeaseLiabilityNoncurrent,us-gaap/2025,OPERATING_LEASE,1591500000,20251231,0,USD,operating_lease_liabilities
SHW,0000089800-26-000008,BS,21,Current portion of operating lease liabilities,OperatingLeaseLiabilityCurrent,us-gaap/2025,OPERATING_LEASE,479800000,20251231,0,USD,operating_lease_liabilities
SHW,0000089800-26-000008,BS,3,Cash and cash equivalents,CashAndCashEquivalentsAtCarryingValue,us-gaap/2025,CASH,207200000,20251231,0,USD,cash_and_equivalents
SHW,0000089800-26-000008,BS,36,Total Liabilities and Shareholders Equity,LiabilitiesAndStockholdersEquity,us-gaap/2025,BALANCE_CONTROL,25901700000,20251231,0,USD,total_liabilities_and_equity
SHW,0000089800-26-000008,IS,9,Interest expense,InterestExpenseNonoperating,us-gaap/2025,GROSS_INTEREST,465000000,20251231,4,USD,interest_expense
EOG,0000821189-26-000054,BS,24,Current Portion of Long-Term Debt,LongTermDebtCurrent,us-gaap/2025,CURRENT_DEBT,27000000,20251231,0,USD,current_debt
EOG,0000821189-26-000054,BS,28,Long-Term Debt,LongTermDebtNoncurrent,us-gaap/2025,NONCURRENT_DEBT_AGGREGATE,7909000000,20251231,0,USD,long_term_debt
EOG,0000821189-26-000054,BS,24,Current Portion of Long-Term Debt,LongTermDebtCurrent,us-gaap/2025,CURRENT_DEBT,27000000,20251231,0,USD,total_debt
EOG,0000821189-26-000054,BS,28,Long-Term Debt,LongTermDebtNoncurrent,us-gaap/2025,NONCURRENT_DEBT_AGGREGATE,7909000000,20251231,0,USD,total_debt
EOG,0000821189-26-000054,BS,25,Current Portion of Operating Lease Liabilities,OperatingLeaseLiabilityCurrent,us-gaap/2025,OPERATING_LEASE,472000000,20251231,0,USD,operating_lease_liabilities
EOG,0000821189-26-000054,BS,3,Cash and Cash Equivalents,CashAndCashEquivalentsAtCarryingValue,us-gaap/2025,CASH,3396000000,20251231,0,USD,cash_and_equivalents
EOG,0000821189-26-000054,BS,39,Total Liabilities and Stockholders' Equity,LiabilitiesAndStockholdersEquity,us-gaap/2025,BALANCE_CONTROL,51799000000,20251231,0,USD,total_liabilities_and_equity
EOG,0000821189-26-000054,IS,33,"Interest Expense, Net",InterestExpenseNonoperating,us-gaap/2025,GROSS_INTEREST,235000000,20251231,4,USD,interest_expense
NSC,0001628280-26-006268,BS,17,Current maturities of long-term debt,LongTermDebtAndCapitalLeaseObligationsCurrent,us-gaap/2025,CURRENT_DEBT_AGGREGATE,607000000,20251231,0,USD,current_debt
NSC,0001628280-26-006268,BS,19,Long-term debt,LongTermDebtAndCapitalLeaseObligations,us-gaap/2025,NONCURRENT_DEBT_AGGREGATE,16480000000,20251231,0,USD,long_term_debt
NSC,0001628280-26-006268,BS,17,Current maturities of long-term debt,LongTermDebtAndCapitalLeaseObligationsCurrent,us-gaap/2025,CURRENT_DEBT_AGGREGATE,607000000,20251231,0,USD,total_debt
NSC,0001628280-26-006268,BS,19,Long-term debt,LongTermDebtAndCapitalLeaseObligations,us-gaap/2025,NONCURRENT_DEBT_AGGREGATE,16480000000,20251231,0,USD,total_debt
NSC,0001628280-26-006268,BS,3,Cash and cash equivalents,CashAndCashEquivalentsAtCarryingValue,us-gaap/2025,CASH,1530000000,20251231,0,USD,cash_and_equivalents
NSC,0001628280-26-006268,BS,29,Total liabilities and stockholders equity,LiabilitiesAndStockholdersEquity,us-gaap/2025,BALANCE_CONTROL,45236000000,20251231,0,USD,total_liabilities_and_equity
NSC,0001628280-26-006268,BS,22,Total liabilities,Liabilities,us-gaap/2025,BALANCE_CONTROL,29689000000,20251231,0,USD,total_liabilities
NSC,0001628280-26-006268,IS,15,Interest expense on debt,InterestExpenseNonoperating,us-gaap/2025,GROSS_INTEREST,792000000,20251231,4,USD,interest_expense
ABNB,0001559720-26-000004,BS,16,Current portion of long-term debt,LongTermDebtCurrent,us-gaap/2025,CURRENT_DEBT,1999000000,20251231,0,USD,current_debt
ABNB,0001559720-26-000004,BS,19,Long-term debt,LongTermDebtNoncurrent,us-gaap/2025,NONCURRENT_DEBT_AGGREGATE,0,20251231,0,USD,long_term_debt
ABNB,0001559720-26-000004,BS,16,Current portion of long-term debt,LongTermDebtCurrent,us-gaap/2025,CURRENT_DEBT,1999000000,20251231,0,USD,total_debt
ABNB,0001559720-26-000004,BS,19,Long-term debt,LongTermDebtNoncurrent,us-gaap/2025,NONCURRENT_DEBT_AGGREGATE,0,20251231,0,USD,total_debt
ABNB,0001559720-26-000004,BS,3,Cash and cash equivalents,CashAndCashEquivalentsAtCarryingValue,us-gaap/2025,CASH,6560000000,20251231,0,USD,cash_and_equivalents
ABNB,0001559720-26-000004,BS,4,Short-term investments,ShortTermInvestments,us-gaap/2025,STI,4454000000,20251231,0,USD,short_term_investments
ABNB,0001559720-26-000004,BS,29,Total liabilities and stockholders equity,LiabilitiesAndStockholdersEquity,us-gaap/2025,BALANCE_CONTROL,22208000000,20251231,0,USD,total_liabilities_and_equity
ABNB,0001559720-26-000004,BS,21,Total liabilities,Liabilities,us-gaap/2025,BALANCE_CONTROL,14009000000,20251231,0,USD,total_liabilities
KKR,0001404912-26-000007,BS,41,Total Liabilities and Equity,LiabilitiesAndStockholdersEquity,us-gaap/2025,BALANCE_CONTROL,410144072000,20251231,0,USD,total_liabilities_and_equity
KKR,0001404912-26-000007,BS,29,Total Liabilities,Liabilities,us-gaap/2025,BALANCE_CONTROL,328512161000,20251231,0,USD,total_liabilities
KKR,0001404912-26-000007,IS,34,Interest Expense,InterestExpenseNonoperating,us-gaap/2025,GROSS_INTEREST,2776946000,20251231,4,USD,interest_expense
MCO,0001628280-26-009136,BS,25,Current portion of long-term debt,LongTermDebtCurrent,us-gaap/2025,CURRENT_DEBT,0,20251231,0,USD,current_debt
MCO,0001628280-26-009136,BS,29,Total long-term debt,LongTermDebtNoncurrent,us-gaap/2025,NONCURRENT_DEBT_AGGREGATE,6994000000,20251231,0,USD,long_term_debt
MCO,0001628280-26-009136,BS,25,Current portion of long-term debt,LongTermDebtCurrent,us-gaap/2025,CURRENT_DEBT,0,20251231,0,USD,total_debt
MCO,0001628280-26-009136,BS,29,Total long-term debt,LongTermDebtNoncurrent,us-gaap/2025,NONCURRENT_DEBT_AGGREGATE,6994000000,20251231,0,USD,total_debt
MCO,0001628280-26-009136,BS,32,Operating lease liabilities,OperatingLeaseLiabilityNoncurrent,us-gaap/2025,OPERATING_LEASE,262000000,20251231,0,USD,operating_lease_liabilities
MCO,0001628280-26-009136,BS,24,Current portion of operating lease liabilities,OperatingLeaseLiabilityCurrent,us-gaap/2025,OPERATING_LEASE,95000000,20251231,0,USD,operating_lease_liabilities
MCO,0001628280-26-009136,BS,9,Cash and cash equivalents,CashAndCashEquivalentsAtCarryingValue,us-gaap/2025,CASH,2384000000,20251231,0,USD,cash_and_equivalents
MCO,0001628280-26-009136,BS,10,Short-term investments,ShortTermInvestments,us-gaap/2025,STI,64000000,20251231,0,USD,short_term_investments
MCO,0001628280-26-009136,BS,46,Total liabilities and shareholders equity,LiabilitiesAndStockholdersEquity,us-gaap/2025,BALANCE_CONTROL,15830000000,20251231,0,USD,total_liabilities_and_equity
MCO,0001628280-26-009136,BS,34,Total liabilities,Liabilities,us-gaap/2025,BALANCE_CONTROL,11625000000,20251231,0,USD,total_liabilities
MAR,0001048286-26-000007,BS,30,Current portion of long-term debt,LongTermDebtAndCapitalLeaseObligationsCurrent,us-gaap/2025,CURRENT_DEBT_AGGREGATE,1209000000,20251231,0,USD,current_debt
MAR,0001048286-26-000007,BS,36,Long-term debt,LongTermDebtAndCapitalLeaseObligations,us-gaap/2025,NONCURRENT_DEBT_AGGREGATE,14995000000,20251231,0,USD,long_term_debt
MAR,0001048286-26-000007,BS,30,Current portion of long-term debt,LongTermDebtAndCapitalLeaseObligationsCurrent,us-gaap/2025,CURRENT_DEBT_AGGREGATE,1209000000,20251231,0,USD,total_debt
MAR,0001048286-26-000007,BS,36,Long-term debt,LongTermDebtAndCapitalLeaseObligations,us-gaap/2025,NONCURRENT_DEBT_AGGREGATE,14995000000,20251231,0,USD,total_debt
MAR,0001048286-26-000007,BS,39,Operating lease liabilities,OperatingLeaseLiabilityNoncurrent,us-gaap/2025,OPERATING_LEASE,879000000,20251231,0,USD,operating_lease_liabilities
MAR,0001048286-26-000007,BS,13,Cash and equivalents,CashAndCashEquivalentsAtCarryingValue,us-gaap/2025,CASH,358000000,20251231,0,USD,cash_and_equivalents
MAR,0001048286-26-000007,BS,48,"Liabilities and equity, total",LiabilitiesAndStockholdersEquity,us-gaap/2025,BALANCE_CONTROL,27540000000,20251231,0,USD,total_liabilities_and_equity
MAR,0001048286-26-000007,IS,23,Interest expense,InterestExpenseNonoperating,us-gaap/2025,GROSS_INTEREST,809000000,20251231,4,USD,interest_expense
ROST,0000745732-26-000006,BS,26,Current portion of long-term debt,LongTermDebtCurrent,us-gaap/2025,CURRENT_DEBT,499743000,20260131,0,USD,current_debt
ROST,0000745732-26-000006,BS,28,Long-term debt,LongTermDebtNoncurrent,us-gaap/2025,NONCURRENT_DEBT_AGGREGATE,1017863000,20260131,0,USD,long_term_debt
ROST,0000745732-26-000006,BS,26,Current portion of long-term debt,LongTermDebtCurrent,us-gaap/2025,CURRENT_DEBT,499743000,20260131,0,USD,total_debt
ROST,0000745732-26-000006,BS,28,Long-term debt,LongTermDebtNoncurrent,us-gaap/2025,NONCURRENT_DEBT_AGGREGATE,1017863000,20260131,0,USD,total_debt
ROST,0000745732-26-000006,BS,29,Non-current operating lease liabilities,OperatingLeaseLiabilityNoncurrent,us-gaap/2025,OPERATING_LEASE,2966877000,20260131,0,USD,operating_lease_liabilities
ROST,0000745732-26-000006,BS,23,Current operating lease liabilities,OperatingLeaseLiabilityCurrent,us-gaap/2025,OPERATING_LEASE,727855000,20260131,0,USD,operating_lease_liabilities
ROST,0000745732-26-000006,BS,3,Cash and cash equivalents,CashAndCashEquivalentsAtCarryingValue,us-gaap/2025,CASH,4594392000,20260131,0,USD,cash_and_equivalents
ROST,0000745732-26-000006,BS,39,Total liabilities and stockholders equity,LiabilitiesAndStockholdersEquity,us-gaap/2025,BALANCE_CONTROL,15548737000,20260131,0,USD,total_liabilities_and_equity
ROST,0000745732-26-000006,CF,34,Interest paid,InterestPaidNet,us-gaap/2025,INTEREST_PAID,55778000,20260131,4,USD,interest_expense
ORLY,0000898173-26-000009,BS,24,Long-term debt,LongTermDebtNoncurrent,us-gaap/2025,NONCURRENT_DEBT_AGGREGATE,6016904000,20251231,0,USD,long_term_debt
ORLY,0000898173-26-000009,BS,24,Long-term debt,LongTermDebtNoncurrent,us-gaap/2025,NONCURRENT_DEBT_AGGREGATE,6016904000,20251231,0,USD,total_debt
ORLY,0000898173-26-000009,BS,25,"Operating lease liabilities, less current portion",OperatingLeaseLiabilityNoncurrent,us-gaap/2025,OPERATING_LEASE,2034688000,20251231,0,USD,operating_lease_liabilities
ORLY,0000898173-26-000009,BS,21,Current portion of operating lease liabilities,OperatingLeaseLiabilityCurrent,us-gaap/2025,OPERATING_LEASE,439907000,20251231,0,USD,operating_lease_liabilities
ORLY,0000898173-26-000009,BS,2,Cash and cash equivalents,CashAndCashEquivalentsAtCarryingValue,us-gaap/2025,CASH,193793000,20251231,0,USD,cash_and_equivalents
ORLY,0000898173-26-000009,BS,35,Total liabilities and shareholders' deficit,LiabilitiesAndStockholdersEquity,us-gaap/2025,BALANCE_CONTROL,16538253000,20251231,0,USD,total_liabilities_and_equity
ORLY,0000898173-26-000009,IS,7,Interest expense,InterestExpenseDebt,us-gaap/2025,GROSS_INTEREST,235064000,20251231,4,USD,interest_expense
CI,0001739940-26-000006,BS,22,Short-term debt,DebtCurrent,us-gaap/2025,CURRENT_DEBT_AGGREGATE,592000000,20251231,0,USD,current_debt
CI,0001739940-26-000006,BS,28,Long-term debt,LongTermDebtAndCapitalLeaseObligations,us-gaap/2025,NONCURRENT_DEBT_AGGREGATE,30871000000,20251231,0,USD,long_term_debt
CI,0001739940-26-000006,BS,22,Short-term debt,DebtCurrent,us-gaap/2025,CURRENT_DEBT_AGGREGATE,592000000,20251231,0,USD,total_debt
CI,0001739940-26-000006,BS,28,Long-term debt,LongTermDebtAndCapitalLeaseObligations,us-gaap/2025,NONCURRENT_DEBT_AGGREGATE,30871000000,20251231,0,USD,total_debt
CI,0001739940-26-000006,BS,2,Cash and cash equivalents,CashAndCashEquivalentsAtCarryingValue,us-gaap/2025,CASH,7676000000,20251231,0,USD,cash_and_equivalents
CI,0001739940-26-000006,BS,3,Investments,ShortTermInvestments,us-gaap/2025,STI,1056000000,20251231,0,USD,short_term_investments
CI,0001739940-26-000006,BS,41,Total liabilities and equity,LiabilitiesAndStockholdersEquity,us-gaap/2025,BALANCE_CONTROL,157919000000,20251231,0,USD,total_liabilities_and_equity
CI,0001739940-26-000006,BS,30,TOTAL LIABILITIES,Liabilities,us-gaap/2025,BALANCE_CONTROL,116045000000,20251231,0,USD,total_liabilities
CI,0001739940-26-000006,CF,54,Interest paid,InterestPaidNet,us-gaap/2025,INTEREST_PAID,1350000000,20251231,4,USD,interest_expense
TGT,0000027419-26-000016,BS,13,Current portion of long-term debt and other borrowings,LongTermDebtAndCapitalLeaseObligationsCurrent,us-gaap/2025,CURRENT_DEBT_AGGREGATE,2130000000,20260131,0,USD,current_debt
TGT,0000027419-26-000016,BS,15,Long-term debt and other borrowings,LongTermDebtAndCapitalLeaseObligations,us-gaap/2025,NONCURRENT_DEBT_AGGREGATE,14326000000,20260131,0,USD,long_term_debt
TGT,0000027419-26-000016,BS,13,Current portion of long-term debt and other borrowings,LongTermDebtAndCapitalLeaseObligationsCurrent,us-gaap/2025,CURRENT_DEBT_AGGREGATE,2130000000,20260131,0,USD,total_debt
TGT,0000027419-26-000016,BS,15,Long-term debt and other borrowings,LongTermDebtAndCapitalLeaseObligations,us-gaap/2025,NONCURRENT_DEBT_AGGREGATE,14326000000,20260131,0,USD,total_debt
TGT,0000027419-26-000016,BS,16,Noncurrent operating lease liabilities,OperatingLeaseLiabilityNoncurrent,us-gaap/2025,OPERATING_LEASE,3462000000,20260131,0,USD,operating_lease_liabilities
TGT,0000027419-26-000016,BS,26,Total liabilities and shareholders' investment,LiabilitiesAndStockholdersEquity,us-gaap/2025,BALANCE_CONTROL,59490000000,20260131,0,USD,total_liabilities_and_equity
TGT,0000027419-26-000016,IS,6,Net interest expense,InterestExpenseNonoperating,us-gaap/2025,GROSS_INTEREST,445000000,20260131,4,USD,interest_expense
ITW,0000049826-26-000008,BS,16,Short-term debt,DebtCurrent,us-gaap/2025,CURRENT_DEBT_AGGREGATE,2286000000,20251231,0,USD,current_debt
ITW,0000049826-26-000008,BS,23,Long-term debt,LongTermDebtNoncurrent,us-gaap/2025,NONCURRENT_DEBT_AGGREGATE,6683000000,20251231,0,USD,long_term_debt
ITW,0000049826-26-000008,BS,16,Short-term debt,DebtCurrent,us-gaap/2025,CURRENT_DEBT_AGGREGATE,2286000000,20251231,0,USD,total_debt
ITW,0000049826-26-000008,BS,23,Long-term debt,LongTermDebtNoncurrent,us-gaap/2025,NONCURRENT_DEBT_AGGREGATE,6683000000,20251231,0,USD,total_debt
ITW,0000049826-26-000008,BS,3,Cash and equivalents,CashAndCashEquivalentsAtCarryingValue,us-gaap/2025,CASH,851000000,20251231,0,USD,cash_and_equivalents
ITW,0000049826-26-000008,BS,35,Total liabilities and stockholders' equity,LiabilitiesAndStockholdersEquity,us-gaap/2025,BALANCE_CONTROL,16148000000,20251231,0,USD,total_liabilities_and_equity
ITW,0000049826-26-000008,IS,6,Interest expense,InterestExpenseNonoperating,us-gaap/2025,GROSS_INTEREST,292000000,20251231,4,USD,interest_expense
NOC,0001133421-26-000003,BS,21,"Long-term debt, net of current portion of $534 for 2025 and $1,582 for 2024",LongTermDebtNoncurrent,us-gaap/2025,NONCURRENT_DEBT_AGGREGATE,15162000000,20251231,0,USD,long_term_debt
NOC,0001133421-26-000003,BS,21,"Long-term debt, net of current portion of $534 for 2025 and $1,582 for 2024",LongTermDebtNoncurrent,us-gaap/2025,NONCURRENT_DEBT_AGGREGATE,15162000000,20251231,0,USD,total_debt
NOC,0001133421-26-000003,BS,23,Operating lease liabilities,OperatingLeaseLiabilityNoncurrent,us-gaap/2025,OPERATING_LEASE,1857000000,20251231,0,USD,operating_lease_liabilities
NOC,0001133421-26-000003,BS,2,Cash and cash equivalents,CashAndCashEquivalentsAtCarryingValue,us-gaap/2025,CASH,4403000000,20251231,0,USD,cash_and_equivalents
NOC,0001133421-26-000003,BS,34,Total liabilities and shareholders equity,LiabilitiesAndStockholdersEquity,us-gaap/2025,BALANCE_CONTROL,51377000000,20251231,0,USD,total_liabilities_and_equity
NOC,0001133421-26-000003,BS,25,Total liabilities,Liabilities,us-gaap/2025,BALANCE_CONTROL,34703000000,20251231,0,USD,total_liabilities
NOC,0001133421-26-000003,IS,19,Interest expense,InterestAndDebtExpense,us-gaap/2025,GROSS_INTEREST,665000000,20251231,4,USD,interest_expense
HLT,0001585689-26-000007,BS,29,Current maturities of long-term debt,LongTermDebtAndCapitalLeaseObligationsCurrent,us-gaap/2025,CURRENT_DEBT_AGGREGATE,25000000,20251231,0,USD,current_debt
HLT,0001585689-26-000007,BS,34,Long-term debt,LongTermDebtAndCapitalLeaseObligations,us-gaap/2025,NONCURRENT_DEBT_AGGREGATE,12338000000,20251231,0,USD,long_term_debt
HLT,0001585689-26-000007,BS,29,Current maturities of long-term debt,LongTermDebtAndCapitalLeaseObligationsCurrent,us-gaap/2025,CURRENT_DEBT_AGGREGATE,25000000,20251231,0,USD,total_debt
HLT,0001585689-26-000007,BS,34,Long-term debt,LongTermDebtAndCapitalLeaseObligations,us-gaap/2025,NONCURRENT_DEBT_AGGREGATE,12338000000,20251231,0,USD,total_debt
HLT,0001585689-26-000007,BS,35,Operating lease liabilities,OperatingLeaseLiabilityNoncurrent,us-gaap/2025,OPERATING_LEASE,730000000,20251231,0,USD,operating_lease_liabilities
HLT,0001585689-26-000007,BS,11,Cash and cash equivalents,CashAndCashEquivalentsAtCarryingValue,us-gaap/2025,CASH,918000000,20251231,0,USD,cash_and_equivalents
HLT,0001585689-26-000007,BS,52,"TOTAL LIABILITIES, REDEEMABLE NONCONTROLLING INTERESTS AND EQUITY (DEFICIT)",LiabilitiesAndStockholdersEquity,us-gaap/2025,BALANCE_CONTROL,16774000000,20251231,0,USD,total_liabilities_and_equity
HLT,0001585689-26-000007,BS,40,Total liabilities,Liabilities,us-gaap/2025,BALANCE_CONTROL,22120000000,20251231,0,USD,total_liabilities
HLT,0001585689-26-000007,IS,23,Interest expense,InterestExpenseNonoperating,us-gaap/2025,GROSS_INTEREST,620000000,20251231,4,USD,interest_expense
CL,0000021665-26-000006,BS,21,Long-term debt,LongTermDebtNoncurrent,us-gaap/2025,NONCURRENT_DEBT_AGGREGATE,6871000000,20251231,0,USD,long_term_debt
CL,0000021665-26-000006,BS,21,Long-term debt,LongTermDebtNoncurrent,us-gaap/2025,NONCURRENT_DEBT_AGGREGATE,6871000000,20251231,0,USD,total_debt
CL,0000021665-26-000006,BS,3,Cash and cash equivalents,CashAndCashEquivalentsAtCarryingValue,us-gaap/2025,CASH,1288000000,20251231,0,USD,cash_and_equivalents
CL,0000021665-26-000006,BS,35,Total liabilities and equity,LiabilitiesAndStockholdersEquity,us-gaap/2025,BALANCE_CONTROL,16330000000,20251231,0,USD,total_liabilities_and_equity
CL,0000021665-26-000006,BS,24,Total liabilities,Liabilities,us-gaap/2025,BALANCE_CONTROL,15965000000,20251231,0,USD,total_liabilities
CL,0000021665-26-000006,IS,9,Interest expense,InterestExpenseNonoperating,us-gaap/2025,GROSS_INTEREST,267000000,20251231,4,USD,interest_expense
FDX,0001048911-25-000011,BS,25,Current portion of long-term debt,LongTermDebtAndCapitalLeaseObligationsCurrent,us-gaap/2025,CURRENT_DEBT_AGGREGATE,1428000000,20250531,0,USD,current_debt
FDX,0001048911-25-000011,BS,31,"LONG-TERM DEBT, LESS CURRENT PORTION",LongTermDebtAndCapitalLeaseObligations,us-gaap/2025,NONCURRENT_DEBT_AGGREGATE,19151000000,20250531,0,USD,long_term_debt
FDX,0001048911-25-000011,BS,25,Current portion of long-term debt,LongTermDebtAndCapitalLeaseObligationsCurrent,us-gaap/2025,CURRENT_DEBT_AGGREGATE,1428000000,20250531,0,USD,total_debt
FDX,0001048911-25-000011,BS,31,"LONG-TERM DEBT, LESS CURRENT PORTION",LongTermDebtAndCapitalLeaseObligations,us-gaap/2025,NONCURRENT_DEBT_AGGREGATE,19151000000,20250531,0,USD,total_debt
FDX,0001048911-25-000011,BS,36,Operating lease liabilities,OperatingLeaseLiabilityNoncurrent,us-gaap/2025,OPERATING_LEASE,14272000000,20250531,0,USD,operating_lease_liabilities
FDX,0001048911-25-000011,BS,28,Operating lease liabilities,OperatingLeaseLiabilityCurrent,us-gaap/2025,OPERATING_LEASE,2565000000,20250531,0,USD,operating_lease_liabilities
FDX,0001048911-25-000011,BS,3,Cash and cash equivalents,CashAndCashEquivalentsAtCarryingValue,us-gaap/2025,CASH,5502000000,20250531,0,USD,cash_and_equivalents
FDX,0001048911-25-000011,BS,47,TOTAL LIABILITIES AND COMMON STOCKHOLDERS INVESTMENT,LiabilitiesAndStockholdersEquity,us-gaap/2025,BALANCE_CONTROL,87627000000,20250531,0,USD,total_liabilities_and_equity
FDX,0001048911-25-000011,IS,15,Interest expense,InterestExpenseNonoperating,us-gaap/2025,GROSS_INTEREST,789000000,20250531,4,USD,interest_expense
BSX,0000885725-26-000010,BS,17,Current debt obligations,DebtCurrent,us-gaap/2025,CURRENT_DEBT_AGGREGATE,299000000,20251231,0,USD,current_debt
BSX,0000885725-26-000010,BS,22,Long-term debt,LongTermDebtAndCapitalLeaseObligations,us-gaap/2025,NONCURRENT_DEBT_AGGREGATE,11137000000,20251231,0,USD,long_term_debt
BSX,0000885725-26-000010,BS,17,Current debt obligations,DebtCurrent,us-gaap/2025,CURRENT_DEBT_AGGREGATE,299000000,20251231,0,USD,total_debt
BSX,0000885725-26-000010,BS,22,Long-term debt,LongTermDebtAndCapitalLeaseObligations,us-gaap/2025,NONCURRENT_DEBT_AGGREGATE,11137000000,20251231,0,USD,total_debt
BSX,0000885725-26-000010,BS,3,Cash and cash equivalents,CashAndCashEquivalentsAtCarryingValue,us-gaap/2025,CASH,1965000000,20251231,0,USD,cash_and_equivalents
BSX,0000885725-26-000010,BS,36,TOTAL LIABILITIES AND EQUITY,LiabilitiesAndStockholdersEquity,us-gaap/2025,BALANCE_CONTROL,43673000000,20251231,0,USD,total_liabilities_and_equity
BSX,0000885725-26-000010,IS,16,Interest expense,InterestExpense,us-gaap/2025,GROSS_INTEREST,349000000,20251231,4,USD,interest_expense
ECL,0001104659-26-018357,BS,16,Short-term debt,DebtCurrent,us-gaap/2024,CURRENT_DEBT_AGGREGATE,870400000,20251231,0,USD,current_debt
ECL,0001104659-26-018357,BS,22,Long-term debt,LongTermDebtAndCapitalLeaseObligations,us-gaap/2024,NONCURRENT_DEBT_AGGREGATE,7365900000,20251231,0,USD,long_term_debt
ECL,0001104659-26-018357,BS,16,Short-term debt,DebtCurrent,us-gaap/2024,CURRENT_DEBT_AGGREGATE,870400000,20251231,0,USD,total_debt
ECL,0001104659-26-018357,BS,22,Long-term debt,LongTermDebtAndCapitalLeaseObligations,us-gaap/2024,NONCURRENT_DEBT_AGGREGATE,7365900000,20251231,0,USD,total_debt
ECL,0001104659-26-018357,BS,3,Cash and cash equivalents,CashAndCashEquivalentsAtCarryingValue,us-gaap/2024,CASH,646200000,20251231,0,USD,cash_and_equivalents
ECL,0001104659-26-018357,BS,38,Total liabilities and equity,LiabilitiesAndStockholdersEquity,us-gaap/2024,BALANCE_CONTROL,24696300000,20251231,0,USD,total_liabilities_and_equity
ECL,0001104659-26-018357,BS,27,Total liabilities,Liabilities,us-gaap/2024,BALANCE_CONTROL,14891800000,20251231,0,USD,total_liabilities
ECL,0001104659-26-018357,CF,44,Net interest paid,InterestPaidNet,us-gaap/2024,INTEREST_PAID,302600000,20251231,4,USD,interest_expense
LITE,0001628280-25-040830,BS,21,Current portion of long-term debt,LongTermDebtCurrent,us-gaap/2025,CURRENT_DEBT,10600000,20250630,0,USD,current_debt
LITE,0001628280-25-040830,BS,25,Long-term debt,LongTermDebtNoncurrent,us-gaap/2025,NONCURRENT_DEBT_AGGREGATE,2562600000,20250630,0,USD,long_term_debt
LITE,0001628280-25-040830,BS,21,Current portion of long-term debt,LongTermDebtCurrent,us-gaap/2025,CURRENT_DEBT,10600000,20250630,0,USD,total_debt
LITE,0001628280-25-040830,BS,25,Long-term debt,LongTermDebtNoncurrent,us-gaap/2025,NONCURRENT_DEBT_AGGREGATE,2562600000,20250630,0,USD,total_debt
LITE,0001628280-25-040830,BS,26,"Operating lease liabilities, non-current",OperatingLeaseLiabilityNoncurrent,us-gaap/2025,OPERATING_LEASE,23600000,20250630,0,USD,operating_lease_liabilities
LITE,0001628280-25-040830,BS,22,"Operating lease liabilities, current",OperatingLeaseLiabilityCurrent,us-gaap/2025,OPERATING_LEASE,11400000,20250630,0,USD,operating_lease_liabilities
LITE,0001628280-25-040830,BS,3,Cash and cash equivalents,CashAndCashEquivalentsAtCarryingValue,us-gaap/2025,CASH,520700000,20250630,0,USD,cash_and_equivalents
LITE,0001628280-25-040830,BS,4,Short-term investments,ShortTermInvestments,us-gaap/2025,STI,356400000,20250630,0,USD,short_term_investments
LITE,0001628280-25-040830,BS,37,Total liabilities and stockholders equity,LiabilitiesAndStockholdersEquity,us-gaap/2025,BALANCE_CONTROL,4218700000,20250630,0,USD,total_liabilities_and_equity
LITE,0001628280-25-040830,BS,29,Total liabilities,Liabilities,us-gaap/2025,BALANCE_CONTROL,3084000000,20250630,0,USD,total_liabilities
LITE,0001628280-25-040830,IS,12,Interest expense,InterestExpenseNonoperating,us-gaap/2025,GROSS_INTEREST,22200000,20250630,4,USD,interest_expense
WBD,0001437107-26-000020,BS,18,Current portion of debt,LongTermDebtAndCapitalLeaseObligationsCurrent,us-gaap/2025,CURRENT_DEBT_AGGREGATE,139000000,20251231,0,USD,current_debt
WBD,0001437107-26-000020,BS,20,Noncurrent portion of debt,LongTermDebtAndCapitalLeaseObligations,us-gaap/2025,NONCURRENT_DEBT_AGGREGATE,32428000000,20251231,0,USD,long_term_debt
WBD,0001437107-26-000020,BS,18,Current portion of debt,LongTermDebtAndCapitalLeaseObligationsCurrent,us-gaap/2025,CURRENT_DEBT_AGGREGATE,139000000,20251231,0,USD,total_debt
WBD,0001437107-26-000020,BS,20,Noncurrent portion of debt,LongTermDebtAndCapitalLeaseObligations,us-gaap/2025,NONCURRENT_DEBT_AGGREGATE,32428000000,20251231,0,USD,total_debt
WBD,0001437107-26-000020,BS,3,Cash and cash equivalents,CashAndCashEquivalentsAtCarryingValue,us-gaap/2025,CASH,4566000000,20251231,0,USD,cash_and_equivalents
WBD,0001437107-26-000020,BS,36,Total liabilities and equity,LiabilitiesAndStockholdersEquity,us-gaap/2025,BALANCE_CONTROL,100085000000,20251231,0,USD,total_liabilities_and_equity
WBD,0001437107-26-000020,BS,23,Total liabilities,Liabilities,us-gaap/2025,BALANCE_CONTROL,62919000000,20251231,0,USD,total_liabilities
WBD,0001437107-26-000020,IS,19,"Interest expense, net",InterestExpenseNonoperating,us-gaap/2025,GROSS_INTEREST,2085000000,20251231,4,USD,interest_expense
HPE,0001645590-25-000130,BS,18,Notes payable and short-term borrowings,DebtCurrent,us-gaap/2025,CURRENT_DEBT_AGGREGATE,4609000000,20251031,0,USD,current_debt
HPE,0001645590-25-000130,BS,26,Long-term debt,LongTermDebtAndCapitalLeaseObligations,us-gaap/2025,NONCURRENT_DEBT_AGGREGATE,17756000000,20251031,0,USD,long_term_debt
HPE,0001645590-25-000130,BS,18,Notes payable and short-term borrowings,DebtCurrent,us-gaap/2025,CURRENT_DEBT_AGGREGATE,4609000000,20251031,0,USD,total_debt
HPE,0001645590-25-000130,BS,26,Long-term debt,LongTermDebtAndCapitalLeaseObligations,us-gaap/2025,NONCURRENT_DEBT_AGGREGATE,17756000000,20251031,0,USD,total_debt
HPE,0001645590-25-000130,BS,3,Cash and cash equivalents,CashAndCashEquivalentsAtCarryingValue,us-gaap/2025,CASH,5773000000,20251031,0,USD,cash_and_equivalents
HPE,0001645590-25-000130,BS,39,Total liabilities and stockholders' equity,LiabilitiesAndStockholdersEquity,us-gaap/2025,BALANCE_CONTROL,75906000000,20251031,0,USD,total_liabilities_and_equity
HPE,0001645590-25-000130,CF,57,Interest expense paid,InterestPaidNet,us-gaap/2025,INTEREST_PAID,1018000000,20251031,4,USD,interest_expense
APD,0000002969-25-000055,BS,32,Current portion of long-term debt,LongTermDebtAndCapitalLeaseObligationsCurrent,us-gaap/2025,CURRENT_DEBT_AGGREGATE,716300000,20250930,0,USD,current_debt
APD,0000002969-25-000055,BS,32,Current portion of long-term debt,LongTermDebtAndCapitalLeaseObligationsCurrent,us-gaap/2025,CURRENT_DEBT_AGGREGATE,716300000,20250930,0,USD,total_debt
APD,0000002969-25-000055,BS,37,Noncurrent operating lease liabilities,OperatingLeaseLiabilityNoncurrent,us-gaap/2025,OPERATING_LEASE,616000000,20250930,0,USD,operating_lease_liabilities
APD,0000002969-25-000055,BS,9,Cash and cash items,CashAndCashEquivalentsAtCarryingValue,us-gaap/2025,CASH,1856000000,20250930,0,USD,cash_and_equivalents
APD,0000002969-25-000055,BS,10,Short-term investments,ShortTermInvestments,us-gaap/2025,STI,0,20250930,0,USD,short_term_investments
APD,0000002969-25-000055,BS,52,Total Liabilities and Equity,LiabilitiesAndStockholdersEquity,us-gaap/2025,BALANCE_CONTROL,41059500000,20250930,0,USD,total_liabilities_and_equity
APD,0000002969-25-000055,BS,41,Total Liabilities,Liabilities,us-gaap/2025,BALANCE_CONTROL,23709700000,20250930,0,USD,total_liabilities
APD,0000002969-25-000055,IS,11,Interest expense,InterestExpenseNonoperating,us-gaap/2025,GROSS_INTEREST,214000000,20250930,4,USD,interest_expense
SPG,0001104659-26-019419,BS,26,Mortgages and unsecured indebtedness,LongTermDebt,us-gaap/2025,NONCURRENT_DEBT_AGGREGATE,28430175000,20251231,0,USD,long_term_debt
SPG,0001104659-26-019419,BS,26,Mortgages and unsecured indebtedness,LongTermDebt,us-gaap/2025,NONCURRENT_DEBT_AGGREGATE,28430175000,20251231,0,USD,total_debt
SPG,0001104659-26-019419,BS,30,Lease liabilities,OperatingLeaseLiability,us-gaap/2025,OPERATING_LEASE,756539000,20251231,0,USD,operating_lease_liabilities
SPG,0001104659-26-019419,BS,19,Cash and cash equivalents,CashAndCashEquivalentsAtCarryingValue,us-gaap/2025,CASH,823147000,20251231,0,USD,cash_and_equivalents
SPG,0001104659-26-019419,BS,54,Total liabilities and equity,LiabilitiesAndStockholdersEquity,us-gaap/2025,BALANCE_CONTROL,40606466000,20251231,0,USD,total_liabilities_and_equity
SPG,0001104659-26-019419,BS,32,Total liabilities,Liabilities,us-gaap/2025,BALANCE_CONTROL,33901073000,20251231,0,USD,total_liabilities
SPG,0001104659-26-019419,IS,22,Interest expense,InterestExpenseNonoperating,us-gaap/2025,GROSS_INTEREST,974835000,20251231,4,USD,interest_expense
AON,0001628280-26-008116,BS,21,Short-term debt and current portion of long-term debt,DebtCurrent,us-gaap/2025,CURRENT_DEBT_AGGREGATE,589000000,20251231,0,USD,current_debt
AON,0001628280-26-008116,BS,25,Long-term debt,LongTermDebtNoncurrent,us-gaap/2025,NONCURRENT_DEBT_AGGREGATE,14660000000,20251231,0,USD,long_term_debt
AON,0001628280-26-008116,BS,21,Short-term debt and current portion of long-term debt,DebtCurrent,us-gaap/2025,CURRENT_DEBT_AGGREGATE,589000000,20251231,0,USD,total_debt
AON,0001628280-26-008116,BS,25,Long-term debt,LongTermDebtNoncurrent,us-gaap/2025,NONCURRENT_DEBT_AGGREGATE,14660000000,20251231,0,USD,total_debt
AON,0001628280-26-008116,BS,26,Non-current operating lease liabilities,OperatingLeaseLiabilityNoncurrent,us-gaap/2025,OPERATING_LEASE,641000000,20251231,0,USD,operating_lease_liabilities
AON,0001628280-26-008116,BS,3,Cash and cash equivalents,CashAndCashEquivalentsAtCarryingValue,us-gaap/2025,CASH,1195000000,20251231,0,USD,cash_and_equivalents
AON,0001628280-26-008116,BS,4,Short-term investments,ShortTermInvestments,us-gaap/2025,STI,1603000000,20251231,0,USD,short_term_investments
AON,0001628280-26-008116,BS,40,"Total liabilities, redeemable noncontrolling interests, and equity",LiabilitiesAndStockholdersEquity,us-gaap/2025,BALANCE_CONTROL,50784000000,20251231,0,USD,total_liabilities_and_equity
AON,0001628280-26-008116,BS,30,Total liabilities,Liabilities,us-gaap/2025,BALANCE_CONTROL,41236000000,20251231,0,USD,total_liabilities
AON,0001628280-26-008116,IS,14,Interest expense,InterestExpenseNonoperating,us-gaap/2025,GROSS_INTEREST,815000000,20251231,4,USD,interest_expense
CTAS,0000723254-25-000017,BS,23,Debt due within one year,LongTermDebtCurrent,us-gaap/2025,CURRENT_DEBT,0,20250531,0,USD,current_debt
CTAS,0000723254-25-000017,BS,26,Debt due after one year,LongTermDebtNoncurrent,us-gaap/2025,NONCURRENT_DEBT_AGGREGATE,2424999000,20250531,0,USD,long_term_debt
CTAS,0000723254-25-000017,BS,23,Debt due within one year,LongTermDebtCurrent,us-gaap/2025,CURRENT_DEBT,0,20250531,0,USD,total_debt
CTAS,0000723254-25-000017,BS,26,Debt due after one year,LongTermDebtNoncurrent,us-gaap/2025,NONCURRENT_DEBT_AGGREGATE,2424999000,20250531,0,USD,total_debt
CTAS,0000723254-25-000017,BS,28,Operating lease liabilities,OperatingLeaseLiabilityNoncurrent,us-gaap/2025,OPERATING_LEASE,178738000,20250531,0,USD,operating_lease_liabilities
CTAS,0000723254-25-000017,BS,22,"Operating lease liabilities, current",OperatingLeaseLiabilityCurrent,us-gaap/2025,OPERATING_LEASE,50744000,20250531,0,USD,operating_lease_liabilities
CTAS,0000723254-25-000017,BS,3,Cash and cash equivalents,CashAndCashEquivalentsAtCarryingValue,us-gaap/2025,CASH,263973000,20250531,0,USD,cash_and_equivalents
CTAS,0000723254-25-000017,BS,38,Total liabilities and shareholders' equity,LiabilitiesAndStockholdersEquity,us-gaap/2025,BALANCE_CONTROL,9825241000,20250531,0,USD,total_liabilities_and_equity
CTAS,0000723254-25-000017,IS,14,Interest expense,InterestExpenseNonoperating,us-gaap/2025,GROSS_INTEREST,101108000,20250531,4,USD,interest_expense
HON,0000773840-26-000013,BS,28,Commercial paper and other short-term borrowings,ShortTermBorrowings,us-gaap/2025,CURRENT_DEBT,5893000000,20251231,0,USD,current_debt
HON,0000773840-26-000013,BS,33,Long-term debt,LongTermDebtAndCapitalLeaseObligations,us-gaap/2025,NONCURRENT_DEBT_AGGREGATE,27141000000,20251231,0,USD,long_term_debt
HON,0000773840-26-000013,BS,28,Commercial paper and other short-term borrowings,ShortTermBorrowings,us-gaap/2025,CURRENT_DEBT,5893000000,20251231,0,USD,total_debt
HON,0000773840-26-000013,BS,33,Long-term debt,LongTermDebtAndCapitalLeaseObligations,us-gaap/2025,NONCURRENT_DEBT_AGGREGATE,27141000000,20251231,0,USD,total_debt
HON,0000773840-26-000013,BS,9,Cash and cash equivalents,CashAndCashEquivalentsAtCarryingValue,us-gaap/2025,CASH,12487000000,20251231,0,USD,cash_and_equivalents
HON,0000773840-26-000013,BS,10,Short-term investments,ShortTermInvestments,us-gaap/2025,STI,443000000,20251231,0,USD,short_term_investments
HON,0000773840-26-000013,BS,49,"Total liabilities, redeemable noncontrolling interest and shareowners equity",LiabilitiesAndStockholdersEquity,us-gaap/2025,BALANCE_CONTROL,73681000000,20251231,0,USD,total_liabilities_and_equity
HON,0000773840-26-000013,IS,15,Interest and other financial charges,InterestAndDebtExpense,us-gaap/2025,GROSS_INTEREST,1344000000,20251231,4,USD,interest_expense
AJG,0001628280-26-008662,BS,17,Corporate related borrowings - current,ShortTermBorrowings,us-gaap/2024,CURRENT_DEBT,640000000,20251231,0,USD,current_debt
AJG,0001628280-26-008662,BS,19,Corporate related borrowings - noncurrent,LongTermDebtNoncurrent,us-gaap/2024,NONCURRENT_DEBT_AGGREGATE,12104000000,20251231,0,USD,long_term_debt
AJG,0001628280-26-008662,BS,17,Corporate related borrowings - current,ShortTermBorrowings,us-gaap/2024,CURRENT_DEBT,640000000,20251231,0,USD,total_debt
AJG,0001628280-26-008662,BS,19,Corporate related borrowings - noncurrent,LongTermDebtNoncurrent,us-gaap/2024,NONCURRENT_DEBT_AGGREGATE,12104000000,20251231,0,USD,total_debt
AJG,0001628280-26-008662,BS,21,Lease liabilities - noncurrent,OperatingLeaseLiabilityNoncurrent,us-gaap/2024,OPERATING_LEASE,515000000,20251231,0,USD,operating_lease_liabilities
AJG,0001628280-26-008662,BS,32,Total liabilities and stockholders' equity,LiabilitiesAndStockholdersEquity,us-gaap/2024,BALANCE_CONTROL,70665000000,20251231,0,USD,total_liabilities_and_equity
AJG,0001628280-26-008662,BS,23,Total liabilities,Liabilities,us-gaap/2024,BALANCE_CONTROL,47318000000,20251231,0,USD,total_liabilities
AJG,0001628280-26-008662,IS,16,Interest,InterestExpense,us-gaap/2024,GROSS_INTEREST,639000000,20251231,4,USD,interest_expense
RCL,0000884887-26-000007,BS,16,Current portion of long-term debt,LongTermDebtAndCapitalLeaseObligationsCurrent,us-gaap/2025,CURRENT_DEBT_AGGREGATE,3180000000,20251231,0,USD,current_debt
RCL,0000884887-26-000007,BS,23,Long-term debt,LongTermDebtAndCapitalLeaseObligations,us-gaap/2025,NONCURRENT_DEBT_AGGREGATE,18165000000,20251231,0,USD,long_term_debt
RCL,0000884887-26-000007,BS,16,Current portion of long-term debt,LongTermDebtAndCapitalLeaseObligationsCurrent,us-gaap/2025,CURRENT_DEBT_AGGREGATE,3180000000,20251231,0,USD,total_debt
RCL,0000884887-26-000007,BS,23,Long-term debt,LongTermDebtAndCapitalLeaseObligations,us-gaap/2025,NONCURRENT_DEBT_AGGREGATE,18165000000,20251231,0,USD,total_debt
RCL,0000884887-26-000007,BS,24,Long-term operating lease liabilities,OperatingLeaseLiabilityNoncurrent,us-gaap/2025,OPERATING_LEASE,600000000,20251231,0,USD,operating_lease_liabilities
RCL,0000884887-26-000007,BS,17,Current portion of operating lease liabilities,OperatingLeaseLiabilityCurrent,us-gaap/2025,OPERATING_LEASE,90000000,20251231,0,USD,operating_lease_liabilities
RCL,0000884887-26-000007,BS,3,Cash and cash equivalents,CashAndCashEquivalentsAtCarryingValue,us-gaap/2025,CASH,825000000,20251231,0,USD,cash_and_equivalents
RCL,0000884887-26-000007,BS,38,Total liabilities and shareholders equity,LiabilitiesAndStockholdersEquity,us-gaap/2025,BALANCE_CONTROL,41619000000,20251231,0,USD,total_liabilities_and_equity
RCL,0000884887-26-000007,BS,26,Total liabilities,Liabilities,us-gaap/2025,BALANCE_CONTROL,31374000000,20251231,0,USD,total_liabilities
RCL,0000884887-26-000007,IS,20,"Interest expense, net of interest capitalized",InterestExpenseNonoperating,us-gaap/2025,GROSS_INTEREST,992000000,20251231,4,USD,interest_expense
AEP,0000004904-26-000013,BS,43,Total Short-term Debt,ShortTermBorrowings,us-gaap/2025,CURRENT_DEBT,1508000000,20251231,0,USD,current_debt
AEP,0000004904-26-000013,BS,44,Long-term Debt Due Within One Year,LongTermDebtCurrent,us-gaap/2025,CURRENT_DEBT,3194000000,20251231,0,USD,current_debt
AEP,0000004904-26-000013,BS,53,Long-term Debt,LongTermDebtNoncurrent,us-gaap/2025,NONCURRENT_DEBT_AGGREGATE,44128000000,20251231,0,USD,long_term_debt
AEP,0000004904-26-000013,BS,43,Total Short-term Debt,ShortTermBorrowings,us-gaap/2025,CURRENT_DEBT,1508000000,20251231,0,USD,total_debt
AEP,0000004904-26-000013,BS,44,Long-term Debt Due Within One Year,LongTermDebtCurrent,us-gaap/2025,CURRENT_DEBT,3194000000,20251231,0,USD,total_debt
AEP,0000004904-26-000013,BS,53,Long-term Debt,LongTermDebtNoncurrent,us-gaap/2025,NONCURRENT_DEBT_AGGREGATE,44128000000,20251231,0,USD,total_debt
AEP,0000004904-26-000013,BS,59,Obligations Under Operating Leases,OperatingLeaseLiabilityNoncurrent,us-gaap/2025,OPERATING_LEASE,578000000,20251231,0,USD,operating_lease_liabilities
AEP,0000004904-26-000013,BS,49,Obligations Under Operating Leases,OperatingLeaseLiabilityCurrent,us-gaap/2025,OPERATING_LEASE,100000000,20251231,0,USD,operating_lease_liabilities
AEP,0000004904-26-000013,BS,2,Cash and Cash Equivalents,CashAndCashEquivalentsAtCarryingValue,us-gaap/2025,CASH,197000000,20251231,0,USD,cash_and_equivalents
AEP,0000004904-26-000013,BS,4,Other Temporary Investments,ShortTermInvestments,us-gaap/2025,STI,220000000,20251231,0,USD,short_term_investments
AEP,0000004904-26-000013,BS,74,TOTAL LIABILITIES AND EQUITY,LiabilitiesAndStockholdersEquity,us-gaap/2025,BALANCE_CONTROL,114460000000,20251231,0,USD,total_liabilities_and_equity
AEP,0000004904-26-000013,BS,62,TOTAL LIABILITIES,Liabilities,us-gaap/2025,BALANCE_CONTROL,82204000000,20251231,0,USD,total_liabilities
AEP,0000004904-26-000013,IS,25,Interest Expense,InterestExpenseNonoperating,us-gaap/2025,GROSS_INTEREST,2026000000,20251231,4,USD,interest_expense
ALL,0000899051-26-000031,BS,27,Debt,LongTermDebt,us-gaap/2025,NONCURRENT_DEBT_AGGREGATE,7490000000,20251231,0,USD,long_term_debt
ALL,0000899051-26-000031,BS,27,Debt,LongTermDebt,us-gaap/2025,NONCURRENT_DEBT_AGGREGATE,7490000000,20251231,0,USD,total_debt
ALL,0000899051-26-000031,BS,10,Cash,Cash,us-gaap/2025,CASH,678000000,20251231,0,USD,cash_and_equivalents
ALL,0000899051-26-000031,BS,46,Total liabilities and equity,LiabilitiesAndStockholdersEquity,us-gaap/2025,BALANCE_CONTROL,119758000000,20251231,0,USD,total_liabilities_and_equity
ALL,0000899051-26-000031,BS,29,Total liabilities,Liabilities,us-gaap/2025,BALANCE_CONTROL,89169000000,20251231,0,USD,total_liabilities
MNST,0001104659-26-020831,BS,3,Cash and cash equivalents,CashAndCashEquivalentsAtCarryingValue,us-gaap/2025,CASH,2088117000,20251231,0,USD,cash_and_equivalents
MNST,0001104659-26-020831,BS,4,Short-term investments,ShortTermInvestments,us-gaap/2025,STI,677084000,20251231,0,USD,short_term_investments
MNST,0001104659-26-020831,BS,37,Total Liabilities and Stockholders' Equity,LiabilitiesAndStockholdersEquity,us-gaap/2025,BALANCE_CONTROL,9988945000,20251231,0,USD,total_liabilities_and_equity
MNST,0001104659-26-020831,CF,48,Interest,InterestPaidNet,us-gaap/2025,INTEREST_PAID,5337000,20251231,4,USD,interest_expense
TDG,0001260221-25-000081,BS,15,Current portion of long-term debt,LongTermDebtCurrent,us-gaap/2025,CURRENT_DEBT,124000000,20250930,0,USD,current_debt
TDG,0001260221-25-000081,BS,21,LONG-TERM DEBT,LongTermDebtAndCapitalLeaseObligations,us-gaap/2025,NONCURRENT_DEBT_AGGREGATE,29167000000,20250930,0,USD,long_term_debt
TDG,0001260221-25-000081,BS,15,Current portion of long-term debt,LongTermDebtCurrent,us-gaap/2025,CURRENT_DEBT,124000000,20250930,0,USD,total_debt
TDG,0001260221-25-000081,BS,21,LONG-TERM DEBT,LongTermDebtAndCapitalLeaseObligations,us-gaap/2025,NONCURRENT_DEBT_AGGREGATE,29167000000,20250930,0,USD,total_debt
TDG,0001260221-25-000081,BS,34,TOTAL LIABILITIES AND STOCKHOLDERS DEFICIT,LiabilitiesAndStockholdersEquity,us-gaap/2025,BALANCE_CONTROL,22909000000,20250930,0,USD,total_liabilities_and_equity
TDG,0001260221-25-000081,BS,24,Total liabilities,Liabilities,us-gaap/2025,BALANCE_CONTROL,32588000000,20250930,0,USD,total_liabilities
TDG,0001260221-25-000081,CF,50,"Cash paid during the period for interest, net",InterestPaidNet,us-gaap/2025,INTEREST_PAID,1481000000,20250930,4,USD,interest_expense
PCAR,0001193125-26-057025,BS,37,"Liabilities and Equity, Total",LiabilitiesAndStockholdersEquity,us-gaap/2025,BALANCE_CONTROL,44336200000,20251231,0,USD,total_liabilities_and_equity
URI,0001067701-26-000007,BS,20,Short-term debt and current maturities of long-term debt,DebtCurrent,us-gaap/2025,CURRENT_DEBT_AGGREGATE,1577000000,20251231,0,USD,current_debt
URI,0001067701-26-000007,BS,24,Long-term debt,LongTermDebtAndCapitalLeaseObligations,us-gaap/2025,NONCURRENT_DEBT_AGGREGATE,12652000000,20251231,0,USD,long_term_debt
URI,0001067701-26-000007,BS,20,Short-term debt and current maturities of long-term debt,DebtCurrent,us-gaap/2025,CURRENT_DEBT_AGGREGATE,1577000000,20251231,0,USD,total_debt
URI,0001067701-26-000007,BS,24,Long-term debt,LongTermDebtAndCapitalLeaseObligations,us-gaap/2025,NONCURRENT_DEBT_AGGREGATE,12652000000,20251231,0,USD,total_debt
URI,0001067701-26-000007,BS,26,Operating lease liabilities,OperatingLeaseLiabilityNoncurrent,us-gaap/2025,OPERATING_LEASE,1124000000,20251231,0,USD,operating_lease_liabilities
URI,0001067701-26-000007,BS,8,Cash and cash equivalents,CashAndCashEquivalentsAtCarryingValue,us-gaap/2025,CASH,459000000,20251231,0,USD,cash_and_equivalents
URI,0001067701-26-000007,BS,35,Total liabilities and stockholders equity,LiabilitiesAndStockholdersEquity,us-gaap/2025,BALANCE_CONTROL,29866000000,20251231,0,USD,total_liabilities_and_equity
URI,0001067701-26-000007,BS,28,Total liabilities,Liabilities,us-gaap/2025,BALANCE_CONTROL,20898000000,20251231,0,USD,total_liabilities
URI,0001067701-26-000007,CF,42,Cash paid for interest,InterestPaidNet,us-gaap/2025,INTEREST_PAID,703000000,20251231,4,USD,interest_expense
DLR,0001104659-26-015365,BS,22,"Unsecured term loans, net",UnsecuredDebt,us-gaap/2025,NONCURRENT_DEBT,439536000,20251231,0,USD,long_term_debt
DLR,0001104659-26-015365,BS,24,"Secured and other debt, net of discount",SecuredDebt,us-gaap/2025,NONCURRENT_DEBT,869068000,20251231,0,USD,long_term_debt
DLR,0001104659-26-015365,BS,22,"Unsecured term loans, net",UnsecuredDebt,us-gaap/2025,NONCURRENT_DEBT,439536000,20251231,0,USD,total_debt
DLR,0001104659-26-015365,BS,24,"Secured and other debt, net of discount",SecuredDebt,us-gaap/2025,NONCURRENT_DEBT,869068000,20251231,0,USD,total_debt
DLR,0001104659-26-015365,BS,25,Operating lease liabilities,OperatingLeaseLiability,us-gaap/2025,OPERATING_LEASE,1253217000,20251231,0,USD,operating_lease_liabilities
DLR,0001104659-26-015365,BS,12,Cash and cash equivalents,CashAndCashEquivalentsAtCarryingValue,us-gaap/2025,CASH,3451647000,20251231,0,USD,cash_and_equivalents
DLR,0001104659-26-015365,BS,52,Total liabilities and equity,LiabilitiesAndStockholdersEquity,us-gaap/2025,BALANCE_CONTROL,49410468000,20251231,0,USD,total_liabilities_and_equity
DLR,0001104659-26-015365,BS,31,Total liabilities,Liabilities,us-gaap/2025,BALANCE_CONTROL,24564494000,20251231,0,USD,total_liabilities
DLR,0001104659-26-015365,IS,27,Interest expense,InterestExpense,us-gaap/2025,GROSS_INTEREST,437947000,20251231,4,USD,interest_expense
HCA,0001193125-26-044769,BS,27,Short-term borrowings and long-term debt due within one year,DebtCurrent,us-gaap/2025,CURRENT_DEBT_AGGREGATE,4889000000,20251231,0,USD,current_debt
HCA,0001193125-26-044769,BS,29,"Long-term debt, less debt issuance costs and discounts of $436 and $369",LongTermDebtNoncurrent,us-gaap/2025,NONCURRENT_DEBT_AGGREGATE,41603000000,20251231,0,USD,long_term_debt
HCA,0001193125-26-044769,BS,27,Short-term borrowings and long-term debt due within one year,DebtCurrent,us-gaap/2025,CURRENT_DEBT_AGGREGATE,4889000000,20251231,0,USD,total_debt
HCA,0001193125-26-044769,BS,29,"Long-term debt, less debt issuance costs and discounts of $436 and $369",LongTermDebtNoncurrent,us-gaap/2025,NONCURRENT_DEBT_AGGREGATE,41603000000,20251231,0,USD,total_debt
HCA,0001193125-26-044769,BS,31,Right-of-use operating lease obligations,OperatingLeaseLiabilityNoncurrent,us-gaap/2025,OPERATING_LEASE,1853000000,20251231,0,USD,operating_lease_liabilities
HCA,0001193125-26-044769,BS,3,Cash and cash equivalents,CashAndCashEquivalentsAtCarryingValue,us-gaap/2025,CASH,1040000000,20251231,0,USD,cash_and_equivalents
HCA,0001193125-26-044769,BS,40,Total liabilities and stockholders' (deficit) equity,LiabilitiesAndStockholdersEquity,us-gaap/2025,BALANCE_CONTROL,60720000000,20251231,0,USD,total_liabilities_and_equity
HCA,0001193125-26-044769,IS,7,Interest expense,InterestExpense,us-gaap/2025,GROSS_INTEREST,2248000000,20251231,4,USD,interest_expense
KMI,0001506307-26-000011,BS,21,Current portion of debt,DebtCurrent,us-gaap/2025,CURRENT_DEBT_AGGREGATE,1226000000,20251231,0,USD,current_debt
KMI,0001506307-26-000011,BS,31,Total long-term debt,LongTermDebtNoncurrent,us-gaap/2025,NONCURRENT_DEBT_AGGREGATE,30777000000,20251231,0,USD,long_term_debt
KMI,0001506307-26-000011,BS,21,Current portion of debt,DebtCurrent,us-gaap/2025,CURRENT_DEBT_AGGREGATE,1226000000,20251231,0,USD,total_debt
KMI,0001506307-26-000011,BS,31,Total long-term debt,LongTermDebtNoncurrent,us-gaap/2025,NONCURRENT_DEBT_AGGREGATE,30777000000,20251231,0,USD,total_debt
KMI,0001506307-26-000011,BS,7,Cash and cash equivalents,CashAndCashEquivalentsAtCarryingValue,us-gaap/2025,CASH,63000000,20251231,0,USD,cash_and_equivalents
KMI,0001506307-26-000011,BS,45,Total Liabilities and Stockholders Equity,LiabilitiesAndStockholdersEquity,us-gaap/2025,BALANCE_CONTROL,72748000000,20251231,0,USD,total_liabilities_and_equity
KMI,0001506307-26-000011,BS,35,Total Liabilities,Liabilities,us-gaap/2025,BALANCE_CONTROL,40299000000,20251231,0,USD,total_liabilities
KMI,0001506307-26-000011,CF,54,Cash paid during the period for interest (net of capitalized interest),InterestPaidNet,us-gaap/2025,INTEREST_PAID,1811000000,20251231,4,USD,interest_expense
BKR,0001701605-26-000007,BS,23,Short-term and current portion of long-term debt,DebtCurrent,us-gaap/2025,CURRENT_DEBT_AGGREGATE,689000000,20251231,0,USD,current_debt
BKR,0001701605-26-000007,BS,27,Long-term debt,LongTermDebtAndCapitalLeaseObligations,us-gaap/2025,NONCURRENT_DEBT_AGGREGATE,5398000000,20251231,0,USD,long_term_debt
BKR,0001701605-26-000007,BS,23,Short-term and current portion of long-term debt,DebtCurrent,us-gaap/2025,CURRENT_DEBT_AGGREGATE,689000000,20251231,0,USD,total_debt
BKR,0001701605-26-000007,BS,27,Long-term debt,LongTermDebtAndCapitalLeaseObligations,us-gaap/2025,NONCURRENT_DEBT_AGGREGATE,5398000000,20251231,0,USD,total_debt
BKR,0001701605-26-000007,BS,39,Total liabilities and equity,LiabilitiesAndStockholdersEquity,us-gaap/2025,BALANCE_CONTROL,40881000000,20251231,0,USD,total_liabilities_and_equity
BKR,0001701605-26-000007,CF,37,Interest paid,InterestPaidNet,us-gaap/2025,INTEREST_PAID,294000000,20251231,4,USD,interest_expense
TRGP,0001193125-26-059296,BS,25,Long-term debt,LongTermDebtAndCapitalLeaseObligations,us-gaap/2025,NONCURRENT_DEBT_AGGREGATE,16662400000,20251231,0,USD,long_term_debt
TRGP,0001193125-26-059296,BS,25,Long-term debt,LongTermDebtAndCapitalLeaseObligations,us-gaap/2025,NONCURRENT_DEBT_AGGREGATE,16662400000,20251231,0,USD,total_debt
TRGP,0001193125-26-059296,BS,5,Cash and cash equivalents,CashAndCashEquivalentsAtCarryingValue,us-gaap/2025,CASH,166100000,20251231,0,USD,cash_and_equivalents
TRGP,0001193125-26-059296,BS,40,Total liabilities and owners' equity,LiabilitiesAndStockholdersEquity,us-gaap/2025,BALANCE_CONTROL,25218400000,20251231,0,USD,total_liabilities_and_equity
CRH,0001628280-26-009043,BS,20,Current portion of long-term debt,DebtCurrent,us-gaap/2025,CURRENT_DEBT_AGGREGATE,1175000000,20251231,0,USD,current_debt
CRH,0001628280-26-009043,BS,24,Long-term debt,LongTermDebtNoncurrent,us-gaap/2025,NONCURRENT_DEBT_AGGREGATE,16478000000,20251231,0,USD,long_term_debt
CRH,0001628280-26-009043,BS,20,Current portion of long-term debt,DebtCurrent,us-gaap/2025,CURRENT_DEBT_AGGREGATE,1175000000,20251231,0,USD,total_debt
CRH,0001628280-26-009043,BS,24,Long-term debt,LongTermDebtNoncurrent,us-gaap/2025,NONCURRENT_DEBT_AGGREGATE,16478000000,20251231,0,USD,total_debt
CRH,0001628280-26-009043,BS,26,Noncurrent operating lease liabilities,OperatingLeaseLiabilityNoncurrent,us-gaap/2025,OPERATING_LEASE,1232000000,20251231,0,USD,operating_lease_liabilities
CRH,0001628280-26-009043,BS,21,Operating lease liabilities,OperatingLeaseLiabilityCurrent,us-gaap/2025,OPERATING_LEASE,286000000,20251231,0,USD,operating_lease_liabilities
CRH,0001628280-26-009043,BS,3,Cash and cash equivalents,CashAndCashEquivalentsAtCarryingValue,us-gaap/2025,CASH,4096000000,20251231,0,USD,cash_and_equivalents
CRH,0001628280-26-009043,BS,41,"Total liabilities, redeemable noncontrolling interests and equity",LiabilitiesAndStockholdersEquity,us-gaap/2025,BALANCE_CONTROL,58329000000,20251231,0,USD,total_liabilities_and_equity
CRH,0001628280-26-009043,BS,28,Total liabilities,Liabilities,us-gaap/2025,BALANCE_CONTROL,32851000000,20251231,0,USD,total_liabilities
CRH,0001628280-26-009043,IS,15,Interest expense,InterestExpenseNonoperating,us-gaap/2025,GROSS_INTEREST,810000000,20251231,4,USD,interest_expense
APO,0001858681-26-000013,BS,29,Debt,LongTermDebt,us-gaap/2025,NONCURRENT_DEBT_AGGREGATE,13364000000,20251231,0,USD,long_term_debt
APO,0001858681-26-000013,BS,29,Debt,LongTermDebt,us-gaap/2025,NONCURRENT_DEBT_AGGREGATE,13364000000,20251231,0,USD,total_debt
APO,0001858681-26-000013,BS,48,"Total Liabilities, Redeemable non-controlling interests and Equity",LiabilitiesAndStockholdersEquity,us-gaap/2025,BALANCE_CONTROL,460949000000,20251231,0,USD,total_liabilities_and_equity
APO,0001858681-26-000013,BS,35,Total Liabilities,Liabilities,us-gaap/2025,BALANCE_CONTROL,418434000000,20251231,0,USD,total_liabilities
APO,0001858681-26-000013,CF,63,Cash paid for interest,InterestPaidNet,us-gaap/2025,INTEREST_PAID,994000000,20251231,4,USD,interest_expense
COR,0001140859-25-000131,BS,19,Short-term debt,DebtCurrent,us-gaap/2025,CURRENT_DEBT_AGGREGATE,117785000,20250930,0,USD,current_debt
COR,0001140859-25-000131,BS,21,Long-term debt,LongTermDebtNoncurrent,us-gaap/2025,NONCURRENT_DEBT_AGGREGATE,7542988000,20250930,0,USD,long_term_debt
COR,0001140859-25-000131,BS,19,Short-term debt,DebtCurrent,us-gaap/2025,CURRENT_DEBT_AGGREGATE,117785000,20250930,0,USD,total_debt
COR,0001140859-25-000131,BS,21,Long-term debt,LongTermDebtNoncurrent,us-gaap/2025,NONCURRENT_DEBT_AGGREGATE,7542988000,20250930,0,USD,total_debt
COR,0001140859-25-000131,BS,3,Cash and cash equivalents,CashAndCashEquivalentsAtCarryingValue,us-gaap/2025,CASH,4356138000,20250930,0,USD,cash_and_equivalents
COR,0001140859-25-000131,BS,36,TOTAL LIABILITIES AND STOCKHOLDERS EQUITY,LiabilitiesAndStockholdersEquity,us-gaap/2025,BALANCE_CONTROL,76590112000,20250930,0,USD,total_liabilities_and_equity
MPWR,0001437749-26-006113,BS,4,Cash and cash equivalents,CashAndCashEquivalentsAtCarryingValue,us-gaap/2025,CASH,1099302000,20251231,0,USD,cash_and_equivalents
MPWR,0001437749-26-006113,BS,5,Short-term investments,ShortTermInvestments,us-gaap/2025,STI,157243000,20251231,0,USD,short_term_investments
MPWR,0001437749-26-006113,BS,31,Total liabilities and stockholders equity,LiabilitiesAndStockholdersEquity,us-gaap/2025,BALANCE_CONTROL,4194199000,20251231,0,USD,total_liabilities_and_equity
MPWR,0001437749-26-006113,BS,24,Total liabilities,Liabilities,us-gaap/2025,BALANCE_CONTROL,662702000,20251231,0,USD,total_liabilities
TFC,0000092230-26-000030,BS,21,"Short-term borrowings (including $2,394 and $1,896 at fair value, respectively)",ShortTermBorrowings,us-gaap/2025,CURRENT_DEBT,27839000000,20251231,0,USD,current_debt
TFC,0000092230-26-000030,BS,22,Long-term debt,LongTermDebt,us-gaap/2025,NONCURRENT_DEBT_AGGREGATE,41963000000,20251231,0,USD,long_term_debt
TFC,0000092230-26-000030,BS,21,"Short-term borrowings (including $2,394 and $1,896 at fair value, respectively)",ShortTermBorrowings,us-gaap/2025,CURRENT_DEBT,27839000000,20251231,0,USD,total_debt
TFC,0000092230-26-000030,BS,22,Long-term debt,LongTermDebt,us-gaap/2025,NONCURRENT_DEBT_AGGREGATE,41963000000,20251231,0,USD,total_debt
TFC,0000092230-26-000030,BS,32,Total liabilities and shareholders equity,LiabilitiesAndStockholdersEquity,us-gaap/2025,BALANCE_CONTROL,547538000000,20251231,0,USD,total_liabilities_and_equity
TFC,0000092230-26-000030,BS,24,Total liabilities,Liabilities,us-gaap/2025,BALANCE_CONTROL,482349000000,20251231,0,USD,total_liabilities
TFC,0000092230-26-000030,CF,48,Interest expense,InterestPaidNet,us-gaap/2025,INTEREST_PAID,10073000000,20251231,4,USD,interest_expense
OKE,0001039684-26-000006,BS,22,Short-term borrowings (Note G),ShortTermBorrowings,us-gaap/2025,CURRENT_DEBT,820000000,20251231,0,USD,current_debt
OKE,0001039684-26-000006,BS,21,Current maturities of long-term debt (Note G),LongTermDebtCurrent,us-gaap/2025,CURRENT_DEBT,1241000000,20251231,0,USD,current_debt
OKE,0001039684-26-000006,BS,28,"Long-term debt, excluding current maturities (Note G)",LongTermDebtNoncurrent,us-gaap/2025,NONCURRENT_DEBT_AGGREGATE,30755000000,20251231,0,USD,long_term_debt
OKE,0001039684-26-000006,BS,22,Short-term borrowings (Note G),ShortTermBorrowings,us-gaap/2025,CURRENT_DEBT,820000000,20251231,0,USD,total_debt
OKE,0001039684-26-000006,BS,21,Current maturities of long-term debt (Note G),LongTermDebtCurrent,us-gaap/2025,CURRENT_DEBT,1241000000,20251231,0,USD,total_debt
OKE,0001039684-26-000006,BS,28,"Long-term debt, excluding current maturities (Note G)",LongTermDebtNoncurrent,us-gaap/2025,NONCURRENT_DEBT_AGGREGATE,30755000000,20251231,0,USD,total_debt
OKE,0001039684-26-000006,BS,3,Cash and cash equivalents,CashAndCashEquivalentsAtCarryingValue,us-gaap/2025,CASH,78000000,20251231,0,USD,cash_and_equivalents
OKE,0001039684-26-000006,BS,44,Total liabilities and equity,LiabilitiesAndStockholdersEquity,us-gaap/2025,BALANCE_CONTROL,66641000000,20251231,0,USD,total_liabilities_and_equity
OKE,0001039684-26-000006,IS,18,Interest expense,InterestExpenseNonoperating,us-gaap/2025,GROSS_INTEREST,1783000000,20251231,4,USD,interest_expense
TEL,0001104659-25-109150,BS,21,Short-term debt,DebtCurrent,us-gaap/2024,CURRENT_DEBT_AGGREGATE,852000000,20250930,0,USD,current_debt
TEL,0001104659-25-109150,BS,25,Long-term debt,LongTermDebtNoncurrent,us-gaap/2024,NONCURRENT_DEBT_AGGREGATE,4842000000,20250930,0,USD,long_term_debt
TEL,0001104659-25-109150,BS,21,Short-term debt,DebtCurrent,us-gaap/2024,CURRENT_DEBT_AGGREGATE,852000000,20250930,0,USD,total_debt
TEL,0001104659-25-109150,BS,25,Long-term debt,LongTermDebtNoncurrent,us-gaap/2024,NONCURRENT_DEBT_AGGREGATE,4842000000,20250930,0,USD,total_debt
TEL,0001104659-25-109150,BS,8,Cash and cash equivalents,CashAndCashEquivalentsAtCarryingValue,us-gaap/2024,CASH,1255000000,20250930,0,USD,cash_and_equivalents
TEL,0001104659-25-109150,BS,40,"Total liabilities, redeemable noncontrolling interests, and shareholders' equity",LiabilitiesAndStockholdersEquity,us-gaap/2024,BALANCE_CONTROL,25081000000,20250930,0,USD,total_liabilities_and_equity
TEL,0001104659-25-109150,BS,30,Total liabilities,Liabilities,us-gaap/2024,BALANCE_CONTROL,12351000000,20250930,0,USD,total_liabilities
TEL,0001104659-25-109150,IS,10,Interest expense,InterestExpenseNonoperating,us-gaap/2024,GROSS_INTEREST,77000000,20250930,4,USD,interest_expense
D,0001193125-26-063120,BS,45,Short-term debt,ShortTermBorrowings,us-gaap/2025,CURRENT_DEBT,2457000000,20251231,0,USD,current_debt
D,0001193125-26-063120,BS,44,Supplemental credit facility borrowings,LinesOfCreditCurrent,us-gaap/2025,CURRENT_DEBT,0,20251231,0,USD,current_debt
D,0001193125-26-063120,BS,63,Total long-term debt,LongTermDebtAndCapitalLeaseObligations,us-gaap/2025,NONCURRENT_DEBT_AGGREGATE,44075000000,20251231,0,USD,long_term_debt
D,0001193125-26-063120,BS,45,Short-term debt,ShortTermBorrowings,us-gaap/2025,CURRENT_DEBT,2457000000,20251231,0,USD,total_debt
D,0001193125-26-063120,BS,44,Supplemental credit facility borrowings,LinesOfCreditCurrent,us-gaap/2025,CURRENT_DEBT,0,20251231,0,USD,total_debt
D,0001193125-26-063120,BS,63,Total long-term debt,LongTermDebtAndCapitalLeaseObligations,us-gaap/2025,NONCURRENT_DEBT_AGGREGATE,44075000000,20251231,0,USD,total_debt
D,0001193125-26-063120,BS,8,Cash and cash equivalents,CashAndCashEquivalentsAtCarryingValue,us-gaap/2025,CASH,250000000,20251231,0,USD,cash_and_equivalents
D,0001193125-26-063120,BS,83,Total liabilities and equity,LiabilitiesAndStockholdersEquity,us-gaap/2025,BALANCE_CONTROL,115857000000,20251231,0,USD,total_liabilities_and_equity
D,0001193125-26-063120,BS,72,Total liabilities,Liabilities,us-gaap/2025,BALANCE_CONTROL,82440000000,20251231,0,USD,total_liabilities
D,0001193125-26-063120,IS,19,Interest and related charges,InterestAndDebtExpense,us-gaap/2025,GROSS_INTEREST,2022000000,20251231,4,USD,interest_expense
O,0000726728-26-000011,BS,24,"Notes payable, net",NotesPayable,us-gaap/2025,NONCURRENT_DEBT,25031947000,20251231,0,USD,long_term_debt
O,0000726728-26-000011,BS,23,"Mortgages payable, net",SecuredDebt,us-gaap/2025,NONCURRENT_DEBT,37761000,20251231,0,USD,long_term_debt
O,0000726728-26-000011,BS,24,"Notes payable, net",NotesPayable,us-gaap/2025,NONCURRENT_DEBT,25031947000,20251231,0,USD,total_debt
O,0000726728-26-000011,BS,23,"Mortgages payable, net",SecuredDebt,us-gaap/2025,NONCURRENT_DEBT,37761000,20251231,0,USD,total_debt
O,0000726728-26-000011,BS,9,Cash and cash equivalents,CashAndCashEquivalentsAtCarryingValue,us-gaap/2025,CASH,434842000,20251231,0,USD,cash_and_equivalents
O,0000726728-26-000011,BS,34,Total liabilities and equity,LiabilitiesAndStockholdersEquity,us-gaap/2025,BALANCE_CONTROL,72795612000,20251231,0,USD,total_liabilities_and_equity
O,0000726728-26-000011,BS,25,Total liabilities,Liabilities,us-gaap/2025,BALANCE_CONTROL,32671644000,20251231,0,USD,total_liabilities
GWW,0000277135-26-000011,BS,16,Current maturities,LongTermDebtCurrent,us-gaap/2024,CURRENT_DEBT,126000000,20251231,0,USD,current_debt
GWW,0000277135-26-000011,BS,23,Long-term debt,LongTermDebtNoncurrent,us-gaap/2024,NONCURRENT_DEBT_AGGREGATE,2362000000,20251231,0,USD,long_term_debt
GWW,0000277135-26-000011,BS,16,Current maturities,LongTermDebtCurrent,us-gaap/2024,CURRENT_DEBT,126000000,20251231,0,USD,total_debt
GWW,0000277135-26-000011,BS,23,Long-term debt,LongTermDebtNoncurrent,us-gaap/2024,NONCURRENT_DEBT_AGGREGATE,2362000000,20251231,0,USD,total_debt
GWW,0000277135-26-000011,BS,24,Long-term operating lease liability,OperatingLeaseLiabilityNoncurrent,us-gaap/2024,OPERATING_LEASE,301000000,20251231,0,USD,operating_lease_liabilities
GWW,0000277135-26-000011,BS,19,Operating lease liability,OperatingLeaseLiabilityCurrent,us-gaap/2024,OPERATING_LEASE,73000000,20251231,0,USD,operating_lease_liabilities
GWW,0000277135-26-000011,BS,3,Cash and cash equivalents,CashAndCashEquivalentsAtCarryingValue,us-gaap/2024,CASH,585000000,20251231,0,USD,cash_and_equivalents
GWW,0000277135-26-000011,BS,37,Total liabilities and shareholders' equity,LiabilitiesAndStockholdersEquity,us-gaap/2024,BALANCE_CONTROL,8962000000,20251231,0,USD,total_liabilities_and_equity
GWW,0000277135-26-000011,IS,7,Interest expense  net,InterestExpenseNonoperating,us-gaap/2024,GROSS_INTEREST,81000000,20251231,4,USD,interest_expense
NUE,0001193125-26-071575,BS,16,Short-term debt,ShortTermBorrowings,us-gaap/2025,CURRENT_DEBT,122000000,20251231,0,USD,current_debt
NUE,0001193125-26-071575,BS,22,Long-term debt and finance lease obligations due after one year,LongTermDebtAndCapitalLeaseObligations,us-gaap/2025,NONCURRENT_DEBT_AGGREGATE,6909000000,20251231,0,USD,long_term_debt
NUE,0001193125-26-071575,BS,16,Short-term debt,ShortTermBorrowings,us-gaap/2025,CURRENT_DEBT,122000000,20251231,0,USD,total_debt
NUE,0001193125-26-071575,BS,22,Long-term debt and finance lease obligations due after one year,LongTermDebtAndCapitalLeaseObligations,us-gaap/2025,NONCURRENT_DEBT_AGGREGATE,6909000000,20251231,0,USD,total_debt
NUE,0001193125-26-071575,BS,3,Cash and cash equivalents,CashAndCashEquivalentsAtCarryingValue,us-gaap/2025,CASH,2260000000,20251231,0,USD,cash_and_equivalents
NUE,0001193125-26-071575,BS,4,Short-term investments,ShortTermInvestments,us-gaap/2025,STI,439000000,20251231,0,USD,short_term_investments
NUE,0001193125-26-071575,BS,36,Total liabilities and equity,LiabilitiesAndStockholdersEquity,us-gaap/2025,BALANCE_CONTROL,35104000000,20251231,0,USD,total_liabilities_and_equity
NUE,0001193125-26-071575,BS,24,Total liabilities,Liabilities,us-gaap/2025,BALANCE_CONTROL,12980000000,20251231,0,USD,total_liabilities
NXPI,0001413447-26-000008,BS,22,Short-term debt,DebtCurrent,us-gaap/2025,CURRENT_DEBT_AGGREGATE,1250000000,20251231,0,USD,current_debt
NXPI,0001413447-26-000008,BS,25,Long-term debt,LongTermDebtAndCapitalLeaseObligations,us-gaap/2025,NONCURRENT_DEBT_AGGREGATE,10972000000,20251231,0,USD,long_term_debt
NXPI,0001413447-26-000008,BS,22,Short-term debt,DebtCurrent,us-gaap/2025,CURRENT_DEBT_AGGREGATE,1250000000,20251231,0,USD,total_debt
NXPI,0001413447-26-000008,BS,25,Long-term debt,LongTermDebtAndCapitalLeaseObligations,us-gaap/2025,NONCURRENT_DEBT_AGGREGATE,10972000000,20251231,0,USD,total_debt
NXPI,0001413447-26-000008,BS,3,Cash and cash equivalents,CashAndCashEquivalentsAtCarryingValue,us-gaap/2025,CASH,3267000000,20251231,0,USD,cash_and_equivalents
NXPI,0001413447-26-000008,BS,39,Total liabilities and equity,LiabilitiesAndStockholdersEquity,us-gaap/2025,BALANCE_CONTROL,26560000000,20251231,0,USD,total_liabilities_and_equity
NXPI,0001413447-26-000008,CF,49,Interest,InterestPaidNet,us-gaap/2025,INTEREST_PAID,306000000,20251231,4,USD,interest_expense
FAST,0000815556-26-000009,BS,15,Current portion of debt,LongTermDebtCurrent,us-gaap/2025,CURRENT_DEBT,25000000,20251231,0,USD,current_debt
FAST,0000815556-26-000009,BS,21,Long-term debt,LongTermDebtNoncurrent,us-gaap/2025,NONCURRENT_DEBT_AGGREGATE,100000000,20251231,0,USD,long_term_debt
FAST,0000815556-26-000009,BS,15,Current portion of debt,LongTermDebtCurrent,us-gaap/2025,CURRENT_DEBT,25000000,20251231,0,USD,total_debt
FAST,0000815556-26-000009,BS,21,Long-term debt,LongTermDebtNoncurrent,us-gaap/2025,NONCURRENT_DEBT_AGGREGATE,100000000,20251231,0,USD,total_debt
FAST,0000815556-26-000009,BS,22,Operating lease liabilities,OperatingLeaseLiabilityNoncurrent,us-gaap/2025,OPERATING_LEASE,210800000,20251231,0,USD,operating_lease_liabilities
FAST,0000815556-26-000009,BS,18,Current portion of operating lease liabilities,OperatingLeaseLiabilityCurrent,us-gaap/2025,OPERATING_LEASE,106100000,20251231,0,USD,operating_lease_liabilities
FAST,0000815556-26-000009,BS,3,Cash and cash equivalents,CashAndCashEquivalentsAtCarryingValue,us-gaap/2025,CASH,276800000,20251231,0,USD,cash_and_equivalents
FAST,0000815556-26-000009,BS,33,Total liabilities and stockholders' equity,LiabilitiesAndStockholdersEquity,us-gaap/2025,BALANCE_CONTROL,5052900000,20251231,0,USD,total_liabilities_and_equity
FAST,0000815556-26-000009,IS,7,Interest expense,InterestExpenseNonoperating,us-gaap/2025,GROSS_INTEREST,6200000,20251231,4,USD,interest_expense
CTVA,0001755672-26-000004,BS,31,Short-term borrowings and finance lease obligations,DebtCurrent,us-gaap/2025,CURRENT_DEBT_AGGREGATE,894000000,20251231,0,USD,current_debt
CTVA,0001755672-26-000004,BS,37,Long-term Debt,LongTermDebtAndCapitalLeaseObligations,us-gaap/2025,NONCURRENT_DEBT_AGGREGATE,1686000000,20251231,0,USD,long_term_debt
CTVA,0001755672-26-000004,BS,31,Short-term borrowings and finance lease obligations,DebtCurrent,us-gaap/2025,CURRENT_DEBT_AGGREGATE,894000000,20251231,0,USD,total_debt
CTVA,0001755672-26-000004,BS,37,Long-term Debt,LongTermDebtAndCapitalLeaseObligations,us-gaap/2025,NONCURRENT_DEBT_AGGREGATE,1686000000,20251231,0,USD,total_debt
CTVA,0001755672-26-000004,BS,16,Cash and Cash Equivalents,CashAndCashEquivalentsAtCarryingValue,us-gaap/2025,CASH,4521000000,20251231,0,USD,cash_and_equivalents
CTVA,0001755672-26-000004,BS,17,Marketable Securities,ShortTermInvestments,us-gaap/2025,STI,9000000,20251231,0,USD,short_term_investments
CTVA,0001755672-26-000004,BS,52,Total Liabilities and Equity,LiabilitiesAndStockholdersEquity,us-gaap/2025,BALANCE_CONTROL,42845000000,20251231,0,USD,total_liabilities_and_equity
CTVA,0001755672-26-000004,IS,15,Interest Expense,InterestAndDebtExpense,us-gaap/2025,GROSS_INTEREST,180000000,20251231,4,USD,interest_expense
DVN,0001193125-26-056485,BS,18,Short-term debt,ShortTermBorrowings,us-gaap/2025,CURRENT_DEBT,998000000,20251231,0,USD,current_debt
DVN,0001193125-26-056485,BS,21,Long-term debt,LongTermDebtNoncurrent,us-gaap/2025,NONCURRENT_DEBT_AGGREGATE,7391000000,20251231,0,USD,long_term_debt
DVN,0001193125-26-056485,BS,18,Short-term debt,ShortTermBorrowings,us-gaap/2025,CURRENT_DEBT,998000000,20251231,0,USD,total_debt
DVN,0001193125-26-056485,BS,21,Long-term debt,LongTermDebtNoncurrent,us-gaap/2025,NONCURRENT_DEBT_AGGREGATE,7391000000,20251231,0,USD,total_debt
DVN,0001193125-26-056485,BS,34,Total liabilities and equity,LiabilitiesAndStockholdersEquity,us-gaap/2025,BALANCE_CONTROL,31599000000,20251231,0,USD,total_liabilities_and_equity
KEYS,0001601046-25-000127,BS,25,Long-term debt,LongTermDebtNoncurrent,us-gaap/2025,NONCURRENT_DEBT_AGGREGATE,2534000000,20251031,0,USD,long_term_debt
KEYS,0001601046-25-000127,BS,25,Long-term debt,LongTermDebtNoncurrent,us-gaap/2025,NONCURRENT_DEBT_AGGREGATE,2534000000,20251031,0,USD,total_debt
KEYS,0001601046-25-000127,BS,28,Long-term operating lease liabilities,OperatingLeaseLiabilityNoncurrent,us-gaap/2025,OPERATING_LEASE,193000000,20251031,0,USD,operating_lease_liabilities
KEYS,0001601046-25-000127,BS,22,Operating lease liabilities,OperatingLeaseLiabilityCurrent,us-gaap/2025,OPERATING_LEASE,51000000,20251031,0,USD,operating_lease_liabilities
KEYS,0001601046-25-000127,BS,3,Cash and cash equivalents,CashAndCashEquivalentsAtCarryingValue,us-gaap/2025,CASH,1873000000,20251031,0,USD,cash_and_equivalents
KEYS,0001601046-25-000127,BS,40,Total liabilities and equity,LiabilitiesAndStockholdersEquity,us-gaap/2025,BALANCE_CONTROL,11301000000,20251031,0,USD,total_liabilities_and_equity
KEYS,0001601046-25-000127,BS,30,Total liabilities,Liabilities,us-gaap/2025,BALANCE_CONTROL,5420000000,20251031,0,USD,total_liabilities
KEYS,0001601046-25-000127,IS,17,Interest expense,InterestExpenseNonoperating,us-gaap/2025,GROSS_INTEREST,96000000,20251031,4,USD,interest_expense
CAH,0000721371-25-000079,BS,16,Current portion of long-term obligations and other short-term borrowings,LongTermDebtAndCapitalLeaseObligationsCurrent,us-gaap/2025,CURRENT_DEBT_AGGREGATE,550000000,20250630,0,USD,current_debt
CAH,0000721371-25-000079,BS,19,"Long-term obligations, less current portion",LongTermDebtAndCapitalLeaseObligations,us-gaap/2025,NONCURRENT_DEBT_AGGREGATE,7977000000,20250630,0,USD,long_term_debt
CAH,0000721371-25-000079,BS,16,Current portion of long-term obligations and other short-term borrowings,LongTermDebtAndCapitalLeaseObligationsCurrent,us-gaap/2025,CURRENT_DEBT_AGGREGATE,550000000,20250630,0,USD,total_debt
CAH,0000721371-25-000079,BS,19,"Long-term obligations, less current portion",LongTermDebtAndCapitalLeaseObligations,us-gaap/2025,NONCURRENT_DEBT_AGGREGATE,7977000000,20250630,0,USD,total_debt
CAH,0000721371-25-000079,BS,3,Cash and equivalents,CashAndCashEquivalentsAtCarryingValue,us-gaap/2025,CASH,3874000000,20250630,0,USD,cash_and_equivalents
CAH,0000721371-25-000079,BS,32,Total liabilities and shareholders deficit,LiabilitiesAndStockholdersEquity,us-gaap/2025,BALANCE_CONTROL,53122000000,20250630,0,USD,total_liabilities_and_equity
CAH,0000721371-25-000079,IS,13,"Interest expense, net",InterestExpense,us-gaap/2025,GROSS_INTEREST,215000000,20250630,4,USD,interest_expense
TER,0001193125-26-059002,BS,27,Short-term debt,ShortTermBorrowings,us-gaap/2025,CURRENT_DEBT,200000000,20251231,0,USD,current_debt
TER,0001193125-26-059002,BS,27,Short-term debt,ShortTermBorrowings,us-gaap/2025,CURRENT_DEBT,200000000,20251231,0,USD,total_debt
TER,0001193125-26-059002,BS,34,Long-term operating lease liabilities,OperatingLeaseLiabilityNoncurrent,us-gaap/2025,OPERATING_LEASE,63899000,20251231,0,USD,operating_lease_liabilities
TER,0001193125-26-059002,BS,26,Operating lease liabilities,OperatingLeaseLiabilityCurrent,us-gaap/2025,OPERATING_LEASE,19340000,20251231,0,USD,operating_lease_liabilities
TER,0001193125-26-059002,BS,3,Cash and cash equivalents,CashAndCashEquivalentsAtCarryingValue,us-gaap/2025,CASH,293751000,20251231,0,USD,cash_and_equivalents
TER,0001193125-26-059002,BS,44,Total liabilities and shareholders' equity,LiabilitiesAndStockholdersEquity,us-gaap/2025,BALANCE_CONTROL,4183599000,20251231,0,USD,total_liabilities_and_equity
TER,0001193125-26-059002,BS,36,Total liabilities,Liabilities,us-gaap/2025,BALANCE_CONTROL,1387847000,20251231,0,USD,total_liabilities
TER,0001193125-26-059002,IS,22,Interest expense,InterestExpense,us-gaap/2025,GROSS_INTEREST,6846000,20251231,4,USD,interest_expense
ADSK,0000769397-26-000015,BS,23,"Current portion of long-term notes payable, net",NotesPayableCurrent,us-gaap/2025,CURRENT_DEBT,0,20260131,0,USD,current_debt
ADSK,0000769397-26-000015,BS,30,"Long-term notes payable, net",LongTermNotesPayable,us-gaap/2025,NONCURRENT_DEBT,2483000000,20260131,0,USD,long_term_debt
ADSK,0000769397-26-000015,BS,23,"Current portion of long-term notes payable, net",NotesPayableCurrent,us-gaap/2025,CURRENT_DEBT,0,20260131,0,USD,total_debt
ADSK,0000769397-26-000015,BS,30,"Long-term notes payable, net",LongTermNotesPayable,us-gaap/2025,NONCURRENT_DEBT,2483000000,20260131,0,USD,total_debt
ADSK,0000769397-26-000015,BS,27,Long-term operating lease liabilities,OperatingLeaseLiabilityNoncurrent,us-gaap/2025,OPERATING_LEASE,199000000,20260131,0,USD,operating_lease_liabilities
ADSK,0000769397-26-000015,BS,22,Operating lease liabilities,OperatingLeaseLiabilityCurrent,us-gaap/2025,OPERATING_LEASE,52000000,20260131,0,USD,operating_lease_liabilities
ADSK,0000769397-26-000015,BS,3,Cash and cash equivalents,CashAndCashEquivalentsAtCarryingValue,us-gaap/2025,CASH,2249000000,20260131,0,USD,cash_and_equivalents
ADSK,0000769397-26-000015,BS,4,Marketable securities,MarketableSecuritiesCurrent,us-gaap/2025,STI,348000000,20260131,0,USD,short_term_investments
ADSK,0000769397-26-000015,BS,39,Total liabilities and stockholders' equity,LiabilitiesAndStockholdersEquity,us-gaap/2025,BALANCE_CONTROL,12467000000,20260131,0,USD,total_liabilities_and_equity
ADSK,0000769397-26-000015,CF,41,Cash paid for interest,InterestPaidNet,us-gaap/2025,INTEREST_PAID,76000000,20260131,4,USD,interest_expense
F,0000037996-26-000015,BS,12,Cash and cash equivalents (Note 9),CashAndCashEquivalentsAtCarryingValue,us-gaap/2025,CASH,23356000000,20251231,0,USD,cash_and_equivalents
F,0000037996-26-000015,BS,13,Marketable securities (Note 9),MarketableSecuritiesCurrent,us-gaap/2025,STI,15131000000,20251231,0,USD,short_term_investments
F,0000037996-26-000015,BS,44,Total liabilities and equity,LiabilitiesAndStockholdersEquity,us-gaap/2025,BALANCE_CONTROL,289160000000,20251231,0,USD,total_liabilities_and_equity
F,0000037996-26-000015,BS,34,Total liabilities,Liabilities,us-gaap/2025,BALANCE_CONTROL,253180000000,20251231,0,USD,total_liabilities
F,0000037996-26-000015,IS,15,Interest expense on Company debt excluding Ford Credit,InterestExpenseNonoperating,us-gaap/2025,GROSS_INTEREST,1254000000,20251231,4,USD,interest_expense
COHR,0000820318-25-000014,BS,19,Current portion of long-term debt,LongTermDebtCurrent,us-gaap/2025,CURRENT_DEBT,188306000,20250630,0,USD,current_debt
COHR,0000820318-25-000014,BS,26,Long-term debt,LongTermDebtNoncurrent,us-gaap/2025,NONCURRENT_DEBT_AGGREGATE,3498615000,20250630,0,USD,long_term_debt
COHR,0000820318-25-000014,BS,19,Current portion of long-term debt,LongTermDebtCurrent,us-gaap/2025,CURRENT_DEBT,188306000,20250630,0,USD,total_debt
COHR,0000820318-25-000014,BS,26,Long-term debt,LongTermDebtNoncurrent,us-gaap/2025,NONCURRENT_DEBT_AGGREGATE,3498615000,20250630,0,USD,total_debt
COHR,0000820318-25-000014,BS,28,Operating lease liabilities,OperatingLeaseLiabilityNoncurrent,us-gaap/2025,OPERATING_LEASE,165162000,20250630,0,USD,operating_lease_liabilities
COHR,0000820318-25-000014,BS,22,Operating lease current liabilities,OperatingLeaseLiabilityCurrent,us-gaap/2025,OPERATING_LEASE,41575000,20250630,0,USD,operating_lease_liabilities
COHR,0000820318-25-000014,BS,3,Cash and cash equivalents,CashAndCashEquivalentsAtCarryingValue,us-gaap/2025,CASH,909200000,20250630,0,USD,cash_and_equivalents
COHR,0000820318-25-000014,BS,42,"Total Liabilities, Mezzanine Equity and Equity",LiabilitiesAndStockholdersEquity,us-gaap/2025,BALANCE_CONTROL,14910936000,20250630,0,USD,total_liabilities_and_equity
COHR,0000820318-25-000014,BS,30,Total Liabilities,Liabilities,us-gaap/2025,BALANCE_CONTROL,6429653000,20250630,0,USD,total_liabilities
COHR,0000820318-25-000014,CF,55,Cash paid for interest,InterestPaidNet,us-gaap/2025,INTEREST_PAID,256704000,20250630,4,USD,interest_expense
FIX,0001104659-26-017530,BS,20,Current maturities of long-term debt,LongTermDebtCurrent,us-gaap/2025,CURRENT_DEBT,6163000,20251231,0,USD,current_debt
FIX,0001104659-26-017530,BS,27,LONG-TERM DEBT,LongTermDebtNoncurrent,us-gaap/2025,NONCURRENT_DEBT_AGGREGATE,139063000,20251231,0,USD,long_term_debt
FIX,0001104659-26-017530,BS,20,Current maturities of long-term debt,LongTermDebtCurrent,us-gaap/2025,CURRENT_DEBT,6163000,20251231,0,USD,total_debt
FIX,0001104659-26-017530,BS,27,LONG-TERM DEBT,LongTermDebtNoncurrent,us-gaap/2025,NONCURRENT_DEBT_AGGREGATE,139063000,20251231,0,USD,total_debt
FIX,0001104659-26-017530,BS,28,LEASE LIABILITIES,OperatingLeaseLiabilityNoncurrent,us-gaap/2025,OPERATING_LEASE,302590000,20251231,0,USD,operating_lease_liabilities
FIX,0001104659-26-017530,BS,3,Cash and cash equivalents,CashAndCashEquivalentsAtCarryingValue,us-gaap/2025,CASH,981898000,20251231,0,USD,cash_and_equivalents
FIX,0001104659-26-017530,BS,40,Total liabilities and stockholders' equity,LiabilitiesAndStockholdersEquity,us-gaap/2025,BALANCE_CONTROL,6441169000,20251231,0,USD,total_liabilities_and_equity
FIX,0001104659-26-017530,BS,31,Total liabilities,Liabilities,us-gaap/2025,BALANCE_CONTROL,3992395000,20251231,0,USD,total_liabilities
FIX,0001104659-26-017530,IS,9,Interest expense,InterestExpenseNonoperating,us-gaap/2025,GROSS_INTEREST,9009000,20251231,4,USD,interest_expense
CIEN,0001628280-25-056698,BS,23,Current portion of long-term debt,LongTermDebtCurrent,us-gaap/2025,CURRENT_DEBT,11580000,20251031,0,USD,current_debt
CIEN,0001628280-25-056698,BS,28,"Long-term debt, net",LongTermDebtNoncurrent,us-gaap/2025,NONCURRENT_DEBT_AGGREGATE,1524158000,20251031,0,USD,long_term_debt
CIEN,0001628280-25-056698,BS,23,Current portion of long-term debt,LongTermDebtCurrent,us-gaap/2025,CURRENT_DEBT,11580000,20251031,0,USD,total_debt
CIEN,0001628280-25-056698,BS,28,"Long-term debt, net",LongTermDebtNoncurrent,us-gaap/2025,NONCURRENT_DEBT_AGGREGATE,1524158000,20251031,0,USD,total_debt
CIEN,0001628280-25-056698,BS,27,Long-term operating lease liabilities,OperatingLeaseLiabilityNoncurrent,us-gaap/2025,OPERATING_LEASE,32516000,20251031,0,USD,operating_lease_liabilities
CIEN,0001628280-25-056698,BS,22,Operating lease liabilities,OperatingLeaseLiabilityCurrent,us-gaap/2025,OPERATING_LEASE,13956000,20251031,0,USD,operating_lease_liabilities
CIEN,0001628280-25-056698,BS,3,Cash and cash equivalents,CashAndCashEquivalentsAtCarryingValue,us-gaap/2025,CASH,1091952000,20251031,0,USD,cash_and_equivalents
CIEN,0001628280-25-056698,BS,4,Short-term investments,ShortTermInvestments,us-gaap/2025,STI,216148000,20251031,0,USD,short_term_investments
CIEN,0001628280-25-056698,BS,38,Total liabilities and stockholders equity,LiabilitiesAndStockholdersEquity,us-gaap/2025,BALANCE_CONTROL,5864667000,20251031,0,USD,total_liabilities_and_equity
CIEN,0001628280-25-056698,BS,29,Total liabilities,Liabilities,us-gaap/2025,BALANCE_CONTROL,3135344000,20251031,0,USD,total_liabilities
CIEN,0001628280-25-056698,IS,22,Interest expense,InterestExpenseNonoperating,us-gaap/2025,GROSS_INTEREST,89403000,20251031,4,USD,interest_expense
AME,0001037868-26-000016,BS,16,"Short-term borrowings and current portion of long-term debt, net",DebtCurrent,us-gaap/2025,CURRENT_DEBT_AGGREGATE,1208975000,20251231,0,USD,current_debt
AME,0001037868-26-000016,BS,22,"Long-term debt, net",LongTermDebtNoncurrent,us-gaap/2025,NONCURRENT_DEBT_AGGREGATE,1074334000,20251231,0,USD,long_term_debt
AME,0001037868-26-000016,BS,16,"Short-term borrowings and current portion of long-term debt, net",DebtCurrent,us-gaap/2025,CURRENT_DEBT_AGGREGATE,1208975000,20251231,0,USD,total_debt
AME,0001037868-26-000016,BS,22,"Long-term debt, net",LongTermDebtNoncurrent,us-gaap/2025,NONCURRENT_DEBT_AGGREGATE,1074334000,20251231,0,USD,total_debt
AME,0001037868-26-000016,BS,3,Cash and cash equivalents,CashAndCashEquivalentsAtCarryingValue,us-gaap/2025,CASH,457951000,20251231,0,USD,cash_and_equivalents
AME,0001037868-26-000016,BS,34,Total liabilities and stockholders equity,LiabilitiesAndStockholdersEquity,us-gaap/2025,BALANCE_CONTROL,16067543000,20251231,0,USD,total_liabilities_and_equity
AME,0001037868-26-000016,BS,25,Total liabilities,Liabilities,us-gaap/2025,BALANCE_CONTROL,5438757000,20251231,0,USD,total_liabilities
AME,0001037868-26-000016,IS,6,Interest expense,InterestExpenseNonoperating,us-gaap/2025,GROSS_INTEREST,81254000,20251231,4,USD,interest_expense
SRE,0001032208-26-000010,BS,46,Short-term debt,ShortTermBorrowings,us-gaap/2025,CURRENT_DEBT,4166000000,20251231,0,USD,current_debt
SRE,0001032208-26-000010,BS,57,Long-term debt and finance leases,LongTermDebtAndCapitalLeaseObligations,us-gaap/2025,NONCURRENT_DEBT_AGGREGATE,28979000000,20251231,0,USD,long_term_debt
SRE,0001032208-26-000010,BS,46,Short-term debt,ShortTermBorrowings,us-gaap/2025,CURRENT_DEBT,4166000000,20251231,0,USD,total_debt
SRE,0001032208-26-000010,BS,57,Long-term debt and finance leases,LongTermDebtAndCapitalLeaseObligations,us-gaap/2025,NONCURRENT_DEBT_AGGREGATE,28979000000,20251231,0,USD,total_debt
SRE,0001032208-26-000010,BS,12,Cash and cash equivalents,CashAndCashEquivalentsAtCarryingValue,us-gaap/2025,CASH,29000000,20251231,0,USD,cash_and_equivalents
SRE,0001032208-26-000010,BS,78,"Total liabilities, contingently redeemable noncontrolling interest, and equity",LiabilitiesAndStockholdersEquity,us-gaap/2025,BALANCE_CONTROL,110878000000,20251231,0,USD,total_liabilities_and_equity
SRE,0001032208-26-000010,IS,21,Interest expense,InterestExpenseNonoperating,us-gaap/2025,GROSS_INTEREST,1532000000,20251231,4,USD,interest_expense
AFL,0001628280-26-011402,BS,32,Notes payable and lease obligations,DebtAndCapitalLeaseObligations,us-gaap/2025,DEBT_AGGREGATE,8409000000,20251231,0,USD,total_debt
AFL,0001628280-26-011402,BS,14,Cash and cash equivalents,CashAndCashEquivalentsAtCarryingValue,us-gaap/2025,CASH,6245000000,20251231,0,USD,cash_and_equivalents
AFL,0001628280-26-011402,BS,48,Total liabilities and shareholders equity,LiabilitiesAndStockholdersEquity,us-gaap/2025,BALANCE_CONTROL,116470000000,20251231,0,USD,total_liabilities_and_equity
AFL,0001628280-26-011402,BS,34,Total liabilities,Liabilities,us-gaap/2025,BALANCE_CONTROL,86980000000,20251231,0,USD,total_liabilities
AFL,0001628280-26-011402,CF,49,Interest paid,InterestPaidNet,us-gaap/2025,INTEREST_PAID,197000000,20251231,4,USD,interest_expense
STT,0000093751-26-000124,BS,30,Other short-term borrowings,OtherShortTermBorrowings,us-gaap/2025,CURRENT_DEBT,3821000000,20251231,0,USD,current_debt
STT,0000093751-26-000124,BS,32,Long-term debt,LongTermDebtAndCapitalLeaseObligationsIncludingCurrentMaturities,us-gaap/2025,DEBT_AGGREGATE,25143000000,20251231,0,USD,total_debt
STT,0000093751-26-000124,BS,43,Total liabilities and shareholders equity,LiabilitiesAndStockholdersEquity,us-gaap/2025,BALANCE_CONTROL,366047000000,20251231,0,USD,total_liabilities_and_equity
STT,0000093751-26-000124,BS,33,Total liabilities,Liabilities,us-gaap/2025,BALANCE_CONTROL,338206000000,20251231,0,USD,total_liabilities
STT,0000093751-26-000124,CF,50,Interest paid,InterestPaidNet,us-gaap/2025,INTEREST_PAID,8805000000,20251231,4,USD,interest_expense
CVNA,0001690820-26-000009,BS,28,Current portion of long-term debt,NotesPayableCurrent,us-gaap/2025,CURRENT_DEBT,227000000,20251231,0,USD,current_debt
CVNA,0001690820-26-000009,BS,27,Short-term revolving facilities,LinesOfCreditCurrent,us-gaap/2025,CURRENT_DEBT,58000000,20251231,0,USD,current_debt
CVNA,0001690820-26-000009,BS,31,"Long-term debt, excluding current portion",LongTermDebtNoncurrent,us-gaap/2025,NONCURRENT_DEBT_AGGREGATE,4830000000,20251231,0,USD,long_term_debt
CVNA,0001690820-26-000009,BS,28,Current portion of long-term debt,NotesPayableCurrent,us-gaap/2025,CURRENT_DEBT,227000000,20251231,0,USD,total_debt
CVNA,0001690820-26-000009,BS,27,Short-term revolving facilities,LinesOfCreditCurrent,us-gaap/2025,CURRENT_DEBT,58000000,20251231,0,USD,total_debt
CVNA,0001690820-26-000009,BS,31,"Long-term debt, excluding current portion",LongTermDebtNoncurrent,us-gaap/2025,NONCURRENT_DEBT_AGGREGATE,4830000000,20251231,0,USD,total_debt
CVNA,0001690820-26-000009,BS,32,"Operating lease liabilities, excluding current portion, including $5 and $10, respectively, from leases with related parties",OperatingLeaseLiabilityNoncurrent,us-gaap/2025,OPERATING_LEASE,406000000,20251231,0,USD,operating_lease_liabilities
CVNA,0001690820-26-000009,BS,9,Cash and cash equivalents,CashAndCashEquivalentsAtCarryingValue,us-gaap/2025,CASH,2327000000,20251231,0,USD,cash_and_equivalents
CVNA,0001690820-26-000009,BS,45,Total liabilities & stockholders' equity,LiabilitiesAndStockholdersEquity,us-gaap/2025,BALANCE_CONTROL,13201000000,20251231,0,USD,total_liabilities_and_equity
CVNA,0001690820-26-000009,BS,35,Total liabilities,Liabilities,us-gaap/2025,BALANCE_CONTROL,8998000000,20251231,0,USD,total_liabilities
CVNA,0001690820-26-000009,IS,15,"Interest expense, net",InterestExpenseNonoperating,us-gaap/2025,GROSS_INTEREST,505000000,20251231,4,USD,interest_expense
EW,0001099800-26-000009,BS,28,Long-term debt (Note 12),LongTermDebtNoncurrent,us-gaap/2025,NONCURRENT_DEBT_AGGREGATE,598300000,20251231,0,USD,long_term_debt
EW,0001099800-26-000009,BS,28,Long-term debt (Note 12),LongTermDebtNoncurrent,us-gaap/2025,NONCURRENT_DEBT_AGGREGATE,598300000,20251231,0,USD,total_debt
EW,0001099800-26-000009,BS,29,Operating lease liabilities (Note 7),OperatingLeaseLiabilityNoncurrent,us-gaap/2025,OPERATING_LEASE,82600000,20251231,0,USD,operating_lease_liabilities
EW,0001099800-26-000009,BS,25,Operating lease liabilities (Note 7),OperatingLeaseLiabilityCurrent,us-gaap/2025,OPERATING_LEASE,24500000,20251231,0,USD,operating_lease_liabilities
EW,0001099800-26-000009,BS,3,Cash and cash equivalents,CashAndCashEquivalentsAtCarryingValue,us-gaap/2025,CASH,2938000000,20251231,0,USD,cash_and_equivalents
EW,0001099800-26-000009,BS,4,Short-term investments (Note 8),ShortTermInvestments,us-gaap/2025,STI,1288300000,20251231,0,USD,short_term_investments
EW,0001099800-26-000009,BS,45,Total liabilities and equity,LiabilitiesAndStockholdersEquity,us-gaap/2025,BALANCE_CONTROL,13697200000,20251231,0,USD,total_liabilities_and_equity
EW,0001099800-26-000009,BS,33,Total liabilities,Liabilities,us-gaap/2025,BALANCE_CONTROL,3359600000,20251231,0,USD,total_liabilities
EW,0001099800-26-000009,IS,12,Interest expense,InterestExpenseNonoperating,us-gaap/2025,GROSS_INTEREST,20400000,20251231,4,USD,interest_expense
BDX,0000010795-25-000099,BS,19,Current debt obligations,DebtCurrent,us-gaap/2025,CURRENT_DEBT_AGGREGATE,1560000000,20250930,0,USD,current_debt
BDX,0000010795-25-000099,BS,25,Long-Term Debt,LongTermDebtNoncurrent,us-gaap/2025,NONCURRENT_DEBT_AGGREGATE,17621000000,20250930,0,USD,long_term_debt
BDX,0000010795-25-000099,BS,19,Current debt obligations,DebtCurrent,us-gaap/2025,CURRENT_DEBT_AGGREGATE,1560000000,20250930,0,USD,total_debt
BDX,0000010795-25-000099,BS,25,Long-Term Debt,LongTermDebtNoncurrent,us-gaap/2025,NONCURRENT_DEBT_AGGREGATE,17621000000,20250930,0,USD,total_debt
BDX,0000010795-25-000099,BS,3,Cash and equivalents,CashAndCashEquivalentsAtCarryingValue,us-gaap/2025,CASH,641000000,20250930,0,USD,cash_and_equivalents
BDX,0000010795-25-000099,BS,37,Total Liabilities and Shareholders Equity,LiabilitiesAndStockholdersEquity,us-gaap/2025,BALANCE_CONTROL,55325000000,20250930,0,USD,total_liabilities_and_equity
BDX,0000010795-25-000099,IS,9,Interest expense,InterestExpense,us-gaap/2025,GROSS_INTEREST,613000000,20250930,4,USD,interest_expense
PSA,0001628280-26-007696,BS,17,Notes payable,LongTermDebt,us-gaap/2025,NONCURRENT_DEBT_AGGREGATE,10253881000,20251231,0,USD,long_term_debt
PSA,0001628280-26-007696,BS,17,Notes payable,LongTermDebt,us-gaap/2025,NONCURRENT_DEBT_AGGREGATE,10253881000,20251231,0,USD,total_debt
PSA,0001628280-26-007696,BS,2,Cash and equivalents,CashAndCashEquivalentsAtCarryingValue,us-gaap/2025,CASH,318095000,20251231,0,USD,cash_and_equivalents
PSA,0001628280-26-007696,BS,31,Total liabilities and equity,LiabilitiesAndStockholdersEquity,us-gaap/2025,BALANCE_CONTROL,20208604000,20251231,0,USD,total_liabilities_and_equity
PSA,0001628280-26-007696,BS,19,Total liabilities,Liabilities,us-gaap/2025,BALANCE_CONTROL,10866770000,20251231,0,USD,total_liabilities
PSA,0001628280-26-007696,IS,15,Interest expense,InterestExpense,us-gaap/2025,GROSS_INTEREST,304495000,20251231,4,USD,interest_expense
MET,0001099219-26-000013,BS,32,"Short-term debt (includes $117 and $133, respectively, relating to variable interest entities)",ShortTermBorrowings,us-gaap/2025,CURRENT_DEBT,355000000,20251231,0,USD,current_debt
MET,0001099219-26-000013,BS,34,Collateral financing arrangement,SecuredDebt,us-gaap/2025,NONCURRENT_DEBT,352000000,20251231,0,USD,long_term_debt
MET,0001099219-26-000013,BS,33,"Long-term debt (includes $28 and $0, respectively, relating to variable interest entities)",LongTermDebtAndCapitalLeaseObligationsIncludingCurrentMaturities,us-gaap/2025,DEBT_AGGREGATE,14467000000,20251231,0,USD,total_debt
MET,0001099219-26-000013,BS,13,"Cash and cash equivalents, principally at estimated fair value (includes $96 and $0, respectively, relating to variable interest entities)",CashAndCashEquivalentsAtCarryingValue,us-gaap/2025,CASH,22032000000,20251231,0,USD,cash_and_equivalents
MET,0001099219-26-000013,BS,10,"Short-term investments, principally at estimated fair value",ShortTermInvestments,us-gaap/2025,STI,3601000000,20251231,0,USD,short_term_investments
MET,0001099219-26-000013,BS,54,"Total liabilities, mezzanine equity and equity",LiabilitiesAndStockholdersEquity,us-gaap/2025,BALANCE_CONTROL,745166000000,20251231,0,USD,total_liabilities_and_equity
MET,0001099219-26-000013,BS,40,Total liabilities,Liabilities,us-gaap/2025,BALANCE_CONTROL,716245000000,20251231,0,USD,total_liabilities
MET,0001099219-26-000013,CF,66,Net cash paid for Interest,InterestPaidNet,us-gaap/2025,INTEREST_PAID,1041000000,20251231,4,USD,interest_expense
DAL,0000027904-26-000013,BS,25,Current maturities of debt and finance leases,LongTermDebtAndCapitalLeaseObligationsCurrent,us-gaap/2025,CURRENT_DEBT_AGGREGATE,1605000000,20251231,0,USD,current_debt
DAL,0000027904-26-000013,BS,34,Debt and finance leases,LongTermDebtAndCapitalLeaseObligations,us-gaap/2025,NONCURRENT_DEBT_AGGREGATE,12507000000,20251231,0,USD,long_term_debt
DAL,0000027904-26-000013,BS,25,Current maturities of debt and finance leases,LongTermDebtAndCapitalLeaseObligationsCurrent,us-gaap/2025,CURRENT_DEBT_AGGREGATE,1605000000,20251231,0,USD,total_debt
DAL,0000027904-26-000013,BS,34,Debt and finance leases,LongTermDebtAndCapitalLeaseObligations,us-gaap/2025,NONCURRENT_DEBT_AGGREGATE,12507000000,20251231,0,USD,total_debt
DAL,0000027904-26-000013,BS,35,Noncurrent operating leases,OperatingLeaseLiabilityNoncurrent,us-gaap/2025,OPERATING_LEASE,5353000000,20251231,0,USD,operating_lease_liabilities
DAL,0000027904-26-000013,BS,26,Current maturities of operating leases,OperatingLeaseLiabilityCurrent,us-gaap/2025,OPERATING_LEASE,809000000,20251231,0,USD,operating_lease_liabilities
DAL,0000027904-26-000013,BS,9,Cash and cash equivalents,CashAndCashEquivalentsAtCarryingValue,us-gaap/2025,CASH,4310000000,20251231,0,USD,cash_and_equivalents
DAL,0000027904-26-000013,BS,49,Total liabilities and stockholders' equity,LiabilitiesAndStockholdersEquity,us-gaap/2025,BALANCE_CONTROL,81317000000,20251231,0,USD,total_liabilities_and_equity
DAL,0000027904-26-000013,CF,40,Supplemental Disclosure of Cash Paid for Interest,InterestPaidNet,us-gaap/2025,INTEREST_PAID,850000000,20251231,4,USD,interest_expense
AMP,0000820027-26-000011,BS,35,Total liabilities and equity,LiabilitiesAndStockholdersEquity,us-gaap/2025,BALANCE_CONTROL,190904000000,20251231,0,USD,total_liabilities_and_equity
AMP,0000820027-26-000011,BS,27,Total liabilities,Liabilities,us-gaap/2025,BALANCE_CONTROL,184355000000,20251231,0,USD,total_liabilities
LHX,0000202058-26-000015,BS,20,Short-term debt,ShortTermBorrowings,us-gaap/2025,CURRENT_DEBT,0,20251231,0,USD,current_debt
LHX,0000202058-26-000015,BS,28,"Long-term debt, net of current portion",LongTermDebtAndCapitalLeaseObligations,us-gaap/2025,NONCURRENT_DEBT_AGGREGATE,10443000000,20251231,0,USD,long_term_debt
LHX,0000202058-26-000015,BS,20,Short-term debt,ShortTermBorrowings,us-gaap/2025,CURRENT_DEBT,0,20251231,0,USD,total_debt
LHX,0000202058-26-000015,BS,28,"Long-term debt, net of current portion",LongTermDebtAndCapitalLeaseObligations,us-gaap/2025,NONCURRENT_DEBT_AGGREGATE,10443000000,20251231,0,USD,total_debt
LHX,0000202058-26-000015,BS,3,Cash and cash equivalents,CashAndCashEquivalentsAtCarryingValue,us-gaap/2025,CASH,1069000000,20251231,0,USD,cash_and_equivalents
LHX,0000202058-26-000015,BS,41,Total liabilities and equity,LiabilitiesAndStockholdersEquity,us-gaap/2025,BALANCE_CONTROL,41195000000,20251231,0,USD,total_liabilities_and_equity
LHX,0000202058-26-000015,BS,31,Total liabilities,Liabilities,us-gaap/2025,BALANCE_CONTROL,21560000000,20251231,0,USD,total_liabilities
MRNA,0001682852-26-000033,BS,24,Long-term debt,LongTermDebtNoncurrent,us-gaap/2025,NONCURRENT_DEBT_AGGREGATE,590000000,20251231,0,USD,long_term_debt
MRNA,0001682852-26-000033,BS,23,"Financing lease liabilities, non-current",FinanceLeaseLiabilityNoncurrent,us-gaap/2025,FINANCE_LEASE,20000000,20251231,0,USD,finance_lease_liabilities
MRNA,0001682852-26-000033,BS,24,Long-term debt,LongTermDebtNoncurrent,us-gaap/2025,NONCURRENT_DEBT_AGGREGATE,590000000,20251231,0,USD,total_debt
MRNA,0001682852-26-000033,BS,23,"Financing lease liabilities, non-current",FinanceLeaseLiabilityNoncurrent,us-gaap/2025,FINANCE_LEASE,20000000,20251231,0,USD,total_debt
MRNA,0001682852-26-000033,BS,22,"Operating lease liabilities, non-current",OperatingLeaseLiabilityNoncurrent,us-gaap/2025,OPERATING_LEASE,653000000,20251231,0,USD,operating_lease_liabilities
MRNA,0001682852-26-000033,BS,3,Cash and cash equivalents,CashAndCashEquivalentsAtCarryingValue,us-gaap/2025,CASH,2595000000,20251231,0,USD,cash_and_equivalents
MRNA,0001682852-26-000033,BS,4,Investments,AvailableForSaleSecuritiesDebtSecuritiesCurrent,us-gaap/2025,STI,3204000000,20251231,0,USD,short_term_investments
MRNA,0001682852-26-000033,BS,35,Total liabilities and stockholders equity,LiabilitiesAndStockholdersEquity,us-gaap/2025,BALANCE_CONTROL,12338000000,20251231,0,USD,total_liabilities_and_equity
MRNA,0001682852-26-000033,BS,26,Total liabilities,Liabilities,us-gaap/2025,BALANCE_CONTROL,3688000000,20251231,0,USD,total_liabilities
MRNA,0001682852-26-000033,CF,42,Cash paid for interest,InterestPaidNet,us-gaap/2025,INTEREST_PAID,10000000,20251231,4,USD,interest_expense
AZO,0001104659-25-102611,BS,30,Long-term debt,LongTermDebtNoncurrent,us-gaap/2025,NONCURRENT_DEBT_AGGREGATE,8799775000,20250831,0,USD,long_term_debt
AZO,0001104659-25-102611,BS,30,Long-term debt,LongTermDebtNoncurrent,us-gaap/2025,NONCURRENT_DEBT_AGGREGATE,8799775000,20250831,0,USD,total_debt
AZO,0001104659-25-102611,BS,31,"Operating lease liabilities, less current portion",OperatingLeaseLiabilityNoncurrent,us-gaap/2025,OPERATING_LEASE,3093936000,20250831,0,USD,operating_lease_liabilities
AZO,0001104659-25-102611,BS,26,Current portion of operating lease liabilities,OperatingLeaseLiabilityCurrent,us-gaap/2025,OPERATING_LEASE,283564000,20250831,0,USD,operating_lease_liabilities
AZO,0001104659-25-102611,BS,3,Cash and cash equivalents,CashAndCashEquivalentsAtCarryingValue,us-gaap/2025,CASH,271803000,20250831,0,USD,cash_and_equivalents
AZO,0001104659-25-102611,BS,43,Total liabilities and stockholders' deficit,LiabilitiesAndStockholdersEquity,us-gaap/2025,BALANCE_CONTROL,19355324000,20250831,0,USD,total_liabilities_and_equity
AZO,0001104659-25-102611,CF,37,"Interest paid, net of interest cost capitalized",InterestPaidNet,us-gaap/2025,INTEREST_PAID,413026000,20250831,4,USD,interest_expense
CMG,0001058090-26-000009,BS,26,Long-term operating lease liabilities,OperatingLeaseLiabilityNoncurrent,us-gaap/2025,OPERATING_LEASE,4773434000,20251231,0,USD,operating_lease_liabilities
CMG,0001058090-26-000009,BS,23,Current operating lease liabilities,OperatingLeaseLiabilityCurrent,us-gaap/2025,OPERATING_LEASE,302380000,20251231,0,USD,operating_lease_liabilities
CMG,0001058090-26-000009,BS,3,Cash and cash equivalents,CashAndCashEquivalentsAtCarryingValue,us-gaap/2025,CASH,350545000,20251231,0,USD,cash_and_equivalents
CMG,0001058090-26-000009,BS,8,Investments,MarketableSecuritiesCurrent,us-gaap/2025,STI,698591000,20251231,0,USD,short_term_investments
CMG,0001058090-26-000009,BS,36,Total liabilities and shareholders' equity,LiabilitiesAndStockholdersEquity,us-gaap/2025,BALANCE_CONTROL,8994531000,20251231,0,USD,total_liabilities_and_equity
CMG,0001058090-26-000009,BS,29,Total liabilities,Liabilities,us-gaap/2025,BALANCE_CONTROL,6163924000,20251231,0,USD,total_liabilities
ETR,0000065984-26-000174,BS,62,Short-Term Debt,ShortTermBorrowings,us-gaap/2025,CURRENT_DEBT,657774000,20251231,0,USD,current_debt
ETR,0000065984-26-000174,BS,60,"Long-Term Debt, Current Maturities",LongTermDebtCurrent,us-gaap/2025,CURRENT_DEBT,2375140000,20251231,0,USD,current_debt
ETR,0000065984-26-000174,BS,81,"Long-Term Debt, Excluding Current Maturities",LongTermDebtNoncurrent,us-gaap/2025,NONCURRENT_DEBT_AGGREGATE,27902021000,20251231,0,USD,long_term_debt
ETR,0000065984-26-000174,BS,62,Short-Term Debt,ShortTermBorrowings,us-gaap/2025,CURRENT_DEBT,657774000,20251231,0,USD,total_debt
ETR,0000065984-26-000174,BS,60,"Long-Term Debt, Current Maturities",LongTermDebtCurrent,us-gaap/2025,CURRENT_DEBT,2375140000,20251231,0,USD,total_debt
ETR,0000065984-26-000174,BS,81,"Long-Term Debt, Excluding Current Maturities",LongTermDebtNoncurrent,us-gaap/2025,NONCURRENT_DEBT_AGGREGATE,27902021000,20251231,0,USD,total_debt
ETR,0000065984-26-000174,BS,19,"Cash and Cash Equivalents, at Carrying Value, Total",CashAndCashEquivalentsAtCarryingValue,us-gaap/2025,CASH,1928916000,20251231,0,USD,cash_and_equivalents
ETR,0000065984-26-000174,BS,100,"Liabilities and Equity, Total",LiabilitiesAndStockholdersEquity,us-gaap/2025,BALANCE_CONTROL,71890730000,20251231,0,USD,total_liabilities_and_equity
ETR,0000065984-26-000174,IS,43,"Interest Expense, Nonoperating",InterestExpenseNonoperating,us-gaap/2025,GROSS_INTEREST,1336651000,20251231,4,USD,interest_expense
FITB,0000035527-26-000124,BS,24,Short-term borrowings,ShortTermBorrowings,us-gaap/2025,CURRENT_DEBT,926000000,20251231,0,USD,current_debt
FITB,0000035527-26-000124,BS,27,Long-term debt,LongTermDebt,us-gaap/2025,NONCURRENT_DEBT_AGGREGATE,13589000000,20251231,0,USD,long_term_debt
FITB,0000035527-26-000124,BS,24,Short-term borrowings,ShortTermBorrowings,us-gaap/2025,CURRENT_DEBT,926000000,20251231,0,USD,total_debt
FITB,0000035527-26-000124,BS,27,Long-term debt,LongTermDebt,us-gaap/2025,NONCURRENT_DEBT_AGGREGATE,13589000000,20251231,0,USD,total_debt
FITB,0000035527-26-000124,BS,37,Total Liabilities and Equity,LiabilitiesAndStockholdersEquity,us-gaap/2025,BALANCE_CONTROL,214376000000,20251231,0,USD,total_liabilities_and_equity
FITB,0000035527-26-000124,BS,28,Total Liabilities,Liabilities,us-gaap/2025,BALANCE_CONTROL,192652000000,20251231,0,USD,total_liabilities
WAB,0001628280-26-008067,BS,21,Current portion of long-term debt,LongTermDebtCurrent,us-gaap/2025,CURRENT_DEBT,1250000000,20251231,0,USD,current_debt
WAB,0001628280-26-008067,BS,24,Long-term debt,LongTermDebtNoncurrent,us-gaap/2025,NONCURRENT_DEBT_AGGREGATE,4291000000,20251231,0,USD,long_term_debt
WAB,0001628280-26-008067,BS,21,Current portion of long-term debt,LongTermDebtCurrent,us-gaap/2025,CURRENT_DEBT,1250000000,20251231,0,USD,total_debt
WAB,0001628280-26-008067,BS,24,Long-term debt,LongTermDebtNoncurrent,us-gaap/2025,NONCURRENT_DEBT_AGGREGATE,4291000000,20251231,0,USD,total_debt
WAB,0001628280-26-008067,BS,38,Total Liabilities and Equity,LiabilitiesAndStockholdersEquity,us-gaap/2025,BALANCE_CONTROL,22069000000,20251231,0,USD,total_liabilities_and_equity
WAB,0001628280-26-008067,BS,27,Total Liabilities,Liabilities,us-gaap/2025,BALANCE_CONTROL,10879000000,20251231,0,USD,total_liabilities
WAB,0001628280-26-008067,IS,19,"Interest expense, net",InterestExpenseNonoperating,us-gaap/2025,GROSS_INTEREST,225000000,20251231,4,USD,interest_expense
VMRK,0001193125-26-051433,BS,18,"Notes, net",NotesPayable,us-gaap/2025,NONCURRENT_DEBT,5998458000,20251231,0,USD,long_term_debt
VMRK,0001193125-26-051433,BS,17,"Mortgage notes payable, net",SecuredDebt,us-gaap/2025,NONCURRENT_DEBT,1589904000,20251231,0,USD,long_term_debt
VMRK,0001193125-26-051433,BS,18,"Notes, net",NotesPayable,us-gaap/2025,NONCURRENT_DEBT,5998458000,20251231,0,USD,total_debt
VMRK,0001193125-26-051433,BS,17,"Mortgage notes payable, net",SecuredDebt,us-gaap/2025,NONCURRENT_DEBT,1589904000,20251231,0,USD,total_debt
VMRK,0001193125-26-051433,BS,10,Cash and cash equivalents,CashAndCashEquivalentsAtCarryingValue,us-gaap/2025,CASH,55904000,20251231,0,USD,cash_and_equivalents
VMRK,0001193125-26-051433,BS,42,Total liabilities and equity/capital,LiabilitiesAndStockholdersEquity,us-gaap/2025,BALANCE_CONTROL,20746023000,20251231,0,USD,total_liabilities_and_equity
VMRK,0001193125-26-051433,BS,26,Total liabilities,Liabilities,us-gaap/2025,BALANCE_CONTROL,9336889000,20251231,0,USD,total_liabilities
VMRK,0001193125-26-051433,IS,14,"Expense incurred, net",InterestExpenseDebt,us-gaap/2025,GROSS_INTEREST,306798000,20251231,4,USD,interest_expense
XEL,0000072903-26-000009,BS,24,Short-term debt,ShortTermBorrowings,us-gaap/2025,CURRENT_DEBT,1550000000,20251231,0,USD,current_debt
XEL,0000072903-26-000009,BS,48,Long-term debt,LongTermDebt,us-gaap/2025,NONCURRENT_DEBT_AGGREGATE,31832000000,20251231,0,USD,long_term_debt
XEL,0000072903-26-000009,BS,42,"Finance Lease, Liability, Noncurrent",FinanceLeaseLiabilityNoncurrent,us-gaap/2025,FINANCE_LEASE,1262000000,20251231,0,USD,finance_lease_liabilities
XEL,0000072903-26-000009,BS,24,Short-term debt,ShortTermBorrowings,us-gaap/2025,CURRENT_DEBT,1550000000,20251231,0,USD,total_debt
XEL,0000072903-26-000009,BS,48,Long-term debt,LongTermDebt,us-gaap/2025,NONCURRENT_DEBT_AGGREGATE,31832000000,20251231,0,USD,total_debt
XEL,0000072903-26-000009,BS,42,"Finance Lease, Liability, Noncurrent",FinanceLeaseLiabilityNoncurrent,us-gaap/2025,FINANCE_LEASE,1262000000,20251231,0,USD,total_debt
XEL,0000072903-26-000009,BS,41,Operating lease liabilities,OperatingLeaseLiabilityNoncurrent,us-gaap/2025,OPERATING_LEASE,788000000,20251231,0,USD,operating_lease_liabilities
XEL,0000072903-26-000009,BS,31,"Operating Lease, Liability, Current",OperatingLeaseLiabilityCurrent,us-gaap/2025,OPERATING_LEASE,110000000,20251231,0,USD,operating_lease_liabilities
XEL,0000072903-26-000009,BS,57,Total liabilities and equity,LiabilitiesAndStockholdersEquity,us-gaap/2025,BALANCE_CONTROL,81371000000,20251231,0,USD,total_liabilities_and_equity
XEL,0000072903-26-000009,IS,30,Interest charges  includes other financing costs,InterestExpense,us-gaap/2025,GROSS_INTEREST,1468000000,20251231,4,USD,interest_expense
ROK,0001024478-25-000116,BS,17,Short-term debt,ShortTermBorrowings,us-gaap/2025,CURRENT_DEBT,608000000,20250930,0,USD,current_debt
ROK,0001024478-25-000116,BS,18,Current portion of long-term debt,LongTermDebtCurrent,us-gaap/2025,CURRENT_DEBT,2000000,20250930,0,USD,current_debt
ROK,0001024478-25-000116,BS,25,Long-term debt,LongTermDebtNoncurrent,us-gaap/2025,NONCURRENT_DEBT_AGGREGATE,2614000000,20250930,0,USD,long_term_debt
ROK,0001024478-25-000116,BS,17,Short-term debt,ShortTermBorrowings,us-gaap/2025,CURRENT_DEBT,608000000,20250930,0,USD,total_debt
ROK,0001024478-25-000116,BS,18,Current portion of long-term debt,LongTermDebtCurrent,us-gaap/2025,CURRENT_DEBT,2000000,20250930,0,USD,total_debt
ROK,0001024478-25-000116,BS,25,Long-term debt,LongTermDebtNoncurrent,us-gaap/2025,NONCURRENT_DEBT_AGGREGATE,2614000000,20250930,0,USD,total_debt
ROK,0001024478-25-000116,BS,27,Operating lease liabilities,OperatingLeaseLiabilityNoncurrent,us-gaap/2025,OPERATING_LEASE,329000000,20250930,0,USD,operating_lease_liabilities
ROK,0001024478-25-000116,BS,3,Cash and cash equivalents,CashAndCashEquivalentsAtCarryingValue,us-gaap/2025,CASH,468000000,20250930,0,USD,cash_and_equivalents
ROK,0001024478-25-000116,BS,39,Total,LiabilitiesAndStockholdersEquity,us-gaap/2025,BALANCE_CONTROL,11219000000,20250930,0,USD,total_liabilities_and_equity
ROK,0001024478-25-000116,IS,17,Interest expense,InterestExpenseNonoperating,us-gaap/2025,GROSS_INTEREST,156000000,20250930,4,USD,interest_expense
PYPL,0001633917-26-000024,BS,24,Long-term debt,LongTermDebtNoncurrent,us-gaap/2025,NONCURRENT_DEBT_AGGREGATE,9987000000,20251231,0,USD,long_term_debt
PYPL,0001633917-26-000024,BS,24,Long-term debt,LongTermDebtNoncurrent,us-gaap/2025,NONCURRENT_DEBT_AGGREGATE,9987000000,20251231,0,USD,total_debt
PYPL,0001633917-26-000024,BS,3,Cash and cash equivalents,CashAndCashEquivalentsAtCarryingValue,us-gaap/2025,CASH,8049000000,20251231,0,USD,cash_and_equivalents
PYPL,0001633917-26-000024,BS,4,Short-term investments,ShortTermInvestments,us-gaap/2025,STI,2373000000,20251231,0,USD,short_term_investments
PYPL,0001633917-26-000024,BS,35,Total liabilities and equity,LiabilitiesAndStockholdersEquity,us-gaap/2025,BALANCE_CONTROL,80173000000,20251231,0,USD,total_liabilities_and_equity
PYPL,0001633917-26-000024,BS,25,Total liabilities,Liabilities,us-gaap/2025,BALANCE_CONTROL,59917000000,20251231,0,USD,total_liabilities
PYPL,0001633917-26-000024,CF,60,Cash paid for interest,InterestPaidNet,us-gaap/2025,INTEREST_PAID,406000000,20251231,4,USD,interest_expense
GRMN,0001193125-26-056028,BS,33,Noncurrent operating lease liabilities,OperatingLeaseLiabilityNoncurrent,us-gaap/2025,OPERATING_LEASE,164835000,20251231,0,USD,operating_lease_liabilities
GRMN,0001193125-26-056028,BS,3,Cash and cash equivalents,CashAndCashEquivalentsAtCarryingValue,us-gaap/2025,CASH,2278646000,20251231,0,USD,cash_and_equivalents
GRMN,0001193125-26-056028,BS,4,Marketable securities,AvailableForSaleSecuritiesDebtSecuritiesCurrent,us-gaap/2025,STI,459202000,20251231,0,USD,short_term_investments
GRMN,0001193125-26-056028,BS,42,Total liabilities and stockholders equity,LiabilitiesAndStockholdersEquity,us-gaap/2025,BALANCE_CONTROL,10993669000,20251231,0,USD,total_liabilities_and_equity
NKE,0000320187-25-000047,BS,24,Notes payable,ShortTermBorrowings,us-gaap/2024,CURRENT_DEBT,5000000,20250531,0,USD,current_debt
NKE,0000320187-25-000047,BS,23,Current portion of long-term debt,LongTermDebtCurrent,us-gaap/2024,CURRENT_DEBT,0,20250531,0,USD,current_debt
NKE,0000320187-25-000047,BS,30,Long-term debt,LongTermDebtNoncurrent,us-gaap/2024,NONCURRENT_DEBT_AGGREGATE,7961000000,20250531,0,USD,long_term_debt
NKE,0000320187-25-000047,BS,24,Notes payable,ShortTermBorrowings,us-gaap/2024,CURRENT_DEBT,5000000,20250531,0,USD,total_debt
NKE,0000320187-25-000047,BS,23,Current portion of long-term debt,LongTermDebtCurrent,us-gaap/2024,CURRENT_DEBT,0,20250531,0,USD,total_debt
NKE,0000320187-25-000047,BS,30,Long-term debt,LongTermDebtNoncurrent,us-gaap/2024,NONCURRENT_DEBT_AGGREGATE,7961000000,20250531,0,USD,total_debt
NKE,0000320187-25-000047,BS,31,Operating lease liabilities,OperatingLeaseLiabilityNoncurrent,us-gaap/2024,OPERATING_LEASE,2550000000,20250531,0,USD,operating_lease_liabilities
NKE,0000320187-25-000047,BS,26,Current portion of operating lease liabilities,OperatingLeaseLiabilityCurrent,us-gaap/2024,OPERATING_LEASE,502000000,20250531,0,USD,operating_lease_liabilities
NKE,0000320187-25-000047,BS,9,Cash and equivalents,CashAndCashEquivalentsAtCarryingValue,us-gaap/2024,CASH,7464000000,20250531,0,USD,cash_and_equivalents
NKE,0000320187-25-000047,BS,41,TOTAL LIABILITIES AND SHAREHOLDERS' EQUITY,LiabilitiesAndStockholdersEquity,us-gaap/2024,BALANCE_CONTROL,36579000000,20250531,0,USD,total_liabilities_and_equity
NKE,0000320187-25-000047,CF,36,"Interest, net of capitalized interest",InterestPaidNet,us-gaap/2024,INTEREST_PAID,389000000,20250531,4,USD,interest_expense
HUM,0000049071-26-000009,BS,20,Short-term debt,DebtCurrent,us-gaap/2025,CURRENT_DEBT_AGGREGATE,0,20251231,0,USD,current_debt
HUM,0000049071-26-000009,BS,22,Long-term debt,LongTermDebtNoncurrent,us-gaap/2025,NONCURRENT_DEBT_AGGREGATE,12369000000,20251231,0,USD,long_term_debt
HUM,0000049071-26-000009,BS,20,Short-term debt,DebtCurrent,us-gaap/2025,CURRENT_DEBT_AGGREGATE,0,20251231,0,USD,total_debt
HUM,0000049071-26-000009,BS,22,Long-term debt,LongTermDebtNoncurrent,us-gaap/2025,NONCURRENT_DEBT_AGGREGATE,12369000000,20251231,0,USD,total_debt
HUM,0000049071-26-000009,BS,3,Cash and cash equivalents,CashAndCashEquivalentsAtCarryingValue,us-gaap/2025,CASH,4200000000,20251231,0,USD,cash_and_equivalents
HUM,0000049071-26-000009,BS,4,Investment securities,ShortTermInvestments,us-gaap/2025,STI,15703000000,20251231,0,USD,short_term_investments
HUM,0000049071-26-000009,BS,36,Total liabilities and equity,LiabilitiesAndStockholdersEquity,us-gaap/2025,BALANCE_CONTROL,48909000000,20251231,0,USD,total_liabilities_and_equity
HUM,0000049071-26-000009,BS,24,Total liabilities,Liabilities,us-gaap/2025,BALANCE_CONTROL,31172000000,20251231,0,USD,total_liabilities
HUM,0000049071-26-000009,IS,14,Interest expense,InterestExpenseNonoperating,us-gaap/2025,GROSS_INTEREST,631000000,20251231,4,USD,interest_expense
EBAY,0001065088-26-000027,BS,17,Short-term debt,DebtCurrent,us-gaap/2025,CURRENT_DEBT_AGGREGATE,750000000,20251231,0,USD,current_debt
EBAY,0001065088-26-000027,BS,25,Long-term debt,LongTermDebtAndCapitalLeaseObligations,us-gaap/2025,NONCURRENT_DEBT_AGGREGATE,5996000000,20251231,0,USD,long_term_debt
EBAY,0001065088-26-000027,BS,17,Short-term debt,DebtCurrent,us-gaap/2025,CURRENT_DEBT_AGGREGATE,750000000,20251231,0,USD,total_debt
EBAY,0001065088-26-000027,BS,25,Long-term debt,LongTermDebtAndCapitalLeaseObligations,us-gaap/2025,NONCURRENT_DEBT_AGGREGATE,5996000000,20251231,0,USD,total_debt
EBAY,0001065088-26-000027,BS,23,Operating lease liabilities,OperatingLeaseLiabilityNoncurrent,us-gaap/2025,OPERATING_LEASE,315000000,20251231,0,USD,operating_lease_liabilities
EBAY,0001065088-26-000027,BS,3,Cash and cash equivalents,CashAndCashEquivalentsAtCarryingValue,us-gaap/2025,CASH,1867000000,20251231,0,USD,cash_and_equivalents
EBAY,0001065088-26-000027,BS,36,Total liabilities and stockholders equity,LiabilitiesAndStockholdersEquity,us-gaap/2025,BALANCE_CONTROL,17610000000,20251231,0,USD,total_liabilities_and_equity
EBAY,0001065088-26-000027,BS,27,Total liabilities,Liabilities,us-gaap/2025,BALANCE_CONTROL,12995000000,20251231,0,USD,total_liabilities
EBAY,0001065088-26-000027,IS,13,Interest expense,InterestExpenseNonoperating,us-gaap/2025,GROSS_INTEREST,246000000,20251231,4,USD,interest_expense
AXON,0001628280-26-011360,BS,25,"Current portion of notes payable, net",NotesPayableCurrent,us-gaap/2025,CURRENT_DEBT,80552000,20251231,0,USD,current_debt
AXON,0001628280-26-011360,BS,33,"Long-term notes payable, net",LongTermNotesPayable,us-gaap/2025,NONCURRENT_DEBT,1730170000,20251231,0,USD,long_term_debt
AXON,0001628280-26-011360,BS,25,"Current portion of notes payable, net",NotesPayableCurrent,us-gaap/2025,CURRENT_DEBT,80552000,20251231,0,USD,total_debt
AXON,0001628280-26-011360,BS,33,"Long-term notes payable, net",LongTermNotesPayable,us-gaap/2025,NONCURRENT_DEBT,1730170000,20251231,0,USD,total_debt
AXON,0001628280-26-011360,BS,32,Long-term lease liabilities,OperatingLeaseLiabilityNoncurrent,us-gaap/2025,OPERATING_LEASE,98942000,20251231,0,USD,operating_lease_liabilities
AXON,0001628280-26-011360,BS,3,Cash and cash equivalents,CashAndCashEquivalentsAtCarryingValue,us-gaap/2025,CASH,1201147000,20251231,0,USD,cash_and_equivalents
AXON,0001628280-26-011360,BS,4,Short-term investments,ShortTermInvestments,us-gaap/2025,STI,505417000,20251231,0,USD,short_term_investments
AXON,0001628280-26-011360,BS,45,Total liabilities and stockholders equity,LiabilitiesAndStockholdersEquity,us-gaap/2025,BALANCE_CONTROL,7000313000,20251231,0,USD,total_liabilities_and_equity
AXON,0001628280-26-011360,BS,35,Total liabilities,Liabilities,us-gaap/2025,BALANCE_CONTROL,3757655000,20251231,0,USD,total_liabilities
AXON,0001628280-26-011360,IS,16,Interest expense,InterestExpenseNonoperating,us-gaap/2025,GROSS_INTEREST,94238000,20251231,4,USD,interest_expense
CARR,0001783180-26-000008,BS,21,Short-term borrowings and current portion of long-term debt,DebtCurrent,us-gaap/2025,CURRENT_DEBT_AGGREGATE,468000000,20251231,0,USD,current_debt
CARR,0001783180-26-000008,BS,23,Long-term debt,LongTermDebtNoncurrent,us-gaap/2025,NONCURRENT_DEBT_AGGREGATE,11365000000,20251231,0,USD,long_term_debt
CARR,0001783180-26-000008,BS,21,Short-term borrowings and current portion of long-term debt,DebtCurrent,us-gaap/2025,CURRENT_DEBT_AGGREGATE,468000000,20251231,0,USD,total_debt
CARR,0001783180-26-000008,BS,23,Long-term debt,LongTermDebtNoncurrent,us-gaap/2025,NONCURRENT_DEBT_AGGREGATE,11365000000,20251231,0,USD,total_debt
CARR,0001783180-26-000008,BS,26,Operating lease liabilities,OperatingLeaseLiabilityNoncurrent,us-gaap/2025,OPERATING_LEASE,418000000,20251231,0,USD,operating_lease_liabilities
CARR,0001783180-26-000008,BS,2,Cash and cash equivalents,CashAndCashEquivalentsAtCarryingValue,us-gaap/2025,CASH,1555000000,20251231,0,USD,cash_and_equivalents
CARR,0001783180-26-000008,BS,38,Total Liabilities and Equity,LiabilitiesAndStockholdersEquity,us-gaap/2025,BALANCE_CONTROL,37190000000,20251231,0,USD,total_liabilities_and_equity
CARR,0001783180-26-000008,BS,28,Total Liabilities,Liabilities,us-gaap/2025,BALANCE_CONTROL,23062000000,20251231,0,USD,total_liabilities
EXC,0001109357-26-000018,BS,44,Long-term debt due within one year,LongTermDebtAndCapitalLeaseObligationsCurrent,us-gaap/2025,CURRENT_DEBT_AGGREGATE,1665000000,20251231,0,USD,current_debt
EXC,0001109357-26-000018,BS,44,Long-term debt due within one year,LongTermDebtAndCapitalLeaseObligationsCurrent,us-gaap/2025,CURRENT_DEBT_AGGREGATE,1665000000,20251231,0,USD,total_debt
EXC,0001109357-26-000018,BS,13,Cash and cash equivalents,CashAndCashEquivalentsAtCarryingValue,us-gaap/2025,CASH,626000000,20251231,0,USD,cash_and_equivalents
EXC,0001109357-26-000018,BS,80,Total liabilities and member's equity,LiabilitiesAndStockholdersEquity,us-gaap/2025,BALANCE_CONTROL,116570000000,20251231,0,USD,total_liabilities_and_equity
EXC,0001109357-26-000018,BS,67,Total liabilities,Liabilities,us-gaap/2025,BALANCE_CONTROL,87772000000,20251231,0,USD,total_liabilities
VTR,0000740260-26-000006,BS,11,"Secured loans receivable and investments, net",SecuredNotesAndLoansReceivableNet,0000740260-26-000006,CUSTOM_DEBT,143913000,20251231,0,USD,total_debt
VTR,0000740260-26-000006,BS,23,Senior notes payable and other debt,Longtermdebtandshorttermborrowings,0000740260-26-000006,CUSTOM_DEBT,13011016000,20251231,0,USD,total_debt
VTR,0000740260-26-000006,BS,25,Operating lease liabilities,OperatingLeaseLiability,us-gaap/2025,OPERATING_LEASE,208602000,20251231,0,USD,operating_lease_liabilities
VTR,0000740260-26-000006,BS,14,Cash and cash equivalents,CashAndCashEquivalentsAtCarryingValue,us-gaap/2025,CASH,741067000,20251231,0,USD,cash_and_equivalents
VTR,0000740260-26-000006,BS,43,Total liabilities and equity,LiabilitiesAndStockholdersEquity,us-gaap/2025,BALANCE_CONTROL,27591945000,20251231,0,USD,total_liabilities_and_equity
VTR,0000740260-26-000006,BS,29,Total liabilities,Liabilities,us-gaap/2025,BALANCE_CONTROL,14630983000,20251231,0,USD,total_liabilities
VTR,0000740260-26-000006,IS,22,Interest,InterestExpense,us-gaap/2025,GROSS_INTEREST,612246000,20251231,4,USD,interest_expense
RSG,0001060391-26-000094,BS,16,Notes payable and current maturities of long-term debt,LongTermDebtAndCapitalLeaseObligationsCurrent,us-gaap/2025,CURRENT_DEBT_AGGREGATE,596000000,20251231,0,USD,current_debt
RSG,0001060391-26-000094,BS,22,"Long-term debt, net of current maturities",LongTermDebtAndCapitalLeaseObligations,us-gaap/2025,NONCURRENT_DEBT_AGGREGATE,12985000000,20251231,0,USD,long_term_debt
RSG,0001060391-26-000094,BS,16,Notes payable and current maturities of long-term debt,LongTermDebtAndCapitalLeaseObligationsCurrent,us-gaap/2025,CURRENT_DEBT_AGGREGATE,596000000,20251231,0,USD,total_debt
RSG,0001060391-26-000094,BS,22,"Long-term debt, net of current maturities",LongTermDebtAndCapitalLeaseObligations,us-gaap/2025,NONCURRENT_DEBT_AGGREGATE,12985000000,20251231,0,USD,total_debt
RSG,0001060391-26-000094,BS,3,Cash and cash equivalents,CashAndCashEquivalentsAtCarryingValue,us-gaap/2025,CASH,76000000,20251231,0,USD,cash_and_equivalents
RSG,0001060391-26-000094,BS,38,Total liabilities and stockholders equity,LiabilitiesAndStockholdersEquity,us-gaap/2025,BALANCE_CONTROL,34366000000,20251231,0,USD,total_liabilities_and_equity
RSG,0001060391-26-000094,IS,11,Interest expense,InterestExpenseNonoperating,us-gaap/2025,GROSS_INTEREST,574000000,20251231,4,USD,interest_expense
NDAQ,0001628280-26-007703,BS,24,Short-term debt,DebtCurrent,us-gaap/2025,CURRENT_DEBT_AGGREGATE,431000000,20251231,0,USD,current_debt
NDAQ,0001628280-26-007703,BS,26,Long-term debt,LongTermDebtNoncurrent,us-gaap/2025,NONCURRENT_DEBT_AGGREGATE,8573000000,20251231,0,USD,long_term_debt
NDAQ,0001628280-26-007703,BS,24,Short-term debt,DebtCurrent,us-gaap/2025,CURRENT_DEBT_AGGREGATE,431000000,20251231,0,USD,total_debt
NDAQ,0001628280-26-007703,BS,26,Long-term debt,LongTermDebtNoncurrent,us-gaap/2025,NONCURRENT_DEBT_AGGREGATE,8573000000,20251231,0,USD,total_debt
NDAQ,0001628280-26-007703,BS,28,Operating lease liabilities,OperatingLeaseLiabilityNoncurrent,us-gaap/2025,OPERATING_LEASE,462000000,20251231,0,USD,operating_lease_liabilities
NDAQ,0001628280-26-007703,BS,3,Cash and cash equivalents,CashAndCashEquivalentsAtCarryingValue,us-gaap/2025,CASH,604000000,20251231,0,USD,cash_and_equivalents
NDAQ,0001628280-26-007703,BS,42,Total liabilities and equity,LiabilitiesAndStockholdersEquity,us-gaap/2025,BALANCE_CONTROL,31053000000,20251231,0,USD,total_liabilities_and_equity
NDAQ,0001628280-26-007703,BS,30,Total liabilities,Liabilities,us-gaap/2025,BALANCE_CONTROL,18821000000,20251231,0,USD,total_liabilities
NDAQ,0001628280-26-007703,IS,35,Interest expense,InterestExpenseNonoperating,us-gaap/2025,GROSS_INTEREST,367000000,20251231,4,USD,interest_expense
IDXX,0000874716-26-000038,BS,20,Credit Facility,LinesOfCreditCurrent,us-gaap/2025,CURRENT_DEBT,398000000,20251231,0,USD,current_debt
IDXX,0000874716-26-000038,BS,21,Current portion of long-term debt,LongTermDebtCurrent,us-gaap/2025,CURRENT_DEBT,74995000,20251231,0,USD,current_debt
IDXX,0000874716-26-000038,BS,26,"Long-term debt, net of current portion",LongTermDebtNoncurrent,us-gaap/2025,NONCURRENT_DEBT_AGGREGATE,374842000,20251231,0,USD,long_term_debt
IDXX,0000874716-26-000038,BS,20,Credit Facility,LinesOfCreditCurrent,us-gaap/2025,CURRENT_DEBT,398000000,20251231,0,USD,total_debt
IDXX,0000874716-26-000038,BS,21,Current portion of long-term debt,LongTermDebtCurrent,us-gaap/2025,CURRENT_DEBT,74995000,20251231,0,USD,total_debt
IDXX,0000874716-26-000038,BS,26,"Long-term debt, net of current portion",LongTermDebtNoncurrent,us-gaap/2025,NONCURRENT_DEBT_AGGREGATE,374842000,20251231,0,USD,total_debt
IDXX,0000874716-26-000038,BS,28,"Long-term operating lease liabilities, net of current portion",OperatingLeaseLiabilityNoncurrent,us-gaap/2025,OPERATING_LEASE,101151000,20251231,0,USD,operating_lease_liabilities
IDXX,0000874716-26-000038,BS,3,Cash and cash equivalents,CashAndCashEquivalentsAtCarryingValue,us-gaap/2025,CASH,180070000,20251231,0,USD,cash_and_equivalents
IDXX,0000874716-26-000038,BS,41,TOTAL LIABILITIES AND STOCKHOLDERS EQUITY,LiabilitiesAndStockholdersEquity,us-gaap/2025,BALANCE_CONTROL,3350759000,20251231,0,USD,total_liabilities_and_equity
IDXX,0000874716-26-000038,BS,31,Total liabilities,Liabilities,us-gaap/2025,BALANCE_CONTROL,1745376000,20251231,0,USD,total_liabilities
IDXX,0000874716-26-000038,IS,18,Interest expense,InterestExpenseNonoperating,us-gaap/2025,GROSS_INTEREST,38852000,20251231,4,USD,interest_expense
XYZ,0001628280-26-012254,BS,31,"Warehouse funding facilities, current",SecuredDebtCurrent,us-gaap/2025,CURRENT_DEBT,466942000,20251231,0,USD,current_debt
XYZ,0001628280-26-012254,BS,35,Long-term debt (Note 14),OtherLongTermDebtNoncurrent,us-gaap/2025,NONCURRENT_DEBT,5715759000,20251231,0,USD,long_term_debt
XYZ,0001628280-26-012254,BS,34,"Warehouse funding facilities, non-current",LongTermLineOfCredit,us-gaap/2025,NONCURRENT_DEBT,897941000,20251231,0,USD,long_term_debt
XYZ,0001628280-26-012254,BS,31,"Warehouse funding facilities, current",SecuredDebtCurrent,us-gaap/2025,CURRENT_DEBT,466942000,20251231,0,USD,total_debt
XYZ,0001628280-26-012254,BS,35,Long-term debt (Note 14),OtherLongTermDebtNoncurrent,us-gaap/2025,NONCURRENT_DEBT,5715759000,20251231,0,USD,total_debt
XYZ,0001628280-26-012254,BS,34,"Warehouse funding facilities, non-current",LongTermLineOfCredit,us-gaap/2025,NONCURRENT_DEBT,897941000,20251231,0,USD,total_debt
XYZ,0001628280-26-012254,BS,36,"Operating lease liabilities, non-current",OperatingLeaseLiabilityNoncurrent,us-gaap/2025,OPERATING_LEASE,257126000,20251231,0,USD,operating_lease_liabilities
XYZ,0001628280-26-012254,BS,9,Cash and cash equivalents,CashAndCashEquivalentsAtCarryingValue,us-gaap/2025,CASH,6564092000,20251231,0,USD,cash_and_equivalents
XYZ,0001628280-26-012254,BS,49,Total liabilities and stockholders equity,LiabilitiesAndStockholdersEquity,us-gaap/2025,BALANCE_CONTROL,39549887000,20251231,0,USD,total_liabilities_and_equity
XYZ,0001628280-26-012254,BS,38,Total liabilities,Liabilities,us-gaap/2025,BALANCE_CONTROL,17380005000,20251231,0,USD,total_liabilities
OXY,0001628280-26-009059,BS,33,Current maturities of long-term debt,LongTermDebtAndCapitalLeaseObligationsCurrent,us-gaap/2025,CURRENT_DEBT_AGGREGATE,1773000000,20251231,0,USD,current_debt
OXY,0001628280-26-009059,BS,38,"LONG-TERM DEBT, NET",LongTermDebtAndCapitalLeaseObligations,us-gaap/2025,NONCURRENT_DEBT_AGGREGATE,20623000000,20251231,0,USD,long_term_debt
OXY,0001628280-26-009059,BS,33,Current maturities of long-term debt,LongTermDebtAndCapitalLeaseObligationsCurrent,us-gaap/2025,CURRENT_DEBT_AGGREGATE,1773000000,20251231,0,USD,total_debt
OXY,0001628280-26-009059,BS,38,"LONG-TERM DEBT, NET",LongTermDebtAndCapitalLeaseObligations,us-gaap/2025,NONCURRENT_DEBT_AGGREGATE,20623000000,20251231,0,USD,total_debt
OXY,0001628280-26-009059,BS,13,Cash and cash equivalents,CashAndCashEquivalentsAtCarryingValue,us-gaap/2025,CASH,1968000000,20251231,0,USD,cash_and_equivalents
OXY,0001628280-26-009059,BS,55,TOTAL LIABILITIES AND EQUITY,LiabilitiesAndStockholdersEquity,us-gaap/2025,BALANCE_CONTROL,84186000000,20251231,0,USD,total_liabilities_and_equity
OXY,0001628280-26-009059,IS,17,"Interest and debt expense, net",InterestAndDebtExpense,us-gaap/2025,GROSS_INTEREST,1079000000,20251231,4,USD,interest_expense
IQV,0001628280-26-008322,BS,23,Current portion of long-term debt,LongTermDebtCurrent,us-gaap/2025,CURRENT_DEBT,1840000000,20251231,0,USD,current_debt
IQV,0001628280-26-008322,BS,26,"Long-term debt, less current portion",LongTermDebtNoncurrent,us-gaap/2025,NONCURRENT_DEBT_AGGREGATE,13884000000,20251231,0,USD,long_term_debt
IQV,0001628280-26-008322,BS,23,Current portion of long-term debt,LongTermDebtCurrent,us-gaap/2025,CURRENT_DEBT,1840000000,20251231,0,USD,total_debt
IQV,0001628280-26-008322,BS,26,"Long-term debt, less current portion",LongTermDebtNoncurrent,us-gaap/2025,NONCURRENT_DEBT_AGGREGATE,13884000000,20251231,0,USD,total_debt
IQV,0001628280-26-008322,BS,28,Operating lease liabilities,OperatingLeaseLiabilityNoncurrent,us-gaap/2025,OPERATING_LEASE,225000000,20251231,0,USD,operating_lease_liabilities
IQV,0001628280-26-008322,BS,2,Cash and cash equivalents,CashAndCashEquivalentsAtCarryingValue,us-gaap/2025,CASH,1980000000,20251231,0,USD,cash_and_equivalents
IQV,0001628280-26-008322,BS,6,"Investments in debt, equity and other securities",MarketableSecuritiesCurrent,us-gaap/2025,STI,161000000,20251231,0,USD,short_term_investments
IQV,0001628280-26-008322,BS,40,Total liabilities and stockholders equity,LiabilitiesAndStockholdersEquity,us-gaap/2025,BALANCE_CONTROL,29944000000,20251231,0,USD,total_liabilities_and_equity
IQV,0001628280-26-008322,BS,30,Total liabilities,Liabilities,us-gaap/2025,BALANCE_CONTROL,23314000000,20251231,0,USD,total_liabilities
IQV,0001628280-26-008322,IS,8,Interest expense,InterestExpense,us-gaap/2025,GROSS_INTEREST,729000000,20251231,4,USD,interest_expense
VST,0001692819-26-000006,BS,29,Short-term borrowings,ShortTermBorrowings,us-gaap/2025,CURRENT_DEBT,1800000000,20251231,0,USD,current_debt
VST,0001692819-26-000006,BS,42,"Long-term debt, less amounts due currently",LongTermDebtAndCapitalLeaseObligations,us-gaap/2025,NONCURRENT_DEBT_AGGREGATE,15842000000,20251231,0,USD,long_term_debt
VST,0001692819-26-000006,BS,29,Short-term borrowings,ShortTermBorrowings,us-gaap/2025,CURRENT_DEBT,1800000000,20251231,0,USD,total_debt
VST,0001692819-26-000006,BS,42,"Long-term debt, less amounts due currently",LongTermDebtAndCapitalLeaseObligations,us-gaap/2025,NONCURRENT_DEBT_AGGREGATE,15842000000,20251231,0,USD,total_debt
VST,0001692819-26-000006,BS,9,Cash and cash equivalents,CashAndCashEquivalentsAtCarryingValue,us-gaap/2025,CASH,785000000,20251231,0,USD,cash_and_equivalents
VST,0001692819-26-000006,BS,60,Total liabilities and equity,LiabilitiesAndStockholdersEquity,us-gaap/2025,BALANCE_CONTROL,41550000000,20251231,0,USD,total_liabilities_and_equity
VST,0001692819-26-000006,BS,48,Total liabilities,Liabilities,us-gaap/2025,BALANCE_CONTROL,36440000000,20251231,0,USD,total_liabilities
VST,0001692819-26-000006,IS,9,Interest expense and related charges,InterestExpenseNonoperating,us-gaap/2025,GROSS_INTEREST,1179000000,20251231,4,USD,interest_expense
A,0001090872-25-000087,BS,19,Short-term debt,ShortTermBorrowings,us-gaap/2025,CURRENT_DEBT,304000000,20251031,0,USD,current_debt
A,0001090872-25-000087,BS,22,Long-Term Debt,LongTermDebt,us-gaap/2025,NONCURRENT_DEBT_AGGREGATE,3050000000,20251031,0,USD,long_term_debt
A,0001090872-25-000087,BS,19,Short-term debt,ShortTermBorrowings,us-gaap/2025,CURRENT_DEBT,304000000,20251031,0,USD,total_debt
A,0001090872-25-000087,BS,22,Long-Term Debt,LongTermDebt,us-gaap/2025,NONCURRENT_DEBT_AGGREGATE,3050000000,20251031,0,USD,total_debt
A,0001090872-25-000087,BS,3,Cash and cash equivalents,CashAndCashEquivalentsAtCarryingValue,us-gaap/2025,CASH,1789000000,20251031,0,USD,cash_and_equivalents
A,0001090872-25-000087,BS,35,Total liabilities and stockholders' equity,LiabilitiesAndStockholdersEquity,us-gaap/2025,BALANCE_CONTROL,12727000000,20251031,0,USD,total_liabilities_and_equity
A,0001090872-25-000087,BS,25,Total liabilities,Liabilities,us-gaap/2025,BALANCE_CONTROL,5986000000,20251031,0,USD,total_liabilities
A,0001090872-25-000087,IS,16,Interest expense,InterestExpense,us-gaap/2025,GROSS_INTEREST,112000000,20251031,4,USD,interest_expense
KDP,0001418135-26-000016,BS,21,Short-term borrowings and current portion of long-term obligations,DebtCurrent,us-gaap/2025,CURRENT_DEBT_AGGREGATE,3105000000,20251231,0,USD,current_debt
KDP,0001418135-26-000016,BS,24,Long-term obligations,LongTermDebtNoncurrent,us-gaap/2025,NONCURRENT_DEBT_AGGREGATE,13036000000,20251231,0,USD,long_term_debt
KDP,0001418135-26-000016,BS,21,Short-term borrowings and current portion of long-term obligations,DebtCurrent,us-gaap/2025,CURRENT_DEBT_AGGREGATE,3105000000,20251231,0,USD,total_debt
KDP,0001418135-26-000016,BS,24,Long-term obligations,LongTermDebtNoncurrent,us-gaap/2025,NONCURRENT_DEBT_AGGREGATE,13036000000,20251231,0,USD,total_debt
KDP,0001418135-26-000016,BS,3,Cash and Cash Equivalent,CashAndCashEquivalentsAtCarryingValue,us-gaap/2025,CASH,1026000000,20251231,0,USD,cash_and_equivalents
KDP,0001418135-26-000016,BS,37,Total liabilities and stockholders' equity,LiabilitiesAndStockholdersEquity,us-gaap/2025,BALANCE_CONTROL,55459000000,20251231,0,USD,total_liabilities_and_equity
KDP,0001418135-26-000016,BS,27,Total liabilities,Liabilities,us-gaap/2025,BALANCE_CONTROL,29943000000,20251231,0,USD,total_liabilities
KDP,0001418135-26-000016,CF,60,"Interest Paid, Excluding Capitalized Interest, Operating Activity",InterestPaidNet,us-gaap/2025,INTEREST_PAID,594000000,20251231,4,USD,interest_expense
FERG,0002011641-25-000027,BS,22,Short-term debt,DebtCurrent,us-gaap/2024,CURRENT_DEBT_AGGREGATE,400000000,20250731,0,USD,current_debt
FERG,0002011641-25-000027,BS,27,Long-term debt,LongTermDebtNoncurrent,us-gaap/2024,NONCURRENT_DEBT_AGGREGATE,3752000000,20250731,0,USD,long_term_debt
FERG,0002011641-25-000027,BS,22,Short-term debt,DebtCurrent,us-gaap/2024,CURRENT_DEBT_AGGREGATE,400000000,20250731,0,USD,total_debt
FERG,0002011641-25-000027,BS,27,Long-term debt,LongTermDebtNoncurrent,us-gaap/2024,NONCURRENT_DEBT_AGGREGATE,3752000000,20250731,0,USD,total_debt
FERG,0002011641-25-000027,BS,28,Long-term portion of operating lease liabilities,OperatingLeaseLiabilityNoncurrent,us-gaap/2024,OPERATING_LEASE,1367000000,20250731,0,USD,operating_lease_liabilities
FERG,0002011641-25-000027,BS,23,Current portion of operating lease liabilities,OperatingLeaseLiabilityCurrent,us-gaap/2024,OPERATING_LEASE,447000000,20250731,0,USD,operating_lease_liabilities
FERG,0002011641-25-000027,BS,7,Cash and cash equivalents,CashAndCashEquivalentsAtCarryingValue,us-gaap/2024,CASH,674000000,20250731,0,USD,cash_and_equivalents
FERG,0002011641-25-000027,BS,39,Total liabilities and stockholders' equity,LiabilitiesAndStockholdersEquity,us-gaap/2024,BALANCE_CONTROL,17729000000,20250731,0,USD,total_liabilities_and_equity
FERG,0002011641-25-000027,BS,30,Total liabilities,Liabilities,us-gaap/2024,BALANCE_CONTROL,11897000000,20250731,0,USD,total_liabilities
FERG,0002011641-25-000027,CF,35,Cash paid for interest,InterestPaidNet,us-gaap/2024,INTEREST_PAID,189000000,20250731,4,USD,interest_expense
IBKR,0001381197-26-000062,BS,26,Short-term borrowings,OtherShortTermBorrowings,us-gaap/2025,CURRENT_DEBT,19000000,20251231,0,USD,current_debt
IBKR,0001381197-26-000062,BS,26,Short-term borrowings,OtherShortTermBorrowings,us-gaap/2025,CURRENT_DEBT,19000000,20251231,0,USD,total_debt
IBKR,0001381197-26-000062,BS,12,Cash and cash equivalents,CashAndCashEquivalentsAtCarryingValue,us-gaap/2025,CASH,4963000000,20251231,0,USD,cash_and_equivalents
IBKR,0001381197-26-000062,BS,47,Total liabilities and equity,LiabilitiesAndStockholdersEquity,us-gaap/2025,BALANCE_CONTROL,203240000000,20251231,0,USD,total_liabilities_and_equity
IBKR,0001381197-26-000062,BS,36,Total liabilities,Liabilities,us-gaap/2025,BALANCE_CONTROL,182768000000,20251231,0,USD,total_liabilities
IBKR,0001381197-26-000062,CF,48,Cash paid for interest,InterestPaidNet,us-gaap/2025,INTEREST_PAID,4209000000,20251231,4,USD,interest_expense
VEEV,0001393052-26-000014,BS,27,Long-term lease liabilities,OperatingLeaseLiabilityNoncurrent,us-gaap/2025,OPERATING_LEASE,83706000,20260131,0,USD,operating_lease_liabilities
VEEV,0001393052-26-000014,BS,24,Lease liabilities,OperatingLeaseLiabilityCurrent,us-gaap/2025,OPERATING_LEASE,12153000,20260131,0,USD,operating_lease_liabilities
VEEV,0001393052-26-000014,BS,3,Cash and cash equivalents,CashAndCashEquivalentsAtCarryingValue,us-gaap/2025,CASH,1421233000,20260131,0,USD,cash_and_equivalents
VEEV,0001393052-26-000014,BS,4,Short-term investments,AvailableForSaleSecuritiesDebtSecuritiesCurrent,us-gaap/2025,STI,5139581000,20260131,0,USD,short_term_investments
VEEV,0001393052-26-000014,BS,37,Total liabilities and stockholders equity,LiabilitiesAndStockholdersEquity,us-gaap/2025,BALANCE_CONTROL,8979343000,20260131,0,USD,total_liabilities_and_equity
VEEV,0001393052-26-000014,BS,29,Total liabilities,Liabilities,us-gaap/2025,BALANCE_CONTROL,1764591000,20260131,0,USD,total_liabilities
ROP,0000882835-26-000009,BS,22,"Current portion of long-term debt, net",LongTermDebtCurrent,us-gaap/2025,CURRENT_DEBT,705200000,20251231,0,USD,current_debt
ROP,0000882835-26-000009,BS,24,"Long-term debt, net of current portion",LongTermDebtNoncurrent,us-gaap/2025,NONCURRENT_DEBT_AGGREGATE,8595800000,20251231,0,USD,long_term_debt
ROP,0000882835-26-000009,BS,22,"Current portion of long-term debt, net",LongTermDebtCurrent,us-gaap/2025,CURRENT_DEBT,705200000,20251231,0,USD,total_debt
ROP,0000882835-26-000009,BS,24,"Long-term debt, net of current portion",LongTermDebtNoncurrent,us-gaap/2025,NONCURRENT_DEBT_AGGREGATE,8595800000,20251231,0,USD,total_debt
ROP,0000882835-26-000009,BS,2,Cash and cash equivalents,CashAndCashEquivalentsAtCarryingValue,us-gaap/2025,CASH,297400000,20251231,0,USD,cash_and_equivalents
ROP,0000882835-26-000009,BS,37,Total liabilities and stockholders equity,LiabilitiesAndStockholdersEquity,us-gaap/2025,BALANCE_CONTROL,34577000000,20251231,0,USD,total_liabilities_and_equity
ROP,0000882835-26-000009,BS,27,Total liabilities,Liabilities,us-gaap/2025,BALANCE_CONTROL,14695500000,20251231,0,USD,total_liabilities
ROP,0000882835-26-000009,IS,6,"Interest expense, net",InterestExpenseNonoperating,us-gaap/2025,GROSS_INTEREST,325000000,20251231,4,USD,interest_expense
CBRE,0001138118-26-000005,BS,32,Revolving credit facilities,LinesOfCreditCurrent,us-gaap/2025,CURRENT_DEBT,0,20251231,0,USD,current_debt
CBRE,0001138118-26-000005,BS,34,Current maturities of long-term debt,LongTermDebtCurrent,us-gaap/2025,CURRENT_DEBT,71000000,20251231,0,USD,current_debt
CBRE,0001138118-26-000005,BS,37,"Long-term debt, net of current maturities",LongTermDebtNoncurrent,us-gaap/2025,NONCURRENT_DEBT_AGGREGATE,5050000000,20251231,0,USD,long_term_debt
CBRE,0001138118-26-000005,BS,32,Revolving credit facilities,LinesOfCreditCurrent,us-gaap/2025,CURRENT_DEBT,0,20251231,0,USD,total_debt
CBRE,0001138118-26-000005,BS,34,Current maturities of long-term debt,LongTermDebtCurrent,us-gaap/2025,CURRENT_DEBT,71000000,20251231,0,USD,total_debt
CBRE,0001138118-26-000005,BS,37,"Long-term debt, net of current maturities",LongTermDebtNoncurrent,us-gaap/2025,NONCURRENT_DEBT_AGGREGATE,5050000000,20251231,0,USD,total_debt
CBRE,0001138118-26-000005,BS,38,Non-current operating lease liabilities,OperatingLeaseLiabilityNoncurrent,us-gaap/2025,OPERATING_LEASE,2121000000,20251231,0,USD,operating_lease_liabilities
CBRE,0001138118-26-000005,BS,28,Operating lease liabilities,OperatingLeaseLiabilityCurrent,us-gaap/2025,OPERATING_LEASE,284000000,20251231,0,USD,operating_lease_liabilities
CBRE,0001138118-26-000005,BS,3,Cash and cash equivalents,CashAndCashEquivalentsAtCarryingValue,us-gaap/2025,CASH,1864000000,20251231,0,USD,cash_and_equivalents
CBRE,0001138118-26-000005,BS,55,Total Liabilities and Equity,LiabilitiesAndStockholdersEquity,us-gaap/2025,BALANCE_CONTROL,30877000000,20251231,0,USD,total_liabilities_and_equity
CBRE,0001138118-26-000005,BS,43,Total liabilities,Liabilities,us-gaap/2025,BALANCE_CONTROL,21251000000,20251231,0,USD,total_liabilities
CBRE,0001138118-26-000005,CF,44,Interest,InterestPaidNet,us-gaap/2025,INTEREST_PAID,448000000,20251231,4,USD,interest_expense
YUM,0001041061-26-000084,BS,19,"Debt, Current",DebtCurrent,us-gaap/2024,CURRENT_DEBT_AGGREGATE,38000000,20251231,0,USD,current_debt
YUM,0001041061-26-000084,BS,21,Long-term debt,LongTermDebtAndCapitalLeaseObligations,us-gaap/2024,NONCURRENT_DEBT_AGGREGATE,11872000000,20251231,0,USD,long_term_debt
YUM,0001041061-26-000084,BS,19,"Debt, Current",DebtCurrent,us-gaap/2024,CURRENT_DEBT_AGGREGATE,38000000,20251231,0,USD,total_debt
YUM,0001041061-26-000084,BS,21,Long-term debt,LongTermDebtAndCapitalLeaseObligations,us-gaap/2024,NONCURRENT_DEBT_AGGREGATE,11872000000,20251231,0,USD,total_debt
YUM,0001041061-26-000084,BS,5,Cash and cash equivalents,CashAndCashEquivalentsAtCarryingValue,us-gaap/2024,CASH,709000000,20251231,0,USD,cash_and_equivalents
YUM,0001041061-26-000084,BS,29,"Total Liabilities, Redeemable Noncontrolling Interest and Shareholders' Equity",LiabilitiesAndStockholdersEquity,us-gaap/2024,BALANCE_CONTROL,8197000000,20251231,0,USD,total_liabilities_and_equity
YUM,0001041061-26-000084,BS,23,Total Liabilities,Liabilities,us-gaap/2024,BALANCE_CONTROL,15521000000,20251231,0,USD,total_liabilities
COIN,0001679788-26-000015,BS,33,Short-term borrowings,ShortTermBorrowings,us-gaap/2025,CURRENT_DEBT,452105000,20251231,0,USD,current_debt
COIN,0001679788-26-000015,BS,32,Current portion of long-term debt,LongTermDebtCurrent,us-gaap/2025,CURRENT_DEBT,1269585000,20251231,0,USD,current_debt
COIN,0001679788-26-000015,BS,37,Long-term debt,LongTermDebtNoncurrent,us-gaap/2025,NONCURRENT_DEBT_AGGREGATE,5937034000,20251231,0,USD,long_term_debt
COIN,0001679788-26-000015,BS,33,Short-term borrowings,ShortTermBorrowings,us-gaap/2025,CURRENT_DEBT,452105000,20251231,0,USD,total_debt
COIN,0001679788-26-000015,BS,32,Current portion of long-term debt,LongTermDebtCurrent,us-gaap/2025,CURRENT_DEBT,1269585000,20251231,0,USD,total_debt
COIN,0001679788-26-000015,BS,37,Long-term debt,LongTermDebtNoncurrent,us-gaap/2025,NONCURRENT_DEBT_AGGREGATE,5937034000,20251231,0,USD,total_debt
COIN,0001679788-26-000015,BS,9,Cash and cash equivalents,CashAndCashEquivalentsAtCarryingValue,us-gaap/2025,CASH,11285452000,20251231,0,USD,cash_and_equivalents
COIN,0001679788-26-000015,BS,17,Marketable investments,MarketableSecuritiesCurrent,us-gaap/2025,STI,309765000,20251231,0,USD,short_term_investments
COIN,0001679788-26-000015,BS,48,Total liabilities and shareholders equity,LiabilitiesAndStockholdersEquity,us-gaap/2025,BALANCE_CONTROL,29671832000,20251231,0,USD,total_liabilities_and_equity
COIN,0001679788-26-000015,BS,39,Total liabilities,Liabilities,us-gaap/2025,BALANCE_CONTROL,14878774000,20251231,0,USD,total_liabilities
COIN,0001679788-26-000015,IS,20,Interest expense,InterestExpenseNonoperating,us-gaap/2025,GROSS_INTEREST,85413000,20251231,4,USD,interest_expense
MSCI,0001408198-26-000011,BS,23,Long-term debt,LongTermDebtNoncurrent,us-gaap/2025,NONCURRENT_DEBT_AGGREGATE,6202286000,20251231,0,USD,long_term_debt
MSCI,0001408198-26-000011,BS,23,Long-term debt,LongTermDebtNoncurrent,us-gaap/2025,NONCURRENT_DEBT_AGGREGATE,6202286000,20251231,0,USD,total_debt
MSCI,0001408198-26-000011,BS,24,Long-term operating lease liabilities,OperatingLeaseLiabilityNoncurrent,us-gaap/2025,OPERATING_LEASE,107531000,20251231,0,USD,operating_lease_liabilities
MSCI,0001408198-26-000011,BS,3,"Cash and cash equivalents (includes restricted cash of $3,667 and $3,497 at December 31, 2025 and December 31, 2024, respectively)",CashAndCashEquivalentsAtCarryingValue,us-gaap/2025,CASH,515332000,20251231,0,USD,cash_and_equivalents
MSCI,0001408198-26-000011,BS,37,Total liabilities and shareholders' equity (deficit),LiabilitiesAndStockholdersEquity,us-gaap/2025,BALANCE_CONTROL,5702459000,20251231,0,USD,total_liabilities_and_equity
MSCI,0001408198-26-000011,BS,27,Total liabilities,Liabilities,us-gaap/2025,BALANCE_CONTROL,8356999000,20251231,0,USD,total_liabilities
MSCI,0001408198-26-000011,IS,12,Interest expense,InterestExpenseNonoperating,us-gaap/2025,GROSS_INTEREST,209889000,20251231,4,USD,interest_expense
PAYX,0000950170-25-095300,BS,25,Short-term debt,ShortTermBorrowings,us-gaap/2024,CURRENT_DEBT,18600000,20250531,0,USD,current_debt
PAYX,0000950170-25-095300,BS,26,"Long-term debt, net, current portion",LongTermDebtCurrent,us-gaap/2024,CURRENT_DEBT,399800000,20250531,0,USD,current_debt
PAYX,0000950170-25-095300,BS,34,"Long-term debt, net of debt issuance costs",LongTermDebtNoncurrent,us-gaap/2024,NONCURRENT_DEBT_AGGREGATE,4548400000,20250531,0,USD,long_term_debt
PAYX,0000950170-25-095300,BS,25,Short-term debt,ShortTermBorrowings,us-gaap/2024,CURRENT_DEBT,18600000,20250531,0,USD,total_debt
PAYX,0000950170-25-095300,BS,26,"Long-term debt, net, current portion",LongTermDebtCurrent,us-gaap/2024,CURRENT_DEBT,399800000,20250531,0,USD,total_debt
PAYX,0000950170-25-095300,BS,34,"Long-term debt, net of debt issuance costs",LongTermDebtNoncurrent,us-gaap/2024,NONCURRENT_DEBT_AGGREGATE,4548400000,20250531,0,USD,total_debt
PAYX,0000950170-25-095300,BS,35,Operating lease liabilities,OperatingLeaseLiabilityNoncurrent,us-gaap/2024,OPERATING_LEASE,55500000,20250531,0,USD,operating_lease_liabilities
PAYX,0000950170-25-095300,BS,2,Cash and cash equivalents,CashAndCashEquivalentsAtCarryingValue,us-gaap/2024,CASH,1628600000,20250531,0,USD,cash_and_equivalents
PAYX,0000950170-25-095300,BS,45,Total liabilities and stockholders' equity,LiabilitiesAndStockholdersEquity,us-gaap/2024,BALANCE_CONTROL,16564100000,20250531,0,USD,total_liabilities_and_equity
PAYX,0000950170-25-095300,BS,37,Total liabilities,Liabilities,us-gaap/2024,BALANCE_CONTROL,12436100000,20250531,0,USD,total_liabilities
PAYX,0000950170-25-095300,IS,16,Interest expense,InterestExpenseNonoperating,us-gaap/2024,GROSS_INTEREST,105400000,20250531,4,USD,interest_expense
PRU,0001137774-26-000048,BS,31,Long-term debt,LongTermDebtNoncurrent,us-gaap/2025,NONCURRENT_DEBT_AGGREGATE,18856000000,20251231,0,USD,long_term_debt
PRU,0001137774-26-000048,BS,31,Long-term debt,LongTermDebtNoncurrent,us-gaap/2025,NONCURRENT_DEBT_AGGREGATE,18856000000,20251231,0,USD,total_debt
PRU,0001137774-26-000048,BS,11,Cash and cash equivalents,CashAndCashEquivalentsAtCarryingValue,us-gaap/2025,CASH,19712000000,20251231,0,USD,cash_and_equivalents
PRU,0001137774-26-000048,BS,49,"TOTAL LIABILITIES, MEZZANINE EQUITY AND EQUITY",LiabilitiesAndStockholdersEquity,us-gaap/2025,BALANCE_CONTROL,773740000000,20251231,0,USD,total_liabilities_and_equity
PRU,0001137774-26-000048,BS,35,Total liabilities,Liabilities,us-gaap/2025,BALANCE_CONTROL,738159000000,20251231,0,USD,total_liabilities
WAT,0001193125-26-062604,BS,16,Notes payable and debt,NotesPayableCurrent,us-gaap/2025,CURRENT_DEBT,460000000,20251231,0,USD,current_debt
WAT,0001193125-26-062604,BS,26,Long-term debt,LongTermDebtNoncurrent,us-gaap/2025,NONCURRENT_DEBT_AGGREGATE,947445000,20251231,0,USD,long_term_debt
WAT,0001193125-26-062604,BS,16,Notes payable and debt,NotesPayableCurrent,us-gaap/2025,CURRENT_DEBT,460000000,20251231,0,USD,total_debt
WAT,0001193125-26-062604,BS,26,Long-term debt,LongTermDebtNoncurrent,us-gaap/2025,NONCURRENT_DEBT_AGGREGATE,947445000,20251231,0,USD,total_debt
WAT,0001193125-26-062604,BS,29,Long-term operating lease liabilities,OperatingLeaseLiabilityNoncurrent,us-gaap/2025,OPERATING_LEASE,52548000,20251231,0,USD,operating_lease_liabilities
WAT,0001193125-26-062604,BS,20,Current operating lease liabilities,OperatingLeaseLiabilityCurrent,us-gaap/2025,OPERATING_LEASE,31091000,20251231,0,USD,operating_lease_liabilities
WAT,0001193125-26-062604,BS,3,Cash and cash equivalents,CashAndCashEquivalentsAtCarryingValue,us-gaap/2025,CASH,587831000,20251231,0,USD,cash_and_equivalents
WAT,0001193125-26-062604,BS,42,Total liabilities and stockholders' equity,LiabilitiesAndStockholdersEquity,us-gaap/2025,BALANCE_CONTROL,5076550000,20251231,0,USD,total_liabilities_and_equity
WAT,0001193125-26-062604,BS,32,Total liabilities,Liabilities,us-gaap/2025,BALANCE_CONTROL,2515308000,20251231,0,USD,total_liabilities
WAT,0001193125-26-062604,IS,18,Interest expense,InterestExpense,us-gaap/2025,GROSS_INTEREST,69548000,20251231,4,USD,interest_expense
AIG,0000005272-26-000023,BS,42,Long-term debt,LongTermDebt,us-gaap/2025,NONCURRENT_DEBT_AGGREGATE,9191000000,20251231,0,USD,long_term_debt
AIG,0000005272-26-000023,BS,42,Long-term debt,LongTermDebt,us-gaap/2025,NONCURRENT_DEBT_AGGREGATE,9191000000,20251231,0,USD,total_debt
AIG,0000005272-26-000023,BS,21,Cash,Cash,us-gaap/2025,CASH,1274000000,20251231,0,USD,cash_and_equivalents
AIG,0000005272-26-000023,BS,54,Total liabilities and equity,LiabilitiesAndStockholdersEquity,us-gaap/2025,BALANCE_CONTROL,161254000000,20251231,0,USD,total_liabilities_and_equity
AIG,0000005272-26-000023,BS,43,Total liabilities,Liabilities,us-gaap/2025,BALANCE_CONTROL,120092000000,20251231,0,USD,total_liabilities
AIG,0000005272-26-000023,IS,20,Interest expense,InterestExpense,us-gaap/2025,GROSS_INTEREST,396000000,20251231,4,USD,interest_expense
WDAY,0001327811-26-000014,BS,31,"Debt, noncurrent",LongTermDebtNoncurrent,us-gaap/2025,NONCURRENT_DEBT_AGGREGATE,2987000000,20260131,0,USD,long_term_debt
WDAY,0001327811-26-000014,BS,31,"Debt, noncurrent",LongTermDebtNoncurrent,us-gaap/2025,NONCURRENT_DEBT_AGGREGATE,2987000000,20260131,0,USD,total_debt
WDAY,0001327811-26-000014,BS,33,"Operating lease liabilities, noncurrent",OperatingLeaseLiabilityNoncurrent,us-gaap/2025,OPERATING_LEASE,704000000,20260131,0,USD,operating_lease_liabilities
WDAY,0001327811-26-000014,BS,29,Operating lease liabilities,OperatingLeaseLiabilityCurrent,us-gaap/2025,OPERATING_LEASE,130000000,20260131,0,USD,operating_lease_liabilities
WDAY,0001327811-26-000014,BS,9,Cash and cash equivalents,CashAndCashEquivalentsAtCarryingValue,us-gaap/2025,CASH,1501000000,20260131,0,USD,cash_and_equivalents
WDAY,0001327811-26-000014,BS,10,Marketable securities,MarketableSecuritiesCurrent,us-gaap/2025,STI,3942000000,20260131,0,USD,short_term_investments
WDAY,0001327811-26-000014,BS,45,Total liabilities and stockholders equity,LiabilitiesAndStockholdersEquity,us-gaap/2025,BALANCE_CONTROL,18074000000,20260131,0,USD,total_liabilities_and_equity
WDAY,0001327811-26-000014,BS,35,Total liabilities,Liabilities,us-gaap/2025,BALANCE_CONTROL,10269000000,20260131,0,USD,total_liabilities
WDAY,0001327811-26-000014,CF,42,Cash paid for interest,InterestPaidNet,us-gaap/2025,INTEREST_PAID,110000000,20260131,4,USD,interest_expense
FLEX,0000866374-26-000012,BS,17,Bank borrowings and current portion of long-term debt,LongTermDebtCurrent,us-gaap/2025,CURRENT_DEBT,0,20260331,0,USD,current_debt
FLEX,0000866374-26-000012,BS,23,"Long-term debt, net of current portion",LongTermDebtNoncurrent,us-gaap/2025,NONCURRENT_DEBT_AGGREGATE,3751000000,20260331,0,USD,long_term_debt
FLEX,0000866374-26-000012,BS,17,Bank borrowings and current portion of long-term debt,LongTermDebtCurrent,us-gaap/2025,CURRENT_DEBT,0,20260331,0,USD,total_debt
FLEX,0000866374-26-000012,BS,23,"Long-term debt, net of current portion",LongTermDebtNoncurrent,us-gaap/2025,NONCURRENT_DEBT_AGGREGATE,3751000000,20260331,0,USD,total_debt
FLEX,0000866374-26-000012,BS,24,"Operating lease liabilities, non-current",OperatingLeaseLiabilityNoncurrent,us-gaap/2025,OPERATING_LEASE,565000000,20260331,0,USD,operating_lease_liabilities
FLEX,0000866374-26-000012,BS,3,Cash and cash equivalents,CashAndCashEquivalentsAtCarryingValue,us-gaap/2025,CASH,2389000000,20260331,0,USD,cash_and_equivalents
FLEX,0000866374-26-000012,BS,34,Total liabilities and shareholders' equity,LiabilitiesAndStockholdersEquity,us-gaap/2025,BALANCE_CONTROL,22060000000,20260331,0,USD,total_liabilities_and_equity
FLEX,0000866374-26-000012,BS,26,Total liabilities,Liabilities,us-gaap/2025,BALANCE_CONTROL,16916000000,20260331,0,USD,total_liabilities
FLEX,0000866374-26-000012,IS,9,Interest expense,InterestExpenseNonoperating,us-gaap/2025,GROSS_INTEREST,215000000,20260331,4,USD,interest_expense
MCHP,0000827054-26-000016,BS,17,Long-term debt,LongTermDebtNoncurrent,us-gaap/2025,NONCURRENT_DEBT_AGGREGATE,5496400000,20260331,0,USD,long_term_debt
MCHP,0000827054-26-000016,BS,17,Long-term debt,LongTermDebtNoncurrent,us-gaap/2025,NONCURRENT_DEBT_AGGREGATE,5496400000,20260331,0,USD,total_debt
MCHP,0000827054-26-000016,BS,2,Cash and cash equivalents,CashAndCashEquivalentsAtCarryingValue,us-gaap/2025,CASH,240300000,20260331,0,USD,cash_and_equivalents
MCHP,0000827054-26-000016,BS,29,Total liabilities and stockholders' equity,LiabilitiesAndStockholdersEquity,us-gaap/2025,BALANCE_CONTROL,14370100000,20260331,0,USD,total_liabilities_and_equity
MCHP,0000827054-26-000016,IS,11,Interest expense,InterestExpenseNonoperating,us-gaap/2025,GROSS_INTEREST,221300000,20260331,4,USD,interest_expense
ED,0001047862-26-000031,BS,49,Notes payable,NotesPayableCurrent,us-gaap/2025,CURRENT_DEBT,1575000000,20251231,0,USD,current_debt
ED,0001047862-26-000031,BS,49,Notes payable,NotesPayableCurrent,us-gaap/2025,CURRENT_DEBT,1575000000,20251231,0,USD,total_debt
ED,0001047862-26-000031,BS,69,Operating lease liabilities,OperatingLeaseLiabilityNoncurrent,us-gaap/2025,OPERATING_LEASE,377000000,20251231,0,USD,operating_lease_liabilities
ED,0001047862-26-000031,BS,58,Operating lease liabilities,OperatingLeaseLiabilityCurrent,us-gaap/2025,OPERATING_LEASE,123000000,20251231,0,USD,operating_lease_liabilities
ED,0001047862-26-000031,BS,10,Cash and temporary cash investments,CashAndCashEquivalentsAtCarryingValue,us-gaap/2025,CASH,1629000000,20251231,0,USD,cash_and_equivalents
ED,0001047862-26-000031,BS,82,TOTAL LIABILITIES AND EQUITY,LiabilitiesAndStockholdersEquity,us-gaap/2025,BALANCE_CONTROL,74603000000,20251231,0,USD,total_liabilities_and_equity
ED,0001047862-26-000031,IS,33,NET INTEREST EXPENSE,InterestExpense,us-gaap/2025,GROSS_INTEREST,1233000000,20251231,4,USD,interest_expense
ADM,0000007084-26-000011,BS,21,Short-term debt,ShortTermBorrowings,us-gaap/2025,CURRENT_DEBT,798000000,20251231,0,USD,current_debt
ADM,0000007084-26-000011,BS,22,Current maturities of long-term debt,LongTermDebtCurrent,us-gaap/2025,CURRENT_DEBT,1006000000,20251231,0,USD,current_debt
ADM,0000007084-26-000011,BS,29,Long-term debt,LongTermDebtNoncurrent,us-gaap/2025,NONCURRENT_DEBT_AGGREGATE,6606000000,20251231,0,USD,long_term_debt
ADM,0000007084-26-000011,BS,21,Short-term debt,ShortTermBorrowings,us-gaap/2025,CURRENT_DEBT,798000000,20251231,0,USD,total_debt
ADM,0000007084-26-000011,BS,22,Current maturities of long-term debt,LongTermDebtCurrent,us-gaap/2025,CURRENT_DEBT,1006000000,20251231,0,USD,total_debt
ADM,0000007084-26-000011,BS,29,Long-term debt,LongTermDebtNoncurrent,us-gaap/2025,NONCURRENT_DEBT_AGGREGATE,6606000000,20251231,0,USD,total_debt
ADM,0000007084-26-000011,BS,31,Non-current lease liabilities,OperatingLeaseLiabilityNoncurrent,us-gaap/2025,OPERATING_LEASE,1045000000,20251231,0,USD,operating_lease_liabilities
ADM,0000007084-26-000011,BS,26,Current lease liabilities,OperatingLeaseLiabilityCurrent,us-gaap/2025,OPERATING_LEASE,303000000,20251231,0,USD,operating_lease_liabilities
ADM,0000007084-26-000011,BS,3,Cash and cash equivalents,CashAndCashEquivalentsAtCarryingValue,us-gaap/2025,CASH,1015000000,20251231,0,USD,cash_and_equivalents
ADM,0000007084-26-000011,BS,42,"Total Liabilities, Temporary Equity, and Shareholders Equity",LiabilitiesAndStockholdersEquity,us-gaap/2025,BALANCE_CONTROL,52389000000,20251231,0,USD,total_liabilities_and_equity
ADM,0000007084-26-000011,IS,8,Interest expense,InterestExpense,us-gaap/2025,GROSS_INTEREST,612000000,20251231,4,USD,interest_expense
FANG,0001539838-26-000010,BS,23,Current maturities of debt,LongTermDebtCurrent,us-gaap/2025,CURRENT_DEBT,763000000,20251231,0,USD,current_debt
FANG,0001539838-26-000010,BS,29,"Long-term debt ($2,186 million and $1,083 million related to Viper)",LongTermDebtNoncurrent,us-gaap/2025,NONCURRENT_DEBT_AGGREGATE,13726000000,20251231,0,USD,long_term_debt
FANG,0001539838-26-000010,BS,23,Current maturities of debt,LongTermDebtCurrent,us-gaap/2025,CURRENT_DEBT,763000000,20251231,0,USD,total_debt
FANG,0001539838-26-000010,BS,29,"Long-term debt ($2,186 million and $1,083 million related to Viper)",LongTermDebtNoncurrent,us-gaap/2025,NONCURRENT_DEBT_AGGREGATE,13726000000,20251231,0,USD,total_debt
FANG,0001539838-26-000010,BS,3,Cash and cash equivalents ($13 million and $27 million related to Viper),CashAndCashEquivalentsAtCarryingValue,us-gaap/2025,CASH,104000000,20251231,0,USD,cash_and_equivalents
FANG,0001539838-26-000010,BS,42,Total liabilities and stockholders equity,LiabilitiesAndStockholdersEquity,us-gaap/2025,BALANCE_CONTROL,71059000000,20251231,0,USD,total_liabilities_and_equity
FANG,0001539838-26-000010,BS,32,Total liabilities,Liabilities,us-gaap/2025,BALANCE_CONTROL,28092000000,20251231,0,USD,total_liabilities
SYY,0000096021-25-000099,BS,24,Current maturities of long-term debt,LongTermDebtAndCapitalLeaseObligationsCurrent,us-gaap/2025,CURRENT_DEBT_AGGREGATE,949000000,20250630,0,USD,current_debt
SYY,0000096021-25-000099,BS,27,Long-term debt,LongTermDebtAndCapitalLeaseObligations,us-gaap/2025,NONCURRENT_DEBT_AGGREGATE,12360000000,20250630,0,USD,long_term_debt
SYY,0000096021-25-000099,BS,24,Current maturities of long-term debt,LongTermDebtAndCapitalLeaseObligationsCurrent,us-gaap/2025,CURRENT_DEBT_AGGREGATE,949000000,20250630,0,USD,total_debt
SYY,0000096021-25-000099,BS,27,Long-term debt,LongTermDebtAndCapitalLeaseObligations,us-gaap/2025,NONCURRENT_DEBT_AGGREGATE,12360000000,20250630,0,USD,total_debt
SYY,0000096021-25-000099,BS,29,Long-term operating lease liabilities,OperatingLeaseLiabilityNoncurrent,us-gaap/2025,OPERATING_LEASE,1049000000,20250630,0,USD,operating_lease_liabilities
SYY,0000096021-25-000099,BS,23,Current operating lease liabilities,OperatingLeaseLiabilityCurrent,us-gaap/2025,OPERATING_LEASE,136000000,20250630,0,USD,operating_lease_liabilities
SYY,0000096021-25-000099,BS,3,Cash and cash equivalents,CashAndCashEquivalentsAtCarryingValue,us-gaap/2025,CASH,1071000000,20250630,0,USD,cash_and_equivalents
SYY,0000096021-25-000099,BS,41,Total liabilities and shareholders equity,LiabilitiesAndStockholdersEquity,us-gaap/2025,BALANCE_CONTROL,26774000000,20250630,0,USD,total_liabilities_and_equity
SYY,0000096021-25-000099,CF,47,Interest,InterestPaidNet,us-gaap/2025,INTEREST_PAID,629000000,20250630,4,USD,interest_expense
TTWO,0001628280-26-037434,BS,25,"Short-term debt, net",ShortTermBorrowings,us-gaap/2026,CURRENT_DEBT,30000000,20260331,0,USD,current_debt
TTWO,0001628280-26-037434,BS,27,"Long-term debt, net",LongTermDebtNoncurrent,us-gaap/2026,NONCURRENT_DEBT_AGGREGATE,2488000000,20260331,0,USD,long_term_debt
TTWO,0001628280-26-037434,BS,25,"Short-term debt, net",ShortTermBorrowings,us-gaap/2026,CURRENT_DEBT,30000000,20260331,0,USD,total_debt
TTWO,0001628280-26-037434,BS,27,"Long-term debt, net",LongTermDebtNoncurrent,us-gaap/2026,NONCURRENT_DEBT_AGGREGATE,2488000000,20260331,0,USD,total_debt
TTWO,0001628280-26-037434,BS,29,Non-current lease liabilities,OperatingLeaseLiabilityNoncurrent,us-gaap/2026,OPERATING_LEASE,370200000,20260331,0,USD,operating_lease_liabilities
TTWO,0001628280-26-037434,BS,24,Lease liabilities,OperatingLeaseLiabilityCurrent,us-gaap/2026,OPERATING_LEASE,70100000,20260331,0,USD,operating_lease_liabilities
TTWO,0001628280-26-037434,BS,3,Cash and cash equivalents,CashAndCashEquivalentsAtCarryingValue,us-gaap/2026,CASH,1545500000,20260331,0,USD,cash_and_equivalents
TTWO,0001628280-26-037434,BS,4,Short-term investments,ShortTermInvestments,us-gaap/2026,STI,443800000,20260331,0,USD,short_term_investments
TTWO,0001628280-26-037434,BS,43,Total liabilities and stockholders' equity,LiabilitiesAndStockholdersEquity,us-gaap/2026,BALANCE_CONTROL,9383200000,20260331,0,USD,total_liabilities_and_equity
TTWO,0001628280-26-037434,BS,33,Total liabilities,Liabilities,us-gaap/2026,BALANCE_CONTROL,5872300000,20260331,0,USD,total_liabilities
TTWO,0001628280-26-037434,CF,45,Interest paid,InterestPaidNet,us-gaap/2026,INTEREST_PAID,153000000,20260331,4,USD,interest_expense
DHI,0000882184-25-000081,BS,21,Notes payable,NotesPayable,us-gaap/2025,NONCURRENT_DEBT,5965500000,20250930,0,USD,long_term_debt
DHI,0000882184-25-000081,BS,21,Notes payable,NotesPayable,us-gaap/2025,NONCURRENT_DEBT,5965500000,20250930,0,USD,total_debt
DHI,0000882184-25-000081,BS,2,Cash and cash equivalents,CashAndCashEquivalentsAtCarryingValue,us-gaap/2025,CASH,2985400000,20250930,0,USD,cash_and_equivalents
DHI,0000882184-25-000081,BS,33,Total liabilities and equity,LiabilitiesAndStockholdersEquity,us-gaap/2025,BALANCE_CONTROL,35471200000,20250930,0,USD,total_liabilities_and_equity
DHI,0000882184-25-000081,BS,22,Total liabilities,Liabilities,us-gaap/2025,BALANCE_CONTROL,10729000000,20250930,0,USD,total_liabilities
HIG,0000874766-26-000012,BS,28,Long-term debt,LongTermDebt,us-gaap/2025,NONCURRENT_DEBT_AGGREGATE,4371000000,20251231,0,USD,long_term_debt
HIG,0000874766-26-000012,BS,28,Long-term debt,LongTermDebt,us-gaap/2025,NONCURRENT_DEBT_AGGREGATE,4371000000,20251231,0,USD,total_debt
HIG,0000874766-26-000012,BS,11,Cash,Cash,us-gaap/2025,CASH,133000000,20251231,0,USD,cash_and_equivalents
HIG,0000874766-26-000012,BS,39,Total liabilities and stockholders equity,LiabilitiesAndStockholdersEquity,us-gaap/2025,BALANCE_CONTROL,85997000000,20251231,0,USD,total_liabilities_and_equity
HIG,0000874766-26-000012,BS,30,Total liabilities,Liabilities,us-gaap/2025,BALANCE_CONTROL,67018000000,20251231,0,USD,total_liabilities
HIG,0000874766-26-000012,IS,12,Interest expense,InterestExpense,us-gaap/2025,GROSS_INTEREST,199000000,20251231,4,USD,interest_expense
NTAP,0001193125-26-259683,BS,18,Current portion of long-term debt,LongTermDebtCurrent,us-gaap/2025,CURRENT_DEBT,0,20260430,0,USD,current_debt
NTAP,0001193125-26-259683,BS,21,Long-term debt,LongTermDebtNoncurrent,us-gaap/2025,NONCURRENT_DEBT_AGGREGATE,2487000000,20260430,0,USD,long_term_debt
NTAP,0001193125-26-259683,BS,18,Current portion of long-term debt,LongTermDebtCurrent,us-gaap/2025,CURRENT_DEBT,0,20260430,0,USD,total_debt
NTAP,0001193125-26-259683,BS,21,Long-term debt,LongTermDebtNoncurrent,us-gaap/2025,NONCURRENT_DEBT_AGGREGATE,2487000000,20260430,0,USD,total_debt
NTAP,0001193125-26-259683,BS,3,Cash and cash equivalents,CashAndCashEquivalentsAtCarryingValue,us-gaap/2025,CASH,2070000000,20260430,0,USD,cash_and_equivalents
NTAP,0001193125-26-259683,BS,4,Short-term investments,ShortTermInvestments,us-gaap/2025,STI,1514000000,20260430,0,USD,short_term_investments
NTAP,0001193125-26-259683,BS,32,Total liabilities and stockholders' equity,LiabilitiesAndStockholdersEquity,us-gaap/2025,BALANCE_CONTROL,10744000000,20260430,0,USD,total_liabilities_and_equity
NTAP,0001193125-26-259683,BS,24,Total liabilities,Liabilities,us-gaap/2025,BALANCE_CONTROL,9393000000,20260430,0,USD,total_liabilities
ODFL,0001193125-26-067161,BS,26,Current maturities of long-term debt,LongTermDebtCurrent,us-gaap/2025,CURRENT_DEBT,20000000,20251231,0,USD,current_debt
ODFL,0001193125-26-067161,BS,28,Long-term debt,LongTermDebtAndCapitalLeaseObligations,us-gaap/2025,NONCURRENT_DEBT_AGGREGATE,19995000,20251231,0,USD,long_term_debt
ODFL,0001193125-26-067161,BS,26,Current maturities of long-term debt,LongTermDebtCurrent,us-gaap/2025,CURRENT_DEBT,20000000,20251231,0,USD,total_debt
ODFL,0001193125-26-067161,BS,28,Long-term debt,LongTermDebtAndCapitalLeaseObligations,us-gaap/2025,NONCURRENT_DEBT_AGGREGATE,19995000,20251231,0,USD,total_debt
ODFL,0001193125-26-067161,BS,3,Cash and cash equivalents,CashAndCashEquivalentsAtCarryingValue,us-gaap/2025,CASH,120091000,20251231,0,USD,cash_and_equivalents
ODFL,0001193125-26-067161,BS,39,Total liabilities and shareholders equity,LiabilitiesAndStockholdersEquity,us-gaap/2025,BALANCE_CONTROL,5470160000,20251231,0,USD,total_liabilities_and_equity
ODFL,0001193125-26-067161,BS,32,Total liabilities,Liabilities,us-gaap/2025,BALANCE_CONTROL,1159103000,20251231,0,USD,total_liabilities
ODFL,0001193125-26-067161,IS,15,Interest expense,InterestAndDebtExpense,us-gaap/2025,GROSS_INTEREST,296000,20251231,4,USD,interest_expense
PEG,0001193125-26-077446,BS,45,Commercial Paper and Loans,CommercialPaper,us-gaap/2025,CURRENT_DEBT,1529000000,20251231,0,USD,current_debt
PEG,0001193125-26-077446,BS,44,Long-Term Debt Due Within One Year,LongTermDebtCurrent,us-gaap/2025,CURRENT_DEBT,875000000,20251231,0,USD,current_debt
PEG,0001193125-26-077446,BS,69,Total Long-Term Debt,LongTermDebtNoncurrent,us-gaap/2025,NONCURRENT_DEBT_AGGREGATE,21670000000,20251231,0,USD,long_term_debt
PEG,0001193125-26-077446,BS,45,Commercial Paper and Loans,CommercialPaper,us-gaap/2025,CURRENT_DEBT,1529000000,20251231,0,USD,total_debt
PEG,0001193125-26-077446,BS,44,Long-Term Debt Due Within One Year,LongTermDebtCurrent,us-gaap/2025,CURRENT_DEBT,875000000,20251231,0,USD,total_debt
PEG,0001193125-26-077446,BS,69,Total Long-Term Debt,LongTermDebtNoncurrent,us-gaap/2025,NONCURRENT_DEBT_AGGREGATE,21670000000,20251231,0,USD,total_debt
PEG,0001193125-26-077446,BS,58,Operating Leases,OperatingLeaseLiabilityNoncurrent,us-gaap/2025,OPERATING_LEASE,128000000,20251231,0,USD,operating_lease_liabilities
PEG,0001193125-26-077446,BS,16,Cash and Cash Equivalents,CashAndCashEquivalentsAtCarryingValue,us-gaap/2025,CASH,132000000,20251231,0,USD,cash_and_equivalents
PEG,0001193125-26-077446,BS,78,TOTAL LIABILITIES AND CAPITALIZATION,LiabilitiesAndStockholdersEquity,us-gaap/2025,BALANCE_CONTROL,57576000000,20251231,0,USD,total_liabilities_and_equity
PEG,0001193125-26-077446,IS,16,Interest Expense,InterestExpense,us-gaap/2025,GROSS_INTEREST,1005000000,20251231,4,USD,interest_expense
EXPE,0001324424-26-000008,BS,30,Current maturities of long-term debt,LongTermDebtCurrent,us-gaap/2025,CURRENT_DEBT,1692000000,20251231,0,USD,current_debt
EXPE,0001324424-26-000008,BS,32,"Long-term debt, excluding current maturities",LongTermDebtNoncurrent,us-gaap/2025,NONCURRENT_DEBT_AGGREGATE,4469000000,20251231,0,USD,long_term_debt
EXPE,0001324424-26-000008,BS,30,Current maturities of long-term debt,LongTermDebtCurrent,us-gaap/2025,CURRENT_DEBT,1692000000,20251231,0,USD,total_debt
EXPE,0001324424-26-000008,BS,32,"Long-term debt, excluding current maturities",LongTermDebtNoncurrent,us-gaap/2025,NONCURRENT_DEBT_AGGREGATE,4469000000,20251231,0,USD,total_debt
EXPE,0001324424-26-000008,BS,34,Operating lease liabilities,OperatingLeaseLiabilityNoncurrent,us-gaap/2025,OPERATING_LEASE,254000000,20251231,0,USD,operating_lease_liabilities
EXPE,0001324424-26-000008,BS,8,Cash and cash equivalents,CashAndCashEquivalentsAtCarryingValue,us-gaap/2025,CASH,5413000000,20251231,0,USD,cash_and_equivalents
EXPE,0001324424-26-000008,BS,10,Short-term investments,ShortTermInvestments,us-gaap/2025,STI,320000000,20251231,0,USD,short_term_investments
EXPE,0001324424-26-000008,BS,46,TOTAL LIABILITIES AND STOCKHOLDERS EQUITY,LiabilitiesAndStockholdersEquity,us-gaap/2025,BALANCE_CONTROL,24452000000,20251231,0,USD,total_liabilities_and_equity
EXPE,0001324424-26-000008,IS,16,Interest expense,InterestExpenseNonoperating,us-gaap/2025,GROSS_INTEREST,299000000,20251231,4,USD,interest_expense
KVUE,0001944048-26-000030,BS,17,Loans and notes payable,DebtCurrent,us-gaap/2025,CURRENT_DEBT_AGGREGATE,1453000000,20251231,0,USD,current_debt
KVUE,0001944048-26-000030,BS,23,Long-term debt,LongTermDebtAndLeaseObligationExcludingCurrentMaturities,0001944048-26-000030,CUSTOM_DEBT,7071000000,20251231,0,USD,total_debt
KVUE,0001944048-26-000030,BS,3,Cash and cash equivalents,CashAndCashEquivalentsAtCarryingValue,us-gaap/2025,CASH,1062000000,20251231,0,USD,cash_and_equivalents
KVUE,0001944048-26-000030,BS,37,Total Liabilities and Stockholders Equity,LiabilitiesAndStockholdersEquity,us-gaap/2025,BALANCE_CONTROL,27076000000,20251231,0,USD,total_liabilities_and_equity
KVUE,0001944048-26-000030,BS,27,Total liabilities,Liabilities,us-gaap/2025,BALANCE_CONTROL,16311000000,20251231,0,USD,total_liabilities
KVUE,0001944048-26-000030,CF,43,Cash paid for interest,InterestPaidNet,us-gaap/2025,INTEREST_PAID,440000000,20251231,4,USD,interest_expense
KMB,0001628280-26-007567,BS,18,Debt payable within one year,DebtCurrent,us-gaap/2025,CURRENT_DEBT_AGGREGATE,694000000,20251231,0,USD,current_debt
KMB,0001628280-26-007567,BS,24,Long-Term Debt,LongTermDebtAndCapitalLeaseObligations,us-gaap/2025,NONCURRENT_DEBT_AGGREGATE,6474000000,20251231,0,USD,long_term_debt
KMB,0001628280-26-007567,BS,18,Debt payable within one year,DebtCurrent,us-gaap/2025,CURRENT_DEBT_AGGREGATE,694000000,20251231,0,USD,total_debt
KMB,0001628280-26-007567,BS,24,Long-Term Debt,LongTermDebtAndCapitalLeaseObligations,us-gaap/2025,NONCURRENT_DEBT_AGGREGATE,6474000000,20251231,0,USD,total_debt
KMB,0001628280-26-007567,BS,3,Cash and cash equivalents,CashAndCashEquivalentsAtCarryingValue,us-gaap/2025,CASH,688000000,20251231,0,USD,cash_and_equivalents
KMB,0001628280-26-007567,BS,41,TOTAL LIABILITIES AND STOCKHOLDERS' EQUITY,LiabilitiesAndStockholdersEquity,us-gaap/2025,BALANCE_CONTROL,17098000000,20251231,0,USD,total_liabilities_and_equity
KMB,0001628280-26-007567,IS,10,Interest expense,InterestExpense,us-gaap/2025,GROSS_INTEREST,256000000,20251231,4,USD,interest_expense
UAL,0000100517-26-000023,BS,20,"Current maturities of long-term debt, finance leases, and other financial liabilities",LongTermDebtAndCapitalLeaseObligationsCurrent,us-gaap/2025,CURRENT_DEBT_AGGREGATE,4426000000,20251231,0,USD,current_debt
UAL,0000100517-26-000023,BS,24,"Long-term debt, finance leases, and other financial liabilities",LongTermDebtAndCapitalLeaseObligations,us-gaap/2025,NONCURRENT_DEBT_AGGREGATE,20562000000,20251231,0,USD,long_term_debt
UAL,0000100517-26-000023,BS,20,"Current maturities of long-term debt, finance leases, and other financial liabilities",LongTermDebtAndCapitalLeaseObligationsCurrent,us-gaap/2025,CURRENT_DEBT_AGGREGATE,4426000000,20251231,0,USD,total_debt
UAL,0000100517-26-000023,BS,24,"Long-term debt, finance leases, and other financial liabilities",LongTermDebtAndCapitalLeaseObligations,us-gaap/2025,NONCURRENT_DEBT_AGGREGATE,20562000000,20251231,0,USD,total_debt
UAL,0000100517-26-000023,BS,25,Long-term obligations under operating leases,OperatingLeaseLiabilityNoncurrent,us-gaap/2025,OPERATING_LEASE,5417000000,20251231,0,USD,operating_lease_liabilities
UAL,0000100517-26-000023,BS,21,Current maturities of operating leases,OperatingLeaseLiabilityCurrent,us-gaap/2025,OPERATING_LEASE,631000000,20251231,0,USD,operating_lease_liabilities
UAL,0000100517-26-000023,BS,2,Cash and cash equivalents,CashAndCashEquivalentsAtCarryingValue,us-gaap/2025,CASH,5942000000,20251231,0,USD,cash_and_equivalents
UAL,0000100517-26-000023,BS,3,Short-term investments,ShortTermInvestments,us-gaap/2025,STI,6298000000,20251231,0,USD,short_term_investments
UAL,0000100517-26-000023,BS,40,Total liabilities and stockholders' equity,LiabilitiesAndStockholdersEquity,us-gaap/2025,BALANCE_CONTROL,76448000000,20251231,0,USD,total_liabilities_and_equity
UAL,0000100517-26-000023,IS,24,Interest expense,InterestExpenseNonoperating,us-gaap/2025,GROSS_INTEREST,1373000000,20251231,4,USD,interest_expense
DXCM,0001093557-26-000027,BS,20,Current portion of long-term senior convertible notes,ConvertibleNotesPayableCurrent,us-gaap/2025,CURRENT_DEBT,0,20251231,0,USD,current_debt
DXCM,0001093557-26-000027,BS,24,Long-term senior convertible notes,ConvertibleLongTermNotesPayable,us-gaap/2025,NONCURRENT_DEBT,1240900000,20251231,0,USD,long_term_debt
DXCM,0001093557-26-000027,BS,20,Current portion of long-term senior convertible notes,ConvertibleNotesPayableCurrent,us-gaap/2025,CURRENT_DEBT,0,20251231,0,USD,total_debt
DXCM,0001093557-26-000027,BS,24,Long-term senior convertible notes,ConvertibleLongTermNotesPayable,us-gaap/2025,NONCURRENT_DEBT,1240900000,20251231,0,USD,total_debt
DXCM,0001093557-26-000027,BS,25,Long-term operating lease liabilities,OperatingLeaseLiabilityNoncurrent,us-gaap/2025,OPERATING_LEASE,73400000,20251231,0,USD,operating_lease_liabilities
DXCM,0001093557-26-000027,BS,21,Short-term operating lease liabilities,OperatingLeaseLiabilityCurrent,us-gaap/2025,OPERATING_LEASE,21600000,20251231,0,USD,operating_lease_liabilities
DXCM,0001093557-26-000027,BS,3,Cash and cash equivalents,CashAndCashEquivalentsAtCarryingValue,us-gaap/2025,CASH,917700000,20251231,0,USD,cash_and_equivalents
DXCM,0001093557-26-000027,BS,37,Total liabilities and stockholders equity,LiabilitiesAndStockholdersEquity,us-gaap/2025,BALANCE_CONTROL,6339900000,20251231,0,USD,total_liabilities_and_equity
DXCM,0001093557-26-000027,BS,27,Total liabilities,Liabilities,us-gaap/2025,BALANCE_CONTROL,3593900000,20251231,0,USD,total_liabilities
DXCM,0001093557-26-000027,CF,48,Cash paid during the year for interest,InterestPaidNet,us-gaap/2025,INTEREST_PAID,11400000,20251231,4,USD,interest_expense
VMC,0001628280-26-009546,BS,17,Current maturities of long-term debt,LongTermDebtCurrent,us-gaap/2025,CURRENT_DEBT,400000,20251231,0,USD,current_debt
VMC,0001628280-26-009546,BS,24,Long-term debt,LongTermDebtNoncurrent,us-gaap/2025,NONCURRENT_DEBT_AGGREGATE,4361700000,20251231,0,USD,long_term_debt
VMC,0001628280-26-009546,BS,17,Current maturities of long-term debt,LongTermDebtCurrent,us-gaap/2025,CURRENT_DEBT,400000,20251231,0,USD,total_debt
VMC,0001628280-26-009546,BS,24,Long-term debt,LongTermDebtNoncurrent,us-gaap/2025,NONCURRENT_DEBT_AGGREGATE,4361700000,20251231,0,USD,total_debt
VMC,0001628280-26-009546,BS,29,Noncurrent operating lease liabilities,OperatingLeaseLiabilityNoncurrent,us-gaap/2025,OPERATING_LEASE,522600000,20251231,0,USD,operating_lease_liabilities
VMC,0001628280-26-009546,BS,2,Cash and cash equivalents,CashAndCashEquivalentsAtCarryingValue,us-gaap/2025,CASH,183300000,20251231,0,USD,cash_and_equivalents
VMC,0001628280-26-009546,BS,41,Total liabilities and equity,LiabilitiesAndStockholdersEquity,us-gaap/2025,BALANCE_CONTROL,16700400000,20251231,0,USD,total_liabilities_and_equity
VMC,0001628280-26-009546,BS,31,Total liabilities,Liabilities,us-gaap/2025,BALANCE_CONTROL,8151500000,20251231,0,USD,total_liabilities
VMC,0001628280-26-009546,IS,11,Interest expense,InterestExpenseNonoperating,us-gaap/2025,GROSS_INTEREST,239700000,20251231,4,USD,interest_expense
RMD,0000943819-25-000035,BS,24,"Short-term debt, net (note 8)",ShortTermBorrowings,us-gaap/2025,CURRENT_DEBT,9900000,20250630,0,USD,current_debt
RMD,0000943819-25-000035,BS,31,"Long-term debt, net (note 8)",LongTermDebt,us-gaap/2025,NONCURRENT_DEBT_AGGREGATE,658392000,20250630,0,USD,long_term_debt
RMD,0000943819-25-000035,BS,24,"Short-term debt, net (note 8)",ShortTermBorrowings,us-gaap/2025,CURRENT_DEBT,9900000,20250630,0,USD,total_debt
RMD,0000943819-25-000035,BS,31,"Long-term debt, net (note 8)",LongTermDebt,us-gaap/2025,NONCURRENT_DEBT_AGGREGATE,658392000,20250630,0,USD,total_debt
RMD,0000943819-25-000035,BS,29,"Operating lease liabilities, non-current (note 9)",OperatingLeaseLiabilityNoncurrent,us-gaap/2025,OPERATING_LEASE,153015000,20250630,0,USD,operating_lease_liabilities
RMD,0000943819-25-000035,BS,21,"Operating lease liabilities, current (note 9)",OperatingLeaseLiabilityCurrent,us-gaap/2025,OPERATING_LEASE,30506000,20250630,0,USD,operating_lease_liabilities
RMD,0000943819-25-000035,BS,3,Cash and cash equivalents,CashAndCashEquivalentsAtCarryingValue,us-gaap/2025,CASH,1209450000,20250630,0,USD,cash_and_equivalents
RMD,0000943819-25-000035,BS,44,Total liabilities and stockholders equity,LiabilitiesAndStockholdersEquity,us-gaap/2025,BALANCE_CONTROL,8174391000,20250630,0,USD,total_liabilities_and_equity
RMD,0000943819-25-000035,BS,34,Total liabilities,Liabilities,us-gaap/2025,BALANCE_CONTROL,2206532000,20250630,0,USD,total_liabilities
RMD,0000943819-25-000035,CF,41,Interest paid,InterestPaidNet,us-gaap/2025,INTEREST_PAID,28415000,20250630,4,USD,interest_expense
WEC,0000783325-26-000018,BS,21,Short-term debt,ShortTermBorrowings,us-gaap/2025,CURRENT_DEBT,1924700000,20251231,0,USD,current_debt
WEC,0000783325-26-000018,BS,27,"Long-term debt (December 31, 2025 and December 31, 2024 include $67.4 and $76.4, respectively, related to WEPCo Environmental Trust)",LongTermDebtNoncurrent,us-gaap/2025,NONCURRENT_DEBT_AGGREGATE,18498100000,20251231,0,USD,long_term_debt
WEC,0000783325-26-000018,BS,28,Finance lease obligations,FinanceLeaseLiabilityNoncurrent,us-gaap/2025,FINANCE_LEASE,372000000,20251231,0,USD,finance_lease_liabilities
WEC,0000783325-26-000018,BS,21,Short-term debt,ShortTermBorrowings,us-gaap/2025,CURRENT_DEBT,1924700000,20251231,0,USD,total_debt
WEC,0000783325-26-000018,BS,27,"Long-term debt (December 31, 2025 and December 31, 2024 include $67.4 and $76.4, respectively, related to WEPCo Environmental Trust)",LongTermDebtNoncurrent,us-gaap/2025,NONCURRENT_DEBT_AGGREGATE,18498100000,20251231,0,USD,total_debt
WEC,0000783325-26-000018,BS,28,Finance lease obligations,FinanceLeaseLiabilityNoncurrent,us-gaap/2025,FINANCE_LEASE,372000000,20251231,0,USD,total_debt
WEC,0000783325-26-000018,BS,3,Cash and cash equivalents,CashAndCashEquivalentsAtCarryingValue,us-gaap/2025,CASH,27600000,20251231,0,USD,cash_and_equivalents
WEC,0000783325-26-000018,BS,46,Total liabilities and equity,LiabilitiesAndStockholdersEquity,us-gaap/2025,BALANCE_CONTROL,51518300000,20251231,0,USD,total_liabilities_and_equity
WEC,0000783325-26-000018,IS,12,Interest expense,InterestExpenseNonoperating,us-gaap/2025,GROSS_INTEREST,895100000,20251231,4,USD,interest_expense
NTRS,0000073124-26-000016,BS,39,Long-Term Debt,SubordinatedDebtAndLongTermFederalHomeLoanBankAdvances,0000073124-26-000016,CUSTOM_DEBT,3484400000,20251231,0,USD,total_debt
NTRS,0000073124-26-000016,BS,50,Total Liabilities and Stockholders Equity,LiabilitiesAndStockholdersEquity,us-gaap/2025,BALANCE_CONTROL,177132700000,20251231,0,USD,total_liabilities_and_equity
NTRS,0000073124-26-000016,BS,41,Total Liabilities,Liabilities,us-gaap/2025,BALANCE_CONTROL,164174800000,20251231,0,USD,total_liabilities
NTRS,0000073124-26-000016,CF,49,Interest Paid,InterestPaidNet,us-gaap/2025,INTEREST_PAID,6223700000,20251231,4,USD,interest_expense
IRM,0001020569-26-000013,BS,20,Current portion of long-term debt,LongTermDebtAndCapitalLeaseObligationsCurrent,us-gaap/2025,CURRENT_DEBT_AGGREGATE,216074000,20251231,0,USD,current_debt
IRM,0001020569-26-000013,BS,25,"Long-term Debt, net of current portion",LongTermDebtAndCapitalLeaseObligations,us-gaap/2025,NONCURRENT_DEBT_AGGREGATE,16215885000,20251231,0,USD,long_term_debt
IRM,0001020569-26-000013,BS,20,Current portion of long-term debt,LongTermDebtAndCapitalLeaseObligationsCurrent,us-gaap/2025,CURRENT_DEBT_AGGREGATE,216074000,20251231,0,USD,total_debt
IRM,0001020569-26-000013,BS,25,"Long-term Debt, net of current portion",LongTermDebtAndCapitalLeaseObligations,us-gaap/2025,NONCURRENT_DEBT_AGGREGATE,16215885000,20251231,0,USD,total_debt
IRM,0001020569-26-000013,BS,26,"Long-term Operating Lease Liabilities, net of current portion",OperatingLeaseLiabilityNoncurrent,us-gaap/2025,OPERATING_LEASE,2300448000,20251231,0,USD,operating_lease_liabilities
IRM,0001020569-26-000013,BS,3,Cash and cash equivalents,CashAndCashEquivalentsAtCarryingValue,us-gaap/2025,CASH,158535000,20251231,0,USD,cash_and_equivalents
IRM,0001020569-26-000013,BS,41,Total Liabilities and (Deficit) Equity,LiabilitiesAndStockholdersEquity,us-gaap/2025,BALANCE_CONTROL,21125019000,20251231,0,USD,total_liabilities_and_equity
IRM,0001020569-26-000013,CF,41,Cash Paid for Interest,InterestPaidNet,us-gaap/2025,INTEREST_PAID,824591000,20251231,4,USD,interest_expense
ACGL,0000947484-26-000017,BS,32,Senior notes,SeniorLongTermNotes,us-gaap/2025,NONCURRENT_DEBT,2729000000,20251231,0,USD,long_term_debt
ACGL,0000947484-26-000017,BS,32,Senior notes,SeniorLongTermNotes,us-gaap/2025,NONCURRENT_DEBT,2729000000,20251231,0,USD,total_debt
ACGL,0000947484-26-000017,BS,14,Cash,CashAndCashEquivalentsAtCarryingValue,us-gaap/2025,CASH,993000000,20251231,0,USD,cash_and_equivalents
ACGL,0000947484-26-000017,BS,45,Total liabilities and shareholders' equity,LiabilitiesAndStockholdersEquity,us-gaap/2025,BALANCE_CONTROL,79241000000,20251231,0,USD,total_liabilities_and_equity
ACGL,0000947484-26-000017,BS,35,Total liabilities,Liabilities,us-gaap/2025,BALANCE_CONTROL,55035000000,20251231,0,USD,total_liabilities
ACGL,0000947484-26-000017,IS,15,Interest expense,InterestExpense,us-gaap/2025,GROSS_INTEREST,148000000,20251231,4,USD,interest_expense
MTB,0000036270-26-000010,BS,23,Short-term borrowings,ShortTermBorrowings,us-gaap/2025,CURRENT_DEBT,2149000000,20251231,0,USD,current_debt
MTB,0000036270-26-000010,BS,24,Long-term borrowings (a),LongTermDebt,us-gaap/2025,NONCURRENT_DEBT_AGGREGATE,10911000000,20251231,0,USD,long_term_debt
MTB,0000036270-26-000010,BS,23,Short-term borrowings,ShortTermBorrowings,us-gaap/2025,CURRENT_DEBT,2149000000,20251231,0,USD,total_debt
MTB,0000036270-26-000010,BS,24,Long-term borrowings (a),LongTermDebt,us-gaap/2025,NONCURRENT_DEBT_AGGREGATE,10911000000,20251231,0,USD,total_debt
MTB,0000036270-26-000010,BS,35,Total liabilities and shareholders equity,LiabilitiesAndStockholdersEquity,us-gaap/2025,BALANCE_CONTROL,213510000000,20251231,0,USD,total_liabilities_and_equity
MTB,0000036270-26-000010,BS,26,Total liabilities,Liabilities,us-gaap/2025,BALANCE_CONTROL,184333000000,20251231,0,USD,total_liabilities
MTB,0000036270-26-000010,CF,55,Interest paid during the period,InterestPaidNet,us-gaap/2025,INTEREST_PAID,3524000000,20251231,4,USD,interest_expense
EQT,0000033213-26-000018,BS,19,Current portion of debt,LongTermDebtCurrent,us-gaap/2025,CURRENT_DEBT,507119000,20251231,0,USD,current_debt
EQT,0000033213-26-000018,BS,25,Revolving credit facility borrowings,LongTermLineOfCredit,us-gaap/2025,NONCURRENT_DEBT,360000000,20251231,0,USD,long_term_debt
EQT,0000033213-26-000018,BS,19,Current portion of debt,LongTermDebtCurrent,us-gaap/2025,CURRENT_DEBT,507119000,20251231,0,USD,total_debt
EQT,0000033213-26-000018,BS,25,Revolving credit facility borrowings,LongTermLineOfCredit,us-gaap/2025,NONCURRENT_DEBT,360000000,20251231,0,USD,total_debt
EQT,0000033213-26-000018,BS,3,Cash and cash equivalents,CashAndCashEquivalentsAtCarryingValue,us-gaap/2025,CASH,110795000,20251231,0,USD,cash_and_equivalents
EQT,0000033213-26-000018,BS,37,Total liabilities and equity,LiabilitiesAndStockholdersEquity,us-gaap/2025,BALANCE_CONTROL,41792874000,20251231,0,USD,total_liabilities_and_equity
EQT,0000033213-26-000018,BS,29,Total liabilities,Liabilities,us-gaap/2025,BALANCE_CONTROL,14432726000,20251231,0,USD,total_liabilities
EQT,0000033213-26-000018,IS,27,"Interest expense, net",InterestExpenseNonoperating,us-gaap/2025,GROSS_INTEREST,438695000,20251231,4,USD,interest_expense
HBAN,0000049196-26-000015,BS,25,Short-term borrowings,ShortTermBorrowings,us-gaap/2025,CURRENT_DEBT,1261000000,20251231,0,USD,current_debt
HBAN,0000049196-26-000015,BS,26,Long-term debt,LongTermDebt,us-gaap/2025,NONCURRENT_DEBT_AGGREGATE,17221000000,20251231,0,USD,long_term_debt
HBAN,0000049196-26-000015,BS,25,Short-term borrowings,ShortTermBorrowings,us-gaap/2025,CURRENT_DEBT,1261000000,20251231,0,USD,total_debt
HBAN,0000049196-26-000015,BS,26,Long-term debt,LongTermDebt,us-gaap/2025,NONCURRENT_DEBT_AGGREGATE,17221000000,20251231,0,USD,total_debt
HBAN,0000049196-26-000015,BS,40,Total liabilities and equity,LiabilitiesAndStockholdersEquity,us-gaap/2025,BALANCE_CONTROL,225106000000,20251231,0,USD,total_liabilities_and_equity
HBAN,0000049196-26-000015,BS,28,Total liabilities,Liabilities,us-gaap/2025,BALANCE_CONTROL,200727000000,20251231,0,USD,total_liabilities
HBAN,0000049196-26-000015,CF,58,Interest paid,InterestPaidNet,us-gaap/2025,INTEREST_PAID,4267000000,20251231,4,USD,interest_expense
CCI,0001051470-26-000016,BS,28,Current maturities of debt and other obligations,DebtCurrent,us-gaap/2025,CURRENT_DEBT_AGGREGATE,2783000000,20251231,0,USD,current_debt
CCI,0001051470-26-000016,BS,32,Debt and other long-term obligations,LongTermDebtAndCapitalLeaseObligations,us-gaap/2025,NONCURRENT_DEBT_AGGREGATE,21554000000,20251231,0,USD,long_term_debt
CCI,0001051470-26-000016,BS,28,Current maturities of debt and other obligations,DebtCurrent,us-gaap/2025,CURRENT_DEBT_AGGREGATE,2783000000,20251231,0,USD,total_debt
CCI,0001051470-26-000016,BS,32,Debt and other long-term obligations,LongTermDebtAndCapitalLeaseObligations,us-gaap/2025,NONCURRENT_DEBT_AGGREGATE,21554000000,20251231,0,USD,total_debt
CCI,0001051470-26-000016,BS,33,Operating lease liabilities,OperatingLeaseLiabilityNoncurrent,us-gaap/2025,OPERATING_LEASE,4961000000,20251231,0,USD,operating_lease_liabilities
CCI,0001051470-26-000016,BS,29,Current portion of operating lease liabilities,OperatingLeaseLiabilityCurrent,us-gaap/2025,OPERATING_LEASE,268000000,20251231,0,USD,operating_lease_liabilities
CCI,0001051470-26-000016,BS,6,Cash and cash equivalents,CashAndCashEquivalentsAtCarryingValue,us-gaap/2025,CASH,99000000,20251231,0,USD,cash_and_equivalents
CCI,0001051470-26-000016,BS,43,Total liabilities and equity (deficit),LiabilitiesAndStockholdersEquity,us-gaap/2025,BALANCE_CONTROL,31518000000,20251231,0,USD,total_liabilities_and_equity
CCI,0001051470-26-000016,BS,36,Total liabilities,Liabilities,us-gaap/2025,BALANCE_CONTROL,33153000000,20251231,0,USD,total_liabilities
CCI,0001051470-26-000016,IS,15,"Interest expense and amortization of deferred financing costs, net",InterestExpenseDebt,us-gaap/2025,GROSS_INTEREST,972000000,20251231,4,USD,interest_expense
EME,0000105634-26-000025,BS,23,"Operating lease liabilities, long-term",OperatingLeaseLiabilityNoncurrent,us-gaap/2025,OPERATING_LEASE,368996000,20251231,0,USD,operating_lease_liabilities
EME,0000105634-26-000025,BS,21,"Operating lease liabilities, current",OperatingLeaseLiabilityCurrent,us-gaap/2025,OPERATING_LEASE,99213000,20251231,0,USD,operating_lease_liabilities
EME,0000105634-26-000025,BS,3,Cash and cash equivalents,CashAndCashEquivalentsAtCarryingValue,us-gaap/2025,CASH,1111968000,20251231,0,USD,cash_and_equivalents
EME,0000105634-26-000025,BS,37,Total liabilities and equity,LiabilitiesAndStockholdersEquity,us-gaap/2025,BALANCE_CONTROL,9291399000,20251231,0,USD,total_liabilities_and_equity
EME,0000105634-26-000025,BS,25,Total liabilities,Liabilities,us-gaap/2025,BALANCE_CONTROL,5616418000,20251231,0,USD,total_liabilities
EME,0000105634-26-000025,IS,9,Interest expense,InterestExpense,us-gaap/2025,GROSS_INTEREST,12020000,20251231,4,USD,interest_expense
KR,0001104659-26-037723,BS,18,Current portion of long-term debt including obligations under finance leases,LongTermDebtAndFinanceLeaseCurrent,0001104659-26-037723,CUSTOM_DEBT,1802000000,20260131,0,USD,total_debt
KR,0001104659-26-037723,BS,24,Long-term debt including obligations under finance leases,LongTermDebtAndFinanceLease,0001104659-26-037723,CUSTOM_DEBT,15764000000,20260131,0,USD,total_debt
KR,0001104659-26-037723,BS,25,Noncurrent operating lease liabilities,OperatingLeaseLiabilityNoncurrent,us-gaap/2025,OPERATING_LEASE,6461000000,20260131,0,USD,operating_lease_liabilities
KR,0001104659-26-037723,BS,19,Current portion of operating lease liabilities,OperatingLeaseLiabilityCurrent,us-gaap/2025,OPERATING_LEASE,665000000,20260131,0,USD,operating_lease_liabilities
KR,0001104659-26-037723,BS,3,Cash and temporary cash investments,CashAndCashEquivalentsAtCarryingValue,us-gaap/2025,CASH,3334000000,20260131,0,USD,cash_and_equivalents
KR,0001104659-26-037723,BS,41,Total Liabilities and Equity,LiabilitiesAndStockholdersEquity,us-gaap/2025,BALANCE_CONTROL,49953000000,20260131,0,USD,total_liabilities_and_equity
KR,0001104659-26-037723,BS,29,Total Liabilities,Liabilities,us-gaap/2025,BALANCE_CONTROL,44017000000,20260131,0,USD,total_liabilities
KR,0001104659-26-037723,CF,52,Cash paid during the year for net interest,InterestPaidNet,us-gaap/2025,INTEREST_PAID,633000000,20260131,4,USD,interest_expense
GEHC,0001932393-26-000007,BS,13,Short-term borrowings,ShortTermBorrowings,us-gaap/2025,CURRENT_DEBT,508000000,20251231,0,USD,current_debt
GEHC,0001932393-26-000007,BS,19,Long-term borrowings,LongTermDebtNoncurrent,us-gaap/2025,NONCURRENT_DEBT_AGGREGATE,9495000000,20251231,0,USD,long_term_debt
GEHC,0001932393-26-000007,BS,13,Short-term borrowings,ShortTermBorrowings,us-gaap/2025,CURRENT_DEBT,508000000,20251231,0,USD,total_debt
GEHC,0001932393-26-000007,BS,19,Long-term borrowings,LongTermDebtNoncurrent,us-gaap/2025,NONCURRENT_DEBT_AGGREGATE,9495000000,20251231,0,USD,total_debt
GEHC,0001932393-26-000007,BS,34,"Total liabilities, redeemable noncontrolling interests, and equity",LiabilitiesAndStockholdersEquity,us-gaap/2025,BALANCE_CONTROL,36906000000,20251231,0,USD,total_liabilities_and_equity
GEHC,0001932393-26-000007,BS,23,Total liabilities,Liabilities,us-gaap/2025,BALANCE_CONTROL,26307000000,20251231,0,USD,total_liabilities
GEHC,0001932393-26-000007,IS,14,Interest and other financial charges  net,InterestAndDebtExpense,us-gaap/2025,GROSS_INTEREST,440000000,20251231,4,USD,interest_expense
ZTS,0001555280-26-000011,BS,15,Current portion of long-term debt,LongTermDebtCurrent,us-gaap/2025,CURRENT_DEBT,0,20251231,0,USD,current_debt
ZTS,0001555280-26-000011,BS,23,"Long-term debt, net of discount and issuance costs",LongTermDebtNoncurrent,us-gaap/2025,NONCURRENT_DEBT_AGGREGATE,9042000000,20251231,0,USD,long_term_debt
ZTS,0001555280-26-000011,BS,15,Current portion of long-term debt,LongTermDebtCurrent,us-gaap/2025,CURRENT_DEBT,0,20251231,0,USD,total_debt
ZTS,0001555280-26-000011,BS,23,"Long-term debt, net of discount and issuance costs",LongTermDebtNoncurrent,us-gaap/2025,NONCURRENT_DEBT_AGGREGATE,9042000000,20251231,0,USD,total_debt
ZTS,0001555280-26-000011,BS,25,Operating lease liabilities,OperatingLeaseLiabilityNoncurrent,us-gaap/2025,OPERATING_LEASE,196000000,20251231,0,USD,operating_lease_liabilities
ZTS,0001555280-26-000011,BS,37,Total liabilities and equity,LiabilitiesAndStockholdersEquity,us-gaap/2025,BALANCE_CONTROL,15467000000,20251231,0,USD,total_liabilities_and_equity
ZTS,0001555280-26-000011,BS,28,Total liabilities,Liabilities,us-gaap/2025,BALANCE_CONTROL,12136000000,20251231,0,USD,total_liabilities
ZTS,0001555280-26-000011,IS,8,"Interest expense, net of capitalized interest",InterestExpense,us-gaap/2025,GROSS_INTEREST,222000000,20251231,4,USD,interest_expense
JBL,0001628280-25-045293,BS,18,Current installments of notes payable and long-term debt,LongTermDebtCurrent,us-gaap/2025,CURRENT_DEBT,499000000,20250831,0,USD,current_debt
JBL,0001628280-25-045293,BS,23,"Notes payable and long-term debt, less current installments",LongTermDebtNoncurrent,us-gaap/2025,NONCURRENT_DEBT_AGGREGATE,2386000000,20250831,0,USD,long_term_debt
JBL,0001628280-25-045293,BS,18,Current installments of notes payable and long-term debt,LongTermDebtCurrent,us-gaap/2025,CURRENT_DEBT,499000000,20250831,0,USD,total_debt
JBL,0001628280-25-045293,BS,23,"Notes payable and long-term debt, less current installments",LongTermDebtNoncurrent,us-gaap/2025,NONCURRENT_DEBT_AGGREGATE,2386000000,20250831,0,USD,total_debt
JBL,0001628280-25-045293,BS,25,Non-current operating lease liabilities,OperatingLeaseLiabilityNoncurrent,us-gaap/2025,OPERATING_LEASE,388000000,20250831,0,USD,operating_lease_liabilities
JBL,0001628280-25-045293,BS,21,Current operating lease liabilities,OperatingLeaseLiabilityCurrent,us-gaap/2025,OPERATING_LEASE,93000000,20250831,0,USD,operating_lease_liabilities
JBL,0001628280-25-045293,BS,3,Cash and cash equivalents,CashAndCashEquivalentsAtCarryingValue,us-gaap/2025,CASH,1933000000,20250831,0,USD,cash_and_equivalents
JBL,0001628280-25-045293,BS,41,Total liabilities and equity,LiabilitiesAndStockholdersEquity,us-gaap/2025,BALANCE_CONTROL,18543000000,20250831,0,USD,total_liabilities_and_equity
JBL,0001628280-25-045293,BS,28,Total liabilities,Liabilities,us-gaap/2025,BALANCE_CONTROL,17026000000,20250831,0,USD,total_liabilities
JBL,0001628280-25-045293,CF,39,"Interest paid, net of capitalized interest",InterestPaidNet,us-gaap/2025,INTEREST_PAID,162000000,20250831,4,USD,interest_expense
BIIB,0000875045-26-000013,BS,20,Current portion of notes payable,DebtCurrent,us-gaap/2025,CURRENT_DEBT_AGGREGATE,0,20251231,0,USD,current_debt
BIIB,0000875045-26-000013,BS,25,Notes payable,LongTermNotesPayable,us-gaap/2025,NONCURRENT_DEBT,6286800000,20251231,0,USD,long_term_debt
BIIB,0000875045-26-000013,BS,20,Current portion of notes payable,DebtCurrent,us-gaap/2025,CURRENT_DEBT_AGGREGATE,0,20251231,0,USD,total_debt
BIIB,0000875045-26-000013,BS,25,Notes payable,LongTermNotesPayable,us-gaap/2025,NONCURRENT_DEBT,6286800000,20251231,0,USD,total_debt
BIIB,0000875045-26-000013,BS,27,Long-term operating lease liabilities,OperatingLeaseLiabilityNoncurrent,us-gaap/2025,OPERATING_LEASE,290400000,20251231,0,USD,operating_lease_liabilities
BIIB,0000875045-26-000013,BS,4,Current portion of marketable securities,AvailableForSaleSecuritiesDebtSecuritiesCurrent,us-gaap/2025,STI,807200000,20251231,0,USD,short_term_investments
BIIB,0000875045-26-000013,BS,40,Total liabilities and equity,LiabilitiesAndStockholdersEquity,us-gaap/2025,BALANCE_CONTROL,29439500000,20251231,0,USD,total_liabilities_and_equity
BIIB,0000875045-26-000013,BS,29,Total liabilities,Liabilities,us-gaap/2025,BALANCE_CONTROL,11182700000,20251231,0,USD,total_liabilities
WTW,0001193125-26-069307,BS,18,Current debt,LongTermDebtCurrent,us-gaap/2025,CURRENT_DEBT,550000000,20251231,0,USD,current_debt
WTW,0001193125-26-069307,BS,22,Long-term debt,LongTermDebtNoncurrent,us-gaap/2025,NONCURRENT_DEBT_AGGREGATE,5756000000,20251231,0,USD,long_term_debt
WTW,0001193125-26-069307,BS,18,Current debt,LongTermDebtCurrent,us-gaap/2025,CURRENT_DEBT,550000000,20251231,0,USD,total_debt
WTW,0001193125-26-069307,BS,22,Long-term debt,LongTermDebtNoncurrent,us-gaap/2025,NONCURRENT_DEBT_AGGREGATE,5756000000,20251231,0,USD,total_debt
WTW,0001193125-26-069307,BS,25,Long-term lease liabilities,OperatingLeaseLiabilityNoncurrent,us-gaap/2025,OPERATING_LEASE,472000000,20251231,0,USD,operating_lease_liabilities
WTW,0001193125-26-069307,BS,19,Current lease liabilities,OperatingLeaseLiabilityCurrent,us-gaap/2025,OPERATING_LEASE,125000000,20251231,0,USD,operating_lease_liabilities
WTW,0001193125-26-069307,BS,2,Cash and cash equivalents,CashAndCashEquivalentsAtCarryingValue,us-gaap/2025,CASH,3132000000,20251231,0,USD,cash_and_equivalents
WTW,0001193125-26-069307,BS,37,TOTAL LIABILITIES AND EQUITY,LiabilitiesAndStockholdersEquity,us-gaap/2025,BALANCE_CONTROL,29530000000,20251231,0,USD,total_liabilities_and_equity
WTW,0001193125-26-069307,BS,28,TOTAL LIABILITIES,Liabilities,us-gaap/2025,BALANCE_CONTROL,21478000000,20251231,0,USD,total_liabilities
WTW,0001193125-26-069307,IS,12,Interest expense,InterestExpense,us-gaap/2025,GROSS_INTEREST,260000000,20251231,4,USD,interest_expense
STLD,0001104659-26-021395,BS,26,Current maturities of long-term debt,LongTermDebtCurrent,us-gaap/2025,CURRENT_DEBT,34655000,20251231,0,USD,current_debt
STLD,0001104659-26-021395,BS,28,Long-term debt,LongTermDebtNoncurrent,us-gaap/2025,NONCURRENT_DEBT_AGGREGATE,4176508000,20251231,0,USD,long_term_debt
STLD,0001104659-26-021395,BS,26,Current maturities of long-term debt,LongTermDebtCurrent,us-gaap/2025,CURRENT_DEBT,34655000,20251231,0,USD,total_debt
STLD,0001104659-26-021395,BS,28,Long-term debt,LongTermDebtNoncurrent,us-gaap/2025,NONCURRENT_DEBT_AGGREGATE,4176508000,20251231,0,USD,total_debt
STLD,0001104659-26-021395,BS,9,Cash and equivalents,CashAndCashEquivalentsAtCarryingValue,us-gaap/2025,CASH,769878000,20251231,0,USD,cash_and_equivalents
STLD,0001104659-26-021395,BS,10,Short-term investments,ShortTermInvestments,us-gaap/2025,STI,0,20251231,0,USD,short_term_investments
STLD,0001104659-26-021395,BS,43,Total liabilities and equity,LiabilitiesAndStockholdersEquity,us-gaap/2025,BALANCE_CONTROL,16419780000,20251231,0,USD,total_liabilities_and_equity
STLD,0001104659-26-021395,BS,31,Total liabilities,Liabilities,us-gaap/2025,BALANCE_CONTROL,7489369000,20251231,0,USD,total_liabilities
STLD,0001104659-26-021395,IS,14,"Interest expense, net of capitalized interest",InterestExpenseNonoperating,us-gaap/2025,GROSS_INTEREST,70043000,20251231,4,USD,interest_expense
CBOE,0001628280-26-010013,BS,25,Long-term debt,LongTermDebtNoncurrent,us-gaap/2025,NONCURRENT_DEBT_AGGREGATE,1442900000,20251231,0,USD,long_term_debt
CBOE,0001628280-26-010013,BS,25,Long-term debt,LongTermDebtNoncurrent,us-gaap/2025,NONCURRENT_DEBT_AGGREGATE,1442900000,20251231,0,USD,total_debt
CBOE,0001628280-26-010013,BS,28,Non-current operating lease liabilities,OperatingLeaseLiabilityNoncurrent,us-gaap/2025,OPERATING_LEASE,120900000,20251231,0,USD,operating_lease_liabilities
CBOE,0001628280-26-010013,BS,3,Cash and cash equivalents,CashAndCashEquivalentsAtCarryingValue,us-gaap/2025,CASH,2216500000,20251231,0,USD,cash_and_equivalents
CBOE,0001628280-26-010013,BS,4,Financial investments,MarketableSecuritiesCurrent,us-gaap/2025,STI,36100000,20251231,0,USD,short_term_investments
CBOE,0001628280-26-010013,BS,40,Total liabilities and stockholders' equity,LiabilitiesAndStockholdersEquity,us-gaap/2025,BALANCE_CONTROL,9305300000,20251231,0,USD,total_liabilities_and_equity
CBOE,0001628280-26-010013,BS,30,Total liabilities,Liabilities,us-gaap/2025,BALANCE_CONTROL,4167000000,20251231,0,USD,total_liabilities
CBOE,0001628280-26-010013,IS,30,Interest expense,InterestExpenseNonoperating,us-gaap/2025,GROSS_INTEREST,52300000,20251231,4,USD,interest_expense
MLM,0001193125-26-059193,BS,20,Current maturities of long-term debt,LongTermDebtCurrent,us-gaap/2025,CURRENT_DEBT,30000000,20251231,0,USD,current_debt
MLM,0001193125-26-059193,BS,25,Long-term debt,LongTermDebtNoncurrent,us-gaap/2025,NONCURRENT_DEBT_AGGREGATE,5293000000,20251231,0,USD,long_term_debt
MLM,0001193125-26-059193,BS,20,Current maturities of long-term debt,LongTermDebtCurrent,us-gaap/2025,CURRENT_DEBT,30000000,20251231,0,USD,total_debt
MLM,0001193125-26-059193,BS,25,Long-term debt,LongTermDebtNoncurrent,us-gaap/2025,NONCURRENT_DEBT_AGGREGATE,5293000000,20251231,0,USD,total_debt
MLM,0001193125-26-059193,BS,27,Noncurrent operating lease liabilities,OperatingLeaseLiabilityNoncurrent,us-gaap/2025,OPERATING_LEASE,320000000,20251231,0,USD,operating_lease_liabilities
MLM,0001193125-26-059193,BS,21,Current operating lease liabilities,OperatingLeaseLiabilityCurrent,us-gaap/2025,OPERATING_LEASE,62000000,20251231,0,USD,operating_lease_liabilities
MLM,0001193125-26-059193,BS,2,Cash and cash equivalents,CashAndCashEquivalentsAtCarryingValue,us-gaap/2025,CASH,67000000,20251231,0,USD,cash_and_equivalents
MLM,0001193125-26-059193,BS,40,Total Liabilities and Equity,LiabilitiesAndStockholdersEquity,us-gaap/2025,BALANCE_CONTROL,18711000000,20251231,0,USD,total_liabilities_and_equity
MLM,0001193125-26-059193,BS,29,Total Liabilities,Liabilities,us-gaap/2025,BALANCE_CONTROL,8677000000,20251231,0,USD,total_liabilities
MLM,0001193125-26-059193,IS,12,Interest expense,InterestExpense,us-gaap/2025,GROSS_INTEREST,230000000,20251231,4,USD,interest_expense
RJF,0000720005-25-000093,BS,8,Cash and cash equivalents,CashAndCashEquivalentsAtCarryingValue,us-gaap/2025,CASH,11389000000,20250930,0,USD,cash_and_equivalents
RJF,0000720005-25-000093,BS,46,Total liabilities and shareholders equity,LiabilitiesAndStockholdersEquity,us-gaap/2025,BALANCE_CONTROL,88230000000,20250930,0,USD,total_liabilities_and_equity
RJF,0000720005-25-000093,BS,34,Total liabilities,Liabilities,us-gaap/2025,BALANCE_CONTROL,75726000000,20250930,0,USD,total_liabilities
RJF,0000720005-25-000093,CF,56,Cash paid for interest,InterestPaidNet,us-gaap/2025,INTEREST_PAID,1853000000,20250930,4,USD,interest_expense
HAL,0000045012-26-000015,BS,23,Current maturities of long-term debt,LongTermDebtCurrent,us-gaap/2025,CURRENT_DEBT,0,20251231,0,USD,current_debt
HAL,0000045012-26-000015,BS,26,Long-term debt,LongTermDebt,us-gaap/2025,NONCURRENT_DEBT_AGGREGATE,7158000000,20251231,0,USD,long_term_debt
HAL,0000045012-26-000015,BS,23,Current maturities of long-term debt,LongTermDebtCurrent,us-gaap/2025,CURRENT_DEBT,0,20251231,0,USD,total_debt
HAL,0000045012-26-000015,BS,26,Long-term debt,LongTermDebt,us-gaap/2025,NONCURRENT_DEBT_AGGREGATE,7158000000,20251231,0,USD,total_debt
HAL,0000045012-26-000015,BS,27,Operating lease liabilities,OperatingLeaseLiabilityNoncurrent,us-gaap/2025,OPERATING_LEASE,712000000,20251231,0,USD,operating_lease_liabilities
HAL,0000045012-26-000015,BS,22,Current portion of operating lease liabilities,OperatingLeaseLiabilityCurrent,us-gaap/2025,OPERATING_LEASE,263000000,20251231,0,USD,operating_lease_liabilities
HAL,0000045012-26-000015,BS,5,Cash and equivalents,CashAndCashEquivalentsAtCarryingValue,us-gaap/2025,CASH,2206000000,20251231,0,USD,cash_and_equivalents
HAL,0000045012-26-000015,BS,44,Total liabilities and shareholders' equity,LiabilitiesAndStockholdersEquity,us-gaap/2025,BALANCE_CONTROL,25010000000,20251231,0,USD,total_liabilities_and_equity
HAL,0000045012-26-000015,BS,30,Total liabilities,Liabilities,us-gaap/2025,BALANCE_CONTROL,14505000000,20251231,0,USD,total_liabilities
HAL,0000045012-26-000015,CF,38,Interest,InterestPaidNet,us-gaap/2025,INTEREST_PAID,432000000,20251231,4,USD,interest_expense
CCL,0000815097-26-000007,BS,22,Current portion of long-term debt,LongTermDebtCurrent,us-gaap/2025,CURRENT_DEBT,2603000000,20251130,0,USD,current_debt
CCL,0000815097-26-000007,BS,28,Long-Term Debt,LongTermDebtNoncurrent,us-gaap/2025,NONCURRENT_DEBT_AGGREGATE,24037000000,20251130,0,USD,long_term_debt
CCL,0000815097-26-000007,BS,22,Current portion of long-term debt,LongTermDebtCurrent,us-gaap/2025,CURRENT_DEBT,2603000000,20251130,0,USD,total_debt
CCL,0000815097-26-000007,BS,28,Long-Term Debt,LongTermDebtNoncurrent,us-gaap/2025,NONCURRENT_DEBT_AGGREGATE,24037000000,20251130,0,USD,total_debt
CCL,0000815097-26-000007,BS,29,Long-Term Operating Lease Liabilities,OperatingLeaseLiabilityNoncurrent,us-gaap/2025,OPERATING_LEASE,1178000000,20251130,0,USD,operating_lease_liabilities
CCL,0000815097-26-000007,BS,23,Current portion of operating lease liabilities,OperatingLeaseLiabilityCurrent,us-gaap/2025,OPERATING_LEASE,175000000,20251130,0,USD,operating_lease_liabilities
CCL,0000815097-26-000007,BS,9,Cash and cash equivalents,CashAndCashEquivalentsAtCarryingValue,us-gaap/2025,CASH,1928000000,20251130,0,USD,cash_and_equivalents
CCL,0000815097-26-000007,BS,39,Liabilities and Shareholders' Equity,LiabilitiesAndStockholdersEquity,us-gaap/2025,BALANCE_CONTROL,51687000000,20251130,0,USD,total_liabilities_and_equity
CCL,0000815097-26-000007,IS,21,"Interest expense, net of capitalized interest",InterestExpenseNonoperating,us-gaap/2025,GROSS_INTEREST,1349000000,20251130,4,USD,interest_expense
CTSH,0001058290-26-000008,BS,18,Short-term debt,ShortTermBorrowings,us-gaap/2025,CURRENT_DEBT,33000000,20251231,0,USD,current_debt
CTSH,0001058290-26-000008,BS,25,Long-term debt,LongTermDebtNoncurrent,us-gaap/2025,NONCURRENT_DEBT_AGGREGATE,543000000,20251231,0,USD,long_term_debt
CTSH,0001058290-26-000008,BS,18,Short-term debt,ShortTermBorrowings,us-gaap/2025,CURRENT_DEBT,33000000,20251231,0,USD,total_debt
CTSH,0001058290-26-000008,BS,25,Long-term debt,LongTermDebtNoncurrent,us-gaap/2025,NONCURRENT_DEBT_AGGREGATE,543000000,20251231,0,USD,total_debt
CTSH,0001058290-26-000008,BS,23,"Operating lease liabilities, noncurrent",OperatingLeaseLiabilityNoncurrent,us-gaap/2025,OPERATING_LEASE,423000000,20251231,0,USD,operating_lease_liabilities
CTSH,0001058290-26-000008,BS,19,Operating lease liabilities,OperatingLeaseLiabilityCurrent,us-gaap/2025,OPERATING_LEASE,153000000,20251231,0,USD,operating_lease_liabilities
CTSH,0001058290-26-000008,BS,2,Cash and cash equivalents,CashAndCashEquivalentsAtCarryingValue,us-gaap/2025,CASH,1901000000,20251231,0,USD,cash_and_equivalents
CTSH,0001058290-26-000008,BS,3,Short-term investments,ShortTermInvestments,us-gaap/2025,STI,13000000,20251231,0,USD,short_term_investments
CTSH,0001058290-26-000008,BS,36,Total liabilities and stockholders equity,LiabilitiesAndStockholdersEquity,us-gaap/2025,BALANCE_CONTROL,20692000000,20251231,0,USD,total_liabilities_and_equity
CTSH,0001058290-26-000008,BS,27,Total liabilities,Liabilities,us-gaap/2025,BALANCE_CONTROL,5677000000,20251231,0,USD,total_liabilities
CTSH,0001058290-26-000008,IS,10,Interest expense,InterestExpenseNonoperating,us-gaap/2025,GROSS_INTEREST,37000000,20251231,4,USD,interest_expense
ARES,0001628280-26-011413,BS,33,Operating lease liabilities,OperatingLeaseLiability,us-gaap/2025,OPERATING_LEASE,669999000,20251231,0,USD,operating_lease_liabilities
ARES,0001628280-26-011413,BS,49,"Total liabilities, redeemable interest, non-controlling interests and equity",LiabilitiesAndStockholdersEquity,us-gaap/2025,BALANCE_CONTROL,28633369000,20251231,0,USD,total_liabilities_and_equity
ARES,0001628280-26-011413,BS,37,Total liabilities,Liabilities,us-gaap/2025,BALANCE_CONTROL,19931981000,20251231,0,USD,total_liabilities
ARES,0001628280-26-011413,CF,58,Cash paid during the period for interest,InterestPaidNet,us-gaap/2025,INTEREST_PAID,675802000,20251231,4,USD,interest_expense
CNC,0001071739-26-000049,BS,21,Current portion of long-term debt,LongTermDebtCurrent,us-gaap/2025,CURRENT_DEBT,50000000,20251231,0,USD,current_debt
CNC,0001071739-26-000049,BS,23,Long-term debt,LongTermDebtNoncurrent,us-gaap/2025,NONCURRENT_DEBT_AGGREGATE,17351000000,20251231,0,USD,long_term_debt
CNC,0001071739-26-000049,BS,21,Current portion of long-term debt,LongTermDebtCurrent,us-gaap/2025,CURRENT_DEBT,50000000,20251231,0,USD,total_debt
CNC,0001071739-26-000049,BS,23,Long-term debt,LongTermDebtNoncurrent,us-gaap/2025,NONCURRENT_DEBT_AGGREGATE,17351000000,20251231,0,USD,total_debt
CNC,0001071739-26-000049,BS,3,Cash and cash equivalents,CashAndCashEquivalentsAtCarryingValue,us-gaap/2025,CASH,17888000000,20251231,0,USD,cash_and_equivalents
CNC,0001071739-26-000049,BS,5,Short-term investments,ShortTermInvestments,us-gaap/2025,STI,2432000000,20251231,0,USD,short_term_investments
CNC,0001071739-26-000049,BS,39,"Total liabilities, redeemable noncontrolling interests and stockholders' equity",LiabilitiesAndStockholdersEquity,us-gaap/2025,BALANCE_CONTROL,76747000000,20251231,0,USD,total_liabilities_and_equity
CNC,0001071739-26-000049,BS,26,Total liabilities,Liabilities,us-gaap/2025,BALANCE_CONTROL,56691000000,20251231,0,USD,total_liabilities
CNC,0001071739-26-000049,IS,24,Interest expense,InterestExpenseNonoperating,us-gaap/2025,GROSS_INTEREST,678000000,20251231,4,USD,interest_expense
EXR,0001289490-26-000011,BS,11,"Unsecured term loans, net",UnsecuredDebt,us-gaap/2025,NONCURRENT_DEBT,1494659000,20251231,0,USD,long_term_debt
EXR,0001289490-26-000011,BS,5,Investments in debt securities and notes receivable,DebtSecuritiesHeldToMaturityAndFinancingReceivableAfterAllowanceForCreditLossAndInterestReceivable,0001289490-26-000011,CUSTOM_DEBT,1806526000,20251231,0,USD,total_debt
EXR,0001289490-26-000011,BS,14,Operating lease liabilities,OperatingLeaseLiability,us-gaap/2025,OPERATING_LEASE,761106000,20251231,0,USD,operating_lease_liabilities
EXR,0001289490-26-000011,BS,6,Cash and cash equivalents,CashAndCashEquivalentsAtCarryingValue,us-gaap/2025,CASH,138920000,20251231,0,USD,cash_and_equivalents
EXR,0001289490-26-000011,BS,31,"Total liabilities, noncontrolling interests and equity",LiabilitiesAndStockholdersEquity,us-gaap/2025,BALANCE_CONTROL,29264046000,20251231,0,USD,total_liabilities_and_equity
EXR,0001289490-26-000011,BS,18,Total liabilities,Liabilities,us-gaap/2025,BALANCE_CONTROL,14940010000,20251231,0,USD,total_liabilities
EXR,0001289490-26-000011,CF,60,Interest paid,InterestPaidNet,us-gaap/2025,INTEREST_PAID,564665000,20251231,4,USD,interest_expense
AEE,0001002910-26-000009,BS,22,Short-term debt,ShortTermBorrowings,us-gaap/2025,CURRENT_DEBT,643000000,20251231,0,USD,current_debt
AEE,0001002910-26-000009,BS,21,"Long-Term Debt, Current Maturities",LongTermDebtCurrent,us-gaap/2025,CURRENT_DEBT,973000000,20251231,0,USD,current_debt
AEE,0001002910-26-000009,BS,28,"Long-Term Debt, Excluding Current Maturities",LongTermDebtNoncurrent,us-gaap/2025,NONCURRENT_DEBT_AGGREGATE,18214000000,20251231,0,USD,long_term_debt
AEE,0001002910-26-000009,BS,22,Short-term debt,ShortTermBorrowings,us-gaap/2025,CURRENT_DEBT,643000000,20251231,0,USD,total_debt
AEE,0001002910-26-000009,BS,21,"Long-Term Debt, Current Maturities",LongTermDebtCurrent,us-gaap/2025,CURRENT_DEBT,973000000,20251231,0,USD,total_debt
AEE,0001002910-26-000009,BS,28,"Long-Term Debt, Excluding Current Maturities",LongTermDebtNoncurrent,us-gaap/2025,NONCURRENT_DEBT_AGGREGATE,18214000000,20251231,0,USD,total_debt
AEE,0001002910-26-000009,BS,3,Cash and cash equivalents,CashAndCashEquivalentsAtCarryingValue,us-gaap/2025,CASH,13000000,20251231,0,USD,cash_and_equivalents
AEE,0001002910-26-000009,BS,44,TOTAL LIABILITIES AND EQUITY,LiabilitiesAndStockholdersEquity,us-gaap/2025,BALANCE_CONTROL,48476000000,20251231,0,USD,total_liabilities_and_equity
AEE,0001002910-26-000009,IS,23,Interest Charges,InterestExpense,us-gaap/2025,GROSS_INTEREST,776000000,20251231,4,USD,interest_expense
CPRT,0001628280-25-042946,BS,22,Current portion of operating and finance lease liabilities,OperatingAndFinanceLeaseLiabilityCurrent,0001628280-25-042946,CUSTOM_DEBT,19869000,20250731,0,USD,total_debt
CPRT,0001628280-25-042946,BS,26,"Operating and finance lease liabilities, net of current portion",OperatingAndFinanceLeaseLiabilityNoncurrent,0001628280-25-042946,CUSTOM_DEBT,83870000,20250731,0,USD,total_debt
CPRT,0001628280-25-042946,BS,37,"Total liabilities, redeemable noncontrolling interests and stockholders equity",LiabilitiesAndStockholdersEquity,us-gaap/2025,BALANCE_CONTROL,10090902000,20250731,0,USD,total_liabilities_and_equity
CPRT,0001628280-25-042946,BS,27,Total liabilities,Liabilities,us-gaap/2025,BALANCE_CONTROL,883411000,20250731,0,USD,total_liabilities
CPRT,0001628280-25-042946,CF,44,Interest paid,InterestPaidNet,us-gaap/2025,INTEREST_PAID,2019000,20250731,4,USD,interest_expense
PCG,0001004980-26-000009,BS,36,Short-term borrowings,ShortTermBorrowings,us-gaap/2025,CURRENT_DEBT,2675000000,20251231,0,USD,current_debt
PCG,0001004980-26-000009,BS,37,"Long-term debt, classified as current (includes $221 million and $222 million related to VIEs at respective dates)",LongTermDebtCurrent,us-gaap/2025,CURRENT_DEBT,821000000,20251231,0,USD,current_debt
PCG,0001004980-26-000009,BS,49,Long-term debt (includes $11.7 billion and $10.1 billion related to VIEs at respective dates),LongTermDebtNoncurrent,us-gaap/2025,NONCURRENT_DEBT_AGGREGATE,57387000000,20251231,0,USD,long_term_debt
PCG,0001004980-26-000009,BS,43,Financing lease liabilities,FinanceLeaseLiabilityCurrent,us-gaap/2025,FINANCE_LEASE,0,20251231,0,USD,finance_lease_liabilities
PCG,0001004980-26-000009,BS,55,Financing lease liabilities,FinanceLeaseLiabilityNoncurrent,us-gaap/2025,FINANCE_LEASE,2000000,20251231,0,USD,finance_lease_liabilities
PCG,0001004980-26-000009,BS,36,Short-term borrowings,ShortTermBorrowings,us-gaap/2025,CURRENT_DEBT,2675000000,20251231,0,USD,total_debt
PCG,0001004980-26-000009,BS,37,"Long-term debt, classified as current (includes $221 million and $222 million related to VIEs at respective dates)",LongTermDebtCurrent,us-gaap/2025,CURRENT_DEBT,821000000,20251231,0,USD,total_debt
PCG,0001004980-26-000009,BS,49,Long-term debt (includes $11.7 billion and $10.1 billion related to VIEs at respective dates),LongTermDebtNoncurrent,us-gaap/2025,NONCURRENT_DEBT_AGGREGATE,57387000000,20251231,0,USD,total_debt
PCG,0001004980-26-000009,BS,43,Financing lease liabilities,FinanceLeaseLiabilityCurrent,us-gaap/2025,FINANCE_LEASE,0,20251231,0,USD,total_debt
PCG,0001004980-26-000009,BS,55,Financing lease liabilities,FinanceLeaseLiabilityNoncurrent,us-gaap/2025,FINANCE_LEASE,2000000,20251231,0,USD,total_debt
PCG,0001004980-26-000009,BS,54,Operating lease liabilities,OperatingLeaseLiabilityNoncurrent,us-gaap/2025,OPERATING_LEASE,360000000,20251231,0,USD,operating_lease_liabilities
PCG,0001004980-26-000009,BS,42,Operating lease liabilities,OperatingLeaseLiabilityCurrent,us-gaap/2025,OPERATING_LEASE,90000000,20251231,0,USD,operating_lease_liabilities
PCG,0001004980-26-000009,BS,3,Cash and cash equivalents,CashAndCashEquivalentsAtCarryingValue,us-gaap/2025,CASH,713000000,20251231,0,USD,cash_and_equivalents
PCG,0001004980-26-000009,BS,67,TOTAL LIABILITIES AND EQUITY,LiabilitiesAndStockholdersEquity,us-gaap/2025,BALANCE_CONTROL,141611000000,20251231,0,USD,total_liabilities_and_equity
PCG,0001004980-26-000009,IS,19,Interest expense,InterestExpenseNonoperating,us-gaap/2025,GROSS_INTEREST,3028000000,20251231,4,USD,interest_expense
CFG,0000759944-26-000028,BS,23,Short-term borrowed funds,ShortTermBorrowings,us-gaap/2025,CURRENT_DEBT,58000000,20251231,0,USD,current_debt
CFG,0000759944-26-000028,BS,24,Long-term borrowed funds,LongTermDebt,us-gaap/2025,NONCURRENT_DEBT_AGGREGATE,11224000000,20251231,0,USD,long_term_debt
CFG,0000759944-26-000028,BS,23,Short-term borrowed funds,ShortTermBorrowings,us-gaap/2025,CURRENT_DEBT,58000000,20251231,0,USD,total_debt
CFG,0000759944-26-000028,BS,24,Long-term borrowed funds,LongTermDebt,us-gaap/2025,NONCURRENT_DEBT_AGGREGATE,11224000000,20251231,0,USD,total_debt
CFG,0000759944-26-000028,BS,38,TOTAL LIABILITIES AND STOCKHOLDERS EQUITY,LiabilitiesAndStockholdersEquity,us-gaap/2025,BALANCE_CONTROL,226351000000,20251231,0,USD,total_liabilities_and_equity
CFG,0000759944-26-000028,BS,26,TOTAL LIABILITIES,Liabilities,us-gaap/2025,BALANCE_CONTROL,200034000000,20251231,0,USD,total_liabilities
CFG,0000759944-26-000028,CF,42,Interest paid,InterestPaidNet,us-gaap/2025,INTEREST_PAID,4040000000,20251231,4,USD,interest_expense
ON,0001097864-26-000006,BS,21,Long-term debt,LongTermDebtNoncurrent,us-gaap/2025,NONCURRENT_DEBT_AGGREGATE,2980500000,20251231,0,USD,long_term_debt
ON,0001097864-26-000006,BS,19,Current portion of financing lease liabilities,FinanceLeaseLiabilityCurrent,us-gaap/2025,FINANCE_LEASE,500000,20251231,0,USD,finance_lease_liabilities
ON,0001097864-26-000006,BS,23,Long-term financing lease liabilities,FinanceLeaseLiabilityNoncurrent,us-gaap/2025,FINANCE_LEASE,23800000,20251231,0,USD,finance_lease_liabilities
ON,0001097864-26-000006,BS,21,Long-term debt,LongTermDebtNoncurrent,us-gaap/2025,NONCURRENT_DEBT_AGGREGATE,2980500000,20251231,0,USD,total_debt
ON,0001097864-26-000006,BS,19,Current portion of financing lease liabilities,FinanceLeaseLiabilityCurrent,us-gaap/2025,FINANCE_LEASE,500000,20251231,0,USD,total_debt
ON,0001097864-26-000006,BS,23,Long-term financing lease liabilities,FinanceLeaseLiabilityNoncurrent,us-gaap/2025,FINANCE_LEASE,23800000,20251231,0,USD,total_debt
ON,0001097864-26-000006,BS,2,Cash and cash equivalents,CashAndCashEquivalentsAtCarryingValue,us-gaap/2025,CASH,2147600000,20251231,0,USD,cash_and_equivalents
ON,0001097864-26-000006,BS,3,Short-term investments,ShortTermInvestments,us-gaap/2025,STI,400000000,20251231,0,USD,short_term_investments
ON,0001097864-26-000006,BS,36,Total liabilities and stockholders' equity,LiabilitiesAndStockholdersEquity,us-gaap/2025,BALANCE_CONTROL,12524100000,20251231,0,USD,total_liabilities_and_equity
ON,0001097864-26-000006,BS,25,Total liabilities,Liabilities,us-gaap/2025,BALANCE_CONTROL,4832200000,20251231,0,USD,total_liabilities
ON,0001097864-26-000006,IS,13,Interest expense,InterestExpenseNonoperating,us-gaap/2025,GROSS_INTEREST,70900000,20251231,4,USD,interest_expense
LYV,0001335258-26-000009,BS,28,"Long-Term Debt and Lease Obligation, Current",LongTermDebtAndCapitalLeaseObligationsCurrent,us-gaap/2025,CURRENT_DEBT_AGGREGATE,587630000,20251231,0,USD,current_debt
LYV,0001335258-26-000009,BS,31,"Long-term debt, net",LongTermDebtAndCapitalLeaseObligations,us-gaap/2025,NONCURRENT_DEBT_AGGREGATE,7612018000,20251231,0,USD,long_term_debt
LYV,0001335258-26-000009,BS,28,"Long-Term Debt and Lease Obligation, Current",LongTermDebtAndCapitalLeaseObligationsCurrent,us-gaap/2025,CURRENT_DEBT_AGGREGATE,587630000,20251231,0,USD,total_debt
LYV,0001335258-26-000009,BS,31,"Long-term debt, net",LongTermDebtAndCapitalLeaseObligations,us-gaap/2025,NONCURRENT_DEBT_AGGREGATE,7612018000,20251231,0,USD,total_debt
LYV,0001335258-26-000009,BS,32,"Operating Lease, Liability, Noncurrent",OperatingLeaseLiabilityNoncurrent,us-gaap/2025,OPERATING_LEASE,2036974000,20251231,0,USD,operating_lease_liabilities
LYV,0001335258-26-000009,BS,9,Cash and cash equivalents,CashAndCashEquivalentsAtCarryingValue,us-gaap/2025,CASH,7094200000,20251231,0,USD,cash_and_equivalents
LYV,0001335258-26-000009,BS,47,Total liabilities and equity,LiabilitiesAndStockholdersEquity,us-gaap/2025,BALANCE_CONTROL,22912533000,20251231,0,USD,total_liabilities_and_equity
LYV,0001335258-26-000009,IS,8,Interest expense,InterestExpense,us-gaap/2025,GROSS_INTEREST,316033000,20251231,4,USD,interest_expense
FISV,0000798354-26-000009,BS,22,Short-term and current maturities of long-term debt,LongTermDebtAndCapitalLeaseObligationsCurrent,us-gaap/2025,CURRENT_DEBT_AGGREGATE,1239000000,20251231,0,USD,current_debt
FISV,0000798354-26-000009,BS,26,Long-term debt,LongTermDebtAndCapitalLeaseObligations,us-gaap/2025,NONCURRENT_DEBT_AGGREGATE,27758000000,20251231,0,USD,long_term_debt
FISV,0000798354-26-000009,BS,22,Short-term and current maturities of long-term debt,LongTermDebtAndCapitalLeaseObligationsCurrent,us-gaap/2025,CURRENT_DEBT_AGGREGATE,1239000000,20251231,0,USD,total_debt
FISV,0000798354-26-000009,BS,26,Long-term debt,LongTermDebtAndCapitalLeaseObligations,us-gaap/2025,NONCURRENT_DEBT_AGGREGATE,27758000000,20251231,0,USD,total_debt
FISV,0000798354-26-000009,BS,8,Cash and cash equivalents,CashAndCashEquivalentsAtCarryingValue,us-gaap/2025,CASH,798000000,20251231,0,USD,cash_and_equivalents
FISV,0000798354-26-000009,BS,42,Total liabilities and equity,LiabilitiesAndStockholdersEquity,us-gaap/2025,BALANCE_CONTROL,80133000000,20251231,0,USD,total_liabilities_and_equity
FISV,0000798354-26-000009,BS,30,Total liabilities,Liabilities,us-gaap/2025,BALANCE_CONTROL,54324000000,20251231,0,USD,total_liabilities
TDY,0001094285-26-000017,BS,19,Current portion of long-term debt and other debt,LongTermDebtCurrent,us-gaap/2025,CURRENT_DEBT,450100000,20251231,0,USD,current_debt
TDY,0001094285-26-000017,BS,21,Long-term debt,LongTermDebtNoncurrent,us-gaap/2025,NONCURRENT_DEBT_AGGREGATE,2025300000,20251231,0,USD,long_term_debt
TDY,0001094285-26-000017,BS,19,Current portion of long-term debt and other debt,LongTermDebtCurrent,us-gaap/2025,CURRENT_DEBT,450100000,20251231,0,USD,total_debt
TDY,0001094285-26-000017,BS,21,Long-term debt,LongTermDebtNoncurrent,us-gaap/2025,NONCURRENT_DEBT_AGGREGATE,2025300000,20251231,0,USD,total_debt
TDY,0001094285-26-000017,BS,3,Cash and cash equivalents,CashAndCashEquivalentsAtCarryingValue,us-gaap/2025,CASH,352400000,20251231,0,USD,cash_and_equivalents
TDY,0001094285-26-000017,BS,35,"Total Liabilities, Redeemable Noncontrolling Interest and Stockholders Equity",LiabilitiesAndStockholdersEquity,us-gaap/2025,BALANCE_CONTROL,15285300000,20251231,0,USD,total_liabilities_and_equity
TDY,0001094285-26-000017,BS,24,Total Liabilities,Liabilities,us-gaap/2025,BALANCE_CONTROL,4771400000,20251231,0,USD,total_liabilities
TDY,0001094285-26-000017,IS,10,"Interest and debt expense, net",InterestExpenseNonoperating,us-gaap/2025,GROSS_INTEREST,59600000,20251231,4,USD,interest_expense
MTD,0001037646-26-000011,BS,25,Long-term debt,LongTermDebtNoncurrent,us-gaap/2025,NONCURRENT_DEBT_AGGREGATE,2088241000,20251231,0,USD,long_term_debt
MTD,0001037646-26-000011,BS,25,Long-term debt,LongTermDebtNoncurrent,us-gaap/2025,NONCURRENT_DEBT_AGGREGATE,2088241000,20251231,0,USD,total_debt
MTD,0001037646-26-000011,BS,38,Total liabilities and shareholders equity,LiabilitiesAndStockholdersEquity,us-gaap/2025,BALANCE_CONTROL,3712646000,20251231,0,USD,total_liabilities_and_equity
MTD,0001037646-26-000011,BS,28,Total liabilities,Liabilities,us-gaap/2025,BALANCE_CONTROL,3736282000,20251231,0,USD,total_liabilities
MTD,0001037646-26-000011,IS,13,Interest Expense,InterestExpense,us-gaap/2025,GROSS_INTEREST,68515000,20251231,4,USD,interest_expense
DTE,0000936340-26-000054,BS,42,"Current portion long-term debt, including securitization bonds and finance leases",LongTermDebtAndCapitalLeaseObligationsCurrent,us-gaap/2025,CURRENT_DEBT_AGGREGATE,1356000000,20251231,0,USD,current_debt
DTE,0000936340-26-000054,BS,53,Total Long-Term Debt (net of current portion),LongTermDebtAndCapitalLeaseObligations,us-gaap/2025,NONCURRENT_DEBT_AGGREGATE,23785000000,20251231,0,USD,long_term_debt
DTE,0000936340-26-000054,BS,52,Finance lease obligations,FinanceLeaseLiabilityNoncurrent,us-gaap/2025,FINANCE_LEASE,14000000,20251231,0,USD,finance_lease_liabilities
DTE,0000936340-26-000054,BS,42,"Current portion long-term debt, including securitization bonds and finance leases",LongTermDebtAndCapitalLeaseObligationsCurrent,us-gaap/2025,CURRENT_DEBT_AGGREGATE,1356000000,20251231,0,USD,total_debt
DTE,0000936340-26-000054,BS,53,Total Long-Term Debt (net of current portion),LongTermDebtAndCapitalLeaseObligations,us-gaap/2025,NONCURRENT_DEBT_AGGREGATE,23785000000,20251231,0,USD,total_debt
DTE,0000936340-26-000054,BS,63,Operating lease liabilities,OperatingLeaseLiabilityNoncurrent,us-gaap/2025,OPERATING_LEASE,235000000,20251231,0,USD,operating_lease_liabilities
DTE,0000936340-26-000054,BS,45,Operating lease liabilities,OperatingLeaseLiabilityCurrent,us-gaap/2025,OPERATING_LEASE,32000000,20251231,0,USD,operating_lease_liabilities
DTE,0000936340-26-000054,BS,3,Cash and cash equivalents,CashAndCashEquivalentsAtCarryingValue,us-gaap/2025,CASH,208000000,20251231,0,USD,cash_and_equivalents
DTE,0000936340-26-000054,BS,74,Total Liabilities and Equity,LiabilitiesAndStockholdersEquity,us-gaap/2025,BALANCE_CONTROL,54066000000,20251231,0,USD,total_liabilities_and_equity
DTE,0000936340-26-000054,IS,15,Interest expense,InterestExpenseNonoperating,us-gaap/2025,GROSS_INTEREST,1056000000,20251231,4,USD,interest_expense
VICI,0001705696-26-000034,BS,17,"Debt, net",LongTermDebt,us-gaap/2025,NONCURRENT_DEBT_AGGREGATE,16773241000,20251231,0,USD,long_term_debt
VICI,0001705696-26-000034,BS,17,"Debt, net",LongTermDebt,us-gaap/2025,NONCURRENT_DEBT_AGGREGATE,16773241000,20251231,0,USD,total_debt
VICI,0001705696-26-000034,BS,12,Cash and cash equivalents,CashAndCashEquivalentsAtCarryingValue,us-gaap/2025,CASH,563479000,20251231,0,USD,cash_and_equivalents
VICI,0001705696-26-000034,BS,13,Short-term investments,ShortTermInvestments,us-gaap/2025,STI,44484000,20251231,0,USD,short_term_investments
VICI,0001705696-26-000034,BS,32,Total liabilities and stockholders equity,LiabilitiesAndStockholdersEquity,us-gaap/2025,BALANCE_CONTROL,46724168000,20251231,0,USD,total_liabilities_and_equity
VICI,0001705696-26-000034,BS,21,Total liabilities,Liabilities,us-gaap/2025,BALANCE_CONTROL,18501581000,20251231,0,USD,total_liabilities
VICI,0001705696-26-000034,IS,15,Interest expense,InterestExpenseNonoperating,us-gaap/2025,GROSS_INTEREST,843614000,20251231,4,USD,interest_expense
DG,0001104659-26-032325,BS,16,Current portion of long-term obligations,LongTermDebtAndCapitalLeaseObligationsCurrent,us-gaap/2025,CURRENT_DEBT_AGGREGATE,14401000,20260131,0,USD,current_debt
DG,0001104659-26-032325,BS,22,Long-term obligations,LongTermDebtAndCapitalLeaseObligations,us-gaap/2025,NONCURRENT_DEBT_AGGREGATE,4565881000,20260131,0,USD,long_term_debt
DG,0001104659-26-032325,BS,16,Current portion of long-term obligations,LongTermDebtAndCapitalLeaseObligationsCurrent,us-gaap/2025,CURRENT_DEBT_AGGREGATE,14401000,20260131,0,USD,total_debt
DG,0001104659-26-032325,BS,22,Long-term obligations,LongTermDebtAndCapitalLeaseObligations,us-gaap/2025,NONCURRENT_DEBT_AGGREGATE,4565881000,20260131,0,USD,total_debt
DG,0001104659-26-032325,BS,23,Long-term operating lease liabilities,OperatingLeaseLiabilityNoncurrent,us-gaap/2025,OPERATING_LEASE,9605885000,20260131,0,USD,operating_lease_liabilities
DG,0001104659-26-032325,BS,17,Current portion of operating lease liabilities,OperatingLeaseLiabilityCurrent,us-gaap/2025,OPERATING_LEASE,1532489000,20260131,0,USD,operating_lease_liabilities
DG,0001104659-26-032325,BS,3,Cash and cash equivalents,CashAndCashEquivalentsAtCarryingValue,us-gaap/2025,CASH,1138501000,20260131,0,USD,cash_and_equivalents
DG,0001104659-26-032325,BS,35,Total liabilities and shareholders' equity,LiabilitiesAndStockholdersEquity,us-gaap/2025,BALANCE_CONTROL,30963730000,20260131,0,USD,total_liabilities_and_equity
DG,0001104659-26-032325,BS,26,Total liabilities,Liabilities,us-gaap/2025,BALANCE_CONTROL,22451768000,20260131,0,USD,total_liabilities
DG,0001104659-26-032325,CF,36,Interest,InterestPaidNet,us-gaap/2025,INTEREST_PAID,290420000,20260131,4,USD,interest_expense
CASY,0000726958-26-000046,BS,24,Current maturities of long-term debt and finance lease obligations,LongTermDebtCurrent,us-gaap/2026,CURRENT_DEBT,101357000,20260430,0,USD,current_debt
CASY,0000726958-26-000046,BS,33,"Long-term debt and finance lease obligations, net of current maturities",LongTermDebtNoncurrent,us-gaap/2026,NONCURRENT_DEBT_AGGREGATE,2330237000,20260430,0,USD,long_term_debt
CASY,0000726958-26-000046,BS,24,Current maturities of long-term debt and finance lease obligations,LongTermDebtCurrent,us-gaap/2026,CURRENT_DEBT,101357000,20260430,0,USD,total_debt
CASY,0000726958-26-000046,BS,33,"Long-term debt and finance lease obligations, net of current maturities",LongTermDebtNoncurrent,us-gaap/2026,NONCURRENT_DEBT_AGGREGATE,2330237000,20260430,0,USD,total_debt
CASY,0000726958-26-000046,BS,35,"Operating lease liabilities, net of current portion",OperatingLeaseLiabilityNoncurrent,us-gaap/2026,OPERATING_LEASE,459284000,20260430,0,USD,operating_lease_liabilities
CASY,0000726958-26-000046,BS,30,Operating lease liabilities,OperatingLeaseLiabilityCurrent,us-gaap/2026,OPERATING_LEASE,14197000,20260430,0,USD,operating_lease_liabilities
CASY,0000726958-26-000046,BS,3,Cash and cash equivalents,CashAndCashEquivalentsAtCarryingValue,us-gaap/2026,CASH,522991000,20260430,0,USD,cash_and_equivalents
CASY,0000726958-26-000046,BS,45,Total liabilities and shareholders equity,LiabilitiesAndStockholdersEquity,us-gaap/2026,BALANCE_CONTROL,8936055000,20260430,0,USD,total_liabilities_and_equity
CASY,0000726958-26-000046,BS,38,Total liabilities,Liabilities,us-gaap/2026,BALANCE_CONTROL,4984336000,20260430,0,USD,total_liabilities
CASY,0000726958-26-000046,IS,5,"Interest, net",InterestExpense,us-gaap/2026,GROSS_INTEREST,96634000,20260430,4,USD,interest_expense
ATO,0000731802-25-000056,BS,33,Current maturities of long-term debt,LongTermDebtAndCapitalLeaseObligationsCurrent,us-gaap/2025,CURRENT_DEBT_AGGREGATE,11775000,20250930,0,USD,current_debt
ATO,0000731802-25-000056,BS,26,Long-term debt,LongTermDebtAndCapitalLeaseObligations,us-gaap/2025,NONCURRENT_DEBT_AGGREGATE,8907169000,20250930,0,USD,long_term_debt
ATO,0000731802-25-000056,BS,33,Current maturities of long-term debt,LongTermDebtAndCapitalLeaseObligationsCurrent,us-gaap/2025,CURRENT_DEBT_AGGREGATE,11775000,20250930,0,USD,total_debt
ATO,0000731802-25-000056,BS,26,Long-term debt,LongTermDebtAndCapitalLeaseObligations,us-gaap/2025,NONCURRENT_DEBT_AGGREGATE,8907169000,20250930,0,USD,total_debt
ATO,0000731802-25-000056,BS,8,Cash and cash equivalents,CashAndCashEquivalentsAtCarryingValue,us-gaap/2025,CASH,202687000,20250930,0,USD,cash_and_equivalents
ATO,0000731802-25-000056,BS,40,Total shareholders' equity and liabilities,LiabilitiesAndStockholdersEquity,us-gaap/2025,BALANCE_CONTROL,28249522000,20250930,0,USD,total_liabilities_and_equity
ATO,0000731802-25-000056,IS,18,Interest charges,InterestExpenseNonoperating,us-gaap/2025,GROSS_INTEREST,171678000,20250930,4,USD,interest_expense
HPQ,0000047217-25-000071,BS,14,Notes payable and short-term borrowings,DebtCurrent,us-gaap/2025,CURRENT_DEBT_AGGREGATE,845000000,20251031,0,USD,current_debt
HPQ,0000047217-25-000071,BS,18,Long-term debt,LongTermDebtNoncurrent,us-gaap/2025,NONCURRENT_DEBT_AGGREGATE,8821000000,20251031,0,USD,long_term_debt
HPQ,0000047217-25-000071,BS,14,Notes payable and short-term borrowings,DebtCurrent,us-gaap/2025,CURRENT_DEBT_AGGREGATE,845000000,20251031,0,USD,total_debt
HPQ,0000047217-25-000071,BS,18,Long-term debt,LongTermDebtNoncurrent,us-gaap/2025,NONCURRENT_DEBT_AGGREGATE,8821000000,20251031,0,USD,total_debt
HPQ,0000047217-25-000071,BS,28,Total liabilities and stockholders deficit,LiabilitiesAndStockholdersEquity,us-gaap/2025,BALANCE_CONTROL,41769000000,20251031,0,USD,total_liabilities_and_equity
HPQ,0000047217-25-000071,CF,42,Interest expense paid,InterestPaidNet,us-gaap/2025,INTEREST_PAID,437000000,20251031,4,USD,interest_expense
IR,0001628280-26-008617,BS,16,Short-term borrowings and current maturities of long-term debt,DebtCurrent,us-gaap/2025,CURRENT_DEBT_AGGREGATE,1400000,20251231,0,USD,current_debt
IR,0001628280-26-008617,BS,20,"Long-term debt, less current maturities",LongTermDebtAndCapitalLeaseObligations,us-gaap/2025,NONCURRENT_DEBT_AGGREGATE,4783300000,20251231,0,USD,long_term_debt
IR,0001628280-26-008617,BS,16,Short-term borrowings and current maturities of long-term debt,DebtCurrent,us-gaap/2025,CURRENT_DEBT_AGGREGATE,1400000,20251231,0,USD,total_debt
IR,0001628280-26-008617,BS,20,"Long-term debt, less current maturities",LongTermDebtAndCapitalLeaseObligations,us-gaap/2025,NONCURRENT_DEBT_AGGREGATE,4783300000,20251231,0,USD,total_debt
IR,0001628280-26-008617,BS,3,Cash and cash equivalents,CashAndCashEquivalentsAtCarryingValue,us-gaap/2025,CASH,1248800000,20251231,0,USD,cash_and_equivalents
IR,0001628280-26-008617,BS,35,Total liabilities and equity,LiabilitiesAndStockholdersEquity,us-gaap/2025,BALANCE_CONTROL,18297200000,20251231,0,USD,total_liabilities_and_equity
IR,0001628280-26-008617,BS,24,Total liabilities,Liabilities,us-gaap/2025,BALANCE_CONTROL,8143200000,20251231,0,USD,total_liabilities
IR,0001628280-26-008617,IS,10,Interest expense,InterestExpenseNonoperating,us-gaap/2025,GROSS_INTEREST,253900000,20251231,4,USD,interest_expense
OTIS,0001781335-26-000011,BS,16,Short-term borrowings and current portion of long-term debt,DebtCurrent,us-gaap/2025,CURRENT_DEBT_AGGREGATE,1056000000,20251231,0,USD,current_debt
OTIS,0001781335-26-000011,BS,21,Long-term debt,LongTermDebtNoncurrent,us-gaap/2025,NONCURRENT_DEBT_AGGREGATE,6900000000,20251231,0,USD,long_term_debt
OTIS,0001781335-26-000011,BS,16,Short-term borrowings and current portion of long-term debt,DebtCurrent,us-gaap/2025,CURRENT_DEBT_AGGREGATE,1056000000,20251231,0,USD,total_debt
OTIS,0001781335-26-000011,BS,21,Long-term debt,LongTermDebtNoncurrent,us-gaap/2025,NONCURRENT_DEBT_AGGREGATE,6900000000,20251231,0,USD,total_debt
OTIS,0001781335-26-000011,BS,23,Operating lease liabilities,OperatingLeaseLiabilityNoncurrent,us-gaap/2025,OPERATING_LEASE,397000000,20251231,0,USD,operating_lease_liabilities
OTIS,0001781335-26-000011,BS,2,Cash and cash equivalents,CashAndCashEquivalentsAtCarryingValue,us-gaap/2025,CASH,1096000000,20251231,0,USD,cash_and_equivalents
OTIS,0001781335-26-000011,BS,37,Total Liabilities and Equity (Deficit),LiabilitiesAndStockholdersEquity,us-gaap/2025,BALANCE_CONTROL,10653000000,20251231,0,USD,total_liabilities_and_equity
OTIS,0001781335-26-000011,BS,26,Total Liabilities,Liabilities,us-gaap/2025,BALANCE_CONTROL,15924000000,20251231,0,USD,total_liabilities
OTIS,0001781335-26-000011,CF,50,Interest paid,InterestPaidNet,us-gaap/2025,INTEREST_PAID,230000000,20251231,4,USD,interest_expense
LH,0000920148-26-000111,BS,22,Short-term borrowings and current portion of long-term debt,LongTermDebtCurrent,us-gaap/2025,CURRENT_DEBT,500100000,20251231,0,USD,current_debt
LH,0000920148-26-000111,BS,24,Long-term debt,LongTermDebtNoncurrent,us-gaap/2025,NONCURRENT_DEBT_AGGREGATE,5084600000,20251231,0,USD,long_term_debt
LH,0000920148-26-000111,BS,21,Short-term finance lease liabilities,FinanceLeaseLiabilityCurrent,us-gaap/2025,FINANCE_LEASE,4600000,20251231,0,USD,finance_lease_liabilities
LH,0000920148-26-000111,BS,26,Financing lease liabilities,FinanceLeaseLiabilityNoncurrent,us-gaap/2025,FINANCE_LEASE,63000000,20251231,0,USD,finance_lease_liabilities
LH,0000920148-26-000111,BS,22,Short-term borrowings and current portion of long-term debt,LongTermDebtCurrent,us-gaap/2025,CURRENT_DEBT,500100000,20251231,0,USD,total_debt
LH,0000920148-26-000111,BS,24,Long-term debt,LongTermDebtNoncurrent,us-gaap/2025,NONCURRENT_DEBT_AGGREGATE,5084600000,20251231,0,USD,total_debt
LH,0000920148-26-000111,BS,21,Short-term finance lease liabilities,FinanceLeaseLiabilityCurrent,us-gaap/2025,FINANCE_LEASE,4600000,20251231,0,USD,total_debt
LH,0000920148-26-000111,BS,26,Financing lease liabilities,FinanceLeaseLiabilityNoncurrent,us-gaap/2025,FINANCE_LEASE,63000000,20251231,0,USD,total_debt
LH,0000920148-26-000111,BS,25,Operating lease liabilities,OperatingLeaseLiabilityNoncurrent,us-gaap/2025,OPERATING_LEASE,682600000,20251231,0,USD,operating_lease_liabilities
LH,0000920148-26-000111,BS,20,Short-term operating lease liabilities,OperatingLeaseLiabilityCurrent,us-gaap/2025,OPERATING_LEASE,191100000,20251231,0,USD,operating_lease_liabilities
LH,0000920148-26-000111,BS,3,Cash and cash equivalents,CashAndCashEquivalentsAtCarryingValue,us-gaap/2025,CASH,532300000,20251231,0,USD,cash_and_equivalents
LH,0000920148-26-000111,BS,38,Total liabilities and shareholders equity,LiabilitiesAndStockholdersEquity,us-gaap/2025,BALANCE_CONTROL,18392700000,20251231,0,USD,total_liabilities_and_equity
LH,0000920148-26-000111,BS,29,Total liabilities,Liabilities,us-gaap/2025,BALANCE_CONTROL,9756000000,20251231,0,USD,total_liabilities
LH,0000920148-26-000111,IS,9,Interest expense,InterestExpense,us-gaap/2025,GROSS_INTEREST,224100000,20251231,4,USD,interest_expense
AWK,0001410636-26-000034,BS,36,Short-term debt,ShortTermBorrowings,us-gaap/2025,CURRENT_DEBT,1588000000,20251231,0,USD,current_debt
AWK,0001410636-26-000034,BS,31,Long-term debt,LongTermDebtAndCapitalLeaseObligations,us-gaap/2025,NONCURRENT_DEBT_AGGREGATE,12777000000,20251231,0,USD,long_term_debt
AWK,0001410636-26-000034,BS,36,Short-term debt,ShortTermBorrowings,us-gaap/2025,CURRENT_DEBT,1588000000,20251231,0,USD,total_debt
AWK,0001410636-26-000034,BS,31,Long-term debt,LongTermDebtAndCapitalLeaseObligations,us-gaap/2025,NONCURRENT_DEBT_AGGREGATE,12777000000,20251231,0,USD,total_debt
AWK,0001410636-26-000034,BS,48,Operating lease liabilities,OperatingLeaseLiabilityNoncurrent,us-gaap/2025,OPERATING_LEASE,74000000,20251231,0,USD,operating_lease_liabilities
AWK,0001410636-26-000034,BS,6,Cash and cash equivalents,CashAndCashEquivalentsAtCarryingValue,us-gaap/2025,CASH,98000000,20251231,0,USD,cash_and_equivalents
AWK,0001410636-26-000034,BS,54,Total capitalization and liabilities,LiabilitiesAndStockholdersEquity,us-gaap/2025,BALANCE_CONTROL,35442000000,20251231,0,USD,total_liabilities_and_equity
AWK,0001410636-26-000034,IS,10,Interest expense,InterestExpenseNonoperating,us-gaap/2025,GROSS_INTEREST,615000000,20251231,4,USD,interest_expense
WSM,0000719955-26-000059,BS,24,Long-term operating lease liabilities,OperatingLeaseLiabilityNoncurrent,us-gaap/2025,OPERATING_LEASE,1235549000,20260131,0,USD,operating_lease_liabilities
WSM,0000719955-26-000059,BS,21,Operating lease liabilities,OperatingLeaseLiabilityCurrent,us-gaap/2025,OPERATING_LEASE,221356000,20260131,0,USD,operating_lease_liabilities
WSM,0000719955-26-000059,BS,3,Cash and cash equivalents,CashAndCashEquivalentsAtCarryingValue,us-gaap/2025,CASH,1019801000,20260131,0,USD,cash_and_equivalents
WSM,0000719955-26-000059,BS,36,Total liabilities and stockholders equity,LiabilitiesAndStockholdersEquity,us-gaap/2025,BALANCE_CONTROL,5411912000,20260131,0,USD,total_liabilities_and_equity
WSM,0000719955-26-000059,BS,26,Total liabilities,Liabilities,us-gaap/2025,BALANCE_CONTROL,3329353000,20260131,0,USD,total_liabilities
WSM,0000719955-26-000059,CF,36,Cash paid during the year for interest,InterestPaidNet,us-gaap/2025,INTEREST_PAID,692000,20260131,4,USD,interest_expense
DGX,0001022079-26-000015,BS,17,Less: Current portion of long-term debt,LongTermDebtCurrent,us-gaap/2025,CURRENT_DEBT,504000000,20251231,0,USD,current_debt
DGX,0001022079-26-000015,BS,20,Long-term debt,LongTermDebtAndCapitalLeaseObligations,us-gaap/2025,NONCURRENT_DEBT_AGGREGATE,5167000000,20251231,0,USD,long_term_debt
DGX,0001022079-26-000015,BS,17,Less: Current portion of long-term debt,LongTermDebtCurrent,us-gaap/2025,CURRENT_DEBT,504000000,20251231,0,USD,total_debt
DGX,0001022079-26-000015,BS,20,Long-term debt,LongTermDebtAndCapitalLeaseObligations,us-gaap/2025,NONCURRENT_DEBT_AGGREGATE,5167000000,20251231,0,USD,total_debt
DGX,0001022079-26-000015,BS,21,Long-term operating lease liabilities,OperatingLeaseLiabilityNoncurrent,us-gaap/2025,OPERATING_LEASE,537000000,20251231,0,USD,operating_lease_liabilities
DGX,0001022079-26-000015,BS,18,Current portion of long-term operating lease liabilities,OperatingLeaseLiabilityCurrent,us-gaap/2025,OPERATING_LEASE,174000000,20251231,0,USD,operating_lease_liabilities
DGX,0001022079-26-000015,BS,2,Cash and cash equivalents,CashAndCashEquivalentsAtCarryingValue,us-gaap/2025,CASH,420000000,20251231,0,USD,cash_and_equivalents
DGX,0001022079-26-000015,BS,35,Total liabilities and stockholders equity,LiabilitiesAndStockholdersEquity,us-gaap/2025,BALANCE_CONTROL,16225000000,20251231,0,USD,total_liabilities_and_equity
FICO,0000814547-25-000030,BS,20,Current maturities on debt,LongTermDebtCurrent,us-gaap/2025,CURRENT_DEBT,399541000,20250930,0,USD,current_debt
FICO,0000814547-25-000030,BS,22,Long-term debt,LongTermDebtNoncurrent,us-gaap/2025,NONCURRENT_DEBT_AGGREGATE,2656150000,20250930,0,USD,long_term_debt
FICO,0000814547-25-000030,BS,20,Current maturities on debt,LongTermDebtCurrent,us-gaap/2025,CURRENT_DEBT,399541000,20250930,0,USD,total_debt
FICO,0000814547-25-000030,BS,22,Long-term debt,LongTermDebtNoncurrent,us-gaap/2025,NONCURRENT_DEBT_AGGREGATE,2656150000,20250930,0,USD,total_debt
FICO,0000814547-25-000030,BS,23,Operating lease liabilities,OperatingLeaseLiabilityNoncurrent,us-gaap/2025,OPERATING_LEASE,19187000,20250930,0,USD,operating_lease_liabilities
FICO,0000814547-25-000030,BS,3,Cash and cash equivalents,CashAndCashEquivalentsAtCarryingValue,us-gaap/2025,CASH,134136000,20250930,0,USD,cash_and_equivalents
FICO,0000814547-25-000030,BS,35,Total liabilities and stockholders deficit,LiabilitiesAndStockholdersEquity,us-gaap/2025,BALANCE_CONTROL,1868133000,20250930,0,USD,total_liabilities_and_equity
FICO,0000814547-25-000030,BS,25,Total liabilities,Liabilities,us-gaap/2025,BALANCE_CONTROL,3613917000,20250930,0,USD,total_liabilities
FICO,0000814547-25-000030,IS,18,"Interest expense, net",InterestExpenseNonoperating,us-gaap/2025,GROSS_INTEREST,133647000,20250930,4,USD,interest_expense
CPAY,0001175454-26-000018,BS,20,Securitization facility,SecuredDebtCurrent,us-gaap/2025,CURRENT_DEBT,1823000000,20251231,0,USD,current_debt
CPAY,0001175454-26-000018,BS,20,Securitization facility,SecuredDebtCurrent,us-gaap/2025,CURRENT_DEBT,1823000000,20251231,0,USD,total_debt
CPAY,0001175454-26-000018,BS,3,Cash and cash equivalents,CashAndCashEquivalentsAtCarryingValue,us-gaap/2025,CASH,2408097000,20251231,0,USD,cash_and_equivalents
CPAY,0001175454-26-000018,BS,39,"Total liabilities, redeemable noncontrolling interest and equity",LiabilitiesAndStockholdersEquity,us-gaap/2025,BALANCE_CONTROL,26408135000,20251231,0,USD,total_liabilities_and_equity
CPAY,0001175454-26-000018,IS,12,"Interest expense, net",InterestExpenseNonoperating,us-gaap/2025,GROSS_INTEREST,403848000,20251231,4,USD,interest_expense
ES,0001628280-26-008461,BS,24,Long-Term Debt  Current Portion,LongTermDebtCurrent,us-gaap/2025,CURRENT_DEBT,1392948000,20251231,0,USD,current_debt
ES,0001628280-26-008461,BS,44,Long-Term Debt,LongTermDebtNoncurrent,us-gaap/2025,NONCURRENT_DEBT_AGGREGATE,26872433000,20251231,0,USD,long_term_debt
ES,0001628280-26-008461,BS,24,Long-Term Debt  Current Portion,LongTermDebtCurrent,us-gaap/2025,CURRENT_DEBT,1392948000,20251231,0,USD,total_debt
ES,0001628280-26-008461,BS,44,Long-Term Debt,LongTermDebtNoncurrent,us-gaap/2025,NONCURRENT_DEBT_AGGREGATE,26872433000,20251231,0,USD,total_debt
ES,0001628280-26-008461,BS,3,Cash,Cash,us-gaap/2025,CASH,135351000,20251231,0,USD,cash_and_equivalents
ES,0001628280-26-008461,BS,55,Total Liabilities and Capitalization,LiabilitiesAndStockholdersEquity,us-gaap/2025,BALANCE_CONTROL,63786711000,20251231,0,USD,total_liabilities_and_equity
ES,0001628280-26-008461,IS,12,Interest Expense,InterestExpenseNonoperating,us-gaap/2025,GROSS_INTEREST,1243266000,20251231,4,USD,interest_expense
CINF,0000020286-26-000008,BS,27,Long-Term Debt and Lease Obligation,LongTermDebtAndCapitalLeaseObligations,us-gaap/2025,NONCURRENT_DEBT_AGGREGATE,861000000,20251231,0,USD,long_term_debt
CINF,0000020286-26-000008,BS,27,Long-Term Debt and Lease Obligation,LongTermDebtAndCapitalLeaseObligations,us-gaap/2025,NONCURRENT_DEBT_AGGREGATE,861000000,20251231,0,USD,total_debt
CINF,0000020286-26-000008,BS,5,"Short-term investments, at fair value (amortized cost: 2025$148; 2024$298)",ShortTermInvestments,us-gaap/2025,STI,148000000,20251231,0,USD,short_term_investments
CINF,0000020286-26-000008,BS,38,Total liabilities and shareholders' equity,LiabilitiesAndStockholdersEquity,us-gaap/2025,BALANCE_CONTROL,41002000000,20251231,0,USD,total_liabilities_and_equity
CINF,0000020286-26-000008,BS,29,Total liabilities,Liabilities,us-gaap/2025,BALANCE_CONTROL,25091000000,20251231,0,USD,total_liabilities
CINF,0000020286-26-000008,IS,11,Interest expense,InterestExpense,us-gaap/2025,GROSS_INTEREST,53000000,20251231,4,USD,interest_expense
DOV,0000029905-26-000009,BS,15,Short-term borrowings and current portion of long-term debt,ShortTermBorrowings,us-gaap/2025,CURRENT_DEBT,706677000,20251231,0,USD,current_debt
DOV,0000029905-26-000009,BS,23,Long-term debt,LongTermDebtNoncurrent,us-gaap/2025,NONCURRENT_DEBT_AGGREGATE,2621295000,20251231,0,USD,long_term_debt
DOV,0000029905-26-000009,BS,15,Short-term borrowings and current portion of long-term debt,ShortTermBorrowings,us-gaap/2025,CURRENT_DEBT,706677000,20251231,0,USD,total_debt
DOV,0000029905-26-000009,BS,23,Long-term debt,LongTermDebtNoncurrent,us-gaap/2025,NONCURRENT_DEBT_AGGREGATE,2621295000,20251231,0,USD,total_debt
DOV,0000029905-26-000009,BS,35,Total liabilities and stockholders' equity,LiabilitiesAndStockholdersEquity,us-gaap/2025,BALANCE_CONTROL,13422423000,20251231,0,USD,total_liabilities_and_equity
DOV,0000029905-26-000009,IS,6,Interest expense,InterestExpenseNonoperating,us-gaap/2025,GROSS_INTEREST,109772000,20251231,4,USD,interest_expense
XYL,0001524472-26-000012,BS,21,"Long-term debt, net",LongTermDebtNoncurrent,us-gaap/2025,NONCURRENT_DEBT_AGGREGATE,1408000000,20251231,0,USD,long_term_debt
XYL,0001524472-26-000012,BS,21,"Long-term debt, net",LongTermDebtNoncurrent,us-gaap/2025,NONCURRENT_DEBT_AGGREGATE,1408000000,20251231,0,USD,total_debt
XYL,0001524472-26-000012,BS,3,Cash and cash equivalents,CashAndCashEquivalentsAtCarryingValue,us-gaap/2025,CASH,1479000000,20251231,0,USD,cash_and_equivalents
XYL,0001524472-26-000012,BS,38,"Total liabilities, redeemable non-controlling interest, and stockholders equity",LiabilitiesAndStockholdersEquity,us-gaap/2025,BALANCE_CONTROL,17634000000,20251231,0,USD,total_liabilities_and_equity
XYL,0001524472-26-000012,BS,25,Total liabilities,Liabilities,us-gaap/2025,BALANCE_CONTROL,5885000000,20251231,0,USD,total_liabilities
XYL,0001524472-26-000012,IS,14,Interest expense,InterestExpenseNonoperating,us-gaap/2025,GROSS_INTEREST,29000000,20251231,4,USD,interest_expense
HSY,0001628280-26-008586,BS,26,Current portion of long-term debt,LongTermDebtAndCapitalLeaseObligationsCurrent,us-gaap/2025,CURRENT_DEBT_AGGREGATE,503327000,20251231,0,USD,current_debt
HSY,0001628280-26-008586,BS,28,Long-term debt,LongTermDebtAndCapitalLeaseObligations,us-gaap/2025,NONCURRENT_DEBT_AGGREGATE,4681194000,20251231,0,USD,long_term_debt
HSY,0001628280-26-008586,BS,26,Current portion of long-term debt,LongTermDebtAndCapitalLeaseObligationsCurrent,us-gaap/2025,CURRENT_DEBT_AGGREGATE,503327000,20251231,0,USD,total_debt
HSY,0001628280-26-008586,BS,28,Long-term debt,LongTermDebtAndCapitalLeaseObligations,us-gaap/2025,NONCURRENT_DEBT_AGGREGATE,4681194000,20251231,0,USD,total_debt
HSY,0001628280-26-008586,BS,40,Total liabilities and stockholders equity,LiabilitiesAndStockholdersEquity,us-gaap/2025,BALANCE_CONTROL,13741297000,20251231,0,USD,total_liabilities_and_equity
HSY,0001628280-26-008586,BS,31,Total liabilities,Liabilities,us-gaap/2025,BALANCE_CONTROL,9104547000,20251231,0,USD,total_liabilities
HSY,0001628280-26-008586,CF,41,Interest paid,InterestPaidNet,us-gaap/2025,INTEREST_PAID,195927000,20251231,4,USD,interest_expense
SYF,0001601712-26-000006,BS,27,Total borrowings,LongTermDebt,us-gaap/2025,NONCURRENT_DEBT_AGGREGATE,15182000000,20251231,0,USD,long_term_debt
SYF,0001601712-26-000006,BS,27,Total borrowings,LongTermDebt,us-gaap/2025,NONCURRENT_DEBT_AGGREGATE,15182000000,20251231,0,USD,total_debt
SYF,0001601712-26-000006,BS,10,Cash and equivalents,CashAndCashEquivalentsAtCarryingValue,us-gaap/2025,CASH,14973000000,20251231,0,USD,cash_and_equivalents
SYF,0001601712-26-000006,BS,41,Total liabilities and equity,LiabilitiesAndStockholdersEquity,us-gaap/2025,BALANCE_CONTROL,119095000000,20251231,0,USD,total_liabilities_and_equity
SYF,0001601712-26-000006,BS,29,Total liabilities,Liabilities,us-gaap/2025,BALANCE_CONTROL,102329000000,20251231,0,USD,total_liabilities
SYF,0001601712-26-000006,CF,43,Cash paid during the year for interest,InterestPaidNet,us-gaap/2025,INTEREST_PAID,4162000000,20251231,4,USD,interest_expense
CNP,0001130310-26-000008,BS,26,Short-term borrowings,ShortTermBorrowings,us-gaap/2025,CURRENT_DEBT,500000000,20251231,0,USD,current_debt
CNP,0001130310-26-000008,BS,48,"Total long-term debt, net",LongTermDebtNoncurrent,us-gaap/2025,NONCURRENT_DEBT_AGGREGATE,20566000000,20251231,0,USD,long_term_debt
CNP,0001130310-26-000008,BS,26,Short-term borrowings,ShortTermBorrowings,us-gaap/2025,CURRENT_DEBT,500000000,20251231,0,USD,total_debt
CNP,0001130310-26-000008,BS,48,"Total long-term debt, net",LongTermDebtNoncurrent,us-gaap/2025,NONCURRENT_DEBT_AGGREGATE,20566000000,20251231,0,USD,total_debt
CNP,0001130310-26-000008,BS,3,Cash and cash equivalents,CashAndCashEquivalentsAtCarryingValue,us-gaap/2025,CASH,38000000,20251231,0,USD,cash_and_equivalents
CNP,0001130310-26-000008,BS,4,Investment in equity securities,MarketableSecuritiesCurrent,us-gaap/2025,STI,510000000,20251231,0,USD,short_term_investments
CNP,0001130310-26-000008,BS,56,Total Liabilities and Shareholders Equity,LiabilitiesAndStockholdersEquity,us-gaap/2025,BALANCE_CONTROL,46534000000,20251231,0,USD,total_liabilities_and_equity
PPL,0000922224-26-000008,BS,45,Short-term debt,ShortTermBorrowings,us-gaap/2025,CURRENT_DEBT,456000000,20251231,0,USD,current_debt
PPL,0000922224-26-000008,BS,48,Long-term debt due within one year,LongTermDebtCurrent,us-gaap/2025,CURRENT_DEBT,904000000,20251231,0,USD,current_debt
PPL,0000922224-26-000008,BS,59,Long-term Debt,LongTermDebtNoncurrent,us-gaap/2025,NONCURRENT_DEBT_AGGREGATE,17990000000,20251231,0,USD,long_term_debt
PPL,0000922224-26-000008,BS,45,Short-term debt,ShortTermBorrowings,us-gaap/2025,CURRENT_DEBT,456000000,20251231,0,USD,total_debt
PPL,0000922224-26-000008,BS,48,Long-term debt due within one year,LongTermDebtCurrent,us-gaap/2025,CURRENT_DEBT,904000000,20251231,0,USD,total_debt
PPL,0000922224-26-000008,BS,59,Long-term Debt,LongTermDebtNoncurrent,us-gaap/2025,NONCURRENT_DEBT_AGGREGATE,17990000000,20251231,0,USD,total_debt
PPL,0000922224-26-000008,BS,14,Cash and cash equivalents,CashAndCashEquivalentsAtCarryingValue,us-gaap/2025,CASH,1071000000,20251231,0,USD,cash_and_equivalents
PPL,0000922224-26-000008,BS,77,Total Liabilities and Equity,LiabilitiesAndStockholdersEquity,us-gaap/2025,BALANCE_CONTROL,45244000000,20251231,0,USD,total_liabilities_and_equity
PPL,0000922224-26-000008,IS,26,"Interest Expense, Operating and Nonoperating",InterestExpense,us-gaap/2025,GROSS_INTEREST,808000000,20251231,4,USD,interest_expense
VRSK,0001437749-26-004452,BS,20,Short-term debt and current portion of long-term debt,DebtCurrent,us-gaap/2025,CURRENT_DEBT_AGGREGATE,1508900000,20251231,0,USD,current_debt
VRSK,0001437749-26-004452,BS,26,Long-term debt,LongTermDebtAndCapitalLeaseObligations,us-gaap/2025,NONCURRENT_DEBT_AGGREGATE,3228300000,20251231,0,USD,long_term_debt
VRSK,0001437749-26-004452,BS,20,Short-term debt and current portion of long-term debt,DebtCurrent,us-gaap/2025,CURRENT_DEBT_AGGREGATE,1508900000,20251231,0,USD,total_debt
VRSK,0001437749-26-004452,BS,26,Long-term debt,LongTermDebtAndCapitalLeaseObligations,us-gaap/2025,NONCURRENT_DEBT_AGGREGATE,3228300000,20251231,0,USD,total_debt
VRSK,0001437749-26-004452,BS,28,Operating lease liabilities,OperatingLeaseLiabilityNoncurrent,us-gaap/2025,OPERATING_LEASE,136900000,20251231,0,USD,operating_lease_liabilities
VRSK,0001437749-26-004452,BS,22,Operating lease liabilities,OperatingLeaseLiabilityCurrent,us-gaap/2025,OPERATING_LEASE,26300000,20251231,0,USD,operating_lease_liabilities
VRSK,0001437749-26-004452,BS,4,Cash and cash equivalents,CashAndCashEquivalentsAtCarryingValue,us-gaap/2025,CASH,2178200000,20251231,0,USD,cash_and_equivalents
VRSK,0001437749-26-004452,BS,41,Total liabilities and stockholders equity,LiabilitiesAndStockholdersEquity,us-gaap/2025,BALANCE_CONTROL,6195500000,20251231,0,USD,total_liabilities_and_equity
VRSK,0001437749-26-004452,BS,30,Total liabilities,Liabilities,us-gaap/2025,BALANCE_CONTROL,5885700000,20251231,0,USD,total_liabilities
VRSK,0001437749-26-004452,IS,15,"Interest expense, net",InterestExpenseNonoperating,us-gaap/2025,GROSS_INTEREST,170900000,20251231,4,USD,interest_expense
RF,0001281761-26-000019,BS,24,Short-term borrowings,ShortTermBorrowings,us-gaap/2025,CURRENT_DEBT,750000000,20251231,0,USD,current_debt
RF,0001281761-26-000019,BS,25,Long-term borrowings,LongTermDebt,us-gaap/2025,NONCURRENT_DEBT_AGGREGATE,4134000000,20251231,0,USD,long_term_debt
RF,0001281761-26-000019,BS,24,Short-term borrowings,ShortTermBorrowings,us-gaap/2025,CURRENT_DEBT,750000000,20251231,0,USD,total_debt
RF,0001281761-26-000019,BS,25,Long-term borrowings,LongTermDebt,us-gaap/2025,NONCURRENT_DEBT_AGGREGATE,4134000000,20251231,0,USD,total_debt
RF,0001281761-26-000019,BS,39,Total liabilities and equity,LiabilitiesAndStockholdersEquity,us-gaap/2025,BALANCE_CONTROL,158814000000,20251231,0,USD,total_liabilities_and_equity
RF,0001281761-26-000019,BS,28,Total liabilities,Liabilities,us-gaap/2025,BALANCE_CONTROL,139711000000,20251231,0,USD,total_liabilities
EL,0001001250-25-000099,BS,24,Long-term debt,LongTermDebtAndCapitalLeaseObligations,us-gaap/2024,NONCURRENT_DEBT_AGGREGATE,7314000000,20250630,0,USD,long_term_debt
EL,0001001250-25-000099,BS,24,Long-term debt,LongTermDebtAndCapitalLeaseObligations,us-gaap/2024,NONCURRENT_DEBT_AGGREGATE,7314000000,20250630,0,USD,total_debt
EL,0001001250-25-000099,BS,25,Long-term operating lease liabilities,OperatingLeaseLiabilityNoncurrent,us-gaap/2024,OPERATING_LEASE,1744000000,20250630,0,USD,operating_lease_liabilities
EL,0001001250-25-000099,BS,20,Operating lease liabilities,OperatingLeaseLiabilityCurrent,us-gaap/2024,OPERATING_LEASE,406000000,20250630,0,USD,operating_lease_liabilities
EL,0001001250-25-000099,BS,38,Total liabilities and equity,LiabilitiesAndStockholdersEquity,us-gaap/2024,BALANCE_CONTROL,19892000000,20250630,0,USD,total_liabilities_and_equity
EL,0001001250-25-000099,IS,12,Interest expense,InterestExpenseNonoperating,us-gaap/2024,GROSS_INTEREST,357000000,20250630,4,USD,interest_expense
PPG,0000079879-26-000046,BS,21,Short-term debt and current portion of long-term debt,DebtCurrent,us-gaap/2025,CURRENT_DEBT_AGGREGATE,706000000,20251231,0,USD,current_debt
PPG,0000079879-26-000046,BS,25,Long-term debt,LongTermDebtNoncurrent,us-gaap/2025,NONCURRENT_DEBT_AGGREGATE,6602000000,20251231,0,USD,long_term_debt
PPG,0000079879-26-000046,BS,21,Short-term debt and current portion of long-term debt,DebtCurrent,us-gaap/2025,CURRENT_DEBT_AGGREGATE,706000000,20251231,0,USD,total_debt
PPG,0000079879-26-000046,BS,25,Long-term debt,LongTermDebtNoncurrent,us-gaap/2025,NONCURRENT_DEBT_AGGREGATE,6602000000,20251231,0,USD,total_debt
PPG,0000079879-26-000046,BS,26,Operating lease liabilities,OperatingLeaseLiabilityNoncurrent,us-gaap/2025,OPERATING_LEASE,450000000,20251231,0,USD,operating_lease_liabilities
PPG,0000079879-26-000046,BS,22,Current portion of operating lease liabilities,OperatingLeaseLiabilityCurrent,us-gaap/2025,OPERATING_LEASE,138000000,20251231,0,USD,operating_lease_liabilities
PPG,0000079879-26-000046,BS,3,Cash and cash equivalents,CashAndCashEquivalentsAtCarryingValue,us-gaap/2025,CASH,2163000000,20251231,0,USD,cash_and_equivalents
PPG,0000079879-26-000046,BS,4,Short-term investments,ShortTermInvestments,us-gaap/2025,STI,56000000,20251231,0,USD,short_term_investments
PPG,0000079879-26-000046,BS,42,Total,LiabilitiesAndStockholdersEquity,us-gaap/2025,BALANCE_CONTROL,22098000000,20251231,0,USD,total_liabilities_and_equity
PPG,0000079879-26-000046,BS,31,Total liabilities,Liabilities,us-gaap/2025,BALANCE_CONTROL,14001000000,20251231,0,USD,total_liabilities
PPG,0000079879-26-000046,IS,7,Interest expense,InterestExpenseNonoperating,us-gaap/2025,GROSS_INTEREST,241000000,20251231,4,USD,interest_expense
Q,0002058873-26-000010,BS,22,Short-term borrowings,DebtCurrent,us-gaap/2025,CURRENT_DEBT_AGGREGATE,24000000,20251231,0,USD,current_debt
Q,0002058873-26-000010,BS,27,Long-Term Debt,LongTermDebtAndCapitalLeaseObligations,us-gaap/2025,NONCURRENT_DEBT_AGGREGATE,4003000000,20251231,0,USD,long_term_debt
Q,0002058873-26-000010,BS,22,Short-term borrowings,DebtCurrent,us-gaap/2025,CURRENT_DEBT_AGGREGATE,24000000,20251231,0,USD,total_debt
Q,0002058873-26-000010,BS,27,Long-Term Debt,LongTermDebtAndCapitalLeaseObligations,us-gaap/2025,NONCURRENT_DEBT_AGGREGATE,4003000000,20251231,0,USD,total_debt
Q,0002058873-26-000010,BS,3,Cash and cash equivalents,CashAndCashEquivalentsAtCarryingValue,us-gaap/2025,CASH,915000000,20251231,0,USD,cash_and_equivalents
Q,0002058873-26-000010,BS,45,Total Liabilities and Equity,LiabilitiesAndStockholdersEquity,us-gaap/2025,BALANCE_CONTROL,14070000000,20251231,0,USD,total_liabilities_and_equity
Q,0002058873-26-000010,BS,33,Total Liabilities,Liabilities,us-gaap/2025,BALANCE_CONTROL,6704000000,20251231,0,USD,total_liabilities
Q,0002058873-26-000010,IS,9,Interest expense,InterestAndDebtExpense,us-gaap/2025,GROSS_INTEREST,65000000,20251231,4,USD,interest_expense
TPR,0001116132-25-000019,BS,24,Current debt,LongTermDebtCurrent,us-gaap/2025,CURRENT_DEBT,16700000,20250630,0,USD,current_debt
TPR,0001116132-25-000019,BS,27,Long-term debt,LongTermDebt,us-gaap/2025,NONCURRENT_DEBT_AGGREGATE,2377900000,20250630,0,USD,long_term_debt
TPR,0001116132-25-000019,BS,24,Current debt,LongTermDebtCurrent,us-gaap/2025,CURRENT_DEBT,16700000,20250630,0,USD,total_debt
TPR,0001116132-25-000019,BS,27,Long-term debt,LongTermDebt,us-gaap/2025,NONCURRENT_DEBT_AGGREGATE,2377900000,20250630,0,USD,total_debt
TPR,0001116132-25-000019,BS,28,Long-term operating lease liabilities,OperatingLeaseLiabilityNoncurrent,us-gaap/2025,OPERATING_LEASE,1205600000,20250630,0,USD,operating_lease_liabilities
TPR,0001116132-25-000019,BS,23,Current portion of operating lease liabilities,OperatingLeaseLiabilityCurrent,us-gaap/2025,OPERATING_LEASE,299000000,20250630,0,USD,operating_lease_liabilities
TPR,0001116132-25-000019,BS,3,Cash and cash equivalents,CashAndCashEquivalentsAtCarryingValue,us-gaap/2025,CASH,1100000000,20250630,0,USD,cash_and_equivalents
TPR,0001116132-25-000019,BS,4,Short-term investments,ShortTermInvestments,us-gaap/2025,STI,19600000,20250630,0,USD,short_term_investments
TPR,0001116132-25-000019,BS,40,Total liabilities and stockholders equity,LiabilitiesAndStockholdersEquity,us-gaap/2025,BALANCE_CONTROL,6580500000,20250630,0,USD,total_liabilities_and_equity
TPR,0001116132-25-000019,BS,31,Total liabilities,Liabilities,us-gaap/2025,BALANCE_CONTROL,5722700000,20250630,0,USD,total_liabilities
TPR,0001116132-25-000019,CF,49,Cash paid for interest,InterestPaidNet,us-gaap/2025,INTEREST_PAID,394900000,20250630,4,USD,interest_expense
OMC,0000029989-26-000006,BS,20,Current portion of debt,NotesPayableCurrent,us-gaap/2025,CURRENT_DEBT,1399500000,20251231,0,USD,current_debt
OMC,0000029989-26-000006,BS,21,Short-term debt,ShortTermBorrowings,us-gaap/2025,CURRENT_DEBT,62000000,20251231,0,USD,current_debt
OMC,0000029989-26-000006,BS,28,Long-Term Debt,LongTermNotesPayable,us-gaap/2025,NONCURRENT_DEBT,7655000000,20251231,0,USD,long_term_debt
OMC,0000029989-26-000006,BS,20,Current portion of debt,NotesPayableCurrent,us-gaap/2025,CURRENT_DEBT,1399500000,20251231,0,USD,total_debt
OMC,0000029989-26-000006,BS,21,Short-term debt,ShortTermBorrowings,us-gaap/2025,CURRENT_DEBT,62000000,20251231,0,USD,total_debt
OMC,0000029989-26-000006,BS,28,Long-Term Debt,LongTermNotesPayable,us-gaap/2025,NONCURRENT_DEBT,7655000000,20251231,0,USD,total_debt
OMC,0000029989-26-000006,BS,27,Long-Term Liability - Operating Leases,OperatingLeaseLiabilityNoncurrent,us-gaap/2025,OPERATING_LEASE,1617000000,20251231,0,USD,operating_lease_liabilities
OMC,0000029989-26-000006,BS,43,TOTAL LIABILITIES AND EQUITY,LiabilitiesAndStockholdersEquity,us-gaap/2025,BALANCE_CONTROL,54415300000,20251231,0,USD,total_liabilities_and_equity
OMC,0000029989-26-000006,IS,11,Interest Expense,InterestExpense,us-gaap/2025,GROSS_INTEREST,263400000,20251231,4,USD,interest_expense
EXPD,0001193125-26-071569,BS,22,Noncurrent portion of operating lease liabilities,OperatingLeaseLiabilityNoncurrent,us-gaap/2025,OPERATING_LEASE,459698000,20251231,0,USD,operating_lease_liabilities
EXPD,0001193125-26-071569,BS,19,Current portion of operating lease liabilities,OperatingLeaseLiabilityCurrent,us-gaap/2025,OPERATING_LEASE,110891000,20251231,0,USD,operating_lease_liabilities
EXPD,0001193125-26-071569,BS,3,Cash and cash equivalents,CashAndCashEquivalentsAtCarryingValue,us-gaap/2025,CASH,1314285000,20251231,0,USD,cash_and_equivalents
EXPD,0001193125-26-071569,BS,34,Total liabilities and equity,LiabilitiesAndStockholdersEquity,us-gaap/2025,BALANCE_CONTROL,4893638000,20251231,0,USD,total_liabilities_and_equity
DRI,0000940944-25-000038,BS,18,Short-term debt,ShortTermBorrowings,us-gaap/2025,CURRENT_DEBT,0,20250531,0,USD,current_debt
DRI,0000940944-25-000038,BS,25,Long-term debt,LongTermDebt,us-gaap/2025,NONCURRENT_DEBT_AGGREGATE,2128900000,20250531,0,USD,long_term_debt
DRI,0000940944-25-000038,BS,18,Short-term debt,ShortTermBorrowings,us-gaap/2025,CURRENT_DEBT,0,20250531,0,USD,total_debt
DRI,0000940944-25-000038,BS,25,Long-term debt,LongTermDebt,us-gaap/2025,NONCURRENT_DEBT_AGGREGATE,2128900000,20250531,0,USD,total_debt
DRI,0000940944-25-000038,BS,27,Operating lease liabilities - non-current,OperatingLeaseLiabilityNoncurrent,us-gaap/2025,OPERATING_LEASE,3816900000,20250531,0,USD,operating_lease_liabilities
DRI,0000940944-25-000038,BS,3,Cash and cash equivalents,CashAndCashEquivalentsAtCarryingValue,us-gaap/2025,CASH,240000000,20250531,0,USD,cash_and_equivalents
DRI,0000940944-25-000038,BS,36,Total liabilities and stockholders equity,LiabilitiesAndStockholdersEquity,us-gaap/2025,BALANCE_CONTROL,12587000000,20250531,0,USD,total_liabilities_and_equity
DRI,0000940944-25-000038,BS,29,Total liabilities,Liabilities,us-gaap/2025,BALANCE_CONTROL,10275700000,20250531,0,USD,total_liabilities
VLTO,0001967680-26-000011,BS,15,Current portion of long-term debt,LongTermDebtCurrent,us-gaap/2025,CURRENT_DEBT,700000000,20251231,0,USD,current_debt
VLTO,0001967680-26-000011,BS,20,Long-term debt,LongTermDebtNoncurrent,us-gaap/2025,NONCURRENT_DEBT_AGGREGATE,1973000000,20251231,0,USD,long_term_debt
VLTO,0001967680-26-000011,BS,15,Current portion of long-term debt,LongTermDebtCurrent,us-gaap/2025,CURRENT_DEBT,700000000,20251231,0,USD,total_debt
VLTO,0001967680-26-000011,BS,20,Long-term debt,LongTermDebtNoncurrent,us-gaap/2025,NONCURRENT_DEBT_AGGREGATE,1973000000,20251231,0,USD,total_debt
VLTO,0001967680-26-000011,BS,3,Cash and cash equivalents,CashAndCashEquivalentsAtCarryingValue,us-gaap/2025,CASH,2031000000,20251231,0,USD,cash_and_equivalents
VLTO,0001967680-26-000011,BS,30,Total liabilities and stockholders equity,LiabilitiesAndStockholdersEquity,us-gaap/2025,BALANCE_CONTROL,7693000000,20251231,0,USD,total_liabilities_and_equity
VLTO,0001967680-26-000011,IS,10,"Interest expense, net",InterestExpenseNonoperating,us-gaap/2025,GROSS_INTEREST,96000000,20251231,4,USD,interest_expense
WST,0000105770-26-000010,BS,26,Long-term debt,LongTermDebtNoncurrent,us-gaap/2025,NONCURRENT_DEBT_AGGREGATE,202800000,20251231,0,USD,long_term_debt
WST,0000105770-26-000010,BS,26,Long-term debt,LongTermDebtNoncurrent,us-gaap/2025,NONCURRENT_DEBT_AGGREGATE,202800000,20251231,0,USD,total_debt
WST,0000105770-26-000010,BS,29,Operating lease liabilities,OperatingLeaseLiabilityNoncurrent,us-gaap/2025,OPERATING_LEASE,95600000,20251231,0,USD,operating_lease_liabilities
WST,0000105770-26-000010,BS,23,Operating lease liabilities,OperatingLeaseLiabilityCurrent,us-gaap/2025,OPERATING_LEASE,22700000,20251231,0,USD,operating_lease_liabilities
WST,0000105770-26-000010,BS,3,Cash and cash equivalents,CashAndCashEquivalentsAtCarryingValue,us-gaap/2025,CASH,791300000,20251231,0,USD,cash_and_equivalents
WST,0000105770-26-000010,BS,42,Total Liabilities and Equity,LiabilitiesAndStockholdersEquity,us-gaap/2025,BALANCE_CONTROL,4270000000,20251231,0,USD,total_liabilities_and_equity
WST,0000105770-26-000010,BS,32,Total Liabilities,Liabilities,us-gaap/2025,BALANCE_CONTROL,1094000000,20251231,0,USD,total_liabilities
WST,0000105770-26-000010,IS,8,Interest expense,InterestExpenseNonoperating,us-gaap/2025,GROSS_INTEREST,500000,20251231,4,USD,interest_expense
PHM,0000822416-26-000007,BS,20,Notes payable,NotesPayable,us-gaap/2025,NONCURRENT_DEBT,1631098000,20251231,0,USD,long_term_debt
PHM,0000822416-26-000007,BS,20,Notes payable,NotesPayable,us-gaap/2025,NONCURRENT_DEBT,1631098000,20251231,0,USD,total_debt
PHM,0000822416-26-000007,BS,2,Cash and equivalents,CashAndCashEquivalentsAtCarryingValue,us-gaap/2025,CASH,1980869000,20251231,0,USD,cash_and_equivalents
PHM,0000822416-26-000007,BS,27,Total liabilities and shareholders' equity,LiabilitiesAndStockholdersEquity,us-gaap/2025,BALANCE_CONTROL,18048423000,20251231,0,USD,total_liabilities_and_equity
PHM,0000822416-26-000007,BS,21,Total liabilities,Liabilities,us-gaap/2025,BALANCE_CONTROL,5062981000,20251231,0,USD,total_liabilities
HUBB,0001628280-26-007500,BS,18,Short-term debt,DebtCurrent,us-gaap/2025,CURRENT_DEBT_AGGREGATE,289100000,20251231,0,USD,current_debt
HUBB,0001628280-26-007500,BS,24,Long-term Debt,LongTermDebtNoncurrent,us-gaap/2025,NONCURRENT_DEBT_AGGREGATE,2036300000,20251231,0,USD,long_term_debt
HUBB,0001628280-26-007500,BS,18,Short-term debt,DebtCurrent,us-gaap/2025,CURRENT_DEBT_AGGREGATE,289100000,20251231,0,USD,total_debt
HUBB,0001628280-26-007500,BS,24,Long-term Debt,LongTermDebtNoncurrent,us-gaap/2025,NONCURRENT_DEBT_AGGREGATE,2036300000,20251231,0,USD,total_debt
HUBB,0001628280-26-007500,BS,3,Cash and cash equivalents,CashAndCashEquivalentsAtCarryingValue,us-gaap/2025,CASH,482500000,20251231,0,USD,cash_and_equivalents
HUBB,0001628280-26-007500,BS,4,Short-term investments,ShortTermInvestments,us-gaap/2025,STI,15400000,20251231,0,USD,short_term_investments
HUBB,0001628280-26-007500,BS,36,TOTAL LIABILITIES AND EQUITY,LiabilitiesAndStockholdersEquity,us-gaap/2025,BALANCE_CONTROL,8228800000,20251231,0,USD,total_liabilities_and_equity
HUBB,0001628280-26-007500,BS,26,TOTAL LIABILITIES,Liabilities,us-gaap/2025,BALANCE_CONTROL,4370900000,20251231,0,USD,total_liabilities
FE,0001031296-26-000046,BS,33,Currently payable long-term debt,LongTermDebtAndCapitalLeaseObligationsCurrent,us-gaap/2025,CURRENT_DEBT_AGGREGATE,723000000,20251231,0,USD,current_debt
FE,0001031296-26-000046,BS,44,Long-term debt and other long-term obligations,LongTermDebtAndCapitalLeaseObligations,us-gaap/2025,NONCURRENT_DEBT_AGGREGATE,25508000000,20251231,0,USD,long_term_debt
FE,0001031296-26-000046,BS,33,Currently payable long-term debt,LongTermDebtAndCapitalLeaseObligationsCurrent,us-gaap/2025,CURRENT_DEBT_AGGREGATE,723000000,20251231,0,USD,total_debt
FE,0001031296-26-000046,BS,44,Long-term debt and other long-term obligations,LongTermDebtAndCapitalLeaseObligations,us-gaap/2025,NONCURRENT_DEBT_AGGREGATE,25508000000,20251231,0,USD,total_debt
FE,0001031296-26-000046,BS,8,Cash and cash equivalents,CashAndCashEquivalentsAtCarryingValue,us-gaap/2025,CASH,57000000,20251231,0,USD,cash_and_equivalents
FE,0001031296-26-000046,BS,61,TOTAL LIABILITIES AND EQUITY,LiabilitiesAndStockholdersEquity,us-gaap/2025,BALANCE_CONTROL,55904000000,20251231,0,USD,total_liabilities_and_equity
FE,0001031296-26-000046,BS,50,TOTAL LIABILITIES,Liabilities,us-gaap/2025,BALANCE_CONTROL,41978000000,20251231,0,USD,total_liabilities
FE,0001031296-26-000046,CF,49,Interest (net of amounts capitalized),InterestPaidNet,us-gaap/2025,INTEREST_PAID,999000000,20251231,4,USD,interest_expense
TROW,0001628280-26-008002,BS,15,Operating lease liabilities,OperatingLeaseLiability,us-gaap/2025,OPERATING_LEASE,447200000,20251231,0,USD,operating_lease_liabilities
TROW,0001628280-26-008002,BS,2,Cash and cash equivalents,CashAndCashEquivalentsAtCarryingValue,us-gaap/2025,CASH,3378200000,20251231,0,USD,cash_and_equivalents
TROW,0001628280-26-008002,BS,31,"Total liabilities, redeemable non-controlling interests, and permanent stockholders' equity",LiabilitiesAndStockholdersEquity,us-gaap/2025,BALANCE_CONTROL,14341800000,20251231,0,USD,total_liabilities_and_equity
TROW,0001628280-26-008002,BS,19,Total liabilities,Liabilities,us-gaap/2025,BALANCE_CONTROL,2288600000,20251231,0,USD,total_liabilities
VRSN,0001014473-26-000006,BS,24,"Senior Notes, Noncurrent",SeniorLongTermNotes,us-gaap/2025,NONCURRENT_DEBT,1788200000,20251231,0,USD,long_term_debt
VRSN,0001014473-26-000006,BS,24,"Senior Notes, Noncurrent",SeniorLongTermNotes,us-gaap/2025,NONCURRENT_DEBT,1788200000,20251231,0,USD,total_debt
VRSN,0001014473-26-000006,BS,7,Cash and cash equivalents,CashAndCashEquivalentsAtCarryingValue,us-gaap/2025,CASH,307900000,20251231,0,USD,cash_and_equivalents
VRSN,0001014473-26-000006,BS,8,Marketable securities,MarketableSecuritiesCurrent,us-gaap/2025,STI,272600000,20251231,0,USD,short_term_investments
VRSN,0001014473-26-000006,BS,35,Total liabilities and stockholders' deficit,LiabilitiesAndStockholdersEquity,us-gaap/2025,BALANCE_CONTROL,1325900000,20251231,0,USD,total_liabilities_and_equity
VRSN,0001014473-26-000006,BS,27,Total liabilities,Liabilities,us-gaap/2025,BALANCE_CONTROL,3480100000,20251231,0,USD,total_liabilities
VRSN,0001014473-26-000006,IS,12,Interest expense,InterestExpense,us-gaap/2025,GROSS_INTEREST,77000000,20251231,4,USD,interest_expense
CHD,0001193125-26-048139,BS,21,Long-term Debt,LongTermDebtNoncurrent,us-gaap/2025,NONCURRENT_DEBT_AGGREGATE,2205100000,20251231,0,USD,long_term_debt
CHD,0001193125-26-048139,BS,21,Long-term Debt,LongTermDebtNoncurrent,us-gaap/2025,NONCURRENT_DEBT_AGGREGATE,2205100000,20251231,0,USD,total_debt
CHD,0001193125-26-048139,BS,3,Cash and cash equivalents,CashAndCashEquivalentsAtCarryingValue,us-gaap/2025,CASH,409000000,20251231,0,USD,cash_and_equivalents
CHD,0001193125-26-048139,BS,34,Total Liabilities and Stockholders Equity,LiabilitiesAndStockholdersEquity,us-gaap/2025,BALANCE_CONTROL,8912400000,20251231,0,USD,total_liabilities_and_equity
CHD,0001193125-26-048139,BS,24,Total Liabilities,Liabilities,us-gaap/2025,BALANCE_CONTROL,4910200000,20251231,0,USD,total_liabilities
CHD,0001193125-26-048139,IS,15,Interest expense,InterestExpense,us-gaap/2025,GROSS_INTEREST,95200000,20251231,4,USD,interest_expense
EXE,0000895126-26-000011,BS,25,"Current maturities of long-term debt, net",LongTermDebtCurrent,us-gaap/2025,CURRENT_DEBT,0,20251231,0,USD,current_debt
EXE,0000895126-26-000011,BS,30,"Long-term debt, net",LongTermDebtNoncurrent,us-gaap/2025,NONCURRENT_DEBT_AGGREGATE,5009000000,20251231,0,USD,long_term_debt
EXE,0000895126-26-000011,BS,25,"Current maturities of long-term debt, net",LongTermDebtCurrent,us-gaap/2025,CURRENT_DEBT,0,20251231,0,USD,total_debt
EXE,0000895126-26-000011,BS,30,"Long-term debt, net",LongTermDebtNoncurrent,us-gaap/2025,NONCURRENT_DEBT_AGGREGATE,5009000000,20251231,0,USD,total_debt
EXE,0000895126-26-000011,BS,3,Cash and cash equivalents,CashAndCashEquivalentsAtCarryingValue,us-gaap/2025,CASH,616000000,20251231,0,USD,cash_and_equivalents
EXE,0000895126-26-000011,BS,42,Total liabilities and stockholders' equity,LiabilitiesAndStockholdersEquity,us-gaap/2025,BALANCE_CONTROL,28287000000,20251231,0,USD,total_liabilities_and_equity
EXE,0000895126-26-000011,BS,35,Total liabilities,Liabilities,us-gaap/2025,BALANCE_CONTROL,9709000000,20251231,0,USD,total_liabilities
EXE,0000895126-26-000011,IS,26,Interest expense,InterestExpenseNonoperating,us-gaap/2025,GROSS_INTEREST,235000000,20251231,4,USD,interest_expense
ULTA,0001104659-26-035243,BS,24,Short-term debt,ShortTermBorrowings,us-gaap/2025,CURRENT_DEBT,62287000,20260131,0,USD,current_debt
ULTA,0001104659-26-035243,BS,24,Short-term debt,ShortTermBorrowings,us-gaap/2025,CURRENT_DEBT,62287000,20260131,0,USD,total_debt
ULTA,0001104659-26-035243,BS,26,Non-current operating lease liabilities,OperatingLeaseLiabilityNoncurrent,us-gaap/2025,OPERATING_LEASE,1813103000,20260131,0,USD,operating_lease_liabilities
ULTA,0001104659-26-035243,BS,22,Current operating lease liabilities,OperatingLeaseLiabilityCurrent,us-gaap/2025,OPERATING_LEASE,306671000,20260131,0,USD,operating_lease_liabilities
ULTA,0001104659-26-035243,BS,3,Cash and cash equivalents,CashAndCashEquivalentsAtCarryingValue,us-gaap/2025,CASH,424243000,20260131,0,USD,cash_and_equivalents
ULTA,0001104659-26-035243,BS,4,Short-term investments,ShortTermInvestments,us-gaap/2025,STI,70000000,20260131,0,USD,short_term_investments
ULTA,0001104659-26-035243,BS,38,Total liabilities and stockholders' equity,LiabilitiesAndStockholdersEquity,us-gaap/2025,BALANCE_CONTROL,6999294000,20260131,0,USD,total_liabilities_and_equity
ULTA,0001104659-26-035243,BS,29,Total liabilities,Liabilities,us-gaap/2025,BALANCE_CONTROL,4195843000,20260131,0,USD,total_liabilities
ULTA,0001104659-26-035243,CF,40,Cash paid for interest,InterestPaidNet,us-gaap/2025,INTEREST_PAID,9673000,20260131,4,USD,interest_expense
NRG,0001013871-26-000004,BS,31,Current portion of long-term debt and finance leases,LongTermDebtAndCapitalLeaseObligationsCurrent,us-gaap/2025,CURRENT_DEBT_AGGREGATE,31000000,20251231,0,USD,current_debt
NRG,0001013871-26-000004,BS,40,Long-term debt and finance leases,LongTermDebtAndCapitalLeaseObligations,us-gaap/2025,NONCURRENT_DEBT_AGGREGATE,16412000000,20251231,0,USD,long_term_debt
NRG,0001013871-26-000004,BS,31,Current portion of long-term debt and finance leases,LongTermDebtAndCapitalLeaseObligationsCurrent,us-gaap/2025,CURRENT_DEBT_AGGREGATE,31000000,20251231,0,USD,total_debt
NRG,0001013871-26-000004,BS,40,Long-term debt and finance leases,LongTermDebtAndCapitalLeaseObligations,us-gaap/2025,NONCURRENT_DEBT_AGGREGATE,16412000000,20251231,0,USD,total_debt
NRG,0001013871-26-000004,BS,41,Non-current operating lease liabilities,OperatingLeaseLiabilityNoncurrent,us-gaap/2025,OPERATING_LEASE,144000000,20251231,0,USD,operating_lease_liabilities
NRG,0001013871-26-000004,BS,32,Current portion of operating lease liabilities,OperatingLeaseLiabilityCurrent,us-gaap/2025,OPERATING_LEASE,35000000,20251231,0,USD,operating_lease_liabilities
NRG,0001013871-26-000004,BS,9,Cash and cash equivalents,CashAndCashEquivalentsAtCarryingValue,us-gaap/2025,CASH,4708000000,20251231,0,USD,cash_and_equivalents
NRG,0001013871-26-000004,BS,57,Total Liabilities and Stockholders' Equity,LiabilitiesAndStockholdersEquity,us-gaap/2025,BALANCE_CONTROL,29140000000,20251231,0,USD,total_liabilities_and_equity
NRG,0001013871-26-000004,BS,47,Total Liabilities,Liabilities,us-gaap/2025,BALANCE_CONTROL,27459000000,20251231,0,USD,total_liabilities
NRG,0001013871-26-000004,IS,17,Interest expense,InterestExpenseNonoperating,us-gaap/2025,GROSS_INTEREST,741000000,20251231,4,USD,interest_expense
FFIV,0001048695-25-000157,BS,21,"Operating lease liabilities, long-term",OperatingLeaseLiabilityNoncurrent,us-gaap/2025,OPERATING_LEASE,230749000,20250930,0,USD,operating_lease_liabilities
FFIV,0001048695-25-000157,BS,2,Cash and cash equivalents,CashAndCashEquivalentsAtCarryingValue,us-gaap/2025,CASH,1344273000,20250930,0,USD,cash_and_equivalents
FFIV,0001048695-25-000157,BS,31,Total liabilities and shareholders equity,LiabilitiesAndStockholdersEquity,us-gaap/2025,BALANCE_CONTROL,6319492000,20250930,0,USD,total_liabilities_and_equity
FFIV,0001048695-25-000157,CF,39,Cash paid for interest on long-term debt,InterestPaidNet,us-gaap/2025,INTEREST_PAID,0,20250930,4,USD,interest_expense
DLTR,0000935703-26-000025,BS,17,Current portion of long-term debt,LongTermDebtCurrent,us-gaap/2025,CURRENT_DEBT,0,20260131,0,USD,current_debt
DLTR,0000935703-26-000025,BS,24,"Long-term debt, net, excluding current portion",LongTermDebtNoncurrent,us-gaap/2025,NONCURRENT_DEBT_AGGREGATE,2431700000,20260131,0,USD,long_term_debt
DLTR,0000935703-26-000025,BS,17,Current portion of long-term debt,LongTermDebtCurrent,us-gaap/2025,CURRENT_DEBT,0,20260131,0,USD,total_debt
DLTR,0000935703-26-000025,BS,24,"Long-term debt, net, excluding current portion",LongTermDebtNoncurrent,us-gaap/2025,NONCURRENT_DEBT_AGGREGATE,2431700000,20260131,0,USD,total_debt
DLTR,0000935703-26-000025,BS,25,"Operating lease liabilities, long-term",OperatingLeaseLiabilityNoncurrent,us-gaap/2025,OPERATING_LEASE,3623700000,20260131,0,USD,operating_lease_liabilities
DLTR,0000935703-26-000025,BS,18,Current portion of operating lease liabilities,OperatingLeaseLiabilityCurrent,us-gaap/2025,OPERATING_LEASE,1000200000,20260131,0,USD,operating_lease_liabilities
DLTR,0000935703-26-000025,BS,3,Cash and cash equivalents,CashAndCashEquivalentsAtCarryingValue,us-gaap/2025,CASH,717800000,20260131,0,USD,cash_and_equivalents
DLTR,0000935703-26-000025,BS,37,Total liabilities and shareholders equity,LiabilitiesAndStockholdersEquity,us-gaap/2025,BALANCE_CONTROL,13466200000,20260131,0,USD,total_liabilities_and_equity
DLTR,0000935703-26-000025,BS,29,Total liabilities,Liabilities,us-gaap/2025,BALANCE_CONTROL,9711300000,20260131,0,USD,total_liabilities
DLTR,0000935703-26-000025,CF,49,"Interest, net of amounts capitalized",InterestPaidNet,us-gaap/2025,INTEREST_PAID,125400000,20260131,4,USD,interest_expense
STE,0001628280-26-039136,BS,20,Short-term Debt,ShortTermBorrowings,us-gaap/2026,CURRENT_DEBT,118900000,20260331,0,USD,current_debt
STE,0001628280-26-039136,BS,23,Long-term indebtedness,LongTermDebtNoncurrent,us-gaap/2026,NONCURRENT_DEBT_AGGREGATE,1812800000,20260331,0,USD,long_term_debt
STE,0001628280-26-039136,BS,20,Short-term Debt,ShortTermBorrowings,us-gaap/2026,CURRENT_DEBT,118900000,20260331,0,USD,total_debt
STE,0001628280-26-039136,BS,23,Long-term indebtedness,LongTermDebtNoncurrent,us-gaap/2026,NONCURRENT_DEBT_AGGREGATE,1812800000,20260331,0,USD,total_debt
STE,0001628280-26-039136,BS,25,"Capital Lease Obligations, Noncurrent",OperatingLeaseLiabilityNoncurrent,us-gaap/2026,OPERATING_LEASE,119600000,20260331,0,USD,operating_lease_liabilities
STE,0001628280-26-039136,BS,19,"Capital Lease Obligations, Current",OperatingLeaseLiabilityCurrent,us-gaap/2026,OPERATING_LEASE,35800000,20260331,0,USD,operating_lease_liabilities
STE,0001628280-26-039136,BS,35,Total liabilities and equity,LiabilitiesAndStockholdersEquity,us-gaap/2026,BALANCE_CONTROL,10737200000,20260331,0,USD,total_liabilities_and_equity
STE,0001628280-26-039136,BS,27,Total liabilities,Liabilities,us-gaap/2026,BALANCE_CONTROL,3540000000,20260331,0,USD,total_liabilities
STE,0001628280-26-039136,IS,20,Interest expense,InterestExpenseNonoperating,us-gaap/2026,GROSS_INTEREST,60700000,20260331,4,USD,interest_expense
EFX,0000033185-26-000010,BS,22,Short-term debt and current maturities of long-term debt,DebtCurrent,us-gaap/2025,CURRENT_DEBT_AGGREGATE,1038000000,20251231,0,USD,current_debt
EFX,0000033185-26-000010,BS,29,Long-term debt,LongTermDebtNoncurrent,us-gaap/2025,NONCURRENT_DEBT_AGGREGATE,4055300000,20251231,0,USD,long_term_debt
EFX,0000033185-26-000010,BS,22,Short-term debt and current maturities of long-term debt,DebtCurrent,us-gaap/2025,CURRENT_DEBT_AGGREGATE,1038000000,20251231,0,USD,total_debt
EFX,0000033185-26-000010,BS,29,Long-term debt,LongTermDebtNoncurrent,us-gaap/2025,NONCURRENT_DEBT_AGGREGATE,4055300000,20251231,0,USD,total_debt
EFX,0000033185-26-000010,BS,3,Cash and cash equivalents,CashAndCashEquivalentsAtCarryingValue,us-gaap/2025,CASH,180800000,20251231,0,USD,cash_and_equivalents
EFX,0000033185-26-000010,BS,47,"Total liabilities, redeemable noncontrolling interests, and shareholders' equity",LiabilitiesAndStockholdersEquity,us-gaap/2025,BALANCE_CONTROL,11864200000,20251231,0,USD,total_liabilities_and_equity
EFX,0000033185-26-000010,BS,33,Total liabilities,Liabilities,us-gaap/2025,BALANCE_CONTROL,7126000000,20251231,0,USD,total_liabilities
EFX,0000033185-26-000010,IS,8,Interest expense,InterestExpenseNonoperating,us-gaap/2025,GROSS_INTEREST,212300000,20251231,4,USD,interest_expense
IFF,0000051253-26-000006,BS,17,Short-term debt and current portion of long-term debt,DebtCurrent,us-gaap/2025,CURRENT_DEBT_AGGREGATE,1254000000,20251231,0,USD,current_debt
IFF,0000051253-26-000006,BS,25,Long-term debt,LongTermDebtNoncurrent,us-gaap/2025,NONCURRENT_DEBT_AGGREGATE,4740000000,20251231,0,USD,long_term_debt
IFF,0000051253-26-000006,BS,17,Short-term debt and current portion of long-term debt,DebtCurrent,us-gaap/2025,CURRENT_DEBT_AGGREGATE,1254000000,20251231,0,USD,total_debt
IFF,0000051253-26-000006,BS,25,Long-term debt,LongTermDebtNoncurrent,us-gaap/2025,NONCURRENT_DEBT_AGGREGATE,4740000000,20251231,0,USD,total_debt
IFF,0000051253-26-000006,BS,28,Operating lease liabilities,OperatingLeaseLiabilityNoncurrent,us-gaap/2025,OPERATING_LEASE,533000000,20251231,0,USD,operating_lease_liabilities
IFF,0000051253-26-000006,BS,41,Total Liabilities and Shareholders Equity,LiabilitiesAndStockholdersEquity,us-gaap/2025,BALANCE_CONTROL,25539000000,20251231,0,USD,total_liabilities_and_equity
IFF,0000051253-26-000006,IS,11,Interest expense,InterestExpenseNonoperating,us-gaap/2025,GROSS_INTEREST,229000000,20251231,4,USD,interest_expense
KHC,0001637459-26-000009,BS,15,Current portion of long-term debt,LongTermDebtAndCapitalLeaseObligationsCurrent,us-gaap/2025,CURRENT_DEBT_AGGREGATE,1908000000,20251231,0,USD,current_debt
KHC,0001637459-26-000009,BS,22,Long-term debt,LongTermDebtAndCapitalLeaseObligations,us-gaap/2025,NONCURRENT_DEBT_AGGREGATE,19311000000,20251231,0,USD,long_term_debt
KHC,0001637459-26-000009,BS,15,Current portion of long-term debt,LongTermDebtAndCapitalLeaseObligationsCurrent,us-gaap/2025,CURRENT_DEBT_AGGREGATE,1908000000,20251231,0,USD,total_debt
KHC,0001637459-26-000009,BS,22,Long-term debt,LongTermDebtAndCapitalLeaseObligations,us-gaap/2025,NONCURRENT_DEBT_AGGREGATE,19311000000,20251231,0,USD,total_debt
KHC,0001637459-26-000009,BS,2,Cash and cash equivalents,CashAndCashEquivalentsAtCarryingValue,us-gaap/2025,CASH,2615000000,20251231,0,USD,cash_and_equivalents
KHC,0001637459-26-000009,BS,39,TOTAL LIABILITIES AND EQUITY,LiabilitiesAndStockholdersEquity,us-gaap/2025,BALANCE_CONTROL,81786000000,20251231,0,USD,total_liabilities_and_equity
KHC,0001637459-26-000009,BS,27,TOTAL LIABILITIES,Liabilities,us-gaap/2025,BALANCE_CONTROL,39997000000,20251231,0,USD,total_liabilities
KHC,0001637459-26-000009,IS,9,Interest expense,InterestExpense,us-gaap/2025,GROSS_INTEREST,947000000,20251231,4,USD,interest_expense
DOW,0001751788-26-000018,BS,22,Long-term debt due within one year,LongTermDebtAndCapitalLeaseObligationsCurrent,us-gaap/2025,CURRENT_DEBT_AGGREGATE,222000000,20251231,0,USD,current_debt
DOW,0001751788-26-000018,BS,29,Long-Term Debt (variable interest entities restricted - 2025: $190; 2024: $),LongTermDebtAndCapitalLeaseObligations,us-gaap/2025,NONCURRENT_DEBT_AGGREGATE,17849000000,20251231,0,USD,long_term_debt
DOW,0001751788-26-000018,BS,22,Long-term debt due within one year,LongTermDebtAndCapitalLeaseObligationsCurrent,us-gaap/2025,CURRENT_DEBT_AGGREGATE,222000000,20251231,0,USD,total_debt
DOW,0001751788-26-000018,BS,29,Long-Term Debt (variable interest entities restricted - 2025: $190; 2024: $),LongTermDebtAndCapitalLeaseObligations,us-gaap/2025,NONCURRENT_DEBT_AGGREGATE,17849000000,20251231,0,USD,total_debt
DOW,0001751788-26-000018,BS,33,Operating lease liabilities - noncurrent,OperatingLeaseLiabilityNoncurrent,us-gaap/2025,OPERATING_LEASE,1097000000,20251231,0,USD,operating_lease_liabilities
DOW,0001751788-26-000018,BS,25,Operating lease liabilities - current,OperatingLeaseLiabilityCurrent,us-gaap/2025,OPERATING_LEASE,340000000,20251231,0,USD,operating_lease_liabilities
DOW,0001751788-26-000018,BS,1,Cash and cash equivalents,CashAndCashEquivalentsAtCarryingValue,us-gaap/2025,CASH,3816000000,20251231,0,USD,cash_and_equivalents
DOW,0001751788-26-000018,BS,44,Total Liabilities and Equity,LiabilitiesAndStockholdersEquity,us-gaap/2025,BALANCE_CONTROL,58538000000,20251231,0,USD,total_liabilities_and_equity
DOW,0001751788-26-000018,IS,10,Interest expense and amortization of debt discount,InterestExpenseDebt,us-gaap/2025,GROSS_INTEREST,865000000,20251231,4,USD,interest_expense
FSLR,0001274494-26-000021,BS,28,Current portion of debt,DebtCurrent,us-gaap/2025,CURRENT_DEBT_AGGREGATE,215979000,20251231,0,USD,current_debt
FSLR,0001274494-26-000021,BS,33,Long-term debt,LongTermDebtNoncurrent,us-gaap/2025,NONCURRENT_DEBT_AGGREGATE,282593000,20251231,0,USD,long_term_debt
FSLR,0001274494-26-000021,BS,28,Current portion of debt,DebtCurrent,us-gaap/2025,CURRENT_DEBT_AGGREGATE,215979000,20251231,0,USD,total_debt
FSLR,0001274494-26-000021,BS,33,Long-term debt,LongTermDebtNoncurrent,us-gaap/2025,NONCURRENT_DEBT_AGGREGATE,282593000,20251231,0,USD,total_debt
FSLR,0001274494-26-000021,BS,7,Cash and cash equivalents,CashAndCashEquivalentsAtCarryingValue,us-gaap/2025,CASH,2803514000,20251231,0,USD,cash_and_equivalents
FSLR,0001274494-26-000021,BS,8,Marketable securities,AvailableForSaleSecuritiesDebtSecuritiesCurrent,us-gaap/2025,STI,51849000,20251231,0,USD,short_term_investments
FSLR,0001274494-26-000021,BS,44,Total liabilities and stockholders' equity,LiabilitiesAndStockholdersEquity,us-gaap/2025,BALANCE_CONTROL,13321310000,20251231,0,USD,total_liabilities_and_equity
FSLR,0001274494-26-000021,BS,36,Total liabilities,Liabilities,us-gaap/2025,BALANCE_CONTROL,3783317000,20251231,0,USD,total_liabilities
FSLR,0001274494-26-000021,IS,18,"Interest Expense, net",InterestExpenseNonoperating,us-gaap/2025,GROSS_INTEREST,44131000,20251231,4,USD,interest_expense
PFG,0001104659-26-017031,BS,27,Short-term debt (2025 and 2024 include $0.0 million and $119.0 million related to consolidated variable interest entities),ShortTermBorrowings,us-gaap/2025,CURRENT_DEBT,27700000,20251231,0,USD,current_debt
PFG,0001104659-26-017031,BS,28,Long-term debt,LongTermDebt,us-gaap/2025,NONCURRENT_DEBT_AGGREGATE,3926300000,20251231,0,USD,long_term_debt
PFG,0001104659-26-017031,BS,27,Short-term debt (2025 and 2024 include $0.0 million and $119.0 million related to consolidated variable interest entities),ShortTermBorrowings,us-gaap/2025,CURRENT_DEBT,27700000,20251231,0,USD,total_debt
PFG,0001104659-26-017031,BS,28,Long-term debt,LongTermDebt,us-gaap/2025,NONCURRENT_DEBT_AGGREGATE,3926300000,20251231,0,USD,total_debt
PFG,0001104659-26-017031,BS,10,Cash and cash equivalents (2025 and 2024 include $89.1 million and $86.1 million related to consolidated variable interest entities),CashAndCashEquivalentsAtCarryingValue,us-gaap/2025,CASH,4431000000,20251231,0,USD,cash_and_equivalents
PFG,0001104659-26-017031,BS,45,Total liabilities and stockholders' equity,LiabilitiesAndStockholdersEquity,us-gaap/2025,BALANCE_CONTROL,341376500000,20251231,0,USD,total_liabilities_and_equity
PFG,0001104659-26-017031,BS,34,Total liabilities,Liabilities,us-gaap/2025,BALANCE_CONTROL,328985200000,20251231,0,USD,total_liabilities
PFG,0001104659-26-017031,CF,58,Cash paid for interest,InterestPaidNet,us-gaap/2025,INTEREST_PAID,172600000,20251231,4,USD,interest_expense
TPL,0001811074-26-000018,BS,30,Credit facility,LinesOfCreditCurrent,us-gaap/2025,CURRENT_DEBT,0,20251231,0,USD,current_debt
TPL,0001811074-26-000018,BS,30,Credit facility,LinesOfCreditCurrent,us-gaap/2025,CURRENT_DEBT,0,20251231,0,USD,total_debt
TPL,0001811074-26-000018,BS,34,Operating lease liabilities,OperatingLeaseLiabilityNoncurrent,us-gaap/2025,OPERATING_LEASE,16175000,20251231,0,USD,operating_lease_liabilities
TPL,0001811074-26-000018,BS,8,Cash and cash equivalents,CashAndCashEquivalentsAtCarryingValue,us-gaap/2025,CASH,144809000,20251231,0,USD,cash_and_equivalents
TPL,0001811074-26-000018,BS,46,Total liabilities and equity,LiabilitiesAndStockholdersEquity,us-gaap/2025,BALANCE_CONTROL,1623278000,20251231,0,USD,total_liabilities_and_equity
TPL,0001811074-26-000018,BS,36,Total liabilities,Liabilities,us-gaap/2025,BALANCE_CONTROL,164371000,20251231,0,USD,total_liabilities
TPL,0001811074-26-000018,IS,20,Interest expense,InterestExpenseNonoperating,us-gaap/2025,GROSS_INTEREST,690000,20251231,4,USD,interest_expense
GPN,0001123360-26-000008,BS,20,Current portion of long-term debt,LongTermDebtAndCapitalLeaseObligationsCurrent,us-gaap/2025,CURRENT_DEBT_AGGREGATE,1920792000,20251231,0,USD,current_debt
GPN,0001123360-26-000008,BS,25,Long-term debt,LongTermDebtAndCapitalLeaseObligations,us-gaap/2025,NONCURRENT_DEBT_AGGREGATE,19541512000,20251231,0,USD,long_term_debt
GPN,0001123360-26-000008,BS,20,Current portion of long-term debt,LongTermDebtAndCapitalLeaseObligationsCurrent,us-gaap/2025,CURRENT_DEBT_AGGREGATE,1920792000,20251231,0,USD,total_debt
GPN,0001123360-26-000008,BS,25,Long-term debt,LongTermDebtAndCapitalLeaseObligations,us-gaap/2025,NONCURRENT_DEBT_AGGREGATE,19541512000,20251231,0,USD,total_debt
GPN,0001123360-26-000008,BS,3,Cash and cash equivalents,CashAndCashEquivalentsAtCarryingValue,us-gaap/2025,CASH,8336402000,20251231,0,USD,cash_and_equivalents
GPN,0001123360-26-000008,BS,41,"Total liabilities, redeemable noncontrolling interests and equity",LiabilitiesAndStockholdersEquity,us-gaap/2025,BALANCE_CONTROL,53338484000,20251231,0,USD,total_liabilities_and_equity
GPN,0001123360-26-000008,BS,29,Total liabilities,Liabilities,us-gaap/2025,BALANCE_CONTROL,29559003000,20251231,0,USD,total_liabilities
BR,0001628280-25-037656,BS,15,Current portion of long-term debt,LongTermDebtCurrent,us-gaap/2025,CURRENT_DEBT,499300000,20250630,0,USD,current_debt
BR,0001628280-25-037656,BS,19,Long-term debt,LongTermDebtNoncurrent,us-gaap/2025,NONCURRENT_DEBT_AGGREGATE,2753000000,20250630,0,USD,long_term_debt
BR,0001628280-25-037656,BS,15,Current portion of long-term debt,LongTermDebtCurrent,us-gaap/2025,CURRENT_DEBT,499300000,20250630,0,USD,total_debt
BR,0001628280-25-037656,BS,19,Long-term debt,LongTermDebtNoncurrent,us-gaap/2025,NONCURRENT_DEBT_AGGREGATE,2753000000,20250630,0,USD,total_debt
BR,0001628280-25-037656,BS,3,Cash and cash equivalents,CashAndCashEquivalentsAtCarryingValue,us-gaap/2025,CASH,561500000,20250630,0,USD,cash_and_equivalents
BR,0001628280-25-037656,BS,33,Total liabilities and stockholders equity,LiabilitiesAndStockholdersEquity,us-gaap/2025,BALANCE_CONTROL,8545000000,20250630,0,USD,total_liabilities_and_equity
BR,0001628280-25-037656,BS,23,Total liabilities,Liabilities,us-gaap/2025,BALANCE_CONTROL,5889900000,20250630,0,USD,total_liabilities
BR,0001628280-25-037656,CF,38,Cash payments made for interest,InterestPaidNet,us-gaap/2025,INTEREST_PAID,131500000,20250630,4,USD,interest_expense
FIS,0001136893-26-000013,BS,29,Short-term borrowings,ShortTermBorrowings,us-gaap/2025,CURRENT_DEBT,2729000000,20251231,0,USD,current_debt
FIS,0001136893-26-000013,BS,33,"Long-term debt, excluding current portion",LongTermDebtAndCapitalLeaseObligations,us-gaap/2025,NONCURRENT_DEBT_AGGREGATE,9069000000,20251231,0,USD,long_term_debt
FIS,0001136893-26-000013,BS,29,Short-term borrowings,ShortTermBorrowings,us-gaap/2025,CURRENT_DEBT,2729000000,20251231,0,USD,total_debt
FIS,0001136893-26-000013,BS,33,"Long-term debt, excluding current portion",LongTermDebtAndCapitalLeaseObligations,us-gaap/2025,NONCURRENT_DEBT_AGGREGATE,9069000000,20251231,0,USD,total_debt
FIS,0001136893-26-000013,BS,9,Cash and cash equivalents,CashAndCashEquivalentsAtCarryingValue,us-gaap/2025,CASH,599000000,20251231,0,USD,cash_and_equivalents
FIS,0001136893-26-000013,BS,48,Total liabilities and equity,LiabilitiesAndStockholdersEquity,us-gaap/2025,BALANCE_CONTROL,33488000000,20251231,0,USD,total_liabilities_and_equity
FIS,0001136893-26-000013,BS,36,Total liabilities,Liabilities,us-gaap/2025,BALANCE_CONTROL,19586000000,20251231,0,USD,total_liabilities
FIS,0001136893-26-000013,IS,15,Interest expense,InterestExpenseNonoperating,us-gaap/2025,GROSS_INTEREST,391000000,20251231,4,USD,interest_expense
AMCR,0001748790-25-000023,BS,21,Current portion of long-term debt,LongTermDebtAndCapitalLeaseObligationsCurrent,us-gaap/2025,CURRENT_DEBT_AGGREGATE,141000000,20250630,0,USD,current_debt
AMCR,0001748790-25-000023,BS,28,"Long-term debt, less current portion",LongTermDebtAndCapitalLeaseObligations,us-gaap/2025,NONCURRENT_DEBT_AGGREGATE,13841000000,20250630,0,USD,long_term_debt
AMCR,0001748790-25-000023,BS,21,Current portion of long-term debt,LongTermDebtAndCapitalLeaseObligationsCurrent,us-gaap/2025,CURRENT_DEBT_AGGREGATE,141000000,20250630,0,USD,total_debt
AMCR,0001748790-25-000023,BS,28,"Long-term debt, less current portion",LongTermDebtAndCapitalLeaseObligations,us-gaap/2025,NONCURRENT_DEBT_AGGREGATE,13841000000,20250630,0,USD,total_debt
AMCR,0001748790-25-000023,BS,29,Operating lease liabilities,OperatingLeaseLiabilityNoncurrent,us-gaap/2025,OPERATING_LEASE,910000000,20250630,0,USD,operating_lease_liabilities
AMCR,0001748790-25-000023,BS,3,Cash and cash equivalents,CashAndCashEquivalentsAtCarryingValue,us-gaap/2025,CASH,827000000,20250630,0,USD,cash_and_equivalents
AMCR,0001748790-25-000023,BS,46,Total liabilities and shareholders' equity,LiabilitiesAndStockholdersEquity,us-gaap/2025,BALANCE_CONTROL,37066000000,20250630,0,USD,total_liabilities_and_equity
AMCR,0001748790-25-000023,BS,34,Total liabilities,Liabilities,us-gaap/2025,BALANCE_CONTROL,25326000000,20250630,0,USD,total_liabilities
AMCR,0001748790-25-000023,IS,12,Interest expense,InterestExpense,us-gaap/2025,GROSS_INTEREST,396000000,20250630,4,USD,interest_expense
BRO,0001193125-26-046984,BS,24,Current portion of long-term debt,LongTermDebtCurrent,us-gaap/2025,CURRENT_DEBT,719000000,20251231,0,USD,current_debt
BRO,0001193125-26-046984,BS,26,Long-term debt less unamortized discount and debt issuance costs,LongTermDebtNoncurrent,us-gaap/2025,NONCURRENT_DEBT_AGGREGATE,6894000000,20251231,0,USD,long_term_debt
BRO,0001193125-26-046984,BS,24,Current portion of long-term debt,LongTermDebtCurrent,us-gaap/2025,CURRENT_DEBT,719000000,20251231,0,USD,total_debt
BRO,0001193125-26-046984,BS,26,Long-term debt less unamortized discount and debt issuance costs,LongTermDebtNoncurrent,us-gaap/2025,NONCURRENT_DEBT_AGGREGATE,6894000000,20251231,0,USD,total_debt
BRO,0001193125-26-046984,BS,27,Operating lease liabilities,OperatingLeaseLiabilityNoncurrent,us-gaap/2025,OPERATING_LEASE,243000000,20251231,0,USD,operating_lease_liabilities
BRO,0001193125-26-046984,BS,3,Cash and cash equivalents,CashAndCashEquivalentsAtCarryingValue,us-gaap/2025,CASH,1079000000,20251231,0,USD,cash_and_equivalents
BRO,0001193125-26-046984,BS,38,Total liabilities and equity,LiabilitiesAndStockholdersEquity,us-gaap/2025,BALANCE_CONTROL,29991000000,20251231,0,USD,total_liabilities_and_equity
BRO,0001193125-26-046984,IS,11,Interest,InterestExpenseNonoperating,us-gaap/2025,GROSS_INTEREST,297000000,20251231,4,USD,interest_expense
SMCI,0001375365-25-000027,BS,22,Convertible notes,ConvertibleLongTermNotesPayable,us-gaap/2025,NONCURRENT_DEBT,4645178000,20250630,0,USD,long_term_debt
SMCI,0001375365-25-000027,BS,22,Convertible notes,ConvertibleLongTermNotesPayable,us-gaap/2025,NONCURRENT_DEBT,4645178000,20250630,0,USD,total_debt
SMCI,0001375365-25-000027,BS,3,Cash and cash equivalents,CashAndCashEquivalentsAtCarryingValue,us-gaap/2025,CASH,5169911000,20250630,0,USD,cash_and_equivalents
SMCI,0001375365-25-000027,BS,33,Total liabilities and stockholders equity,LiabilitiesAndStockholdersEquity,us-gaap/2025,BALANCE_CONTROL,14018429000,20250630,0,USD,total_liabilities_and_equity
SMCI,0001375365-25-000027,BS,24,Total liabilities,Liabilities,us-gaap/2025,BALANCE_CONTROL,7716558000,20250630,0,USD,total_liabilities
SMCI,0001375365-25-000027,IS,11,Interest expense,InterestExpenseNonoperating,us-gaap/2025,GROSS_INTEREST,59573000,20250630,4,USD,interest_expense
CMS,0000811156-26-000004,BS,38,Notes payable,NotesPayableCurrent,us-gaap/2025,CURRENT_DEBT,0,20251231,0,USD,current_debt
CMS,0000811156-26-000004,BS,47,Long-term debt,LongTermDebtNoncurrent,us-gaap/2025,NONCURRENT_DEBT_AGGREGATE,17807000000,20251231,0,USD,long_term_debt
CMS,0000811156-26-000004,BS,48,Non-current portion of finance leases,FinanceLeaseLiabilityNoncurrent,us-gaap/2025,FINANCE_LEASE,135000000,20251231,0,USD,finance_lease_liabilities
CMS,0000811156-26-000004,BS,38,Notes payable,NotesPayableCurrent,us-gaap/2025,CURRENT_DEBT,0,20251231,0,USD,total_debt
CMS,0000811156-26-000004,BS,47,Long-term debt,LongTermDebtNoncurrent,us-gaap/2025,NONCURRENT_DEBT_AGGREGATE,17807000000,20251231,0,USD,total_debt
CMS,0000811156-26-000004,BS,48,Non-current portion of finance leases,FinanceLeaseLiabilityNoncurrent,us-gaap/2025,FINANCE_LEASE,135000000,20251231,0,USD,total_debt
CMS,0000811156-26-000004,BS,9,Cash and cash equivalents,CashAndCashEquivalentsAtCarryingValue,us-gaap/2025,CASH,509000000,20251231,0,USD,cash_and_equivalents
CMS,0000811156-26-000004,BS,68,Total Liabilities and Equity,LiabilitiesAndStockholdersEquity,us-gaap/2025,BALANCE_CONTROL,39941000000,20251231,0,USD,total_liabilities_and_equity
CMS,0000811156-26-000004,IS,31,Total interest charges,InterestExpenseNonoperating,us-gaap/2025,GROSS_INTEREST,789000000,20251231,4,USD,interest_expense
EIX,0000827052-26-000012,BS,26,Short-term debt,ShortTermBorrowings,us-gaap/2025,CURRENT_DEBT,2390000000,20251231,0,USD,current_debt
EIX,0000827052-26-000012,BS,27,Current portion of long-term debt,LongTermDebtCurrent,us-gaap/2025,CURRENT_DEBT,1928000000,20251231,0,USD,current_debt
EIX,0000827052-26-000012,BS,35,"Long-term debt (includes $3,022 and $1,468 related to a VIE at respective dates)",LongTermDebtNoncurrent,us-gaap/2025,NONCURRENT_DEBT_AGGREGATE,36070000000,20251231,0,USD,long_term_debt
EIX,0000827052-26-000012,BS,26,Short-term debt,ShortTermBorrowings,us-gaap/2025,CURRENT_DEBT,2390000000,20251231,0,USD,total_debt
EIX,0000827052-26-000012,BS,27,Current portion of long-term debt,LongTermDebtCurrent,us-gaap/2025,CURRENT_DEBT,1928000000,20251231,0,USD,total_debt
EIX,0000827052-26-000012,BS,35,"Long-term debt (includes $3,022 and $1,468 related to a VIE at respective dates)",LongTermDebtNoncurrent,us-gaap/2025,NONCURRENT_DEBT_AGGREGATE,36070000000,20251231,0,USD,total_debt
EIX,0000827052-26-000012,BS,40,Operating lease liabilities,OperatingLeaseLiabilityNoncurrent,us-gaap/2025,OPERATING_LEASE,1041000000,20251231,0,USD,operating_lease_liabilities
EIX,0000827052-26-000012,BS,32,Current portion of operating lease liabilities,OperatingLeaseLiabilityCurrent,us-gaap/2025,OPERATING_LEASE,120000000,20251231,0,USD,operating_lease_liabilities
EIX,0000827052-26-000012,BS,2,Cash and cash equivalents,CashAndCashEquivalentsAtCarryingValue,us-gaap/2025,CASH,158000000,20251231,0,USD,cash_and_equivalents
EIX,0000827052-26-000012,BS,53,Total liabilities and equity,LiabilitiesAndStockholdersEquity,us-gaap/2025,BALANCE_CONTROL,94026000000,20251231,0,USD,total_liabilities_and_equity
EIX,0000827052-26-000012,BS,44,Total liabilities,Liabilities,us-gaap/2025,BALANCE_CONTROL,74767000000,20251231,0,USD,total_liabilities
EIX,0000827052-26-000012,IS,11,Interest expense,InterestExpenseNonoperating,us-gaap/2025,GROSS_INTEREST,1539000000,20251231,4,USD,interest_expense
PKG,0001193125-26-074129,BS,27,Long-term debt,LongTermDebtNoncurrent,us-gaap/2025,NONCURRENT_DEBT_AGGREGATE,3967300000,20251231,0,USD,long_term_debt
PKG,0001193125-26-074129,BS,20,Finance lease obligations,FinanceLeaseLiabilityCurrent,us-gaap/2025,FINANCE_LEASE,2300000,20251231,0,USD,finance_lease_liabilities
PKG,0001193125-26-074129,BS,29,Finance lease obligations,FinanceLeaseLiabilityNoncurrent,us-gaap/2025,FINANCE_LEASE,4900000,20251231,0,USD,finance_lease_liabilities
PKG,0001193125-26-074129,BS,27,Long-term debt,LongTermDebtNoncurrent,us-gaap/2025,NONCURRENT_DEBT_AGGREGATE,3967300000,20251231,0,USD,total_debt
PKG,0001193125-26-074129,BS,20,Finance lease obligations,FinanceLeaseLiabilityCurrent,us-gaap/2025,FINANCE_LEASE,2300000,20251231,0,USD,total_debt
PKG,0001193125-26-074129,BS,29,Finance lease obligations,FinanceLeaseLiabilityNoncurrent,us-gaap/2025,FINANCE_LEASE,4900000,20251231,0,USD,total_debt
PKG,0001193125-26-074129,BS,28,Operating lease obligations,OperatingLeaseLiabilityNoncurrent,us-gaap/2025,OPERATING_LEASE,290600000,20251231,0,USD,operating_lease_liabilities
PKG,0001193125-26-074129,BS,19,Operating lease obligations,OperatingLeaseLiabilityCurrent,us-gaap/2025,OPERATING_LEASE,99800000,20251231,0,USD,operating_lease_liabilities
PKG,0001193125-26-074129,BS,3,Cash and cash equivalents,CashAndCashEquivalentsAtCarryingValue,us-gaap/2025,CASH,529000000,20251231,0,USD,cash_and_equivalents
PKG,0001193125-26-074129,BS,4,Short-term marketable debt securities,AvailableForSaleSecuritiesDebtSecuritiesCurrent,us-gaap/2025,STI,71800000,20251231,0,USD,short_term_investments
PKG,0001193125-26-074129,BS,41,Total liabilities and stockholders' equity,LiabilitiesAndStockholdersEquity,us-gaap/2025,BALANCE_CONTROL,10725500000,20251231,0,USD,total_liabilities_and_equity
INCY,0000879169-26-000010,BS,24,Finance lease liabilities,FinanceLeaseLiabilityCurrent,us-gaap/2025,FINANCE_LEASE,4516000,20251231,0,USD,finance_lease_liabilities
INCY,0000879169-26-000010,BS,28,Finance lease liabilities,FinanceLeaseLiabilityNoncurrent,us-gaap/2025,FINANCE_LEASE,30199000,20251231,0,USD,finance_lease_liabilities
INCY,0000879169-26-000010,BS,24,Finance lease liabilities,FinanceLeaseLiabilityCurrent,us-gaap/2025,FINANCE_LEASE,4516000,20251231,0,USD,total_debt
INCY,0000879169-26-000010,BS,28,Finance lease liabilities,FinanceLeaseLiabilityNoncurrent,us-gaap/2025,FINANCE_LEASE,30199000,20251231,0,USD,total_debt
INCY,0000879169-26-000010,BS,3,Cash and cash equivalents,CashAndCashEquivalentsAtCarryingValue,us-gaap/2025,CASH,3097817000,20251231,0,USD,cash_and_equivalents
INCY,0000879169-26-000010,BS,39,Total liabilities and stockholders equity,LiabilitiesAndStockholdersEquity,us-gaap/2025,BALANCE_CONTROL,6957973000,20251231,0,USD,total_liabilities_and_equity
INCY,0000879169-26-000010,BS,30,Total liabilities,Liabilities,us-gaap/2025,BALANCE_CONTROL,1790495000,20251231,0,USD,total_liabilities
INCY,0000879169-26-000010,IS,21,Interest expense,InterestExpenseNonoperating,us-gaap/2025,GROSS_INTEREST,2428000,20251231,4,USD,interest_expense
SBAC,0001034054-26-000002,BS,19,Current maturities of long-term debt,LongTermDebtCurrent,us-gaap/2025,CURRENT_DEBT,1935802000,20251231,0,USD,current_debt
SBAC,0001034054-26-000002,BS,26,"Long-term debt, net",LongTermDebtNoncurrent,us-gaap/2025,NONCURRENT_DEBT_AGGREGATE,10964466000,20251231,0,USD,long_term_debt
SBAC,0001034054-26-000002,BS,19,Current maturities of long-term debt,LongTermDebtCurrent,us-gaap/2025,CURRENT_DEBT,1935802000,20251231,0,USD,total_debt
SBAC,0001034054-26-000002,BS,26,"Long-term debt, net",LongTermDebtNoncurrent,us-gaap/2025,NONCURRENT_DEBT_AGGREGATE,10964466000,20251231,0,USD,total_debt
SBAC,0001034054-26-000002,BS,3,Cash and cash equivalents,CashAndCashEquivalentsAtCarryingValue,us-gaap/2025,CASH,264568000,20251231,0,USD,cash_and_equivalents
SBAC,0001034054-26-000002,BS,38,"Total liabilities, redeemable noncontrolling interests, and shareholders' deficit",LiabilitiesAndStockholdersEquity,us-gaap/2025,BALANCE_CONTROL,11575012000,20251231,0,USD,total_liabilities_and_equity
SBAC,0001034054-26-000002,CF,51,Interest,InterestPaidNet,us-gaap/2025,INTEREST_PAID,467404000,20251231,4,USD,interest_expense
IP,0000051434-26-000055,BS,21,Notes payable and current maturities of long-term debt,DebtCurrent,us-gaap/2025,CURRENT_DEBT_AGGREGATE,992000000,20251231,0,USD,current_debt
IP,0000051434-26-000055,BS,27,Long-Term Debt,LongTermDebtAndCapitalLeaseObligations,us-gaap/2025,NONCURRENT_DEBT_AGGREGATE,8839000000,20251231,0,USD,long_term_debt
IP,0000051434-26-000055,BS,21,Notes payable and current maturities of long-term debt,DebtCurrent,us-gaap/2025,CURRENT_DEBT_AGGREGATE,992000000,20251231,0,USD,total_debt
IP,0000051434-26-000055,BS,27,Long-Term Debt,LongTermDebtAndCapitalLeaseObligations,us-gaap/2025,NONCURRENT_DEBT_AGGREGATE,8839000000,20251231,0,USD,total_debt
IP,0000051434-26-000055,BS,30,Long-Term Lease Obligations,OperatingLeaseLiabilityNoncurrent,us-gaap/2025,OPERATING_LEASE,486000000,20251231,0,USD,operating_lease_liabilities
IP,0000051434-26-000055,BS,3,Cash and temporary investments,CashAndCashEquivalentsAtCarryingValue,us-gaap/2025,CASH,1145000000,20251231,0,USD,cash_and_equivalents
IP,0000051434-26-000055,BS,44,TOTAL LIABILITIES AND EQUITY,LiabilitiesAndStockholdersEquity,us-gaap/2025,BALANCE_CONTROL,37964000000,20251231,0,USD,total_liabilities_and_equity
SNA,0000091440-26-000045,BS,26,Notes payable,NotesPayableCurrent,us-gaap/2025,CURRENT_DEBT,16200000,20251231,0,USD,current_debt
SNA,0000091440-26-000045,BS,33,Long-term debt,LongTermDebtNoncurrent,us-gaap/2025,NONCURRENT_DEBT_AGGREGATE,1186400000,20251231,0,USD,long_term_debt
SNA,0000091440-26-000045,BS,26,Notes payable,NotesPayableCurrent,us-gaap/2025,CURRENT_DEBT,16200000,20251231,0,USD,total_debt
SNA,0000091440-26-000045,BS,33,Long-term debt,LongTermDebtNoncurrent,us-gaap/2025,NONCURRENT_DEBT_AGGREGATE,1186400000,20251231,0,USD,total_debt
SNA,0000091440-26-000045,BS,37,Operating lease liabilities,OperatingLeaseLiabilityNoncurrent,us-gaap/2025,OPERATING_LEASE,61800000,20251231,0,USD,operating_lease_liabilities
SNA,0000091440-26-000045,BS,9,Cash and cash equivalents,CashAndCashEquivalentsAtCarryingValue,us-gaap/2025,CASH,1624500000,20251231,0,USD,cash_and_equivalents
SNA,0000091440-26-000045,BS,52,Total liabilities and equity,LiabilitiesAndStockholdersEquity,us-gaap/2025,BALANCE_CONTROL,8412300000,20251231,0,USD,total_liabilities_and_equity
SNA,0000091440-26-000045,BS,39,Total liabilities,Liabilities,us-gaap/2025,BALANCE_CONTROL,2455500000,20251231,0,USD,total_liabilities
SNA,0000091440-26-000045,IS,12,Interest expense,InterestExpenseNonoperating,us-gaap/2025,GROSS_INTEREST,50500000,20251231,4,USD,interest_expense
CF,0001324404-26-000007,BS,24,Long-term debt,LongTermDebtNoncurrent,us-gaap/2025,NONCURRENT_DEBT_AGGREGATE,3215000000,20251231,0,USD,long_term_debt
CF,0001324404-26-000007,BS,24,Long-term debt,LongTermDebtNoncurrent,us-gaap/2025,NONCURRENT_DEBT_AGGREGATE,3215000000,20251231,0,USD,total_debt
CF,0001324404-26-000007,BS,26,Operating lease liabilities,OperatingLeaseLiabilityNoncurrent,us-gaap/2025,OPERATING_LEASE,311000000,20251231,0,USD,operating_lease_liabilities
CF,0001324404-26-000007,BS,21,Current operating lease liabilities,OperatingLeaseLiabilityCurrent,us-gaap/2025,OPERATING_LEASE,110000000,20251231,0,USD,operating_lease_liabilities
CF,0001324404-26-000007,BS,40,Total liabilities and equity,LiabilitiesAndStockholdersEquity,us-gaap/2025,BALANCE_CONTROL,14088000000,20251231,0,USD,total_liabilities_and_equity
CF,0001324404-26-000007,IS,12,Interest expense,InterestExpense,us-gaap/2025,GROSS_INTEREST,155000000,20251231,4,USD,interest_expense
WRB,0000011544-26-000005,BS,31,Senior notes and other debt,SeniorNotesAndOtherDebt,0000011544-26-000005,CUSTOM_DEBT,1829198000,20251231,0,USD,total_debt
WRB,0000011544-26-000005,BS,10,Cash and cash equivalents,CashAndCashEquivalentsAtCarryingValue,us-gaap/2025,CASH,2539938000,20251231,0,USD,cash_and_equivalents
WRB,0000011544-26-000005,BS,45,Total liabilities and equity,LiabilitiesAndStockholdersEquity,us-gaap/2025,BALANCE_CONTROL,44071071000,20251231,0,USD,total_liabilities_and_equity
WRB,0000011544-26-000005,BS,34,Total liabilities,Liabilities,us-gaap/2025,BALANCE_CONTROL,34359177000,20251231,0,USD,total_liabilities
WRB,0000011544-26-000005,IS,18,Interest expense,InterestExpense,us-gaap/2025,GROSS_INTEREST,126892000,20251231,4,USD,interest_expense
JBHT,0001437749-26-005294,BS,22,Current portion of long-term debt,LongTermDebtCurrent,us-gaap/2025,CURRENT_DEBT,699859000,20251231,0,USD,current_debt
JBHT,0001437749-26-005294,BS,28,Long-term debt,LongTermDebtNoncurrent,us-gaap/2025,NONCURRENT_DEBT_AGGREGATE,766938000,20251231,0,USD,long_term_debt
JBHT,0001437749-26-005294,BS,22,Current portion of long-term debt,LongTermDebtCurrent,us-gaap/2025,CURRENT_DEBT,699859000,20251231,0,USD,total_debt
JBHT,0001437749-26-005294,BS,28,Long-term debt,LongTermDebtNoncurrent,us-gaap/2025,NONCURRENT_DEBT_AGGREGATE,766938000,20251231,0,USD,total_debt
JBHT,0001437749-26-005294,BS,3,Current assets:,CashAndCashEquivalentsAtCarryingValue,us-gaap/2025,CASH,17284000,20251231,0,USD,cash_and_equivalents
JBHT,0001437749-26-005294,BS,40,Total liabilities and shareholders' equity,LiabilitiesAndStockholdersEquity,us-gaap/2025,BALANCE_CONTROL,7927155000,20251231,0,USD,total_liabilities_and_equity
JBHT,0001437749-26-005294,BS,32,Total liabilities,Liabilities,us-gaap/2025,BALANCE_CONTROL,4362070000,20251231,0,USD,total_liabilities
JBHT,0001437749-26-005294,IS,21,Interest expense,InterestExpenseNonoperating,us-gaap/2025,GROSS_INTEREST,75206000,20251231,4,USD,interest_expense
KEY,0001628280-26-010546,BS,27,Long-term debt,LongTermDebt,us-gaap/2025,NONCURRENT_DEBT_AGGREGATE,9917000000,20251231,0,USD,long_term_debt
KEY,0001628280-26-010546,BS,27,Long-term debt,LongTermDebt,us-gaap/2025,NONCURRENT_DEBT_AGGREGATE,9917000000,20251231,0,USD,total_debt
KEY,0001628280-26-010546,BS,3,Short-term investments,ShortTermInvestments,us-gaap/2025,STI,10163000000,20251231,0,USD,short_term_investments
KEY,0001628280-26-010546,BS,37,Total liabilities and equity,LiabilitiesAndStockholdersEquity,us-gaap/2025,BALANCE_CONTROL,184381000000,20251231,0,USD,total_liabilities_and_equity
KEY,0001628280-26-010546,BS,28,Total liabilities,Liabilities,us-gaap/2025,BALANCE_CONTROL,164000000000,20251231,0,USD,total_liabilities
KEY,0001628280-26-010546,CF,51,Interest paid,InterestPaidNet,us-gaap/2025,INTEREST_PAID,3710000000,20251231,4,USD,interest_expense
NI,0001111711-26-000027,BS,51,Short-term borrowings,ShortTermBorrowings,us-gaap/2025,CURRENT_DEBT,736000000,20251231,0,USD,current_debt
NI,0001111711-26-000027,BS,47,"Long-term debt, excluding amounts due within one year",LongTermDebtAndCapitalLeaseObligations,us-gaap/2025,NONCURRENT_DEBT_AGGREGATE,15457800000,20251231,0,USD,long_term_debt
NI,0001111711-26-000027,BS,51,Short-term borrowings,ShortTermBorrowings,us-gaap/2025,CURRENT_DEBT,736000000,20251231,0,USD,total_debt
NI,0001111711-26-000027,BS,47,"Long-term debt, excluding amounts due within one year",LongTermDebtAndCapitalLeaseObligations,us-gaap/2025,NONCURRENT_DEBT_AGGREGATE,15457800000,20251231,0,USD,total_debt
NI,0001111711-26-000027,BS,17,Cash and cash equivalents,CashAndCashEquivalentsAtCarryingValue,us-gaap/2025,CASH,110100000,20251231,0,USD,cash_and_equivalents
NI,0001111711-26-000027,BS,69,Total Capitalization and Liabilities,LiabilitiesAndStockholdersEquity,us-gaap/2025,BALANCE_CONTROL,35858700000,20251231,0,USD,total_liabilities_and_equity
NI,0001111711-26-000027,IS,15,"Interest expense, net",InterestExpenseNonoperating,us-gaap/2025,GROSS_INTEREST,639000000,20251231,4,USD,interest_expense
CDW,0001402057-26-000011,BS,20,Current maturities of long-term debt,LongTermDebtCurrent,us-gaap/2025,CURRENT_DEBT,1007500000,20251231,0,USD,current_debt
CDW,0001402057-26-000011,BS,29,Debt,LongTermDebtNoncurrent,us-gaap/2025,NONCURRENT_DEBT_AGGREGATE,4622300000,20251231,0,USD,long_term_debt
CDW,0001402057-26-000011,BS,20,Current maturities of long-term debt,LongTermDebtCurrent,us-gaap/2025,CURRENT_DEBT,1007500000,20251231,0,USD,total_debt
CDW,0001402057-26-000011,BS,29,Debt,LongTermDebtNoncurrent,us-gaap/2025,NONCURRENT_DEBT_AGGREGATE,4622300000,20251231,0,USD,total_debt
CDW,0001402057-26-000011,BS,31,Operating lease liabilities,OperatingLeaseLiabilityNoncurrent,us-gaap/2025,OPERATING_LEASE,157800000,20251231,0,USD,operating_lease_liabilities
CDW,0001402057-26-000011,BS,3,Cash and cash equivalents,CashAndCashEquivalentsAtCarryingValue,us-gaap/2025,CASH,618700000,20251231,0,USD,cash_and_equivalents
CDW,0001402057-26-000011,BS,4,Short-term investments,ShortTermInvestments,us-gaap/2025,STI,0,20251231,0,USD,short_term_investments
CDW,0001402057-26-000011,BS,42,Total Liabilities and Stockholders Equity,LiabilitiesAndStockholdersEquity,us-gaap/2025,BALANCE_CONTROL,16028200000,20251231,0,USD,total_liabilities_and_equity
CDW,0001402057-26-000011,CF,40,Interest paid,InterestPaidNet,us-gaap/2025,INTEREST_PAID,234300000,20251231,4,USD,interest_expense
ZBH,0001193125-26-059853,BS,17,Current portion of long-term debt,LongTermDebtCurrent,us-gaap/2025,CURRENT_DEBT,587100000,20251231,0,USD,current_debt
ZBH,0001193125-26-059853,BS,21,Long-term debt,LongTermDebtNoncurrent,us-gaap/2025,NONCURRENT_DEBT_AGGREGATE,6932000000,20251231,0,USD,long_term_debt
ZBH,0001193125-26-059853,BS,17,Current portion of long-term debt,LongTermDebtCurrent,us-gaap/2025,CURRENT_DEBT,587100000,20251231,0,USD,total_debt
ZBH,0001193125-26-059853,BS,21,Long-term debt,LongTermDebtNoncurrent,us-gaap/2025,NONCURRENT_DEBT_AGGREGATE,6932000000,20251231,0,USD,total_debt
ZBH,0001193125-26-059853,BS,3,Cash and cash equivalents,CashAndCashEquivalentsAtCarryingValue,us-gaap/2025,CASH,591900000,20251231,0,USD,cash_and_equivalents
ZBH,0001193125-26-059853,BS,33,Total Liabilities and Stockholders' Equity,LiabilitiesAndStockholdersEquity,us-gaap/2025,BALANCE_CONTROL,23091700000,20251231,0,USD,total_liabilities_and_equity
ZBH,0001193125-26-059853,BS,22,Total Liabilities,Liabilities,us-gaap/2025,BALANCE_CONTROL,10386000000,20251231,0,USD,total_liabilities
RDDT,0001713445-26-000022,BS,27,"Operating lease liabilities, noncurrent",OperatingLeaseLiabilityNoncurrent,us-gaap/2025,OPERATING_LEASE,16191000,20251231,0,USD,operating_lease_liabilities
RDDT,0001713445-26-000022,BS,24,Operating lease liabilities,OperatingLeaseLiabilityCurrent,us-gaap/2025,OPERATING_LEASE,7023000,20251231,0,USD,operating_lease_liabilities
RDDT,0001713445-26-000022,BS,10,Cash and cash equivalents,CashAndCashEquivalentsAtCarryingValue,us-gaap/2025,CASH,953569000,20251231,0,USD,cash_and_equivalents
RDDT,0001713445-26-000022,BS,11,Marketable securities,AvailableForSaleSecuritiesDebtSecuritiesCurrent,us-gaap/2025,STI,1523242000,20251231,0,USD,short_term_investments
RDDT,0001713445-26-000022,BS,38,Total liabilities and stockholders equity (deficit),LiabilitiesAndStockholdersEquity,us-gaap/2025,BALANCE_CONTROL,3239173000,20251231,0,USD,total_liabilities_and_equity
RDDT,0001713445-26-000022,BS,29,Total liabilities,Liabilities,us-gaap/2025,BALANCE_CONTROL,310135000,20251231,0,USD,total_liabilities
VTRS,0001792044-26-000013,BS,19,Current portion of long-term debt and other long-term obligations,LongTermDebtCurrent,us-gaap/2025,CURRENT_DEBT,1933300000,20251231,0,USD,current_debt
VTRS,0001792044-26-000013,BS,22,Long-term debt,LongTermDebtNoncurrent,us-gaap/2025,NONCURRENT_DEBT_AGGREGATE,12480600000,20251231,0,USD,long_term_debt
VTRS,0001792044-26-000013,BS,19,Current portion of long-term debt and other long-term obligations,LongTermDebtCurrent,us-gaap/2025,CURRENT_DEBT,1933300000,20251231,0,USD,total_debt
VTRS,0001792044-26-000013,BS,22,Long-term debt,LongTermDebtNoncurrent,us-gaap/2025,NONCURRENT_DEBT_AGGREGATE,12480600000,20251231,0,USD,total_debt
VTRS,0001792044-26-000013,BS,3,Cash and cash equivalents,CashAndCashEquivalentsAtCarryingValue,us-gaap/2025,CASH,1322400000,20251231,0,USD,cash_and_equivalents
VTRS,0001792044-26-000013,BS,35,Total liabilities and equity,LiabilitiesAndStockholdersEquity,us-gaap/2025,BALANCE_CONTROL,37193100000,20251231,0,USD,total_liabilities_and_equity
VTRS,0001792044-26-000013,BS,25,Total liabilities,Liabilities,us-gaap/2025,BALANCE_CONTROL,22481800000,20251231,0,USD,total_liabilities
VTRS,0001792044-26-000013,IS,15,Interest expense,InterestExpense,us-gaap/2025,GROSS_INTEREST,471300000,20251231,4,USD,interest_expense
LUV,0000092380-26-000004,BS,27,Current maturities of long-term debt,LongTermDebtAndCapitalLeaseObligationsCurrent,us-gaap/2025,CURRENT_DEBT_AGGREGATE,324000000,20251231,0,USD,current_debt
LUV,0000092380-26-000004,BS,29,Long-term debt less current maturities,LongTermDebtAndCapitalLeaseObligations,us-gaap/2025,NONCURRENT_DEBT_AGGREGATE,4577000000,20251231,0,USD,long_term_debt
LUV,0000092380-26-000004,BS,27,Current maturities of long-term debt,LongTermDebtAndCapitalLeaseObligationsCurrent,us-gaap/2025,CURRENT_DEBT_AGGREGATE,324000000,20251231,0,USD,total_debt
LUV,0000092380-26-000004,BS,29,Long-term debt less current maturities,LongTermDebtAndCapitalLeaseObligations,us-gaap/2025,NONCURRENT_DEBT_AGGREGATE,4577000000,20251231,0,USD,total_debt
LUV,0000092380-26-000004,BS,32,Noncurrent operating lease liabilities,OperatingLeaseLiabilityNoncurrent,us-gaap/2025,OPERATING_LEASE,768000000,20251231,0,USD,operating_lease_liabilities
LUV,0000092380-26-000004,BS,25,Current operating lease liabilities,OperatingLeaseLiabilityCurrent,us-gaap/2025,OPERATING_LEASE,312000000,20251231,0,USD,operating_lease_liabilities
LUV,0000092380-26-000004,BS,3,Cash and cash equivalents,CashAndCashEquivalentsAtCarryingValue,us-gaap/2025,CASH,3231000000,20251231,0,USD,cash_and_equivalents
LUV,0000092380-26-000004,BS,4,Short-term investments,ShortTermInvestments,us-gaap/2025,STI,0,20251231,0,USD,short_term_investments
LUV,0000092380-26-000004,BS,41,Total liabilities and stockholders' equity,LiabilitiesAndStockholdersEquity,us-gaap/2025,BALANCE_CONTROL,29061000000,20251231,0,USD,total_liabilities_and_equity
LUV,0000092380-26-000004,IS,20,Interest expense,InterestExpenseNonoperating,us-gaap/2025,GROSS_INTEREST,167000000,20251231,4,USD,interest_expense
EVRG,0001711269-26-000017,BS,30,Commercial paper,CommercialPaper,us-gaap/2024,CURRENT_DEBT,1394000000,20251231,0,USD,current_debt
EVRG,0001711269-26-000017,BS,29,"Current maturities of long-term debt, includes $17.0 and $16.2 related to variable interest entity, respectively",LongTermDebtCurrent,us-gaap/2024,CURRENT_DEBT,367000000,20251231,0,USD,current_debt
EVRG,0001711269-26-000017,BS,40,"Long-term debt, net, includes $279.2 and $295.7 related to variable interest entity, respectively",LongTermDebtNoncurrent,us-gaap/2024,NONCURRENT_DEBT_AGGREGATE,13039200000,20251231,0,USD,long_term_debt
EVRG,0001711269-26-000017,BS,30,Commercial paper,CommercialPaper,us-gaap/2024,CURRENT_DEBT,1394000000,20251231,0,USD,total_debt
EVRG,0001711269-26-000017,BS,29,"Current maturities of long-term debt, includes $17.0 and $16.2 related to variable interest entity, respectively",LongTermDebtCurrent,us-gaap/2024,CURRENT_DEBT,367000000,20251231,0,USD,total_debt
EVRG,0001711269-26-000017,BS,40,"Long-term debt, net, includes $279.2 and $295.7 related to variable interest entity, respectively",LongTermDebtNoncurrent,us-gaap/2024,NONCURRENT_DEBT_AGGREGATE,13039200000,20251231,0,USD,total_debt
EVRG,0001711269-26-000017,BS,10,Cash and cash equivalents,CashAndCashEquivalentsAtCarryingValue,us-gaap/2024,CASH,19800000,20251231,0,USD,cash_and_equivalents
EVRG,0001711269-26-000017,BS,57,TOTAL LIABILITIES AND EQUITY,LiabilitiesAndStockholdersEquity,us-gaap/2024,BALANCE_CONTROL,33948500000,20251231,0,USD,total_liabilities_and_equity
EVRG,0001711269-26-000017,IS,20,Interest expense,InterestExpense,us-gaap/2024,GROSS_INTEREST,616300000,20251231,4,USD,interest_expense
GPC,0000040987-26-000003,BS,17,Short-term borrowings,ShortTermBorrowings,us-gaap/2025,CURRENT_DEBT,943540000,20251231,0,USD,current_debt
GPC,0000040987-26-000003,BS,18,Current portion of debt,LongTermDebtCurrent,us-gaap/2025,CURRENT_DEBT,353788000,20251231,0,USD,current_debt
GPC,0000040987-26-000003,BS,22,Long-term debt,LongTermDebtNoncurrent,us-gaap/2025,NONCURRENT_DEBT_AGGREGATE,3498423000,20251231,0,USD,long_term_debt
GPC,0000040987-26-000003,BS,17,Short-term borrowings,ShortTermBorrowings,us-gaap/2025,CURRENT_DEBT,943540000,20251231,0,USD,total_debt
GPC,0000040987-26-000003,BS,18,Current portion of debt,LongTermDebtCurrent,us-gaap/2025,CURRENT_DEBT,353788000,20251231,0,USD,total_debt
GPC,0000040987-26-000003,BS,22,Long-term debt,LongTermDebtNoncurrent,us-gaap/2025,NONCURRENT_DEBT_AGGREGATE,3498423000,20251231,0,USD,total_debt
GPC,0000040987-26-000003,BS,23,Operating lease liabilities,OperatingLeaseLiabilityNoncurrent,us-gaap/2025,OPERATING_LEASE,1739478000,20251231,0,USD,operating_lease_liabilities
GPC,0000040987-26-000003,BS,36,Total liabilities and equity,LiabilitiesAndStockholdersEquity,us-gaap/2025,BALANCE_CONTROL,20795540000,20251231,0,USD,total_liabilities_and_equity
GPC,0000040987-26-000003,IS,11,"Interest expense, net",InterestExpenseNonoperating,us-gaap/2025,GROSS_INTEREST,163506000,20251231,4,USD,interest_expense
TSCO,0000916365-26-000014,BS,21,Long-term debt,LongTermDebtNoncurrent,us-gaap/2025,NONCURRENT_DEBT_AGGREGATE,1764974000,20251231,0,USD,long_term_debt
TSCO,0000916365-26-000014,BS,18,Current portion of finance lease liabilities,FinanceLeaseLiabilityCurrent,us-gaap/2025,FINANCE_LEASE,5426000,20251231,0,USD,finance_lease_liabilities
TSCO,0000916365-26-000014,BS,22,"Finance lease liabilities, less current portion",FinanceLeaseLiabilityNoncurrent,us-gaap/2025,FINANCE_LEASE,30722000,20251231,0,USD,finance_lease_liabilities
TSCO,0000916365-26-000014,BS,21,Long-term debt,LongTermDebtNoncurrent,us-gaap/2025,NONCURRENT_DEBT_AGGREGATE,1764974000,20251231,0,USD,total_debt
TSCO,0000916365-26-000014,BS,18,Current portion of finance lease liabilities,FinanceLeaseLiabilityCurrent,us-gaap/2025,FINANCE_LEASE,5426000,20251231,0,USD,total_debt
TSCO,0000916365-26-000014,BS,22,"Finance lease liabilities, less current portion",FinanceLeaseLiabilityNoncurrent,us-gaap/2025,FINANCE_LEASE,30722000,20251231,0,USD,total_debt
TSCO,0000916365-26-000014,BS,23,"Operating lease liabilities, less current portion",OperatingLeaseLiabilityNoncurrent,us-gaap/2025,OPERATING_LEASE,3691880000,20251231,0,USD,operating_lease_liabilities
TSCO,0000916365-26-000014,BS,19,Current portion of operating lease liabilities,OperatingLeaseLiabilityCurrent,us-gaap/2025,OPERATING_LEASE,449867000,20251231,0,USD,operating_lease_liabilities
TSCO,0000916365-26-000014,BS,3,Cash and cash equivalents,CashAndCashEquivalentsAtCarryingValue,us-gaap/2025,CASH,194109000,20251231,0,USD,cash_and_equivalents
TSCO,0000916365-26-000014,BS,34,Total liabilities and stockholders' equity,LiabilitiesAndStockholdersEquity,us-gaap/2025,BALANCE_CONTROL,10933679000,20251231,0,USD,total_liabilities_and_equity
TSCO,0000916365-26-000014,BS,26,Total liabilities,Liabilities,us-gaap/2025,BALANCE_CONTROL,8352386000,20251231,0,USD,total_liabilities
TSCO,0000916365-26-000014,IS,7,"Interest expense, net",InterestExpense,us-gaap/2025,GROSS_INTEREST,69144000,20251231,4,USD,interest_expense
L,0000060086-26-000008,BS,24,Short-term debt,LongTermDebtAndCapitalLeaseObligationsCurrent,us-gaap/2025,CURRENT_DEBT_AGGREGATE,1052000000,20251231,0,USD,current_debt
L,0000060086-26-000008,BS,25,Long-term debt,LongTermDebtAndCapitalLeaseObligations,us-gaap/2025,NONCURRENT_DEBT_AGGREGATE,8437000000,20251231,0,USD,long_term_debt
L,0000060086-26-000008,BS,24,Short-term debt,LongTermDebtAndCapitalLeaseObligationsCurrent,us-gaap/2025,CURRENT_DEBT_AGGREGATE,1052000000,20251231,0,USD,total_debt
L,0000060086-26-000008,BS,25,Long-term debt,LongTermDebtAndCapitalLeaseObligations,us-gaap/2025,NONCURRENT_DEBT_AGGREGATE,8437000000,20251231,0,USD,total_debt
L,0000060086-26-000008,BS,9,Cash,Cash,us-gaap/2025,CASH,495000000,20251231,0,USD,cash_and_equivalents
L,0000060086-26-000008,BS,7,Short-term investments,MarketableSecuritiesCurrent,us-gaap/2025,STI,6044000000,20251231,0,USD,short_term_investments
L,0000060086-26-000008,BS,42,Total liabilities and equity,LiabilitiesAndStockholdersEquity,us-gaap/2025,BALANCE_CONTROL,86348000000,20251231,0,USD,total_liabilities_and_equity
L,0000060086-26-000008,BS,29,Total liabilities,Liabilities,us-gaap/2025,BALANCE_CONTROL,66707000000,20251231,0,USD,total_liabilities
L,0000060086-26-000008,IS,14,Interest,InterestExpense,us-gaap/2025,GROSS_INTEREST,437000000,20251231,4,USD,interest_expense
DD,0001666700-26-000013,BS,25,Short-term borrowings,DebtCurrent,us-gaap/2025,CURRENT_DEBT_AGGREGATE,60000000,20251231,0,USD,current_debt
DD,0001666700-26-000013,BS,31,Long-Term Debt,LongTermDebtAndCapitalLeaseObligations,us-gaap/2025,NONCURRENT_DEBT_AGGREGATE,3134000000,20251231,0,USD,long_term_debt
DD,0001666700-26-000013,BS,25,Short-term borrowings,DebtCurrent,us-gaap/2025,CURRENT_DEBT_AGGREGATE,60000000,20251231,0,USD,total_debt
DD,0001666700-26-000013,BS,31,Long-Term Debt,LongTermDebtAndCapitalLeaseObligations,us-gaap/2025,NONCURRENT_DEBT_AGGREGATE,3134000000,20251231,0,USD,total_debt
DD,0001666700-26-000013,BS,3,Cash and cash equivalents,CashAndCashEquivalentsAtCarryingValue,us-gaap/2025,CASH,715000000,20251231,0,USD,cash_and_equivalents
DD,0001666700-26-000013,BS,47,Total Liabilities and Equity,LiabilitiesAndStockholdersEquity,us-gaap/2025,BALANCE_CONTROL,21575000000,20251231,0,USD,total_liabilities_and_equity
DD,0001666700-26-000013,BS,37,Total Liabilities,Liabilities,us-gaap/2025,BALANCE_CONTROL,7472000000,20251231,0,USD,total_liabilities
DD,0001666700-26-000013,IS,11,Interest expense,InterestAndDebtExpense,us-gaap/2025,GROSS_INTEREST,313000000,20251231,4,USD,interest_expense
STZ,0000016918-26-000011,BS,23,Short-term borrowings,ShortTermBorrowings,us-gaap/2025,CURRENT_DEBT,272000000,20260228,0,USD,current_debt
STZ,0000016918-26-000011,BS,24,Current maturities of long-term debt,LongTermDebtCurrent,us-gaap/2025,CURRENT_DEBT,603600000,20260228,0,USD,current_debt
STZ,0000016918-26-000011,BS,28,"Long-term debt, less current maturities",LongTermDebtNoncurrent,us-gaap/2025,NONCURRENT_DEBT_AGGREGATE,9692900000,20260228,0,USD,long_term_debt
STZ,0000016918-26-000011,BS,23,Short-term borrowings,ShortTermBorrowings,us-gaap/2025,CURRENT_DEBT,272000000,20260228,0,USD,total_debt
STZ,0000016918-26-000011,BS,24,Current maturities of long-term debt,LongTermDebtCurrent,us-gaap/2025,CURRENT_DEBT,603600000,20260228,0,USD,total_debt
STZ,0000016918-26-000011,BS,28,"Long-term debt, less current maturities",LongTermDebtNoncurrent,us-gaap/2025,NONCURRENT_DEBT_AGGREGATE,9692900000,20260228,0,USD,total_debt
STZ,0000016918-26-000011,BS,9,Cash and cash equivalents,CashAndCashEquivalentsAtCarryingValue,us-gaap/2025,CASH,102400000,20260228,0,USD,cash_and_equivalents
STZ,0000016918-26-000011,BS,42,Total liabilities and stockholders equity,LiabilitiesAndStockholdersEquity,us-gaap/2025,BALANCE_CONTROL,21900500000,20260228,0,USD,total_liabilities_and_equity
STZ,0000016918-26-000011,BS,30,Total liabilities,Liabilities,us-gaap/2025,BALANCE_CONTROL,13513600000,20260228,0,USD,total_liabilities
STZ,0000016918-26-000011,CF,51,"Interest, net of interest capitalized",InterestPaidNet,us-gaap/2025,INTEREST_PAID,346200000,20260228,4,USD,interest_expense
ESS,0000920522-26-000003,BS,20,"Unsecured debt, net",UnsecuredDebt,us-gaap/2025,NONCURRENT_DEBT,6015921000,20251231,0,USD,long_term_debt
ESS,0000920522-26-000003,BS,21,"Mortgage notes payable, net",SecuredDebt,us-gaap/2025,NONCURRENT_DEBT,784348000,20251231,0,USD,long_term_debt
ESS,0000920522-26-000003,BS,20,"Unsecured debt, net",UnsecuredDebt,us-gaap/2025,NONCURRENT_DEBT,6015921000,20251231,0,USD,total_debt
ESS,0000920522-26-000003,BS,21,"Mortgage notes payable, net",SecuredDebt,us-gaap/2025,NONCURRENT_DEBT,784348000,20251231,0,USD,total_debt
ESS,0000920522-26-000003,BS,27,Operating lease liabilities,OperatingLeaseLiability,us-gaap/2025,OPERATING_LEASE,51487000,20251231,0,USD,operating_lease_liabilities
ESS,0000920522-26-000003,BS,12,Cash and cash equivalents-unrestricted,CashAndCashEquivalentsAtCarryingValue,us-gaap/2025,CASH,76241000,20251231,0,USD,cash_and_equivalents
ESS,0000920522-26-000003,BS,40,Total liabilities and equity,LiabilitiesAndStockholdersEquity,us-gaap/2025,BALANCE_CONTROL,13159009000,20251231,0,USD,total_liabilities_and_equity
ESS,0000920522-26-000003,BS,29,Total liabilities,Liabilities,us-gaap/2025,BALANCE_CONTROL,7422114000,20251231,0,USD,total_liabilities
ESS,0000920522-26-000003,IS,16,Interest expense,InterestExpenseNonoperating,us-gaap/2025,GROSS_INTEREST,258404000,20251231,4,USD,interest_expense
LEN,0001628280-26-003870,BS,31,"Senior notes and other debts payable, net",LongTermDebt,us-gaap/2025,NONCURRENT_DEBT_AGGREGATE,5874995000,20251130,0,USD,long_term_debt
LEN,0001628280-26-003870,BS,31,"Senior notes and other debts payable, net",LongTermDebt,us-gaap/2025,NONCURRENT_DEBT_AGGREGATE,5874995000,20251130,0,USD,total_debt
LEN,0001628280-26-003870,BS,14,Cash and cash equivalents,CashAndCashEquivalentsAtCarryingValue,us-gaap/2025,CASH,3756305000,20251130,0,USD,cash_and_equivalents
LEN,0001628280-26-003870,BS,44,Total liabilities and equity,LiabilitiesAndStockholdersEquity,us-gaap/2025,BALANCE_CONTROL,34430437000,20251130,0,USD,total_liabilities_and_equity
LEN,0001628280-26-003870,BS,33,Total liabilities,Liabilities,us-gaap/2025,BALANCE_CONTROL,12289828000,20251130,0,USD,total_liabilities
LEN,0001628280-26-003870,CF,82,"Cash paid for interest, net of amounts capitalized",InterestPaidNet,us-gaap/2025,INTEREST_PAID,50137000,20251130,4,USD,interest_expense
PTC,0001193125-25-291326,BS,19,Current portion of long-term debt,LongTermDebtCurrent,us-gaap/2025,CURRENT_DEBT,25000000,20250930,0,USD,current_debt
PTC,0001193125-25-291326,BS,23,Long-term debt,LongTermDebt,us-gaap/2025,NONCURRENT_DEBT_AGGREGATE,1172434000,20250930,0,USD,long_term_debt
PTC,0001193125-25-291326,BS,19,Current portion of long-term debt,LongTermDebtCurrent,us-gaap/2025,CURRENT_DEBT,25000000,20250930,0,USD,total_debt
PTC,0001193125-25-291326,BS,23,Long-term debt,LongTermDebt,us-gaap/2025,NONCURRENT_DEBT_AGGREGATE,1172434000,20250930,0,USD,total_debt
PTC,0001193125-25-291326,BS,26,Long-term lease obligations,OperatingLeaseLiabilityNoncurrent,us-gaap/2025,OPERATING_LEASE,148254000,20250930,0,USD,operating_lease_liabilities
PTC,0001193125-25-291326,BS,21,Short-term lease obligations,OperatingLeaseLiabilityCurrent,us-gaap/2025,OPERATING_LEASE,24179000,20250930,0,USD,operating_lease_liabilities
PTC,0001193125-25-291326,BS,2,Cash and cash equivalents,CashAndCashEquivalentsAtCarryingValue,us-gaap/2025,CASH,184415000,20250930,0,USD,cash_and_equivalents
PTC,0001193125-25-291326,BS,37,Total liabilities and stockholders equity,LiabilitiesAndStockholdersEquity,us-gaap/2025,BALANCE_CONTROL,6617172000,20250930,0,USD,total_liabilities_and_equity
PTC,0001193125-25-291326,BS,28,Total liabilities,Liabilities,us-gaap/2025,BALANCE_CONTROL,2790943000,20250930,0,USD,total_liabilities
PTC,0001193125-25-291326,IS,30,Interest expense,InterestExpense,us-gaap/2025,GROSS_INTEREST,77019000,20250930,4,USD,interest_expense
FTV,0001659166-26-000007,BS,21,"Long-Term Debt, Current Maturities",LongTermDebtCurrent,us-gaap/2025,CURRENT_DEBT,899500000,20251231,0,USD,current_debt
FTV,0001659166-26-000007,BS,27,Long-term debt,LongTermDebtNoncurrent,us-gaap/2025,NONCURRENT_DEBT_AGGREGATE,2306500000,20251231,0,USD,long_term_debt
FTV,0001659166-26-000007,BS,21,"Long-Term Debt, Current Maturities",LongTermDebtCurrent,us-gaap/2025,CURRENT_DEBT,899500000,20251231,0,USD,total_debt
FTV,0001659166-26-000007,BS,27,Long-term debt,LongTermDebtNoncurrent,us-gaap/2025,NONCURRENT_DEBT_AGGREGATE,2306500000,20251231,0,USD,total_debt
FTV,0001659166-26-000007,BS,3,Cash and equivalents,CashAndCashEquivalentsAtCarryingValue,us-gaap/2025,CASH,375500000,20251231,0,USD,cash_and_equivalents
FTV,0001659166-26-000007,BS,39,Total liabilities and equity,LiabilitiesAndStockholdersEquity,us-gaap/2025,BALANCE_CONTROL,11737700000,20251231,0,USD,total_liabilities_and_equity
FTV,0001659166-26-000007,IS,15,"Interest expense, net",InterestExpenseNonoperating,us-gaap/2025,GROSS_INTEREST,120500000,20251231,4,USD,interest_expense
CHRW,0001043277-26-000009,BS,28,Current portion of debt,LongTermDebtCurrent,us-gaap/2025,CURRENT_DEBT,0,20251231,0,USD,current_debt
CHRW,0001043277-26-000009,BS,31,Long-term debt,LongTermDebtNoncurrent,us-gaap/2025,NONCURRENT_DEBT_AGGREGATE,1089438000,20251231,0,USD,long_term_debt
CHRW,0001043277-26-000009,BS,28,Current portion of debt,LongTermDebtCurrent,us-gaap/2025,CURRENT_DEBT,0,20251231,0,USD,total_debt
CHRW,0001043277-26-000009,BS,31,Long-term debt,LongTermDebtNoncurrent,us-gaap/2025,NONCURRENT_DEBT_AGGREGATE,1089438000,20251231,0,USD,total_debt
CHRW,0001043277-26-000009,BS,32,Noncurrent lease liabilities,OperatingLeaseLiabilityNoncurrent,us-gaap/2025,OPERATING_LEASE,233768000,20251231,0,USD,operating_lease_liabilities
CHRW,0001043277-26-000009,BS,27,Current lease liabilities,OperatingLeaseLiabilityCurrent,us-gaap/2025,OPERATING_LEASE,72180000,20251231,0,USD,operating_lease_liabilities
CHRW,0001043277-26-000009,BS,3,Cash and cash equivalents,CashAndCashEquivalentsAtCarryingValue,us-gaap/2025,CASH,160871000,20251231,0,USD,cash_and_equivalents
CHRW,0001043277-26-000009,BS,46,Total liabilities and stockholders investment,LiabilitiesAndStockholdersEquity,us-gaap/2025,BALANCE_CONTROL,5058381000,20251231,0,USD,total_liabilities_and_equity
CHRW,0001043277-26-000009,BS,36,Total liabilities,Liabilities,us-gaap/2025,BALANCE_CONTROL,3212734000,20251231,0,USD,total_liabilities
CHRW,0001043277-26-000009,CF,46,Cash paid for interest,InterestPaidNet,us-gaap/2025,INTEREST_PAID,63209000,20251231,4,USD,interest_expense
LDOS,0001336920-26-000030,BS,17,Current portion of long-term debt,DebtCurrent,us-gaap/2025,CURRENT_DEBT_AGGREGATE,20000000,20251231,0,USD,current_debt
LDOS,0001336920-26-000030,BS,19,"Long-term debt, net of current portion",LongTermDebtAndCapitalLeaseObligations,us-gaap/2025,NONCURRENT_DEBT_AGGREGATE,4628000000,20251231,0,USD,long_term_debt
LDOS,0001336920-26-000030,BS,17,Current portion of long-term debt,DebtCurrent,us-gaap/2025,CURRENT_DEBT_AGGREGATE,20000000,20251231,0,USD,total_debt
LDOS,0001336920-26-000030,BS,19,"Long-term debt, net of current portion",LongTermDebtAndCapitalLeaseObligations,us-gaap/2025,NONCURRENT_DEBT_AGGREGATE,4628000000,20251231,0,USD,total_debt
LDOS,0001336920-26-000030,BS,20,Operating lease liabilities,OperatingLeaseLiabilityNoncurrent,us-gaap/2025,OPERATING_LEASE,587000000,20251231,0,USD,operating_lease_liabilities
LDOS,0001336920-26-000030,BS,2,Cash and cash equivalents,CashAndCashEquivalentsAtCarryingValue,us-gaap/2025,CASH,1108000000,20251231,0,USD,cash_and_equivalents
LDOS,0001336920-26-000030,BS,34,Total liabilities and stockholders equity,LiabilitiesAndStockholdersEquity,us-gaap/2025,BALANCE_CONTROL,13493000000,20251231,0,USD,total_liabilities_and_equity
LDOS,0001336920-26-000030,BS,23,Total liabilities,Liabilities,us-gaap/2025,BALANCE_CONTROL,8531000000,20251231,0,USD,total_liabilities
LDOS,0001336920-26-000030,CF,40,Cash paid for interest,InterestPaidNet,us-gaap/2025,INTEREST_PAID,220000000,20251231,4,USD,interest_expense
J,0001628280-25-053316,BS,25,Long-term debt,LongTermDebtNoncurrent,us-gaap/2025,NONCURRENT_DEBT_AGGREGATE,2236456000,20250930,0,USD,long_term_debt
J,0001628280-25-053316,BS,25,Long-term debt,LongTermDebtNoncurrent,us-gaap/2025,NONCURRENT_DEBT_AGGREGATE,2236456000,20250930,0,USD,total_debt
J,0001628280-25-053316,BS,28,Long-term operating lease liability,OperatingLeaseLiabilityNoncurrent,us-gaap/2025,OPERATING_LEASE,362361000,20250930,0,USD,operating_lease_liabilities
J,0001628280-25-053316,BS,22,Operating lease liability,OperatingLeaseLiabilityCurrent,us-gaap/2025,OPERATING_LEASE,111040000,20250930,0,USD,operating_lease_liabilities
J,0001628280-25-053316,BS,3,Cash and cash equivalents,CashAndCashEquivalentsAtCarryingValue,us-gaap/2025,CASH,1235448000,20250930,0,USD,cash_and_equivalents
J,0001628280-25-053316,BS,43,Total liabilities and stockholders' equity,LiabilitiesAndStockholdersEquity,us-gaap/2025,BALANCE_CONTROL,11252535000,20250930,0,USD,total_liabilities_and_equity
J,0001628280-25-053316,IS,8,Interest expense,InterestExpenseNonoperating,us-gaap/2025,GROSS_INTEREST,145788000,20250930,4,USD,interest_expense
LNT,0000352541-26-000007,BS,31,Commercial paper,CommercialPaper,us-gaap/2025,CURRENT_DEBT,88000000,20251231,0,USD,current_debt
LNT,0000352541-26-000007,BS,30,Current maturities of long-term debt,LongTermDebtCurrent,us-gaap/2025,CURRENT_DEBT,1074000000,20251231,0,USD,current_debt
LNT,0000352541-26-000007,BS,39,"Long-term debt, net (excluding current portion)",LongTermDebtNoncurrent,us-gaap/2025,NONCURRENT_DEBT_AGGREGATE,10954000000,20251231,0,USD,long_term_debt
LNT,0000352541-26-000007,BS,31,Commercial paper,CommercialPaper,us-gaap/2025,CURRENT_DEBT,88000000,20251231,0,USD,total_debt
LNT,0000352541-26-000007,BS,30,Current maturities of long-term debt,LongTermDebtCurrent,us-gaap/2025,CURRENT_DEBT,1074000000,20251231,0,USD,total_debt
LNT,0000352541-26-000007,BS,39,"Long-term debt, net (excluding current portion)",LongTermDebtNoncurrent,us-gaap/2025,NONCURRENT_DEBT_AGGREGATE,10954000000,20251231,0,USD,total_debt
LNT,0000352541-26-000007,BS,9,Cash and cash equivalents,CashAndCashEquivalentsAtCarryingValue,us-gaap/2025,CASH,556000000,20251231,0,USD,cash_and_equivalents
LNT,0000352541-26-000007,BS,56,Total liabilities and equity,LiabilitiesAndStockholdersEquity,us-gaap/2025,BALANCE_CONTROL,24991000000,20251231,0,USD,total_liabilities_and_equity
LNT,0000352541-26-000007,IS,28,Interest expense,InterestExpenseNonoperating,us-gaap/2025,GROSS_INTEREST,512000000,20251231,4,USD,interest_expense
CHTR,0001091667-26-000017,BS,18,Current portion of long-term debt,LongTermDebtCurrent,us-gaap/2024,CURRENT_DEBT,750000000,20251231,0,USD,current_debt
CHTR,0001091667-26-000017,BS,20,LONG-TERM DEBT,LongTermDebtNoncurrent,us-gaap/2024,NONCURRENT_DEBT_AGGREGATE,94006000000,20251231,0,USD,long_term_debt
CHTR,0001091667-26-000017,BS,18,Current portion of long-term debt,LongTermDebtCurrent,us-gaap/2024,CURRENT_DEBT,750000000,20251231,0,USD,total_debt
CHTR,0001091667-26-000017,BS,20,LONG-TERM DEBT,LongTermDebtNoncurrent,us-gaap/2024,NONCURRENT_DEBT_AGGREGATE,94006000000,20251231,0,USD,total_debt
CHTR,0001091667-26-000017,BS,3,Cash and cash equivalents,CashAndCashEquivalentsAtCarryingValue,us-gaap/2024,CASH,477000000,20251231,0,USD,cash_and_equivalents
CHTR,0001091667-26-000017,BS,38,Total liabilities and shareholder's equity,LiabilitiesAndStockholdersEquity,us-gaap/2024,BALANCE_CONTROL,154213000000,20251231,0,USD,total_liabilities_and_equity
CHTR,0001091667-26-000017,CF,33,CASH PAID FOR INTEREST,InterestPaidNet,us-gaap/2024,INTEREST_PAID,4983000000,20251231,4,USD,interest_expense
NDSN,0000072331-25-000144,BS,17,Current maturities of long-term debt and notes payable,LongTermDebtCurrent,us-gaap/2025,CURRENT_DEBT,315000000,20251031,0,USD,current_debt
NDSN,0000072331-25-000144,BS,25,Long-term debt,LongTermDebtNoncurrent,us-gaap/2025,NONCURRENT_DEBT_AGGREGATE,1681254000,20251031,0,USD,long_term_debt
NDSN,0000072331-25-000144,BS,23,Finance lease liability - current,FinanceLeaseLiabilityCurrent,us-gaap/2025,FINANCE_LEASE,5892000,20251031,0,USD,finance_lease_liabilities
NDSN,0000072331-25-000144,BS,30,Finance lease liability - noncurrent,FinanceLeaseLiabilityNoncurrent,us-gaap/2025,FINANCE_LEASE,8359000,20251031,0,USD,finance_lease_liabilities
NDSN,0000072331-25-000144,BS,17,Current maturities of long-term debt and notes payable,LongTermDebtCurrent,us-gaap/2025,CURRENT_DEBT,315000000,20251031,0,USD,total_debt
NDSN,0000072331-25-000144,BS,25,Long-term debt,LongTermDebtNoncurrent,us-gaap/2025,NONCURRENT_DEBT_AGGREGATE,1681254000,20251031,0,USD,total_debt
NDSN,0000072331-25-000144,BS,23,Finance lease liability - current,FinanceLeaseLiabilityCurrent,us-gaap/2025,FINANCE_LEASE,5892000,20251031,0,USD,total_debt
NDSN,0000072331-25-000144,BS,30,Finance lease liability - noncurrent,FinanceLeaseLiabilityNoncurrent,us-gaap/2025,FINANCE_LEASE,8359000,20251031,0,USD,total_debt
NDSN,0000072331-25-000144,BS,26,Operating lease liability - noncurrent,OperatingLeaseLiabilityNoncurrent,us-gaap/2025,OPERATING_LEASE,64451000,20251031,0,USD,operating_lease_liabilities
NDSN,0000072331-25-000144,BS,22,Operating lease liability - current,OperatingLeaseLiabilityCurrent,us-gaap/2025,OPERATING_LEASE,17402000,20251031,0,USD,operating_lease_liabilities
NDSN,0000072331-25-000144,BS,3,Cash and cash equivalents,CashAndCashEquivalentsAtCarryingValue,us-gaap/2025,CASH,108442000,20251031,0,USD,cash_and_equivalents
NDSN,0000072331-25-000144,BS,40,Total liabilities and shareholders' equity,LiabilitiesAndStockholdersEquity,us-gaap/2025,BALANCE_CONTROL,5917681000,20251031,0,USD,total_liabilities_and_equity
NDSN,0000072331-25-000144,IS,9,Interest expense,InterestExpenseNonoperating,us-gaap/2025,GROSS_INTEREST,104156000,20251031,4,USD,interest_expense
NVR,0000906163-26-000018,BS,28,Operating lease liabilities,OperatingLeaseLiability,us-gaap/2025,OPERATING_LEASE,143733000,20251231,0,USD,operating_lease_liabilities
NVR,0000906163-26-000018,BS,41,Total liabilities and shareholders' equity,LiabilitiesAndStockholdersEquity,us-gaap/2025,BALANCE_CONTROL,5856930000,20251231,0,USD,total_liabilities_and_equity
NVR,0000906163-26-000018,BS,31,Total liabilities,Liabilities,us-gaap/2025,BALANCE_CONTROL,1992061000,20251231,0,USD,total_liabilities
NVR,0000906163-26-000018,CF,36,"Interest paid during the year, net of interest capitalized",InterestPaidNet,us-gaap/2025,INTEREST_PAID,29890000,20251231,4,USD,interest_expense
GEN,0000849399-26-000017,BS,18,Current portion of long-term debt,LongTermDebtCurrent,us-gaap/2025,CURRENT_DEBT,181000000,20260331,0,USD,current_debt
GEN,0000849399-26-000017,BS,22,Long-term debt,LongTermDebtNoncurrent,us-gaap/2025,NONCURRENT_DEBT_AGGREGATE,8015000000,20260331,0,USD,long_term_debt
GEN,0000849399-26-000017,BS,18,Current portion of long-term debt,LongTermDebtCurrent,us-gaap/2025,CURRENT_DEBT,181000000,20260331,0,USD,total_debt
GEN,0000849399-26-000017,BS,22,Long-term debt,LongTermDebtNoncurrent,us-gaap/2025,NONCURRENT_DEBT_AGGREGATE,8015000000,20260331,0,USD,total_debt
GEN,0000849399-26-000017,BS,34,Total liabilities and stockholders equity,LiabilitiesAndStockholdersEquity,us-gaap/2025,BALANCE_CONTROL,15589000000,20260331,0,USD,total_liabilities_and_equity
GEN,0000849399-26-000017,BS,27,Total liabilities,Liabilities,us-gaap/2025,BALANCE_CONTROL,12978000000,20260331,0,USD,total_liabilities
GEN,0000849399-26-000017,IS,13,Interest expense,InterestAndDebtExpense,us-gaap/2025,GROSS_INTEREST,569000000,20260331,4,USD,interest_expense
IEX,0000832101-26-000003,BS,17,Current portion of long-term borrowings,LongTermDebtCurrent,us-gaap/2025,CURRENT_DEBT,700000,20251231,0,USD,current_debt
IEX,0000832101-26-000003,BS,20,Long-term borrowings  net,LongTermDebtNoncurrent,us-gaap/2025,NONCURRENT_DEBT_AGGREGATE,1820100000,20251231,0,USD,long_term_debt
IEX,0000832101-26-000003,BS,17,Current portion of long-term borrowings,LongTermDebtCurrent,us-gaap/2025,CURRENT_DEBT,700000,20251231,0,USD,total_debt
IEX,0000832101-26-000003,BS,20,Long-term borrowings  net,LongTermDebtNoncurrent,us-gaap/2025,NONCURRENT_DEBT_AGGREGATE,1820100000,20251231,0,USD,total_debt
IEX,0000832101-26-000003,BS,3,Cash and cash equivalents,CashAndCashEquivalentsAtCarryingValue,us-gaap/2025,CASH,580000000,20251231,0,USD,cash_and_equivalents
IEX,0000832101-26-000003,BS,37,Total liabilities and equity,LiabilitiesAndStockholdersEquity,us-gaap/2025,BALANCE_CONTROL,6927000000,20251231,0,USD,total_liabilities_and_equity
IEX,0000832101-26-000003,BS,23,Total liabilities,Liabilities,us-gaap/2025,BALANCE_CONTROL,2900800000,20251231,0,USD,total_liabilities
IEX,0000832101-26-000003,CF,44,Interest,InterestPaidNet,us-gaap/2025,INTEREST_PAID,72200000,20251231,4,USD,interest_expense
LYB,0001489393-26-000012,BS,25,Current maturities of long-term debt,LongTermDebtAndCapitalLeaseObligationsCurrent,us-gaap/2025,CURRENT_DEBT_AGGREGATE,588000000,20251231,0,USD,current_debt
LYB,0001489393-26-000012,BS,31,Long-term debt,LongTermDebtAndCapitalLeaseObligations,us-gaap/2025,NONCURRENT_DEBT_AGGREGATE,12124000000,20251231,0,USD,long_term_debt
LYB,0001489393-26-000012,BS,25,Current maturities of long-term debt,LongTermDebtAndCapitalLeaseObligationsCurrent,us-gaap/2025,CURRENT_DEBT_AGGREGATE,588000000,20251231,0,USD,total_debt
LYB,0001489393-26-000012,BS,31,Long-term debt,LongTermDebtAndCapitalLeaseObligations,us-gaap/2025,NONCURRENT_DEBT_AGGREGATE,12124000000,20251231,0,USD,total_debt
LYB,0001489393-26-000012,BS,32,Operating lease liabilities,OperatingLeaseLiabilityNoncurrent,us-gaap/2025,OPERATING_LEASE,1327000000,20251231,0,USD,operating_lease_liabilities
LYB,0001489393-26-000012,BS,9,Cash and cash equivalents,CashAndCashEquivalentsAtCarryingValue,us-gaap/2025,CASH,3443000000,20251231,0,USD,cash_and_equivalents
LYB,0001489393-26-000012,BS,46,"Total liabilities, redeemable non-controlling interests and equity",LiabilitiesAndStockholdersEquity,us-gaap/2025,BALANCE_CONTROL,34003000000,20251231,0,USD,total_liabilities_and_equity
LYB,0001489393-26-000012,IS,17,Interest expense,InterestExpenseNonoperating,us-gaap/2025,GROSS_INTEREST,487000000,20251231,4,USD,interest_expense
ZBRA,0001628280-26-007668,BS,18,Current portion of long-term debt,LongTermDebtCurrent,us-gaap/2025,CURRENT_DEBT,141000000,20251231,0,USD,current_debt
ZBRA,0001628280-26-007668,BS,24,Long-term debt,LongTermDebtNoncurrent,us-gaap/2025,NONCURRENT_DEBT_AGGREGATE,2361000000,20251231,0,USD,long_term_debt
ZBRA,0001628280-26-007668,BS,18,Current portion of long-term debt,LongTermDebtCurrent,us-gaap/2025,CURRENT_DEBT,141000000,20251231,0,USD,total_debt
ZBRA,0001628280-26-007668,BS,24,Long-term debt,LongTermDebtNoncurrent,us-gaap/2025,NONCURRENT_DEBT_AGGREGATE,2361000000,20251231,0,USD,total_debt
ZBRA,0001628280-26-007668,BS,25,Long-term lease liabilities,OperatingLeaseLiabilityNoncurrent,us-gaap/2025,OPERATING_LEASE,157000000,20251231,0,USD,operating_lease_liabilities
ZBRA,0001628280-26-007668,BS,3,Cash and cash equivalents,CashAndCashEquivalentsAtCarryingValue,us-gaap/2025,CASH,125000000,20251231,0,USD,cash_and_equivalents
ZBRA,0001628280-26-007668,BS,38,Total Liabilities and Stockholders Equity,LiabilitiesAndStockholdersEquity,us-gaap/2025,BALANCE_CONTROL,8502000000,20251231,0,USD,total_liabilities_and_equity
ZBRA,0001628280-26-007668,BS,29,Total Liabilities,Liabilities,us-gaap/2025,BALANCE_CONTROL,4914000000,20251231,0,USD,total_liabilities
ZBRA,0001628280-26-007668,CF,45,"Interest paid, net of forward interest rate swaps",InterestPaidNet,us-gaap/2025,INTEREST_PAID,129000000,20251231,4,USD,interest_expense
WY,0001193125-26-051422,BS,23,"Long-term debt, net (Notes 11 and 12)",LongTermDebtNoncurrent,us-gaap/2025,NONCURRENT_DEBT_AGGREGATE,5050000000,20251231,0,USD,long_term_debt
WY,0001193125-26-051422,BS,23,"Long-term debt, net (Notes 11 and 12)",LongTermDebtNoncurrent,us-gaap/2025,NONCURRENT_DEBT_AGGREGATE,5050000000,20251231,0,USD,total_debt
WY,0001193125-26-051422,BS,3,Cash and cash equivalents,CashAndCashEquivalentsAtCarryingValue,us-gaap/2025,CASH,464000000,20251231,0,USD,cash_and_equivalents
WY,0001193125-26-051422,BS,36,Total liabilities and equity,LiabilitiesAndStockholdersEquity,us-gaap/2025,BALANCE_CONTROL,16613000000,20251231,0,USD,total_liabilities_and_equity
WY,0001193125-26-051422,BS,27,Total liabilities,Liabilities,us-gaap/2025,BALANCE_CONTROL,7187000000,20251231,0,USD,total_liabilities
WY,0001193125-26-051422,IS,11,"Interest expense, net of capitalized interest",InterestExpense,us-gaap/2025,GROSS_INTEREST,273000000,20251231,4,USD,interest_expense
BALL,0001104659-26-017410,BS,17,Short-term debt and current portion of long-term debt,DebtCurrent,us-gaap/2025,CURRENT_DEBT_AGGREGATE,21000000,20251231,0,USD,current_debt
BALL,0001104659-26-017410,BS,24,Long-term debt,LongTermDebtAndCapitalLeaseObligations,us-gaap/2025,NONCURRENT_DEBT_AGGREGATE,6991000000,20251231,0,USD,long_term_debt
BALL,0001104659-26-017410,BS,17,Short-term debt and current portion of long-term debt,DebtCurrent,us-gaap/2025,CURRENT_DEBT_AGGREGATE,21000000,20251231,0,USD,total_debt
BALL,0001104659-26-017410,BS,24,Long-term debt,LongTermDebtAndCapitalLeaseObligations,us-gaap/2025,NONCURRENT_DEBT_AGGREGATE,6991000000,20251231,0,USD,total_debt
BALL,0001104659-26-017410,BS,3,Cash and cash equivalents,CashAndCashEquivalentsAtCarryingValue,us-gaap/2025,CASH,1212000000,20251231,0,USD,cash_and_equivalents
BALL,0001104659-26-017410,BS,37,Total liabilities and equity,LiabilitiesAndStockholdersEquity,us-gaap/2025,BALANCE_CONTROL,19524000000,20251231,0,USD,total_liabilities_and_equity
BALL,0001104659-26-017410,BS,28,Total liabilities,Liabilities,us-gaap/2025,BALANCE_CONTROL,14103000000,20251231,0,USD,total_liabilities
BALL,0001104659-26-017410,IS,8,Interest expense,InterestExpenseDebt,us-gaap/2025,GROSS_INTEREST,314000000,20251231,4,USD,interest_expense
KIM,0001193125-26-060760,BS,28,"Notes payable, net",NotesPayable,us-gaap/2025,NONCURRENT_DEBT,7718730000,20251231,0,USD,long_term_debt
KIM,0001193125-26-060760,BS,29,"Mortgages payable, net",SecuredDebt,us-gaap/2025,NONCURRENT_DEBT,467203000,20251231,0,USD,long_term_debt
KIM,0001193125-26-060760,BS,28,"Notes payable, net",NotesPayable,us-gaap/2025,NONCURRENT_DEBT,7718730000,20251231,0,USD,total_debt
KIM,0001193125-26-060760,BS,29,"Mortgages payable, net",SecuredDebt,us-gaap/2025,NONCURRENT_DEBT,467203000,20251231,0,USD,total_debt
KIM,0001193125-26-060760,BS,32,Operating lease liabilities,OperatingLeaseLiability,us-gaap/2025,OPERATING_LEASE,120078000,20251231,0,USD,operating_lease_liabilities
KIM,0001193125-26-060760,BS,55,Total liabilities and equity,LiabilitiesAndStockholdersEquity,us-gaap/2025,BALANCE_CONTROL,19688250000,20251231,0,USD,total_liabilities_and_equity
KIM,0001193125-26-060760,BS,34,Total liabilities,Liabilities,us-gaap/2025,BALANCE_CONTROL,9120372000,20251231,0,USD,total_liabilities
KIM,0001193125-26-060760,IS,30,Interest expense,InterestExpense,us-gaap/2025,GROSS_INTEREST,330196000,20251231,4,USD,interest_expense
INVH,0001687229-26-000016,BS,17,"Term loan facilities, net",UnsecuredDebt,us-gaap/2025,NONCURRENT_DEBT,2451985000,20251231,0,USD,long_term_debt
INVH,0001687229-26-000016,BS,15,"Secured debt, net",SecuredDebt,us-gaap/2025,NONCURRENT_DEBT,1384114000,20251231,0,USD,long_term_debt
INVH,0001687229-26-000016,BS,17,"Term loan facilities, net",UnsecuredDebt,us-gaap/2025,NONCURRENT_DEBT,2451985000,20251231,0,USD,total_debt
INVH,0001687229-26-000016,BS,15,"Secured debt, net",SecuredDebt,us-gaap/2025,NONCURRENT_DEBT,1384114000,20251231,0,USD,total_debt
INVH,0001687229-26-000016,BS,8,Cash and cash equivalents,CashAndCashEquivalentsAtCarryingValue,us-gaap/2025,CASH,129971000,20251231,0,USD,cash_and_equivalents
INVH,0001687229-26-000016,BS,34,Total liabilities and equity,LiabilitiesAndStockholdersEquity,us-gaap/2025,BALANCE_CONTROL,18680290000,20251231,0,USD,total_liabilities_and_equity
INVH,0001687229-26-000016,BS,22,Total liabilities,Liabilities,us-gaap/2025,BALANCE_CONTROL,9112398000,20251231,0,USD,total_liabilities
INVH,0001687229-26-000016,CF,49,"Interest paid, net of amounts capitalized",InterestPaidNet,us-gaap/2025,INTEREST_PAID,322944000,20251231,4,USD,interest_expense
ALB,0000915913-26-000018,BS,29,Current portion of long-term debt,LongTermDebtCurrent,us-gaap/2025,CURRENT_DEBT,74077000,20251231,0,USD,current_debt
ALB,0000915913-26-000018,BS,34,Long-term debt,LongTermDebtNoncurrent,us-gaap/2025,NONCURRENT_DEBT_AGGREGATE,3119464000,20251231,0,USD,long_term_debt
ALB,0000915913-26-000018,BS,29,Current portion of long-term debt,LongTermDebtCurrent,us-gaap/2025,CURRENT_DEBT,74077000,20251231,0,USD,total_debt
ALB,0000915913-26-000018,BS,34,Long-term debt,LongTermDebtNoncurrent,us-gaap/2025,NONCURRENT_DEBT_AGGREGATE,3119464000,20251231,0,USD,total_debt
ALB,0000915913-26-000018,BS,51,Total liabilities and equity,LiabilitiesAndStockholdersEquity,us-gaap/2025,BALANCE_CONTROL,16374211000,20251231,0,USD,total_liabilities_and_equity
ALB,0000915913-26-000018,IS,11,Interest and financing expenses,InterestAndDebtExpense,us-gaap/2025,GROSS_INTEREST,207651000,20251231,4,USD,interest_expense
BG,0001628280-26-009842,BS,20,Short-term debt (Note 17),ShortTermBorrowings,us-gaap/2025,CURRENT_DEBT,3883000000,20251231,0,USD,current_debt
BG,0001628280-26-009842,BS,21,Current portion of long-term debt (Note 17),LongTermDebtCurrent,us-gaap/2025,CURRENT_DEBT,1337000000,20251231,0,USD,current_debt
BG,0001628280-26-009842,BS,28,Long-term debt (Note 17),LongTermDebtNoncurrent,us-gaap/2025,NONCURRENT_DEBT_AGGREGATE,8831000000,20251231,0,USD,long_term_debt
BG,0001628280-26-009842,BS,20,Short-term debt (Note 17),ShortTermBorrowings,us-gaap/2025,CURRENT_DEBT,3883000000,20251231,0,USD,total_debt
BG,0001628280-26-009842,BS,21,Current portion of long-term debt (Note 17),LongTermDebtCurrent,us-gaap/2025,CURRENT_DEBT,1337000000,20251231,0,USD,total_debt
BG,0001628280-26-009842,BS,28,Long-term debt (Note 17),LongTermDebtNoncurrent,us-gaap/2025,NONCURRENT_DEBT_AGGREGATE,8831000000,20251231,0,USD,total_debt
BG,0001628280-26-009842,BS,30,Non-current operating lease obligations (Note 25),OperatingLeaseLiabilityNoncurrent,us-gaap/2025,OPERATING_LEASE,1097000000,20251231,0,USD,operating_lease_liabilities
BG,0001628280-26-009842,BS,24,Current operating lease obligations (Note 25),OperatingLeaseLiabilityCurrent,us-gaap/2025,OPERATING_LEASE,499000000,20251231,0,USD,operating_lease_liabilities
BG,0001628280-26-009842,BS,3,Cash and cash equivalents,CashAndCashEquivalentsAtCarryingValue,us-gaap/2025,CASH,1135000000,20251231,0,USD,cash_and_equivalents
BG,0001628280-26-009842,BS,42,"Total liabilities, redeemable noncontrolling interest and equity",LiabilitiesAndStockholdersEquity,us-gaap/2025,BALANCE_CONTROL,44528000000,20251231,0,USD,total_liabilities_and_equity
BG,0001628280-26-009842,IS,6,Interest expense,InterestExpense,us-gaap/2025,GROSS_INTEREST,628000000,20251231,4,USD,interest_expense
AKAM,0001086222-26-000022,BS,21,Convertible senior notes,ConvertibleNotesPayableCurrent,us-gaap/2025,CURRENT_DEBT,0,20251231,0,USD,current_debt
AKAM,0001086222-26-000022,BS,27,Convertible senior notes,ConvertibleLongTermNotesPayable,us-gaap/2025,NONCURRENT_DEBT,4105355000,20251231,0,USD,long_term_debt
AKAM,0001086222-26-000022,BS,21,Convertible senior notes,ConvertibleNotesPayableCurrent,us-gaap/2025,CURRENT_DEBT,0,20251231,0,USD,total_debt
AKAM,0001086222-26-000022,BS,27,Convertible senior notes,ConvertibleLongTermNotesPayable,us-gaap/2025,NONCURRENT_DEBT,4105355000,20251231,0,USD,total_debt
AKAM,0001086222-26-000022,BS,28,Operating lease liabilities,OperatingLeaseLiabilityNoncurrent,us-gaap/2025,OPERATING_LEASE,1233420000,20251231,0,USD,operating_lease_liabilities
AKAM,0001086222-26-000022,BS,22,Operating lease liabilities,OperatingLeaseLiabilityCurrent,us-gaap/2025,OPERATING_LEASE,336613000,20251231,0,USD,operating_lease_liabilities
AKAM,0001086222-26-000022,BS,3,Cash and cash equivalents,CashAndCashEquivalentsAtCarryingValue,us-gaap/2025,CASH,930231000,20251231,0,USD,cash_and_equivalents
AKAM,0001086222-26-000022,BS,4,Marketable securities,MarketableSecuritiesCurrent,us-gaap/2025,STI,256302000,20251231,0,USD,short_term_investments
AKAM,0001086222-26-000022,BS,40,Total liabilities and stockholders equity,LiabilitiesAndStockholdersEquity,us-gaap/2025,BALANCE_CONTROL,11479643000,20251231,0,USD,total_liabilities_and_equity
AKAM,0001086222-26-000022,BS,30,Total liabilities,Liabilities,us-gaap/2025,BALANCE_CONTROL,6502272000,20251231,0,USD,total_liabilities
AKAM,0001086222-26-000022,IS,12,Interest expense,InterestExpenseNonoperating,us-gaap/2025,GROSS_INTEREST,30759000,20251231,4,USD,interest_expense
BBY,0000764478-26-000009,BS,33,Current portion of long-term debt,LongTermDebtAndCapitalLeaseObligationsCurrent,us-gaap/2025,CURRENT_DEBT_AGGREGATE,11000000,20260131,0,USD,current_debt
BBY,0000764478-26-000009,BS,36,Long-term debt,LongTermDebtAndCapitalLeaseObligations,us-gaap/2025,NONCURRENT_DEBT_AGGREGATE,1165000000,20260131,0,USD,long_term_debt
BBY,0000764478-26-000009,BS,33,Current portion of long-term debt,LongTermDebtAndCapitalLeaseObligationsCurrent,us-gaap/2025,CURRENT_DEBT_AGGREGATE,11000000,20260131,0,USD,total_debt
BBY,0000764478-26-000009,BS,36,Long-term debt,LongTermDebtAndCapitalLeaseObligations,us-gaap/2025,NONCURRENT_DEBT_AGGREGATE,1165000000,20260131,0,USD,total_debt
BBY,0000764478-26-000009,BS,35,Long-term operating lease liabilities,OperatingLeaseLiabilityNoncurrent,us-gaap/2025,OPERATING_LEASE,2334000000,20260131,0,USD,operating_lease_liabilities
BBY,0000764478-26-000009,BS,32,Current portion of operating lease liabilities,OperatingLeaseLiabilityCurrent,us-gaap/2025,OPERATING_LEASE,623000000,20260131,0,USD,operating_lease_liabilities
BBY,0000764478-26-000009,BS,9,Cash and cash equivalents,CashAndCashEquivalentsAtCarryingValue,us-gaap/2025,CASH,1738000000,20260131,0,USD,cash_and_equivalents
BBY,0000764478-26-000009,BS,46,Total liabilities and equity,LiabilitiesAndStockholdersEquity,us-gaap/2025,BALANCE_CONTROL,14670000000,20260131,0,USD,total_liabilities_and_equity
BBY,0000764478-26-000009,IS,11,Interest expense,InterestExpenseNonoperating,us-gaap/2025,GROSS_INTEREST,47000000,20260131,4,USD,interest_expense
TYL,0000860731-26-000016,BS,31,"Operating lease liabilities, long-term",OperatingLeaseLiabilityNoncurrent,us-gaap/2025,OPERATING_LEASE,33347000,20251231,0,USD,operating_lease_liabilities
TYL,0000860731-26-000016,BS,24,Operating lease liabilities,OperatingLeaseLiabilityCurrent,us-gaap/2025,OPERATING_LEASE,9598000,20251231,0,USD,operating_lease_liabilities
TYL,0000860731-26-000016,BS,3,Cash and cash equivalents,CashAndCashEquivalentsAtCarryingValue,us-gaap/2025,CASH,1015400000,20251231,0,USD,cash_and_equivalents
TYL,0000860731-26-000016,BS,5,Short-term investments,ShortTermInvestments,us-gaap/2025,STI,81800000,20251231,0,USD,short_term_investments
TYL,0000860731-26-000016,BS,43,Total liabilities and shareholders' equity,LiabilitiesAndStockholdersEquity,us-gaap/2025,BALANCE_CONTROL,5638908000,20251231,0,USD,total_liabilities_and_equity
TYL,0000860731-26-000016,BS,33,Total liabilities,Liabilities,us-gaap/2025,BALANCE_CONTROL,1936119000,20251231,0,USD,total_liabilities
TYL,0000860731-26-000016,IS,23,Interest expense,InterestExpenseNonoperating,us-gaap/2025,GROSS_INTEREST,4995000,20251231,4,USD,interest_expense
TSN,0000100493-25-000095,BS,19,Current debt,DebtCurrent,us-gaap/2025,CURRENT_DEBT_AGGREGATE,909000000,20250930,0,USD,current_debt
TSN,0000100493-25-000095,BS,23,Total long-term debt,LongTermDebtAndCapitalLeaseObligations,us-gaap/2025,NONCURRENT_DEBT_AGGREGATE,7921000000,20250930,0,USD,long_term_debt
TSN,0000100493-25-000095,BS,19,Current debt,DebtCurrent,us-gaap/2025,CURRENT_DEBT_AGGREGATE,909000000,20250930,0,USD,total_debt
TSN,0000100493-25-000095,BS,23,Total long-term debt,LongTermDebtAndCapitalLeaseObligations,us-gaap/2025,NONCURRENT_DEBT_AGGREGATE,7921000000,20250930,0,USD,total_debt
TSN,0000100493-25-000095,BS,8,Cash and cash equivalents,CashAndCashEquivalentsAtCarryingValue,us-gaap/2025,CASH,1229000000,20250930,0,USD,cash_and_equivalents
TSN,0000100493-25-000095,BS,35,Total Liabilities and Shareholders Equity,LiabilitiesAndStockholdersEquity,us-gaap/2025,BALANCE_CONTROL,36658000000,20250930,0,USD,total_liabilities_and_equity
TSN,0000100493-25-000095,IS,16,Interest expense,InterestExpenseNonoperating,us-gaap/2025,GROSS_INTEREST,449000000,20250930,4,USD,interest_expense
APA,0001841666-26-000015,BS,26,Current debt,DebtCurrent,us-gaap/2025,CURRENT_DEBT_AGGREGATE,213000000,20251231,0,USD,current_debt
APA,0001841666-26-000015,BS,29,LONG-TERM DEBT (Note 8),LongTermDebtAndCapitalLeaseObligations,us-gaap/2025,NONCURRENT_DEBT_AGGREGATE,4280000000,20251231,0,USD,long_term_debt
APA,0001841666-26-000015,BS,26,Current debt,DebtCurrent,us-gaap/2025,CURRENT_DEBT_AGGREGATE,213000000,20251231,0,USD,total_debt
APA,0001841666-26-000015,BS,29,LONG-TERM DEBT (Note 8),LongTermDebtAndCapitalLeaseObligations,us-gaap/2025,NONCURRENT_DEBT_AGGREGATE,4280000000,20251231,0,USD,total_debt
APA,0001841666-26-000015,BS,8,Cash and cash equivalents,CashAndCashEquivalentsAtCarryingValue,us-gaap/2025,CASH,516000000,20251231,0,USD,cash_and_equivalents
APA,0001841666-26-000015,BS,45,"LIABILITIES, NONCONTROLLING INTEREST, AND EQUITY",LiabilitiesAndStockholdersEquity,us-gaap/2025,BALANCE_CONTROL,17761000000,20251231,0,USD,total_liabilities_and_equity
APA,0001841666-26-000015,CF,47,"Interest paid, net of capitalized interest",InterestPaidNet,us-gaap/2025,INTEREST_PAID,281000000,20251231,4,USD,interest_expense
MAA,0001193125-26-041208,BS,26,"Unsecured notes payable, net",UnsecuredDebt,us-gaap/2025,NONCURRENT_DEBT,5044979000,20251231,0,USD,long_term_debt
MAA,0001193125-26-041208,BS,27,"Secured notes payable, net",SecuredDebt,us-gaap/2025,NONCURRENT_DEBT,360393000,20251231,0,USD,long_term_debt
MAA,0001193125-26-041208,BS,26,"Unsecured notes payable, net",UnsecuredDebt,us-gaap/2025,NONCURRENT_DEBT,5044979000,20251231,0,USD,total_debt
MAA,0001193125-26-041208,BS,27,"Secured notes payable, net",SecuredDebt,us-gaap/2025,NONCURRENT_DEBT,360393000,20251231,0,USD,total_debt
MAA,0001193125-26-041208,BS,19,Cash and cash equivalents,CashAndCashEquivalentsAtCarryingValue,us-gaap/2025,CASH,60258000,20251231,0,USD,cash_and_equivalents
MAA,0001193125-26-041208,BS,49,Total liabilities and equity,LiabilitiesAndStockholdersEquity,us-gaap/2025,BALANCE_CONTROL,11975383000,20251231,0,USD,total_liabilities_and_equity
MAA,0001193125-26-041208,BS,30,Total liabilities,Liabilities,us-gaap/2025,BALANCE_CONTROL,6135738000,20251231,0,USD,total_liabilities
MAA,0001193125-26-041208,IS,15,Interest expense,InterestExpense,us-gaap/2025,GROSS_INTEREST,185257000,20251231,4,USD,interest_expense
SWK,0000093556-26-000009,BS,20,Short-term borrowings,ShortTermBorrowings,us-gaap/2025,CURRENT_DEBT,605600000,20251231,0,USD,current_debt
SWK,0000093556-26-000009,BS,21,Current maturities of long-term debt,LongTermDebtCurrent,us-gaap/2025,CURRENT_DEBT,554800000,20251231,0,USD,current_debt
SWK,0000093556-26-000009,BS,26,Long-term debt,LongTermDebtNoncurrent,us-gaap/2025,NONCURRENT_DEBT_AGGREGATE,4703300000,20251231,0,USD,long_term_debt
SWK,0000093556-26-000009,BS,20,Short-term borrowings,ShortTermBorrowings,us-gaap/2025,CURRENT_DEBT,605600000,20251231,0,USD,total_debt
SWK,0000093556-26-000009,BS,21,Current maturities of long-term debt,LongTermDebtCurrent,us-gaap/2025,CURRENT_DEBT,554800000,20251231,0,USD,total_debt
SWK,0000093556-26-000009,BS,26,Long-term debt,LongTermDebtNoncurrent,us-gaap/2025,NONCURRENT_DEBT_AGGREGATE,4703300000,20251231,0,USD,total_debt
SWK,0000093556-26-000009,BS,3,Cash and cash equivalents,CashAndCashEquivalentsAtCarryingValue,us-gaap/2025,CASH,280100000,20251231,0,USD,cash_and_equivalents
SWK,0000093556-26-000009,BS,41,Total Liabilities and Shareowners Equity,LiabilitiesAndStockholdersEquity,us-gaap/2025,BALANCE_CONTROL,21243700000,20251231,0,USD,total_liabilities_and_equity
SWK,0000093556-26-000009,IS,11,Interest expense,InterestExpense,us-gaap/2025,GROSS_INTEREST,516300000,20251231,4,USD,interest_expense
EG,0001095073-26-000006,BS,7,Cash,Cash,us-gaap/2025,CASH,1318000000,20251231,0,USD,cash_and_equivalents
EG,0001095073-26-000006,BS,41,TOTAL LIABILITIES AND SHAREHOLDERS' EQUITY,LiabilitiesAndStockholdersEquity,us-gaap/2025,BALANCE_CONTROL,62514000000,20251231,0,USD,total_liabilities_and_equity
EG,0001095073-26-000006,BS,31,TOTAL LIABILITIES,Liabilities,us-gaap/2025,BALANCE_CONTROL,47054000000,20251231,0,USD,total_liabilities
EG,0001095073-26-000006,CF,49,Interest paid,InterestPaidNet,us-gaap/2025,INTEREST_PAID,150000000,20251231,4,USD,interest_expense
MAS,0000062996-26-000005,BS,18,Notes payable,NotesPayableCurrent,us-gaap/2025,CURRENT_DEBT,2000000,20251231,0,USD,current_debt
MAS,0000062996-26-000005,BS,21,Long-term debt,LongTermDebtNoncurrent,us-gaap/2025,NONCURRENT_DEBT_AGGREGATE,2945000000,20251231,0,USD,long_term_debt
MAS,0000062996-26-000005,BS,18,Notes payable,NotesPayableCurrent,us-gaap/2025,CURRENT_DEBT,2000000,20251231,0,USD,total_debt
MAS,0000062996-26-000005,BS,21,Long-term debt,LongTermDebtNoncurrent,us-gaap/2025,NONCURRENT_DEBT_AGGREGATE,2945000000,20251231,0,USD,total_debt
MAS,0000062996-26-000005,BS,22,Noncurrent operating lease liabilities,OperatingLeaseLiabilityNoncurrent,us-gaap/2025,OPERATING_LEASE,221000000,20251231,0,USD,operating_lease_liabilities
MAS,0000062996-26-000005,BS,3,Cash and cash investments,CashAndCashEquivalentsAtCarryingValue,us-gaap/2025,CASH,647000000,20251231,0,USD,cash_and_equivalents
MAS,0000062996-26-000005,BS,36,Total liabilities and equity,LiabilitiesAndStockholdersEquity,us-gaap/2025,BALANCE_CONTROL,5201000000,20251231,0,USD,total_liabilities_and_equity
MAS,0000062996-26-000005,BS,24,Total liabilities,Liabilities,us-gaap/2025,BALANCE_CONTROL,5125000000,20251231,0,USD,total_liabilities
MAS,0000062996-26-000005,IS,8,Interest expense,InterestExpenseNonoperating,us-gaap/2025,GROSS_INTEREST,101000000,20251231,4,USD,interest_expense
IVZ,0000914208-26-000079,BS,14,Debt,LongTermDebt,us-gaap/2025,NONCURRENT_DEBT_AGGREGATE,1825100000,20251231,0,USD,long_term_debt
IVZ,0000914208-26-000079,BS,16,Debt and other liabilities of CIP,LongTermDebtOfConsolidatedInvestmentProducts,0000914208-26-000079,CUSTOM_DEBT,8967600000,20251231,0,USD,total_debt
IVZ,0000914208-26-000079,BS,2,Cash and cash equivalents,CashAndCashEquivalentsAtCarryingValue,us-gaap/2025,CASH,1037500000,20251231,0,USD,cash_and_equivalents
IVZ,0000914208-26-000079,BS,32,"Total liabilities, temporary and permanent equity",LiabilitiesAndStockholdersEquity,us-gaap/2025,BALANCE_CONTROL,27094000000,20251231,0,USD,total_liabilities_and_equity
IVZ,0000914208-26-000079,BS,17,Total liabilities,Liabilities,us-gaap/2025,BALANCE_CONTROL,14089100000,20251231,0,USD,total_liabilities
IVZ,0000914208-26-000079,IS,24,Interest expense,InterestExpenseNonoperating,us-gaap/2025,GROSS_INTEREST,82500000,20251231,4,USD,interest_expense
DOC,0001628280-26-005044,BS,23,Senior unsecured notes,UnsecuredDebt,us-gaap/2025,NONCURRENT_DEBT,6772722000,20251231,0,USD,long_term_debt
DOC,0001628280-26-005044,BS,24,Mortgage debt,SecuredDebt,us-gaap/2025,NONCURRENT_DEBT,349209000,20251231,0,USD,long_term_debt
DOC,0001628280-26-005044,BS,23,Senior unsecured notes,UnsecuredDebt,us-gaap/2025,NONCURRENT_DEBT,6772722000,20251231,0,USD,total_debt
DOC,0001628280-26-005044,BS,24,Mortgage debt,SecuredDebt,us-gaap/2025,NONCURRENT_DEBT,349209000,20251231,0,USD,total_debt
DOC,0001628280-26-005044,BS,27,Lease liability,OperatingLeaseLiability,us-gaap/2025,OPERATING_LEASE,296260000,20251231,0,USD,operating_lease_liabilities
DOC,0001628280-26-005044,BS,11,Cash and cash equivalents,CashAndCashEquivalentsAtCarryingValue,us-gaap/2025,CASH,467457000,20251231,0,USD,cash_and_equivalents
DOC,0001628280-26-005044,BS,42,Total liabilities and equity,LiabilitiesAndStockholdersEquity,us-gaap/2025,BALANCE_CONTROL,20336018000,20251231,0,USD,total_liabilities_and_equity
DOC,0001628280-26-005044,BS,30,Total liabilities,Liabilities,us-gaap/2025,BALANCE_CONTROL,12033567000,20251231,0,USD,total_liabilities
DOC,0001628280-26-005044,IS,9,Interest expense,InterestExpense,us-gaap/2025,GROSS_INTEREST,305178000,20251231,4,USD,interest_expense
RVTY,0000031791-26-000012,BS,20,Long-term debt,LongTermDebtNoncurrent,us-gaap/2025,NONCURRENT_DEBT_AGGREGATE,2631236000,20251231,0,USD,long_term_debt
RVTY,0000031791-26-000012,BS,20,Long-term debt,LongTermDebtNoncurrent,us-gaap/2025,NONCURRENT_DEBT_AGGREGATE,2631236000,20251231,0,USD,total_debt
RVTY,0000031791-26-000012,BS,22,"Operating Lease, Liability, Noncurrent",OperatingLeaseLiabilityNoncurrent,us-gaap/2025,OPERATING_LEASE,148108000,20251231,0,USD,operating_lease_liabilities
RVTY,0000031791-26-000012,BS,4,Cash and cash equivalents,CashAndCashEquivalentsAtCarryingValue,us-gaap/2025,CASH,919860000,20251231,0,USD,cash_and_equivalents
RVTY,0000031791-26-000012,BS,33,Total liabilities and stockholders' equity,LiabilitiesAndStockholdersEquity,us-gaap/2025,BALANCE_CONTROL,12168411000,20251231,0,USD,total_liabilities_and_equity
RVTY,0000031791-26-000012,BS,23,Total liabilities,Liabilities,us-gaap/2025,BALANCE_CONTROL,4918051000,20251231,0,USD,total_liabilities
RVTY,0000031791-26-000012,IS,12,"Interest Expense, Nonoperating",InterestExpenseNonoperating,us-gaap/2025,GROSS_INTEREST,92185000,20251231,4,USD,interest_expense
SJM,0000091419-26-000050,BS,33,Short-term borrowings,ShortTermBorrowings,us-gaap/2026,CURRENT_DEBT,420900000,20260430,0,USD,current_debt
SJM,0000091419-26-000050,BS,32,Current portion of long-term debt,LongTermDebtCurrent,us-gaap/2026,CURRENT_DEBT,150000000,20260430,0,USD,current_debt
SJM,0000091419-26-000050,BS,37,"Long-term debt, less current portion",LongTermDebtNoncurrent,us-gaap/2026,NONCURRENT_DEBT_AGGREGATE,6392800000,20260430,0,USD,long_term_debt
SJM,0000091419-26-000050,BS,33,Short-term borrowings,ShortTermBorrowings,us-gaap/2026,CURRENT_DEBT,420900000,20260430,0,USD,total_debt
SJM,0000091419-26-000050,BS,32,Current portion of long-term debt,LongTermDebtCurrent,us-gaap/2026,CURRENT_DEBT,150000000,20260430,0,USD,total_debt
SJM,0000091419-26-000050,BS,37,"Long-term debt, less current portion",LongTermDebtNoncurrent,us-gaap/2026,NONCURRENT_DEBT_AGGREGATE,6392800000,20260430,0,USD,total_debt
SJM,0000091419-26-000050,BS,41,Noncurrent operating lease liabilities,OperatingLeaseLiabilityNoncurrent,us-gaap/2026,OPERATING_LEASE,125300000,20260430,0,USD,operating_lease_liabilities
SJM,0000091419-26-000050,BS,52,Total Liabilities and Shareholders Equity,LiabilitiesAndStockholdersEquity,us-gaap/2026,BALANCE_CONTROL,16219400000,20260430,0,USD,total_liabilities_and_equity
SJM,0000091419-26-000050,BS,44,Total Liabilities,Liabilities,us-gaap/2026,BALANCE_CONTROL,10675600000,20260430,0,USD,total_liabilities
TXT,0000217346-26-000006,BS,37,Total liabilities and shareholders equity,LiabilitiesAndStockholdersEquity,us-gaap/2025,BALANCE_CONTROL,18129000000,20251231,0,USD,total_liabilities_and_equity
TXT,0000217346-26-000006,BS,29,Total liabilities,Liabilities,us-gaap/2025,BALANCE_CONTROL,10254000000,20251231,0,USD,total_liabilities
TRMB,0000864749-26-000015,BS,26,Long-term debt,LongTermDebtNoncurrent,us-gaap/2025,NONCURRENT_DEBT_AGGREGATE,1392200000,20251231,0,USD,long_term_debt
TRMB,0000864749-26-000015,BS,26,Long-term debt,LongTermDebtNoncurrent,us-gaap/2025,NONCURRENT_DEBT_AGGREGATE,1392200000,20251231,0,USD,total_debt
TRMB,0000864749-26-000015,BS,3,Cash and cash equivalents,CashAndCashEquivalentsAtCarryingValue,us-gaap/2025,CASH,253400000,20251231,0,USD,cash_and_equivalents
TRMB,0000864749-26-000015,BS,39,Total liabilities and stockholders' equity,LiabilitiesAndStockholdersEquity,us-gaap/2025,BALANCE_CONTROL,9312000000,20251231,0,USD,total_liabilities_and_equity
TRMB,0000864749-26-000015,BS,30,Total liabilities,Liabilities,us-gaap/2025,BALANCE_CONTROL,3475800000,20251231,0,USD,total_liabilities
TRMB,0000864749-26-000015,IS,24,"Interest expense, net",InterestExpenseNonoperating,us-gaap/2025,GROSS_INTEREST,74400000,20251231,4,USD,interest_expense
AIZ,0001267238-26-000010,BS,27,Debt,UnsecuredDebt,us-gaap/2025,NONCURRENT_DEBT,2206900000,20251231,0,USD,long_term_debt
AIZ,0001267238-26-000010,BS,27,Debt,UnsecuredDebt,us-gaap/2025,NONCURRENT_DEBT,2206900000,20251231,0,USD,total_debt
AIZ,0001267238-26-000010,BS,9,Cash and cash equivalents,CashAndCashEquivalentsAtCarryingValue,us-gaap/2025,CASH,1834100000,20251231,0,USD,cash_and_equivalents
AIZ,0001267238-26-000010,BS,38,Total liabilities and equity,LiabilitiesAndStockholdersEquity,us-gaap/2025,BALANCE_CONTROL,36289600000,20251231,0,USD,total_liabilities_and_equity
AIZ,0001267238-26-000010,BS,29,Total liabilities,Liabilities,us-gaap/2025,BALANCE_CONTROL,30418000000,20251231,0,USD,total_liabilities
AIZ,0001267238-26-000010,IS,10,Interest expense,InterestExpenseDebt,us-gaap/2025,GROSS_INTEREST,109700000,20251231,4,USD,interest_expense
HST,0001070750-26-000054,BS,17,Total debt,DebtAndCapitalLeaseObligations,us-gaap/2025,DEBT_AGGREGATE,5077000000,20251231,0,USD,total_debt
HST,0001070750-26-000054,BS,18,Lease liabilities,OperatingLeaseLiability,us-gaap/2025,OPERATING_LEASE,563000000,20251231,0,USD,operating_lease_liabilities
HST,0001070750-26-000054,BS,10,Cash and cash equivalents,CashAndCashEquivalentsAtCarryingValue,us-gaap/2025,CASH,768000000,20251231,0,USD,cash_and_equivalents
HST,0001070750-26-000054,BS,32,"Total liabilities, non-controlling interests and equity",LiabilitiesAndStockholdersEquity,us-gaap/2025,BALANCE_CONTROL,13049000000,20251231,0,USD,total_liabilities_and_equity
HST,0001070750-26-000054,BS,22,Total liabilities,Liabilities,us-gaap/2025,BALANCE_CONTROL,6317000000,20251231,0,USD,total_liabilities
HST,0001070750-26-000054,IS,22,Interest expense,InterestExpenseNonoperating,us-gaap/2025,GROSS_INTEREST,235000000,20251231,4,USD,interest_expense
CRL,0001100682-26-000022,BS,25,"Long-term debt, net and finance leases",LongTermDebtAndCapitalLeaseObligations,us-gaap/2025,NONCURRENT_DEBT_AGGREGATE,2136360000,20251231,0,USD,long_term_debt
CRL,0001100682-26-000022,BS,25,"Long-term debt, net and finance leases",LongTermDebtAndCapitalLeaseObligations,us-gaap/2025,NONCURRENT_DEBT_AGGREGATE,2136360000,20251231,0,USD,total_debt
CRL,0001100682-26-000022,BS,26,Operating lease right-of-use liabilities,OperatingLeaseLiabilityNoncurrent,us-gaap/2025,OPERATING_LEASE,434048000,20251231,0,USD,operating_lease_liabilities
CRL,0001100682-26-000022,BS,3,Cash and cash equivalents,CashAndCashEquivalentsAtCarryingValue,us-gaap/2025,CASH,213770000,20251231,0,USD,cash_and_equivalents
CRL,0001100682-26-000022,BS,42,"Total liabilities, redeemable noncontrolling interests and equity",LiabilitiesAndStockholdersEquity,us-gaap/2025,BALANCE_CONTROL,7135422000,20251231,0,USD,total_liabilities_and_equity
CRL,0001100682-26-000022,BS,29,Total liabilities,Liabilities,us-gaap/2025,BALANCE_CONTROL,3924228000,20251231,0,USD,total_liabilities
CRL,0001100682-26-000022,IS,17,Interest expense,InterestExpenseNonoperating,us-gaap/2025,GROSS_INTEREST,107029000,20251231,4,USD,interest_expense
MKC,0000063754-26-000037,BS,19,Short-term borrowings,ShortTermBorrowings,us-gaap/2025,CURRENT_DEBT,381400000,20251130,0,USD,current_debt
MKC,0000063754-26-000037,BS,20,Current portion of long-term debt,LongTermDebtCurrent,us-gaap/2025,CURRENT_DEBT,509100000,20251130,0,USD,current_debt
MKC,0000063754-26-000037,BS,24,Long-term debt,LongTermDebtNoncurrent,us-gaap/2025,NONCURRENT_DEBT_AGGREGATE,3105800000,20251130,0,USD,long_term_debt
MKC,0000063754-26-000037,BS,19,Short-term borrowings,ShortTermBorrowings,us-gaap/2025,CURRENT_DEBT,381400000,20251130,0,USD,total_debt
MKC,0000063754-26-000037,BS,20,Current portion of long-term debt,LongTermDebtCurrent,us-gaap/2025,CURRENT_DEBT,509100000,20251130,0,USD,total_debt
MKC,0000063754-26-000037,BS,24,Long-term debt,LongTermDebtNoncurrent,us-gaap/2025,NONCURRENT_DEBT_AGGREGATE,3105800000,20251130,0,USD,total_debt
MKC,0000063754-26-000037,BS,8,Cash and cash equivalents,CashAndCashEquivalentsAtCarryingValue,us-gaap/2025,CASH,95900000,20251130,0,USD,cash_and_equivalents
MKC,0000063754-26-000037,BS,35,Total liabilities and shareholders equity,LiabilitiesAndStockholdersEquity,us-gaap/2025,BALANCE_CONTROL,13200400000,20251130,0,USD,total_liabilities_and_equity
MKC,0000063754-26-000037,BS,27,Total liabilities,Liabilities,us-gaap/2025,BALANCE_CONTROL,7432300000,20251130,0,USD,total_liabilities
MKC,0000063754-26-000037,IS,7,Interest expense,InterestExpense,us-gaap/2025,GROSS_INTEREST,196200000,20251130,4,USD,interest_expense
COO,0001628280-25-055615,BS,16,Short-term debt (Note 5),DebtCurrent,us-gaap/2025,CURRENT_DEBT_AGGREGATE,47800000,20251031,0,USD,current_debt
COO,0001628280-25-055615,BS,22,Long-term debt (Note 5),LongTermDebtAndCapitalLeaseObligations,us-gaap/2025,NONCURRENT_DEBT_AGGREGATE,2457500000,20251031,0,USD,long_term_debt
COO,0001628280-25-055615,BS,16,Short-term debt (Note 5),DebtCurrent,us-gaap/2025,CURRENT_DEBT_AGGREGATE,47800000,20251031,0,USD,total_debt
COO,0001628280-25-055615,BS,22,Long-term debt (Note 5),LongTermDebtAndCapitalLeaseObligations,us-gaap/2025,NONCURRENT_DEBT_AGGREGATE,2457500000,20251031,0,USD,total_debt
COO,0001628280-25-055615,BS,3,Cash and cash equivalents,CashAndCashEquivalentsAtCarryingValue,us-gaap/2025,CASH,110600000,20251031,0,USD,cash_and_equivalents
COO,0001628280-25-055615,BS,39,Total liabilities and stockholders equity,LiabilitiesAndStockholdersEquity,us-gaap/2025,BALANCE_CONTROL,12394800000,20251031,0,USD,total_liabilities_and_equity
COO,0001628280-25-055615,BS,27,Total liabilities,Liabilities,us-gaap/2025,BALANCE_CONTROL,4155700000,20251031,0,USD,total_liabilities
COO,0001628280-25-055615,IS,8,Interest expense,InterestExpenseNonoperating,us-gaap/2025,GROSS_INTEREST,100000000,20251031,4,USD,interest_expense
BAX,0001628280-26-007733,BS,19,Current maturities of long-term debt and finance lease obligations,LongTermDebtAndCapitalLeaseObligationsCurrent,us-gaap/2025,CURRENT_DEBT_AGGREGATE,2000000,20251231,0,USD,current_debt
BAX,0001628280-26-007733,BS,24,"Long-term debt and finance lease obligations, less current portion",LongTermDebtAndLeaseObligationExcludingCurrentMaturities,0001628280-26-007733,CUSTOM_DEBT,9473000000,20251231,0,USD,total_debt
BAX,0001628280-26-007733,BS,25,Operating lease liabilities,OperatingLeaseLiabilityNoncurrent,us-gaap/2025,OPERATING_LEASE,223000000,20251231,0,USD,operating_lease_liabilities
BAX,0001628280-26-007733,BS,3,Cash and cash equivalents,CashAndCashEquivalentsAtCarryingValue,us-gaap/2025,CASH,1966000000,20251231,0,USD,cash_and_equivalents
BAX,0001628280-26-007733,BS,39,Total liabilities and equity,LiabilitiesAndStockholdersEquity,us-gaap/2025,BALANCE_CONTROL,20055000000,20251231,0,USD,total_liabilities_and_equity
BAX,0001628280-26-007733,BS,28,Total liabilities,Liabilities,us-gaap/2025,BALANCE_CONTROL,13953000000,20251231,0,USD,total_liabilities
RL,0001628280-26-037074,BS,25,Current portion of long-term debt,LongTermDebtCurrent,us-gaap/2025,CURRENT_DEBT,0,20260331,0,USD,current_debt
RL,0001628280-26-037074,BS,31,Long-term debt,LongTermDebtNoncurrent,us-gaap/2025,NONCURRENT_DEBT_AGGREGATE,1238900000,20260331,0,USD,long_term_debt
RL,0001628280-26-037074,BS,32,Long-term finance lease liabilities,FinanceLeaseLiabilityNoncurrent,us-gaap/2025,FINANCE_LEASE,212300000,20260331,0,USD,finance_lease_liabilities
RL,0001628280-26-037074,BS,25,Current portion of long-term debt,LongTermDebtCurrent,us-gaap/2025,CURRENT_DEBT,0,20260331,0,USD,total_debt
RL,0001628280-26-037074,BS,31,Long-term debt,LongTermDebtNoncurrent,us-gaap/2025,NONCURRENT_DEBT_AGGREGATE,1238900000,20260331,0,USD,total_debt
RL,0001628280-26-037074,BS,32,Long-term finance lease liabilities,FinanceLeaseLiabilityNoncurrent,us-gaap/2025,FINANCE_LEASE,212300000,20260331,0,USD,total_debt
RL,0001628280-26-037074,BS,33,Long-term operating lease liabilities,OperatingLeaseLiabilityNoncurrent,us-gaap/2025,OPERATING_LEASE,1325800000,20260331,0,USD,operating_lease_liabilities
RL,0001628280-26-037074,BS,28,Current operating lease liabilities,OperatingLeaseLiabilityCurrent,us-gaap/2025,OPERATING_LEASE,211700000,20260331,0,USD,operating_lease_liabilities
RL,0001628280-26-037074,BS,9,Cash and cash equivalents,CashAndCashEquivalentsAtCarryingValue,us-gaap/2025,CASH,1988000000,20260331,0,USD,cash_and_equivalents
RL,0001628280-26-037074,BS,10,Short-term investments,ShortTermInvestments,us-gaap/2025,STI,77000000,20260331,0,USD,short_term_investments
RL,0001628280-26-037074,BS,45,Total liabilities and equity,LiabilitiesAndStockholdersEquity,us-gaap/2025,BALANCE_CONTROL,7739500000,20260331,0,USD,total_liabilities_and_equity
RL,0001628280-26-037074,BS,37,Total liabilities,Liabilities,us-gaap/2025,BALANCE_CONTROL,4898100000,20260331,0,USD,total_liabilities
RL,0001628280-26-037074,IS,9,Interest expense,InterestExpense,us-gaap/2025,GROSS_INTEREST,54200000,20260331,4,USD,interest_expense
FOXA,0001628280-25-038077,BS,23,Borrowings,LongTermDebtCurrent,us-gaap/2025,CURRENT_DEBT,0,20250630,0,USD,current_debt
FOXA,0001628280-25-038077,BS,27,Borrowings,LongTermDebtNoncurrent,us-gaap/2025,NONCURRENT_DEBT_AGGREGATE,6602000000,20250630,0,USD,long_term_debt
FOXA,0001628280-25-038077,BS,23,Borrowings,LongTermDebtCurrent,us-gaap/2025,CURRENT_DEBT,0,20250630,0,USD,total_debt
FOXA,0001628280-25-038077,BS,27,Borrowings,LongTermDebtNoncurrent,us-gaap/2025,NONCURRENT_DEBT_AGGREGATE,6602000000,20250630,0,USD,total_debt
FOXA,0001628280-25-038077,BS,39,Total liabilities and equity,LiabilitiesAndStockholdersEquity,us-gaap/2025,BALANCE_CONTROL,23195000000,20250630,0,USD,total_liabilities_and_equity
GL,0000320335-26-000090,BS,23,Short-term debt,ShortTermBorrowings,us-gaap/2025,CURRENT_DEBT,304656000,20251231,0,USD,current_debt
GL,0000320335-26-000090,BS,24,"Long-term debt (estimated fair value: 2025$2,225,320; 2024$2,122,772)",LongTermDebtNoncurrent,us-gaap/2025,NONCURRENT_DEBT_AGGREGATE,2320793000,20251231,0,USD,long_term_debt
GL,0000320335-26-000090,BS,23,Short-term debt,ShortTermBorrowings,us-gaap/2025,CURRENT_DEBT,304656000,20251231,0,USD,total_debt
GL,0000320335-26-000090,BS,24,"Long-term debt (estimated fair value: 2025$2,225,320; 2024$2,122,772)",LongTermDebtNoncurrent,us-gaap/2025,NONCURRENT_DEBT_AGGREGATE,2320793000,20251231,0,USD,total_debt
GL,0000320335-26-000090,BS,9,Cash,Cash,us-gaap/2025,CASH,144704000,20251231,0,USD,cash_and_equivalents
GL,0000320335-26-000090,BS,7,Short-term investments,ShortTermInvestments,us-gaap/2025,STI,314711000,20251231,0,USD,short_term_investments
GL,0000320335-26-000090,BS,36,Total liabilities and shareholders' equity,LiabilitiesAndStockholdersEquity,us-gaap/2025,BALANCE_CONTROL,30813692000,20251231,0,USD,total_liabilities_and_equity
GL,0000320335-26-000090,BS,26,Total liabilities,Liabilities,us-gaap/2025,BALANCE_CONTROL,24839113000,20251231,0,USD,total_liabilities
GL,0000320335-26-000090,IS,19,Interest expense,InterestExpense,us-gaap/2025,GROSS_INTEREST,141221000,20251231,4,USD,interest_expense
SOLV,0001964738-26-000007,BS,20,Short-term borrowings and current portion of long-term debt,DebtCurrent,us-gaap/2025,CURRENT_DEBT_AGGREGATE,0,20251231,0,USD,current_debt
SOLV,0001964738-26-000007,BS,26,Long-term debt,LongTermDebtNoncurrent,us-gaap/2025,NONCURRENT_DEBT_AGGREGATE,5035000000,20251231,0,USD,long_term_debt
SOLV,0001964738-26-000007,BS,20,Short-term borrowings and current portion of long-term debt,DebtCurrent,us-gaap/2025,CURRENT_DEBT_AGGREGATE,0,20251231,0,USD,total_debt
SOLV,0001964738-26-000007,BS,26,Long-term debt,LongTermDebtNoncurrent,us-gaap/2025,NONCURRENT_DEBT_AGGREGATE,5035000000,20251231,0,USD,total_debt
SOLV,0001964738-26-000007,BS,3,Cash and cash equivalents,CashAndCashEquivalentsAtCarryingValue,us-gaap/2025,CASH,878000000,20251231,0,USD,cash_and_equivalents
SOLV,0001964738-26-000007,BS,38,Total liabilities and equity,LiabilitiesAndStockholdersEquity,us-gaap/2025,BALANCE_CONTROL,14294000000,20251231,0,USD,total_liabilities_and_equity
SOLV,0001964738-26-000007,BS,30,Total liabilities,Liabilities,us-gaap/2025,BALANCE_CONTROL,9245000000,20251231,0,USD,total_liabilities
SOLV,0001964738-26-000007,CF,37,Interest,InterestPaidNet,us-gaap/2025,INTEREST_PAID,442000000,20251231,4,USD,interest_expense
AVY,0000008818-26-000015,BS,16,Short-term borrowings and current portion of long-term debt and finance leases,DebtCurrent,us-gaap/2025,CURRENT_DEBT_AGGREGATE,522900000,20251231,0,USD,current_debt
AVY,0000008818-26-000015,BS,23,Long-term debt and finance leases,LongTermDebtAndCapitalLeaseObligations,us-gaap/2025,NONCURRENT_DEBT_AGGREGATE,3210000000,20251231,0,USD,long_term_debt
AVY,0000008818-26-000015,BS,16,Short-term borrowings and current portion of long-term debt and finance leases,DebtCurrent,us-gaap/2025,CURRENT_DEBT_AGGREGATE,522900000,20251231,0,USD,total_debt
AVY,0000008818-26-000015,BS,23,Long-term debt and finance leases,LongTermDebtAndCapitalLeaseObligations,us-gaap/2025,NONCURRENT_DEBT_AGGREGATE,3210000000,20251231,0,USD,total_debt
AVY,0000008818-26-000015,BS,3,Cash and cash equivalents,CashAndCashEquivalentsAtCarryingValue,us-gaap/2025,CASH,202800000,20251231,0,USD,cash_and_equivalents
AVY,0000008818-26-000015,BS,34,Total liabilities and shareholders' equity,LiabilitiesAndStockholdersEquity,us-gaap/2025,BALANCE_CONTROL,8801700000,20251231,0,USD,total_liabilities_and_equity
AVY,0000008818-26-000015,IS,6,Interest expense,InterestExpenseNonoperating,us-gaap/2025,GROSS_INTEREST,135400000,20251231,4,USD,interest_expense
IT,0000749251-26-000112,BS,19,Current portion of long-term debt,LongTermDebtCurrent,us-gaap/2025,CURRENT_DEBT,5000000,20251231,0,USD,current_debt
IT,0000749251-26-000112,BS,22,"Long-term debt, net of deferred financing fees and discounts",LongTermDebtNoncurrent,us-gaap/2025,NONCURRENT_DEBT_AGGREGATE,2976674000,20251231,0,USD,long_term_debt
IT,0000749251-26-000112,BS,19,Current portion of long-term debt,LongTermDebtCurrent,us-gaap/2025,CURRENT_DEBT,5000000,20251231,0,USD,total_debt
IT,0000749251-26-000112,BS,22,"Long-term debt, net of deferred financing fees and discounts",LongTermDebtNoncurrent,us-gaap/2025,NONCURRENT_DEBT_AGGREGATE,2976674000,20251231,0,USD,total_debt
IT,0000749251-26-000112,BS,23,Operating lease liabilities,OperatingLeaseLiabilityNoncurrent,us-gaap/2025,OPERATING_LEASE,270200000,20251231,0,USD,operating_lease_liabilities
IT,0000749251-26-000112,BS,3,Cash and cash equivalents,CashAndCashEquivalentsAtCarryingValue,us-gaap/2025,CASH,1722521000,20251231,0,USD,cash_and_equivalents
IT,0000749251-26-000112,BS,36,Total Liabilities and Stockholders Equity,LiabilitiesAndStockholdersEquity,us-gaap/2025,BALANCE_CONTROL,8085400000,20251231,0,USD,total_liabilities_and_equity
IT,0000749251-26-000112,BS,25,Total Liabilities,Liabilities,us-gaap/2025,BALANCE_CONTROL,7765492000,20251231,0,USD,total_liabilities
IT,0000749251-26-000112,IS,22,Interest expense,InterestExpenseNonoperating,us-gaap/2025,GROSS_INTEREST,125277000,20251231,4,USD,interest_expense
ALLE,0001579241-26-000007,BS,19,Short-term borrowings and current maturities of long-term debt,DebtCurrent,us-gaap/2025,CURRENT_DEBT_AGGREGATE,200000,20251231,0,USD,current_debt
ALLE,0001579241-26-000007,BS,21,Long-term debt,LongTermDebtNoncurrent,us-gaap/2025,NONCURRENT_DEBT_AGGREGATE,1979900000,20251231,0,USD,long_term_debt
ALLE,0001579241-26-000007,BS,19,Short-term borrowings and current maturities of long-term debt,DebtCurrent,us-gaap/2025,CURRENT_DEBT_AGGREGATE,200000,20251231,0,USD,total_debt
ALLE,0001579241-26-000007,BS,21,Long-term debt,LongTermDebtNoncurrent,us-gaap/2025,NONCURRENT_DEBT_AGGREGATE,1979900000,20251231,0,USD,total_debt
ALLE,0001579241-26-000007,BS,2,Cash and cash equivalents,CashAndCashEquivalentsAtCarryingValue,us-gaap/2025,CASH,356200000,20251231,0,USD,cash_and_equivalents
ALLE,0001579241-26-000007,BS,32,Total liabilities and equity,LiabilitiesAndStockholdersEquity,us-gaap/2025,BALANCE_CONTROL,5223700000,20251231,0,USD,total_liabilities_and_equity
ALLE,0001579241-26-000007,BS,25,Total liabilities,Liabilities,us-gaap/2025,BALANCE_CONTROL,3156100000,20251231,0,USD,total_liabilities
ALLE,0001579241-26-000007,IS,6,Interest expense,InterestExpense,us-gaap/2025,GROSS_INTEREST,101000000,20251231,4,USD,interest_expense
CSGP,0001057352-26-000020,BS,30,"Long-term debt, net",LongTermDebtNoncurrent,us-gaap/2025,NONCURRENT_DEBT_AGGREGATE,993000000,20251231,0,USD,long_term_debt
CSGP,0001057352-26-000020,BS,30,"Long-term debt, net",LongTermDebtNoncurrent,us-gaap/2025,NONCURRENT_DEBT_AGGREGATE,993000000,20251231,0,USD,total_debt
CSGP,0001057352-26-000020,BS,3,Cash and cash equivalents,CashAndCashEquivalentsAtCarryingValue,us-gaap/2025,CASH,1633000000,20251231,0,USD,cash_and_equivalents
CSGP,0001057352-26-000020,BS,45,Total liabilities and stockholders equity,LiabilitiesAndStockholdersEquity,us-gaap/2025,BALANCE_CONTROL,10538000000,20251231,0,USD,total_liabilities_and_equity
CSGP,0001057352-26-000020,BS,34,Total liabilities,Liabilities,us-gaap/2025,BALANCE_CONTROL,2167000000,20251231,0,USD,total_liabilities
CSGP,0001057352-26-000020,CF,38,Interest paid,InterestPaidNet,us-gaap/2025,INTEREST_PAID,30000000,20251231,4,USD,interest_expense
LVS,0001300514-26-000013,BS,22,Current maturities of debt,LongTermDebtAndCapitalLeaseObligationsCurrent,us-gaap/2025,CURRENT_DEBT_AGGREGATE,1128000000,20251231,0,USD,current_debt
LVS,0001300514-26-000013,BS,26,Debt,LongTermDebtAndCapitalLeaseObligations,us-gaap/2025,NONCURRENT_DEBT_AGGREGATE,14656000000,20251231,0,USD,long_term_debt
LVS,0001300514-26-000013,BS,22,Current maturities of debt,LongTermDebtAndCapitalLeaseObligationsCurrent,us-gaap/2025,CURRENT_DEBT_AGGREGATE,1128000000,20251231,0,USD,total_debt
LVS,0001300514-26-000013,BS,26,Debt,LongTermDebtAndCapitalLeaseObligations,us-gaap/2025,NONCURRENT_DEBT_AGGREGATE,14656000000,20251231,0,USD,total_debt
LVS,0001300514-26-000013,BS,3,Cash and cash equivalents,CashAndCashEquivalentsAtCarryingValue,us-gaap/2025,CASH,3841000000,20251231,0,USD,cash_and_equivalents
LVS,0001300514-26-000013,BS,39,Total liabilities and equity,LiabilitiesAndStockholdersEquity,us-gaap/2025,BALANCE_CONTROL,21920000000,20251231,0,USD,total_liabilities_and_equity
LVS,0001300514-26-000013,BS,27,Total liabilities,Liabilities,us-gaap/2025,BALANCE_CONTROL,19986000000,20251231,0,USD,total_liabilities
LVS,0001300514-26-000013,IS,26,"Interest expense, net of amounts capitalized",InterestExpense,us-gaap/2025,GROSS_INTEREST,746000000,20251231,4,USD,interest_expense
GDDY,0001609711-26-000010,BS,22,Long-term debt,LongTermDebtCurrent,us-gaap/2025,CURRENT_DEBT,15100000,20251231,0,USD,current_debt
GDDY,0001609711-26-000010,BS,25,"Long-term debt, net of current portion",LongTermDebtNoncurrent,us-gaap/2025,NONCURRENT_DEBT_AGGREGATE,3765200000,20251231,0,USD,long_term_debt
GDDY,0001609711-26-000010,BS,22,Long-term debt,LongTermDebtCurrent,us-gaap/2025,CURRENT_DEBT,15100000,20251231,0,USD,total_debt
GDDY,0001609711-26-000010,BS,25,"Long-term debt, net of current portion",LongTermDebtNoncurrent,us-gaap/2025,NONCURRENT_DEBT_AGGREGATE,3765200000,20251231,0,USD,total_debt
GDDY,0001609711-26-000010,BS,26,"Operating lease liabilities, net of current portion",OperatingLeaseLiabilityNoncurrent,us-gaap/2025,OPERATING_LEASE,62000000,20251231,0,USD,operating_lease_liabilities
GDDY,0001609711-26-000010,BS,37,Total liabilities and stockholders' equity,LiabilitiesAndStockholdersEquity,us-gaap/2025,BALANCE_CONTROL,8034900000,20251231,0,USD,total_liabilities_and_equity
GDDY,0001609711-26-000010,IS,19,Interest expense,InterestExpenseNonoperating,us-gaap/2025,GROSS_INTEREST,151000000,20251231,4,USD,interest_expense
LULU,0001397187-26-000020,BS,26,Non-current lease liabilities,OperatingLeaseLiabilityNoncurrent,us-gaap/2025,OPERATING_LEASE,1499717000,20260131,0,USD,operating_lease_liabilities
LULU,0001397187-26-000020,BS,21,Current lease liabilities,OperatingLeaseLiabilityCurrent,us-gaap/2025,OPERATING_LEASE,298724000,20260131,0,USD,operating_lease_liabilities
LULU,0001397187-26-000020,BS,40,Total liabilities and stockholders' equity,LiabilitiesAndStockholdersEquity,us-gaap/2025,BALANCE_CONTROL,8456743000,20260131,0,USD,total_liabilities_and_equity
LULU,0001397187-26-000020,BS,29,Total liabilities,Liabilities,us-gaap/2025,BALANCE_CONTROL,3494903000,20260131,0,USD,total_liabilities
HAS,0000046080-26-000011,BS,16,Current portion of long-term debt,LongTermDebtCurrent,us-gaap/2025,CURRENT_DEBT,497000000,20251231,0,USD,current_debt
HAS,0000046080-26-000011,BS,20,Long-term debt,LongTermDebtNoncurrent,us-gaap/2025,NONCURRENT_DEBT_AGGREGATE,2767900000,20251231,0,USD,long_term_debt
HAS,0000046080-26-000011,BS,16,Current portion of long-term debt,LongTermDebtCurrent,us-gaap/2025,CURRENT_DEBT,497000000,20251231,0,USD,total_debt
HAS,0000046080-26-000011,BS,20,Long-term debt,LongTermDebtNoncurrent,us-gaap/2025,NONCURRENT_DEBT_AGGREGATE,2767900000,20251231,0,USD,total_debt
HAS,0000046080-26-000011,BS,33,"Total liabilities, noncontrolling interests and shareholders equity",LiabilitiesAndStockholdersEquity,us-gaap/2025,BALANCE_CONTROL,5552000000,20251231,0,USD,total_liabilities_and_equity
HAS,0000046080-26-000011,BS,22,Total liabilities,Liabilities,us-gaap/2025,BALANCE_CONTROL,4986500000,20251231,0,USD,total_liabilities
HAS,0000046080-26-000011,IS,15,Interest expense,InterestExpenseNonoperating,us-gaap/2025,GROSS_INTEREST,163400000,20251231,4,USD,interest_expense
REG,0001193125-26-051668,BS,23,"Notes payable, net",NotesPayable,us-gaap/2025,NONCURRENT_DEBT,4619301000,20251231,0,USD,long_term_debt
REG,0001193125-26-051668,BS,24,Unsecured credit facility,UnsecuredDebt,us-gaap/2025,NONCURRENT_DEBT,120000000,20251231,0,USD,long_term_debt
REG,0001193125-26-051668,BS,23,"Notes payable, net",NotesPayable,us-gaap/2025,NONCURRENT_DEBT,4619301000,20251231,0,USD,total_debt
REG,0001193125-26-051668,BS,24,Unsecured credit facility,UnsecuredDebt,us-gaap/2025,NONCURRENT_DEBT,120000000,20251231,0,USD,total_debt
REG,0001193125-26-051668,BS,27,Lease liabilities,OperatingLeaseLiability,us-gaap/2025,OPERATING_LEASE,242368000,20251231,0,USD,operating_lease_liabilities
REG,0001193125-26-051668,BS,49,Total liabilities and equity,LiabilitiesAndStockholdersEquity,us-gaap/2025,BALANCE_CONTROL,13001283000,20251231,0,USD,total_liabilities_and_equity
REG,0001193125-26-051668,BS,29,Total liabilities,Liabilities,us-gaap/2025,BALANCE_CONTROL,5819677000,20251231,0,USD,total_liabilities
REG,0001193125-26-051668,CF,75,"Cash paid for interest (net of capitalized interest of $10,289, $6,627, and $5,695 in 2025, 2024, and 2023, respectively)",InterestPaidNet,us-gaap/2025,INTEREST_PAID,179216000,20251231,4,USD,interest_expense
DECK,0001628280-26-037664,BS,24,Long-term operating lease liabilities (Note 7),OperatingLeaseLiabilityNoncurrent,us-gaap/2025,OPERATING_LEASE,291263000,20260331,0,USD,operating_lease_liabilities
DECK,0001628280-26-037664,BS,19,Operating lease liabilities (Note 7),OperatingLeaseLiabilityCurrent,us-gaap/2025,OPERATING_LEASE,83931000,20260331,0,USD,operating_lease_liabilities
DECK,0001628280-26-037664,BS,2,Cash and cash equivalents,CashAndCashEquivalentsAtCarryingValue,us-gaap/2025,CASH,1907249000,20260331,0,USD,cash_and_equivalents
DECK,0001628280-26-037664,BS,35,Total liabilities and stockholders equity,LiabilitiesAndStockholdersEquity,us-gaap/2025,BALANCE_CONTROL,3687765000,20260331,0,USD,total_liabilities_and_equity
DECK,0001628280-26-037664,IS,7,Interest expense,InterestExpenseNonoperating,us-gaap/2025,GROSS_INTEREST,2530000,20260331,4,USD,interest_expense
LII,0001069202-26-000028,BS,19,Commercial paper,CommercialPaper,us-gaap/2025,CURRENT_DEBT,226000000,20251231,0,USD,current_debt
LII,0001069202-26-000028,BS,26,Long-term debt,LongTermDebtAndCapitalLeaseObligations,us-gaap/2025,NONCURRENT_DEBT_AGGREGATE,1144100000,20251231,0,USD,long_term_debt
LII,0001069202-26-000028,BS,19,Commercial paper,CommercialPaper,us-gaap/2025,CURRENT_DEBT,226000000,20251231,0,USD,total_debt
LII,0001069202-26-000028,BS,26,Long-term debt,LongTermDebtAndCapitalLeaseObligations,us-gaap/2025,NONCURRENT_DEBT_AGGREGATE,1144100000,20251231,0,USD,total_debt
LII,0001069202-26-000028,BS,27,Long-term operating lease liabilities,OperatingLeaseLiabilityNoncurrent,us-gaap/2025,OPERATING_LEASE,293400000,20251231,0,USD,operating_lease_liabilities
LII,0001069202-26-000028,BS,21,Current operating lease liabilities,OperatingLeaseLiabilityCurrent,us-gaap/2025,OPERATING_LEASE,88900000,20251231,0,USD,operating_lease_liabilities
LII,0001069202-26-000028,BS,3,Cash and cash equivalents,CashAndCashEquivalentsAtCarryingValue,us-gaap/2025,CASH,34200000,20251231,0,USD,cash_and_equivalents
LII,0001069202-26-000028,BS,4,Short-term investments,ShortTermInvestments,us-gaap/2025,STI,500000,20251231,0,USD,short_term_investments
LII,0001069202-26-000028,BS,40,Total liabilities and stockholders' equity,LiabilitiesAndStockholdersEquity,us-gaap/2025,BALANCE_CONTROL,4081800000,20251231,0,USD,total_liabilities_and_equity
LII,0001069202-26-000028,BS,30,Total liabilities,Liabilities,us-gaap/2025,BALANCE_CONTROL,2918700000,20251231,0,USD,total_liabilities
LII,0001069202-26-000028,IS,13,"Interest expense, net",InterestExpense,us-gaap/2025,GROSS_INTEREST,40900000,20251231,4,USD,interest_expense
JKHY,0000779152-25-000055,BS,30,Current maturities of long-term debt,LongTermDebtCurrent,us-gaap/2025,CURRENT_DEBT,0,20250630,0,USD,current_debt
JKHY,0000779152-25-000055,BS,36,"Debt, net of current maturities",LongTermDebtNoncurrent,us-gaap/2025,NONCURRENT_DEBT_AGGREGATE,0,20250630,0,USD,long_term_debt
JKHY,0000779152-25-000055,BS,30,Current maturities of long-term debt,LongTermDebtCurrent,us-gaap/2025,CURRENT_DEBT,0,20250630,0,USD,total_debt
JKHY,0000779152-25-000055,BS,36,"Debt, net of current maturities",LongTermDebtNoncurrent,us-gaap/2025,NONCURRENT_DEBT_AGGREGATE,0,20250630,0,USD,total_debt
JKHY,0000779152-25-000055,BS,54,Total liabilities and equity,LiabilitiesAndStockholdersEquity,us-gaap/2025,BALANCE_CONTROL,3043970000,20250630,0,USD,total_liabilities_and_equity
JKHY,0000779152-25-000055,BS,39,Total liabilities,Liabilities,us-gaap/2025,BALANCE_CONTROL,913138000,20250630,0,USD,total_liabilities
CLX,0000021076-25-000039,BS,17,Notes and loans payable,CommercialPaper,us-gaap/2025,CURRENT_DEBT,4000000,20250630,0,USD,current_debt
CLX,0000021076-25-000039,BS,21,Long-term debt,LongTermDebtNoncurrent,us-gaap/2025,NONCURRENT_DEBT_AGGREGATE,2484000000,20250630,0,USD,long_term_debt
CLX,0000021076-25-000039,BS,17,Notes and loans payable,CommercialPaper,us-gaap/2025,CURRENT_DEBT,4000000,20250630,0,USD,total_debt
CLX,0000021076-25-000039,BS,21,Long-term debt,LongTermDebtNoncurrent,us-gaap/2025,NONCURRENT_DEBT_AGGREGATE,2484000000,20250630,0,USD,total_debt
CLX,0000021076-25-000039,BS,22,Long-term operating lease liabilities,OperatingLeaseLiabilityNoncurrent,us-gaap/2025,OPERATING_LEASE,305000000,20250630,0,USD,operating_lease_liabilities
CLX,0000021076-25-000039,BS,18,Current operating lease liabilities,OperatingLeaseLiabilityCurrent,us-gaap/2025,OPERATING_LEASE,87000000,20250630,0,USD,operating_lease_liabilities
CLX,0000021076-25-000039,BS,3,Cash and cash equivalents,CashAndCashEquivalentsAtCarryingValue,us-gaap/2025,CASH,167000000,20250630,0,USD,cash_and_equivalents
CLX,0000021076-25-000039,BS,37,Total liabilities and stockholders equity,LiabilitiesAndStockholdersEquity,us-gaap/2025,BALANCE_CONTROL,5561000000,20250630,0,USD,total_liabilities_and_equity
CLX,0000021076-25-000039,BS,25,Total liabilities,Liabilities,us-gaap/2025,BALANCE_CONTROL,5079000000,20250630,0,USD,total_liabilities
CLX,0000021076-25-000039,IS,10,Interest expense,InterestExpense,us-gaap/2025,GROSS_INTEREST,88000000,20250630,4,USD,interest_expense
PNW,0000764622-26-000011,BS,43,Short-term borrowings (Note 6),ShortTermBorrowings,us-gaap/2025,CURRENT_DEBT,757005000,20251231,0,USD,current_debt
PNW,0000764622-26-000011,BS,44,Current maturities of long-term debt (Note 6),LongTermDebtCurrent,us-gaap/2025,CURRENT_DEBT,600000000,20251231,0,USD,current_debt
PNW,0000764622-26-000011,BS,52,LONG-TERM DEBT LESS CURRENT MATURITIES (Note 7),LongTermDebtNoncurrent,us-gaap/2025,NONCURRENT_DEBT_AGGREGATE,9205676000,20251231,0,USD,long_term_debt
PNW,0000764622-26-000011,BS,43,Short-term borrowings (Note 6),ShortTermBorrowings,us-gaap/2025,CURRENT_DEBT,757005000,20251231,0,USD,total_debt
PNW,0000764622-26-000011,BS,44,Current maturities of long-term debt (Note 6),LongTermDebtCurrent,us-gaap/2025,CURRENT_DEBT,600000000,20251231,0,USD,total_debt
PNW,0000764622-26-000011,BS,52,LONG-TERM DEBT LESS CURRENT MATURITIES (Note 7),LongTermDebtNoncurrent,us-gaap/2025,NONCURRENT_DEBT_AGGREGATE,9205676000,20251231,0,USD,total_debt
PNW,0000764622-26-000011,BS,63,Operating lease liabilities (Note 20),OperatingLeaseLiabilityNoncurrent,us-gaap/2025,OPERATING_LEASE,3548365000,20251231,0,USD,operating_lease_liabilities
PNW,0000764622-26-000011,BS,48,Operating lease liabilities (Note 20),OperatingLeaseLiabilityCurrent,us-gaap/2025,OPERATING_LEASE,188586000,20251231,0,USD,operating_lease_liabilities
PNW,0000764622-26-000011,BS,3,Cash and cash equivalents,CashAndCashEquivalentsAtCarryingValue,us-gaap/2025,CASH,6604000,20251231,0,USD,cash_and_equivalents
PNW,0000764622-26-000011,BS,76,TOTAL LIABILITIES AND EQUITY,LiabilitiesAndStockholdersEquity,us-gaap/2025,BALANCE_CONTROL,30031599000,20251231,0,USD,total_liabilities_and_equity
PNW,0000764622-26-000011,IS,19,Total,InterestExpenseNonoperating,us-gaap/2025,GROSS_INTEREST,421968000,20251231,4,USD,interest_expense
ECHO,0001104659-26-021817,BS,34,"Current portion of debt, finance lease and other obligations (Note 10)",LongTermDebtAndCapitalLeaseObligationsCurrent,us-gaap/2025,CURRENT_DEBT_AGGREGATE,7321269000,20251231,0,USD,current_debt
ECHO,0001104659-26-021817,BS,37,"Long-term debt, finance lease and other obligations, net of current portion (Note 10)",LongTermDebtAndCapitalLeaseObligations,us-gaap/2025,NONCURRENT_DEBT_AGGREGATE,18658602000,20251231,0,USD,long_term_debt
ECHO,0001104659-26-021817,BS,34,"Current portion of debt, finance lease and other obligations (Note 10)",LongTermDebtAndCapitalLeaseObligationsCurrent,us-gaap/2025,CURRENT_DEBT_AGGREGATE,7321269000,20251231,0,USD,total_debt
ECHO,0001104659-26-021817,BS,37,"Long-term debt, finance lease and other obligations, net of current portion (Note 10)",LongTermDebtAndCapitalLeaseObligations,us-gaap/2025,NONCURRENT_DEBT_AGGREGATE,18658602000,20251231,0,USD,total_debt
ECHO,0001104659-26-021817,BS,39,Operating lease liabilities,OperatingLeaseLiabilityNoncurrent,us-gaap/2025,OPERATING_LEASE,4137269000,20251231,0,USD,operating_lease_liabilities
ECHO,0001104659-26-021817,BS,9,Cash and cash equivalents,CashAndCashEquivalentsAtCarryingValue,us-gaap/2025,CASH,1883074000,20251231,0,USD,cash_and_equivalents
ECHO,0001104659-26-021817,BS,11,Marketable investment securities,MarketableSecuritiesCurrent,us-gaap/2025,STI,1100891000,20251231,0,USD,short_term_investments
ECHO,0001104659-26-021817,BS,53,Total liabilities and stockholders' equity (deficit),LiabilitiesAndStockholdersEquity,us-gaap/2025,BALANCE_CONTROL,43016355000,20251231,0,USD,total_liabilities_and_equity
ECHO,0001104659-26-021817,BS,42,Total liabilities,Liabilities,us-gaap/2025,BALANCE_CONTROL,37204357000,20251231,0,USD,total_liabilities
TKO,0001193125-26-071651,BS,27,Current portion of long-term debt,LongTermDebtCurrent,us-gaap/2025,CURRENT_DEBT,38061000,20251231,0,USD,current_debt
TKO,0001193125-26-071651,BS,33,Long-term debt,LongTermDebtNoncurrent,us-gaap/2025,NONCURRENT_DEBT_AGGREGATE,3724063000,20251231,0,USD,long_term_debt
TKO,0001193125-26-071651,BS,28,Current portion of finance lease liabilities,FinanceLeaseLiabilityCurrent,us-gaap/2025,FINANCE_LEASE,22741000,20251231,0,USD,finance_lease_liabilities
TKO,0001193125-26-071651,BS,34,Long-term finance lease liabilities,FinanceLeaseLiabilityNoncurrent,us-gaap/2025,FINANCE_LEASE,219459000,20251231,0,USD,finance_lease_liabilities
TKO,0001193125-26-071651,BS,27,Current portion of long-term debt,LongTermDebtCurrent,us-gaap/2025,CURRENT_DEBT,38061000,20251231,0,USD,total_debt
TKO,0001193125-26-071651,BS,33,Long-term debt,LongTermDebtNoncurrent,us-gaap/2025,NONCURRENT_DEBT_AGGREGATE,3724063000,20251231,0,USD,total_debt
TKO,0001193125-26-071651,BS,28,Current portion of finance lease liabilities,FinanceLeaseLiabilityCurrent,us-gaap/2025,FINANCE_LEASE,22741000,20251231,0,USD,total_debt
TKO,0001193125-26-071651,BS,34,Long-term finance lease liabilities,FinanceLeaseLiabilityNoncurrent,us-gaap/2025,FINANCE_LEASE,219459000,20251231,0,USD,total_debt
TKO,0001193125-26-071651,BS,35,Long-term operating lease liabilities,OperatingLeaseLiabilityNoncurrent,us-gaap/2025,OPERATING_LEASE,41063000,20251231,0,USD,operating_lease_liabilities
TKO,0001193125-26-071651,BS,29,Current portion of operating lease liabilities,OperatingLeaseLiabilityCurrent,us-gaap/2025,OPERATING_LEASE,17648000,20251231,0,USD,operating_lease_liabilities
TKO,0001193125-26-071651,BS,9,Cash and cash equivalents,CashAndCashEquivalentsAtCarryingValue,us-gaap/2025,CASH,831100000,20251231,0,USD,cash_and_equivalents
TKO,0001193125-26-071651,BS,49,"Total liabilities, redeemable non-controlling interests and stockholders' equity",LiabilitiesAndStockholdersEquity,us-gaap/2025,BALANCE_CONTROL,15495821000,20251231,0,USD,total_liabilities_and_equity
TKO,0001193125-26-071651,BS,38,Total liabilities,Liabilities,us-gaap/2025,BALANCE_CONTROL,6245742000,20251231,0,USD,total_liabilities
TKO,0001193125-26-071651,IS,10,"Interest expense, net",InterestExpense,us-gaap/2025,GROSS_INTEREST,202724000,20251231,4,USD,interest_expense
HII,0001501585-26-000006,BS,35,Long-term debt,LongTermDebtAndCapitalLeaseObligations,us-gaap/2025,NONCURRENT_DEBT_AGGREGATE,2700000000,20251231,0,USD,long_term_debt
HII,0001501585-26-000006,BS,35,Long-term debt,LongTermDebtAndCapitalLeaseObligations,us-gaap/2025,NONCURRENT_DEBT_AGGREGATE,2700000000,20251231,0,USD,total_debt
HII,0001501585-26-000006,BS,39,Long-term operating lease liabilities,OperatingLeaseLiabilityNoncurrent,us-gaap/2025,OPERATING_LEASE,223000000,20251231,0,USD,operating_lease_liabilities
HII,0001501585-26-000006,BS,51,Total liabilities and stockholders' equity,LiabilitiesAndStockholdersEquity,us-gaap/2025,BALANCE_CONTROL,12749000000,20251231,0,USD,total_liabilities_and_equity
HII,0001501585-26-000006,BS,42,Total liabilities,Liabilities,us-gaap/2025,BALANCE_CONTROL,7676000000,20251231,0,USD,total_liabilities
HII,0001501585-26-000006,IS,15,Interest expense,InterestExpense,us-gaap/2025,GROSS_INTEREST,105000000,20251231,4,USD,interest_expense
FDS,0001628280-25-045769,BS,17,Current debt,LongTermDebtCurrent,us-gaap/2025,CURRENT_DEBT,0,20250831,0,USD,current_debt
FDS,0001628280-25-045769,BS,24,Long-term debt,LongTermDebtNoncurrent,us-gaap/2025,NONCURRENT_DEBT_AGGREGATE,1368260000,20250831,0,USD,long_term_debt
FDS,0001628280-25-045769,BS,17,Current debt,LongTermDebtCurrent,us-gaap/2025,CURRENT_DEBT,0,20250831,0,USD,total_debt
FDS,0001628280-25-045769,BS,24,Long-term debt,LongTermDebtNoncurrent,us-gaap/2025,NONCURRENT_DEBT_AGGREGATE,1368260000,20250831,0,USD,total_debt
FDS,0001628280-25-045769,BS,28,Long-term lease liabilities,OperatingLeaseLiabilityNoncurrent,us-gaap/2025,OPERATING_LEASE,157104000,20250831,0,USD,operating_lease_liabilities
FDS,0001628280-25-045769,BS,18,Current lease liabilities,OperatingLeaseLiabilityCurrent,us-gaap/2025,OPERATING_LEASE,33145000,20250831,0,USD,operating_lease_liabilities
FDS,0001628280-25-045769,BS,2,Cash and cash equivalents,CashAndCashEquivalentsAtCarryingValue,us-gaap/2025,CASH,337651000,20250831,0,USD,cash_and_equivalents
FDS,0001628280-25-045769,BS,3,Investments,ShortTermInvestments,us-gaap/2025,STI,17445000,20250831,0,USD,short_term_investments
FDS,0001628280-25-045769,BS,40,TOTAL LIABILITIES AND STOCKHOLDERS EQUITY,LiabilitiesAndStockholdersEquity,us-gaap/2025,BALANCE_CONTROL,4304272000,20250831,0,USD,total_liabilities_and_equity
FDS,0001628280-25-045769,BS,30,TOTAL LIABILITIES,Liabilities,us-gaap/2025,BALANCE_CONTROL,2117859000,20250831,0,USD,total_liabilities
FDS,0001628280-25-045769,IS,9,Interest expense,InterestExpenseNonoperating,us-gaap/2025,GROSS_INTEREST,56324000,20250831,4,USD,interest_expense
TECH,0001558370-25-011716,BS,28,Long-term debt obligations,LongTermDebtAndCapitalLeaseObligations,us-gaap/2025,NONCURRENT_DEBT_AGGREGATE,346000000,20250630,0,USD,long_term_debt
TECH,0001558370-25-011716,BS,28,Long-term debt obligations,LongTermDebtAndCapitalLeaseObligations,us-gaap/2025,NONCURRENT_DEBT_AGGREGATE,346000000,20250630,0,USD,total_debt
TECH,0001558370-25-011716,BS,29,Operating lease liabilities,OperatingLeaseLiabilityNoncurrent,us-gaap/2025,OPERATING_LEASE,83960000,20250630,0,USD,operating_lease_liabilities
TECH,0001558370-25-011716,BS,24,Operating lease liabilities - current,OperatingLeaseLiabilityCurrent,us-gaap/2025,OPERATING_LEASE,14098000,20250630,0,USD,operating_lease_liabilities
TECH,0001558370-25-011716,BS,3,Cash and cash equivalents,CashAndCashEquivalentsAtCarryingValue,us-gaap/2025,CASH,162186000,20250630,0,USD,cash_and_equivalents
TECH,0001558370-25-011716,BS,38,Total liabilities and shareholders' equity,LiabilitiesAndStockholdersEquity,us-gaap/2025,BALANCE_CONTROL,2557868000,20250630,0,USD,total_liabilities_and_equity
TECH,0001558370-25-011716,IS,10,Interest expense,InterestExpenseNonoperating,us-gaap/2025,GROSS_INTEREST,8509000,20250630,4,USD,interest_expense
NWSA,0001564708-25-000419,BS,30,Current borrowings,LongTermDebtCurrent,us-gaap/2025,CURRENT_DEBT,25000000,20250630,0,USD,current_debt
NWSA,0001564708-25-000419,BS,35,Borrowings,LongTermDebtNoncurrent,us-gaap/2025,NONCURRENT_DEBT_AGGREGATE,1937000000,20250630,0,USD,long_term_debt
NWSA,0001564708-25-000419,BS,30,Current borrowings,LongTermDebtCurrent,us-gaap/2025,CURRENT_DEBT,25000000,20250630,0,USD,total_debt
NWSA,0001564708-25-000419,BS,35,Borrowings,LongTermDebtNoncurrent,us-gaap/2025,NONCURRENT_DEBT_AGGREGATE,1937000000,20250630,0,USD,total_debt
NWSA,0001564708-25-000419,BS,38,Operating lease liabilities,OperatingLeaseLiabilityNoncurrent,us-gaap/2025,OPERATING_LEASE,904000000,20250630,0,USD,operating_lease_liabilities
NWSA,0001564708-25-000419,BS,9,Cash and cash equivalents,CashAndCashEquivalentsAtCarryingValue,us-gaap/2025,CASH,2403000000,20250630,0,USD,cash_and_equivalents
NWSA,0001564708-25-000419,BS,49,Total liabilities and equity,LiabilitiesAndStockholdersEquity,us-gaap/2025,BALANCE_CONTROL,15504000000,20250630,0,USD,total_liabilities_and_equity
UDR,0000074208-26-000013,BS,25,"Unsecured debt, net",UnsecuredDebt,us-gaap/2025,NONCURRENT_DEBT,4860189000,20251231,0,USD,long_term_debt
UDR,0000074208-26-000013,BS,24,"Secured debt, net",SecuredDebt,us-gaap/2025,NONCURRENT_DEBT,961180000,20251231,0,USD,long_term_debt
UDR,0000074208-26-000013,BS,25,"Unsecured debt, net",UnsecuredDebt,us-gaap/2025,NONCURRENT_DEBT,4860189000,20251231,0,USD,total_debt
UDR,0000074208-26-000013,BS,24,"Secured debt, net",SecuredDebt,us-gaap/2025,NONCURRENT_DEBT,961180000,20251231,0,USD,total_debt
UDR,0000074208-26-000013,BS,26,Operating lease liabilities,OperatingLeaseLiability,us-gaap/2025,OPERATING_LEASE,182963000,20251231,0,USD,operating_lease_liabilities
UDR,0000074208-26-000013,BS,15,Cash and cash equivalents,CashAndCashEquivalentsAtCarryingValue,us-gaap/2025,CASH,1222000,20251231,0,USD,cash_and_equivalents
UDR,0000074208-26-000013,BS,44,Total liabilities and equity,LiabilitiesAndStockholdersEquity,us-gaap/2025,BALANCE_CONTROL,10605674000,20251231,0,USD,total_liabilities_and_equity
UDR,0000074208-26-000013,BS,32,Total liabilities,Liabilities,us-gaap/2025,BALANCE_CONTROL,6456911000,20251231,0,USD,total_liabilities
UDR,0000074208-26-000013,IS,19,Interest expense,InterestExpenseDebt,us-gaap/2025,GROSS_INTEREST,196619000,20251231,4,USD,interest_expense
GNRC,0001437749-26-004568,BS,19,Short-term borrowings,ShortTermBorrowings,us-gaap/2025,CURRENT_DEBT,50618000,20251231,0,USD,current_debt
GNRC,0001437749-26-004568,BS,26,Long-Term Debt and Lease Obligation,LongTermDebtAndCapitalLeaseObligations,us-gaap/2025,NONCURRENT_DEBT_AGGREGATE,1260256000,20251231,0,USD,long_term_debt
GNRC,0001437749-26-004568,BS,19,Short-term borrowings,ShortTermBorrowings,us-gaap/2025,CURRENT_DEBT,50618000,20251231,0,USD,total_debt
GNRC,0001437749-26-004568,BS,26,Long-Term Debt and Lease Obligation,LongTermDebtAndCapitalLeaseObligations,us-gaap/2025,NONCURRENT_DEBT_AGGREGATE,1260256000,20251231,0,USD,total_debt
GNRC,0001437749-26-004568,BS,4,Cash and cash equivalents,CashAndCashEquivalentsAtCarryingValue,us-gaap/2025,CASH,341413000,20251231,0,USD,cash_and_equivalents
GNRC,0001437749-26-004568,BS,42,Total liabilities and stockholders equity,LiabilitiesAndStockholdersEquity,us-gaap/2025,BALANCE_CONTROL,5573679000,20251231,0,USD,total_liabilities_and_equity
GNRC,0001437749-26-004568,BS,30,Total liabilities,Liabilities,us-gaap/2025,BALANCE_CONTROL,2934633000,20251231,0,USD,total_liabilities
GNRC,0001437749-26-004568,IS,14,Interest expense,InterestExpenseNonoperating,us-gaap/2025,GROSS_INTEREST,70697000,20251231,4,USD,interest_expense
CPT,0001628280-26-007697,BS,18,Unsecured notes payable,UnsecuredDebt,us-gaap/2025,NONCURRENT_DEBT,3570193000,20251231,0,USD,long_term_debt
CPT,0001628280-26-007697,BS,19,Secured Debt,SecuredDebt,us-gaap/2025,NONCURRENT_DEBT,330597000,20251231,0,USD,long_term_debt
CPT,0001628280-26-007697,BS,18,Unsecured notes payable,UnsecuredDebt,us-gaap/2025,NONCURRENT_DEBT,3570193000,20251231,0,USD,total_debt
CPT,0001628280-26-007697,BS,19,Secured Debt,SecuredDebt,us-gaap/2025,NONCURRENT_DEBT,330597000,20251231,0,USD,total_debt
CPT,0001628280-26-007697,BS,13,Cash and cash equivalents,CashAndCashEquivalentsAtCarryingValue,us-gaap/2025,CASH,25203000,20251231,0,USD,cash_and_equivalents
CPT,0001628280-26-007697,BS,35,Total liabilities and equity,LiabilitiesAndStockholdersEquity,us-gaap/2025,BALANCE_CONTROL,9042989000,20251231,0,USD,total_liabilities_and_equity
CPT,0001628280-26-007697,BS,24,Total liabilities,Liabilities,us-gaap/2025,BALANCE_CONTROL,4604736000,20251231,0,USD,total_liabilities
CPT,0001628280-26-007697,IS,18,Interest,InterestExpense,us-gaap/2025,GROSS_INTEREST,138239000,20251231,4,USD,interest_expense
ROL,0000084839-26-000008,BS,23,Short-term debt,ShortTermBorrowings,us-gaap/2025,CURRENT_DEBT,123683000,20251231,0,USD,current_debt
ROL,0000084839-26-000008,BS,33,Long-term debt,LongTermLineOfCredit,us-gaap/2025,NONCURRENT_DEBT,486147000,20251231,0,USD,long_term_debt
ROL,0000084839-26-000008,BS,23,Short-term debt,ShortTermBorrowings,us-gaap/2025,CURRENT_DEBT,123683000,20251231,0,USD,total_debt
ROL,0000084839-26-000008,BS,33,Long-term debt,LongTermLineOfCredit,us-gaap/2025,NONCURRENT_DEBT,486147000,20251231,0,USD,total_debt
ROL,0000084839-26-000008,BS,32,"Operating lease liabilities, less current portion",OperatingLeaseLiabilityNoncurrent,us-gaap/2025,OPERATING_LEASE,290765000,20251231,0,USD,operating_lease_liabilities
ROL,0000084839-26-000008,BS,28,Operating lease liabilities  current,OperatingLeaseLiabilityCurrent,us-gaap/2025,OPERATING_LEASE,137410000,20251231,0,USD,operating_lease_liabilities
ROL,0000084839-26-000008,BS,9,Cash and cash equivalents,CashAndCashEquivalentsAtCarryingValue,us-gaap/2025,CASH,100004000,20251231,0,USD,cash_and_equivalents
ROL,0000084839-26-000008,BS,44,Total liabilities and stockholders equity,LiabilitiesAndStockholdersEquity,us-gaap/2025,BALANCE_CONTROL,3140523000,20251231,0,USD,total_liabilities_and_equity
ROL,0000084839-26-000008,BS,35,Total liabilities,Liabilities,us-gaap/2025,BALANCE_CONTROL,1766202000,20251231,0,USD,total_liabilities
ROL,0000084839-26-000008,IS,11,"Interest expense, net",InterestExpenseNonoperating,us-gaap/2025,GROSS_INTEREST,28558000,20251231,4,USD,interest_expense
ALGN,0001097149-26-000014,BS,23,Operating lease liabilities,OperatingLeaseLiabilityNoncurrent,us-gaap/2025,OPERATING_LEASE,82507000,20251231,0,USD,operating_lease_liabilities
ALGN,0001097149-26-000014,BS,3,Cash and cash equivalents,CashAndCashEquivalentsAtCarryingValue,us-gaap/2025,CASH,1094908000,20251231,0,USD,cash_and_equivalents
ALGN,0001097149-26-000014,BS,34,Total liabilities and stockholders equity,LiabilitiesAndStockholdersEquity,us-gaap/2025,BALANCE_CONTROL,6233693000,20251231,0,USD,total_liabilities_and_equity
ALGN,0001097149-26-000014,BS,25,Total liabilities,Liabilities,us-gaap/2025,BALANCE_CONTROL,2184546000,20251231,0,USD,total_liabilities
AES,0000874761-26-000063,BS,24,Debt service reserves and other deposits,DebtServiceReservesAndOtherDeposits,0000874761-26-000063,CUSTOM_DEBT,89000000,20251231,0,USD,total_debt
AES,0000874761-26-000063,BS,41,Non-recourse debt,NonRecourseDebtCurrent,0000874761-26-000063,CUSTOM_DEBT,2232000000,20251231,0,USD,total_debt
AES,0000874761-26-000063,BS,45,Recourse debt,RecourseDebtNonCurrent,0000874761-26-000063,CUSTOM_DEBT,5105000000,20251231,0,USD,total_debt
AES,0000874761-26-000063,BS,46,Non-recourse debt,NonRecourseDebtNonCurrent,0000874761-26-000063,CUSTOM_DEBT,21681000000,20251231,0,USD,total_debt
AES,0000874761-26-000063,BS,8,Cash and cash equivalents,CashAndCashEquivalentsAtCarryingValue,us-gaap/2025,CASH,1382000000,20251231,0,USD,cash_and_equivalents
AES,0000874761-26-000063,BS,10,Short-term investments,ShortTermInvestments,us-gaap/2025,STI,174000000,20251231,0,USD,short_term_investments
AES,0000874761-26-000063,BS,64,"Liabilities and Equity, Total",LiabilitiesAndStockholdersEquity,us-gaap/2025,BALANCE_CONTROL,51768000000,20251231,0,USD,total_liabilities_and_equity
AES,0000874761-26-000063,IS,14,Interest expense,InterestExpense,us-gaap/2025,GROSS_INTEREST,1407000000,20251231,4,USD,interest_expense
DPZ,0001193125-26-062321,BS,30,Current portion of long-term debt,LongTermDebtAndCapitalLeaseObligationsCurrent,us-gaap/2025,CURRENT_DEBT_AGGREGATE,6131000,20251231,0,USD,current_debt
DPZ,0001193125-26-062321,BS,40,"Long-term debt, less current portion",LongTermDebtAndCapitalLeaseObligations,us-gaap/2025,NONCURRENT_DEBT_AGGREGATE,4810683000,20251231,0,USD,long_term_debt
DPZ,0001193125-26-062321,BS,30,Current portion of long-term debt,LongTermDebtAndCapitalLeaseObligationsCurrent,us-gaap/2025,CURRENT_DEBT_AGGREGATE,6131000,20251231,0,USD,total_debt
DPZ,0001193125-26-062321,BS,40,"Long-term debt, less current portion",LongTermDebtAndCapitalLeaseObligations,us-gaap/2025,NONCURRENT_DEBT_AGGREGATE,4810683000,20251231,0,USD,total_debt
DPZ,0001193125-26-062321,BS,41,Operating lease liabilities,OperatingLeaseLiabilityNoncurrent,us-gaap/2025,OPERATING_LEASE,183917000,20251231,0,USD,operating_lease_liabilities
DPZ,0001193125-26-062321,BS,34,Operating lease liabilities,OperatingLeaseLiabilityCurrent,us-gaap/2025,OPERATING_LEASE,47553000,20251231,0,USD,operating_lease_liabilities
DPZ,0001193125-26-062321,BS,3,Cash and cash equivalents,CashAndCashEquivalentsAtCarryingValue,us-gaap/2025,CASH,125675000,20251231,0,USD,cash_and_equivalents
DPZ,0001193125-26-062321,BS,54,Total liabilities and stockholders' deficit,LiabilitiesAndStockholdersEquity,us-gaap/2025,BALANCE_CONTROL,1716459000,20251231,0,USD,total_liabilities_and_equity
DPZ,0001193125-26-062321,BS,45,Total liabilities,Liabilities,us-gaap/2025,BALANCE_CONTROL,5617601000,20251231,0,USD,total_liabilities
DPZ,0001193125-26-062321,IS,26,Interest expense,InterestExpense,us-gaap/2025,GROSS_INTEREST,195972000,20251231,4,USD,interest_expense
BEN,0000038777-25-000238,BS,24,Debt,LongTermDebt,us-gaap/2025,NONCURRENT_DEBT_AGGREGATE,2362000000,20250930,0,USD,long_term_debt
BEN,0000038777-25-000238,BS,24,Debt,LongTermDebt,us-gaap/2025,NONCURRENT_DEBT_AGGREGATE,2362000000,20250930,0,USD,total_debt
BEN,0000038777-25-000238,BS,26,Operating lease liabilities,OperatingLeaseLiability,us-gaap/2025,OPERATING_LEASE,1000600000,20250930,0,USD,operating_lease_liabilities
BEN,0000038777-25-000238,BS,40,"Total Liabilities, Redeemable Noncontrolling Interests and Stockholders Equity",LiabilitiesAndStockholdersEquity,us-gaap/2025,BALANCE_CONTROL,32368300000,20250930,0,USD,total_liabilities_and_equity
BEN,0000038777-25-000238,BS,28,Total liabilities,Liabilities,us-gaap/2025,BALANCE_CONTROL,18179500000,20250930,0,USD,total_liabilities
BEN,0000038777-25-000238,IS,26,Interest expense,InterestExpense,us-gaap/2025,GROSS_INTEREST,94900000,20250930,4,USD,interest_expense
PODD,0001145197-26-000028,BS,24,Current portion of long-term debt,LongTermDebtCurrent,us-gaap/2025,CURRENT_DEBT,18400000,20251231,0,USD,current_debt
PODD,0001145197-26-000028,BS,26,"Long-term debt, net",LongTermDebtAndCapitalLeaseObligations,us-gaap/2025,NONCURRENT_DEBT_AGGREGATE,930800000,20251231,0,USD,long_term_debt
PODD,0001145197-26-000028,BS,24,Current portion of long-term debt,LongTermDebtCurrent,us-gaap/2025,CURRENT_DEBT,18400000,20251231,0,USD,total_debt
PODD,0001145197-26-000028,BS,26,"Long-term debt, net",LongTermDebtAndCapitalLeaseObligations,us-gaap/2025,NONCURRENT_DEBT_AGGREGATE,930800000,20251231,0,USD,total_debt
PODD,0001145197-26-000028,BS,39,Total liabilities and stockholders equity,LiabilitiesAndStockholdersEquity,us-gaap/2025,BALANCE_CONTROL,3190400000,20251231,0,USD,total_liabilities_and_equity
PODD,0001145197-26-000028,BS,28,Total liabilities,Liabilities,us-gaap/2025,BALANCE_CONTROL,1675200000,20251231,0,USD,total_liabilities
PODD,0001145197-26-000028,IS,13,"Interest expense, net of portion capitalized (Note 8)",InterestExpenseNonoperating,us-gaap/2025,GROSS_INTEREST,59400000,20251231,4,USD,interest_expense
SWKS,0000004127-25-000085,BS,21,Current portion of long-term debt,DebtCurrent,us-gaap/2025,CURRENT_DEBT_AGGREGATE,499400000,20250930,0,USD,current_debt
SWKS,0000004127-25-000085,BS,24,Long-term debt,LongTermDebt,us-gaap/2025,NONCURRENT_DEBT_AGGREGATE,496400000,20250930,0,USD,long_term_debt
SWKS,0000004127-25-000085,BS,21,Current portion of long-term debt,DebtCurrent,us-gaap/2025,CURRENT_DEBT_AGGREGATE,499400000,20250930,0,USD,total_debt
SWKS,0000004127-25-000085,BS,24,Long-term debt,LongTermDebt,us-gaap/2025,NONCURRENT_DEBT_AGGREGATE,496400000,20250930,0,USD,total_debt
SWKS,0000004127-25-000085,BS,26,Long-term operating lease liabilities,OperatingLeaseLiabilityNoncurrent,us-gaap/2025,OPERATING_LEASE,170500000,20250930,0,USD,operating_lease_liabilities
SWKS,0000004127-25-000085,BS,3,Cash and cash equivalents,CashAndCashEquivalentsAtCarryingValue,us-gaap/2025,CASH,1161300000,20250930,0,USD,cash_and_equivalents
SWKS,0000004127-25-000085,BS,4,"Marketable securities, current",MarketableSecuritiesCurrent,us-gaap/2025,STI,212900000,20250930,0,USD,short_term_investments
SWKS,0000004127-25-000085,BS,36,Total liabilities and stockholders equity,LiabilitiesAndStockholdersEquity,us-gaap/2025,BALANCE_CONTROL,7917000000,20250930,0,USD,total_liabilities_and_equity
SWKS,0000004127-25-000085,BS,28,Total liabilities,Liabilities,us-gaap/2025,BALANCE_CONTROL,2159900000,20250930,0,USD,total_liabilities
SWKS,0000004127-25-000085,IS,11,Interest expense,InterestExpense,us-gaap/2025,GROSS_INTEREST,27100000,20250930,4,USD,interest_expense
BXP,0001037540-26-000006,BS,38,Unsecured commercial paper,CommercialPaper,us-gaap/2025,CURRENT_DEBT,750000000,20251231,0,USD,current_debt
BXP,0001037540-26-000006,BS,33,"Mortgage notes payable, net (amounts related to VIEs of $3,286,870 and $3,282,027 at December 31, 2025 and December 31, 2024, respectively)",SecuredDebt,us-gaap/2025,NONCURRENT_DEBT,4280067000,20251231,0,USD,long_term_debt
BXP,0001037540-26-000006,BS,39,"Lease liabilities - finance leases (amounts related to VIEs of $21,074 and $20,931 at December 31, 2025 and December 31, 2024, respectively)",FinanceLeaseLiability,us-gaap/2025,FINANCE_LEASE,360039000,20251231,0,USD,finance_lease_liabilities
BXP,0001037540-26-000006,BS,38,Unsecured commercial paper,CommercialPaper,us-gaap/2025,CURRENT_DEBT,750000000,20251231,0,USD,total_debt
BXP,0001037540-26-000006,BS,33,"Mortgage notes payable, net (amounts related to VIEs of $3,286,870 and $3,282,027 at December 31, 2025 and December 31, 2024, respectively)",SecuredDebt,us-gaap/2025,NONCURRENT_DEBT,4280067000,20251231,0,USD,total_debt
BXP,0001037540-26-000006,BS,39,"Lease liabilities - finance leases (amounts related to VIEs of $21,074 and $20,931 at December 31, 2025 and December 31, 2024, respectively)",FinanceLeaseLiability,us-gaap/2025,FINANCE_LEASE,360039000,20251231,0,USD,total_debt
BXP,0001037540-26-000006,BS,40,"Lease liabilities - operating leases (amounts related to VIEs of $0 and $157,691 at December 31, 2025 and December 31, 2024, respectively)",OperatingLeaseLiability,us-gaap/2025,OPERATING_LEASE,389213000,20251231,0,USD,operating_lease_liabilities
BXP,0001037540-26-000006,BS,19,"Cash and cash equivalents (amounts related to VIEs of $255,631 and $373,737 at December 31, 2025 and December 31, 2024, respectively)",CashAndCashEquivalentsAtCarryingValue,us-gaap/2025,CASH,1478206000,20251231,0,USD,cash_and_equivalents
BXP,0001037540-26-000006,BS,70,Total liabilities and equity / capital,LiabilitiesAndStockholdersEquity,us-gaap/2025,BALANCE_CONTROL,26166164000,20251231,0,USD,total_liabilities_and_equity
BXP,0001037540-26-000006,BS,45,Total liabilities,Liabilities,us-gaap/2025,BALANCE_CONTROL,18473924000,20251231,0,USD,total_liabilities
BXP,0001037540-26-000006,IS,33,Interest expense,InterestExpense,us-gaap/2025,GROSS_INTEREST,653138000,20251231,4,USD,interest_expense
PNR,0000077360-26-000007,BS,17,Current maturities of short-term borrowings,OtherShortTermBorrowings,us-gaap/2025,CURRENT_DEBT,0,20251231,0,USD,current_debt
PNR,0000077360-26-000007,BS,23,Long-term debt,LongTermDebtNoncurrent,us-gaap/2025,NONCURRENT_DEBT_AGGREGATE,1638600000,20251231,0,USD,long_term_debt
PNR,0000077360-26-000007,BS,17,Current maturities of short-term borrowings,OtherShortTermBorrowings,us-gaap/2025,CURRENT_DEBT,0,20251231,0,USD,total_debt
PNR,0000077360-26-000007,BS,23,Long-term debt,LongTermDebtNoncurrent,us-gaap/2025,NONCURRENT_DEBT_AGGREGATE,1638600000,20251231,0,USD,total_debt
PNR,0000077360-26-000007,BS,34,Total liabilities and equity,LiabilitiesAndStockholdersEquity,us-gaap/2025,BALANCE_CONTROL,6868800000,20251231,0,USD,total_liabilities_and_equity
PNR,0000077360-26-000007,BS,27,Total liabilities,Liabilities,us-gaap/2025,BALANCE_CONTROL,2999600000,20251231,0,USD,total_liabilities
PNR,0000077360-26-000007,CF,49,"Cash paid for interest, net",InterestPaidNet,us-gaap/2025,INTEREST_PAID,79800000,20251231,4,USD,interest_expense
APTV,0001521332-26-000009,BS,20,Short-term debt,ShortTermBorrowings,us-gaap/2025,CURRENT_DEBT,81000000,20251231,0,USD,current_debt
APTV,0001521332-26-000009,BS,25,Long-term debt,LongTermDebtNoncurrent,us-gaap/2025,NONCURRENT_DEBT_AGGREGATE,7470000000,20251231,0,USD,long_term_debt
APTV,0001521332-26-000009,BS,20,Short-term debt,ShortTermBorrowings,us-gaap/2025,CURRENT_DEBT,81000000,20251231,0,USD,total_debt
APTV,0001521332-26-000009,BS,25,Long-term debt,LongTermDebtNoncurrent,us-gaap/2025,NONCURRENT_DEBT_AGGREGATE,7470000000,20251231,0,USD,total_debt
APTV,0001521332-26-000009,BS,27,Long-term operating lease liabilities,OperatingLeaseLiabilityNoncurrent,us-gaap/2025,OPERATING_LEASE,401000000,20251231,0,USD,operating_lease_liabilities
APTV,0001521332-26-000009,BS,3,Cash and cash equivalents,CashAndCashEquivalentsAtCarryingValue,us-gaap/2025,CASH,1851000000,20251231,0,USD,cash_and_equivalents
APTV,0001521332-26-000009,BS,43,"Total liabilities, redeemable noncontrolling interest and shareholders equity",LiabilitiesAndStockholdersEquity,us-gaap/2025,BALANCE_CONTROL,23413000000,20251231,0,USD,total_liabilities_and_equity
APTV,0001521332-26-000009,BS,30,Total liabilities,Liabilities,us-gaap/2025,BALANCE_CONTROL,13914000000,20251231,0,USD,total_liabilities
APTV,0001521332-26-000009,IS,10,Interest expense,InterestExpense,us-gaap/2025,GROSS_INTEREST,361000000,20251231,4,USD,interest_expense
FRT,0000034903-26-000017,BS,26,"Notes payable, net",NotesPayable,us-gaap/2025,NONCURRENT_DEBT,1057331000,20251231,0,USD,long_term_debt
FRT,0000034903-26-000017,BS,27,"Senior notes and debentures, net",UnsecuredDebt,us-gaap/2025,NONCURRENT_DEBT,3364010000,20251231,0,USD,long_term_debt
FRT,0000034903-26-000017,BS,25,"Mortgages payable, net (including $194,176 and $186,643 of consolidated variable interest entities, respectively)",SecuredDebt,us-gaap/2025,NONCURRENT_DEBT,521759000,20251231,0,USD,long_term_debt
FRT,0000034903-26-000017,BS,32,Finance lease liabilities,FinanceLeaseLiability,us-gaap/2025,FINANCE_LEASE,12903000,20251231,0,USD,finance_lease_liabilities
FRT,0000034903-26-000017,BS,26,"Notes payable, net",NotesPayable,us-gaap/2025,NONCURRENT_DEBT,1057331000,20251231,0,USD,total_debt
FRT,0000034903-26-000017,BS,27,"Senior notes and debentures, net",UnsecuredDebt,us-gaap/2025,NONCURRENT_DEBT,3364010000,20251231,0,USD,total_debt
FRT,0000034903-26-000017,BS,25,"Mortgages payable, net (including $194,176 and $186,643 of consolidated variable interest entities, respectively)",SecuredDebt,us-gaap/2025,NONCURRENT_DEBT,521759000,20251231,0,USD,total_debt
FRT,0000034903-26-000017,BS,32,Finance lease liabilities,FinanceLeaseLiability,us-gaap/2025,FINANCE_LEASE,12903000,20251231,0,USD,total_debt
FRT,0000034903-26-000017,BS,31,Operating lease liabilities,OperatingLeaseLiability,us-gaap/2025,OPERATING_LEASE,72304000,20251231,0,USD,operating_lease_liabilities
FRT,0000034903-26-000017,BS,16,Cash and cash equivalents,CashAndCashEquivalentsAtCarryingValue,us-gaap/2025,CASH,107415000,20251231,0,USD,cash_and_equivalents
FRT,0000034903-26-000017,BS,53,TOTAL LIABILITIES AND SHAREHOLDERS' EQUITY / CAPITAL,LiabilitiesAndStockholdersEquity,us-gaap/2025,BALANCE_CONTROL,9130460000,20251231,0,USD,total_liabilities_and_equity
FRT,0000034903-26-000017,BS,34,Total liabilities,Liabilities,us-gaap/2025,BALANCE_CONTROL,5629819000,20251231,0,USD,total_liabilities
FRT,0000034903-26-000017,IS,23,Interest expense,InterestExpense,us-gaap/2025,GROSS_INTEREST,183614000,20251231,4,USD,interest_expense
UHS,0001193125-26-071676,BS,36,Current maturities of long-term debt,LongTermDebtCurrent,us-gaap/2025,CURRENT_DEBT,748158000,20251231,0,USD,current_debt
UHS,0001193125-26-071676,BS,49,Long-term debt,LongTermDebtNoncurrent,us-gaap/2025,NONCURRENT_DEBT_AGGREGATE,4004393000,20251231,0,USD,long_term_debt
UHS,0001193125-26-071676,BS,36,Current maturities of long-term debt,LongTermDebtCurrent,us-gaap/2025,CURRENT_DEBT,748158000,20251231,0,USD,total_debt
UHS,0001193125-26-071676,BS,49,Long-term debt,LongTermDebtNoncurrent,us-gaap/2025,NONCURRENT_DEBT_AGGREGATE,4004393000,20251231,0,USD,total_debt
UHS,0001193125-26-071676,BS,47,Operating lease liabilities noncurrent,OperatingLeaseLiabilityNoncurrent,us-gaap/2025,OPERATING_LEASE,340715000,20251231,0,USD,operating_lease_liabilities
UHS,0001193125-26-071676,BS,42,Operating lease liabilities,OperatingLeaseLiabilityCurrent,us-gaap/2025,OPERATING_LEASE,73237000,20251231,0,USD,operating_lease_liabilities
UHS,0001193125-26-071676,BS,11,Cash and cash equivalents,CashAndCashEquivalentsAtCarryingValue,us-gaap/2025,CASH,137797000,20251231,0,USD,cash_and_equivalents
UHS,0001193125-26-071676,BS,60,Total Liabilities and Stockholders Equity,LiabilitiesAndStockholdersEquity,us-gaap/2025,BALANCE_CONTROL,15527593000,20251231,0,USD,total_liabilities_and_equity
UHS,0001193125-26-071676,IS,10,"Interest expense, net",InterestExpense,us-gaap/2025,GROSS_INTEREST,156068000,20251231,4,USD,interest_expense
HSIC,0001000228-26-000013,BS,17,Bank credit lines,ShortTermBorrowings,us-gaap/2025,CURRENT_DEBT,764000000,20251231,0,USD,current_debt
HSIC,0001000228-26-000013,BS,25,Long-term debt,LongTermDebtAndCapitalLeaseObligations,us-gaap/2025,NONCURRENT_DEBT_AGGREGATE,2310000000,20251231,0,USD,long_term_debt
HSIC,0001000228-26-000013,BS,17,Bank credit lines,ShortTermBorrowings,us-gaap/2025,CURRENT_DEBT,764000000,20251231,0,USD,total_debt
HSIC,0001000228-26-000013,BS,25,Long-term debt,LongTermDebtAndCapitalLeaseObligations,us-gaap/2025,NONCURRENT_DEBT_AGGREGATE,2310000000,20251231,0,USD,total_debt
HSIC,0001000228-26-000013,BS,27,Operating lease liabilities,OperatingLeaseLiabilityNoncurrent,us-gaap/2025,OPERATING_LEASE,251000000,20251231,0,USD,operating_lease_liabilities
HSIC,0001000228-26-000013,BS,19,Operating lease liabilities,OperatingLeaseLiabilityCurrent,us-gaap/2025,OPERATING_LEASE,78000000,20251231,0,USD,operating_lease_liabilities
HSIC,0001000228-26-000013,BS,41,"Total liabilities, redeemable noncontrolling interests and stockholders' equity",LiabilitiesAndStockholdersEquity,us-gaap/2025,BALANCE_CONTROL,11215000000,20251231,0,USD,total_liabilities_and_equity
HSIC,0001000228-26-000013,BS,29,Total liabilities,Liabilities,us-gaap/2025,BALANCE_CONTROL,6421000000,20251231,0,USD,total_liabilities
HSIC,0001000228-26-000013,IS,11,Interest expense,InterestExpense,us-gaap/2025,GROSS_INTEREST,150000000,20251231,4,USD,interest_expense
FOX,0001628280-25-038077,BS,23,Borrowings,LongTermDebtCurrent,us-gaap/2025,CURRENT_DEBT,0,20250630,0,USD,current_debt
FOX,0001628280-25-038077,BS,27,Borrowings,LongTermDebtNoncurrent,us-gaap/2025,NONCURRENT_DEBT_AGGREGATE,6602000000,20250630,0,USD,long_term_debt
FOX,0001628280-25-038077,BS,23,Borrowings,LongTermDebtCurrent,us-gaap/2025,CURRENT_DEBT,0,20250630,0,USD,total_debt
FOX,0001628280-25-038077,BS,27,Borrowings,LongTermDebtNoncurrent,us-gaap/2025,NONCURRENT_DEBT_AGGREGATE,6602000000,20250630,0,USD,total_debt
FOX,0001628280-25-038077,BS,39,Total liabilities and equity,LiabilitiesAndStockholdersEquity,us-gaap/2025,BALANCE_CONTROL,23195000000,20250630,0,USD,total_liabilities_and_equity
ARE,0001035443-26-000013,BS,14,Unsecured senior notes payable,SeniorLongTermNotes,us-gaap/2025,NONCURRENT_DEBT,12047394000,20251231,0,USD,long_term_debt
ARE,0001035443-26-000013,BS,13,Secured notes payable,SecuredDebt,us-gaap/2025,NONCURRENT_DEBT,0,20251231,0,USD,long_term_debt
ARE,0001035443-26-000013,BS,14,Unsecured senior notes payable,SeniorLongTermNotes,us-gaap/2025,NONCURRENT_DEBT,12047394000,20251231,0,USD,total_debt
ARE,0001035443-26-000013,BS,13,Secured notes payable,SecuredDebt,us-gaap/2025,NONCURRENT_DEBT,0,20251231,0,USD,total_debt
ARE,0001035443-26-000013,BS,4,Cash and cash equivalents,CashAndCashEquivalentsAtCarryingValue,us-gaap/2025,CASH,549062000,20251231,0,USD,cash_and_equivalents
ARE,0001035443-26-000013,BS,28,"Total liabilities, noncontrolling interests, and equity",LiabilitiesAndStockholdersEquity,us-gaap/2025,BALANCE_CONTROL,34081835000,20251231,0,USD,total_liabilities_and_equity
ARE,0001035443-26-000013,BS,18,Total liabilities,Liabilities,us-gaap/2025,BALANCE_CONTROL,14925399000,20251231,0,USD,total_liabilities
ARE,0001035443-26-000013,IS,11,Interest,InterestExpense,us-gaap/2025,GROSS_INTEREST,226698000,20251231,4,USD,interest_expense
MGM,0000789570-26-000018,BS,26,"Long-term debt, net",LongTermDebtNoncurrent,us-gaap/2025,NONCURRENT_DEBT_AGGREGATE,6230141000,20251231,0,USD,long_term_debt
MGM,0000789570-26-000018,BS,26,"Long-term debt, net",LongTermDebtNoncurrent,us-gaap/2025,NONCURRENT_DEBT_AGGREGATE,6230141000,20251231,0,USD,total_debt
MGM,0000789570-26-000018,BS,27,Operating lease liabilities,OperatingLeaseLiabilityNoncurrent,us-gaap/2025,OPERATING_LEASE,24962742000,20251231,0,USD,operating_lease_liabilities
MGM,0000789570-26-000018,BS,3,Cash and cash equivalents,CashAndCashEquivalentsAtCarryingValue,us-gaap/2025,CASH,2062994000,20251231,0,USD,cash_and_equivalents
MGM,0000789570-26-000018,BS,40,Total liabilities and stockholders' equity,LiabilitiesAndStockholdersEquity,us-gaap/2025,BALANCE_CONTROL,41373786000,20251231,0,USD,total_liabilities_and_equity
MGM,0000789570-26-000018,BS,29,Total liabilities,Liabilities,us-gaap/2025,BALANCE_CONTROL,38097468000,20251231,0,USD,total_liabilities
MGM,0000789570-26-000018,IS,23,"Interest expense, net of amounts capitalized",InterestExpenseNonoperating,us-gaap/2025,GROSS_INTEREST,419042000,20251231,4,USD,interest_expense
MOS,0001285785-26-000017,BS,17,Short-term debt,OtherShortTermBorrowings,us-gaap/2025,CURRENT_DEBT,759900000,20251231,0,USD,current_debt
MOS,0001285785-26-000017,BS,24,"Long-term debt, less current maturities",LongTermDebtAndCapitalLeaseObligations,us-gaap/2025,NONCURRENT_DEBT_AGGREGATE,4250900000,20251231,0,USD,long_term_debt
MOS,0001285785-26-000017,BS,17,Short-term debt,OtherShortTermBorrowings,us-gaap/2025,CURRENT_DEBT,759900000,20251231,0,USD,total_debt
MOS,0001285785-26-000017,BS,24,"Long-term debt, less current maturities",LongTermDebtAndCapitalLeaseObligations,us-gaap/2025,NONCURRENT_DEBT_AGGREGATE,4250900000,20251231,0,USD,total_debt
MOS,0001285785-26-000017,BS,3,Cash and cash equivalents,CashAndCashEquivalentsAtCarryingValue,us-gaap/2025,CASH,276600000,20251231,0,USD,cash_and_equivalents
MOS,0001285785-26-000017,BS,38,Total liabilities and equity,LiabilitiesAndStockholdersEquity,us-gaap/2025,BALANCE_CONTROL,24480100000,20251231,0,USD,total_liabilities_and_equity
WYNN,0001174922-26-000013,BS,25,Current portion of long-term debt,LongTermDebtCurrent,us-gaap/2025,CURRENT_DEBT,9410000,20251231,0,USD,current_debt
WYNN,0001174922-26-000013,BS,28,Long-term debt,LongTermDebtNoncurrent,us-gaap/2025,NONCURRENT_DEBT_AGGREGATE,10537402000,20251231,0,USD,long_term_debt
WYNN,0001174922-26-000013,BS,25,Current portion of long-term debt,LongTermDebtCurrent,us-gaap/2025,CURRENT_DEBT,9410000,20251231,0,USD,total_debt
WYNN,0001174922-26-000013,BS,28,Long-term debt,LongTermDebtNoncurrent,us-gaap/2025,NONCURRENT_DEBT_AGGREGATE,10537402000,20251231,0,USD,total_debt
WYNN,0001174922-26-000013,BS,29,Long-term operating lease liabilities,OperatingLeaseLiabilityNoncurrent,us-gaap/2025,OPERATING_LEASE,1629117000,20251231,0,USD,operating_lease_liabilities
WYNN,0001174922-26-000013,BS,3,Cash and cash equivalents,CashAndCashEquivalentsAtCarryingValue,us-gaap/2025,CASH,1463442000,20251231,0,USD,cash_and_equivalents
WYNN,0001174922-26-000013,BS,43,Total liabilities and stockholders' deficit,LiabilitiesAndStockholdersEquity,us-gaap/2025,BALANCE_CONTROL,13108117000,20251231,0,USD,total_liabilities_and_equity
WYNN,0001174922-26-000013,BS,31,Total liabilities,Liabilities,us-gaap/2025,BALANCE_CONTROL,14139396000,20251231,0,USD,total_liabilities
WYNN,0001174922-26-000013,IS,23,"Interest expense, net of amounts capitalized",InterestExpenseNonoperating,us-gaap/2025,GROSS_INTEREST,625556000,20251231,4,USD,interest_expense
NCLH,0001104659-26-022067,BS,15,Current portion of long-term debt,LongTermDebtAndCapitalLeaseObligationsCurrent,us-gaap/2025,CURRENT_DEBT_AGGREGATE,875899000,20251231,0,USD,current_debt
NCLH,0001104659-26-022067,BS,20,Long-term debt,LongTermDebtAndCapitalLeaseObligations,us-gaap/2025,NONCURRENT_DEBT_AGGREGATE,13730277000,20251231,0,USD,long_term_debt
NCLH,0001104659-26-022067,BS,15,Current portion of long-term debt,LongTermDebtAndCapitalLeaseObligationsCurrent,us-gaap/2025,CURRENT_DEBT_AGGREGATE,875899000,20251231,0,USD,total_debt
NCLH,0001104659-26-022067,BS,20,Long-term debt,LongTermDebtAndCapitalLeaseObligations,us-gaap/2025,NONCURRENT_DEBT_AGGREGATE,13730277000,20251231,0,USD,total_debt
NCLH,0001104659-26-022067,BS,3,Cash and cash equivalents,CashAndCashEquivalentsAtCarryingValue,us-gaap/2025,CASH,209893000,20251231,0,USD,cash_and_equivalents
NCLH,0001104659-26-022067,BS,30,Total liabilities and shareholders' equity,LiabilitiesAndStockholdersEquity,us-gaap/2025,BALANCE_CONTROL,22541401000,20251231,0,USD,total_liabilities_and_equity
NCLH,0001104659-26-022067,BS,22,Total liabilities,Liabilities,us-gaap/2025,BALANCE_CONTROL,20331513000,20251231,0,USD,total_liabilities
BLDR,0001193125-26-054643,BS,23,Current maturities of long-term debt,LongTermDebtAndCapitalLeaseObligationsCurrent,us-gaap/2025,CURRENT_DEBT_AGGREGATE,14334000,20251231,0,USD,current_debt
BLDR,0001193125-26-054643,BS,26,"Long-term debt, net of current maturities, discounts and issuance costs",LongTermDebtAndCapitalLeaseObligations,us-gaap/2025,NONCURRENT_DEBT_AGGREGATE,4427033000,20251231,0,USD,long_term_debt
BLDR,0001193125-26-054643,BS,23,Current maturities of long-term debt,LongTermDebtAndCapitalLeaseObligationsCurrent,us-gaap/2025,CURRENT_DEBT_AGGREGATE,14334000,20251231,0,USD,total_debt
BLDR,0001193125-26-054643,BS,26,"Long-term debt, net of current maturities, discounts and issuance costs",LongTermDebtAndCapitalLeaseObligations,us-gaap/2025,NONCURRENT_DEBT_AGGREGATE,4427033000,20251231,0,USD,total_debt
BLDR,0001193125-26-054643,BS,25,Noncurrent portion of operating lease liabilities,OperatingLeaseLiabilityNoncurrent,us-gaap/2025,OPERATING_LEASE,547772000,20251231,0,USD,operating_lease_liabilities
BLDR,0001193125-26-054643,BS,22,Current portion of operating lease liabilities,OperatingLeaseLiabilityCurrent,us-gaap/2025,OPERATING_LEASE,111132000,20251231,0,USD,operating_lease_liabilities
BLDR,0001193125-26-054643,BS,3,Cash and cash equivalents,CashAndCashEquivalentsAtCarryingValue,us-gaap/2025,CASH,181753000,20251231,0,USD,cash_and_equivalents
BLDR,0001193125-26-054643,BS,37,Total liabilities and stockholders' equity,LiabilitiesAndStockholdersEquity,us-gaap/2025,BALANCE_CONTROL,11237530000,20251231,0,USD,total_liabilities_and_equity
BLDR,0001193125-26-054643,BS,29,Total liabilities,Liabilities,us-gaap/2025,BALANCE_CONTROL,6885279000,20251231,0,USD,total_liabilities
BLDR,0001193125-26-054643,CF,38,Cash paid for interest,InterestPaidNet,us-gaap/2025,INTEREST_PAID,260515000,20251231,4,USD,interest_expense
AOS,0000091142-26-000008,BS,27,Long-term debt due within one year,LongTermDebtCurrent,us-gaap/2025,CURRENT_DEBT,42300000,20251231,0,USD,current_debt
AOS,0000091142-26-000008,BS,29,Long-term debt,LongTermDebtNoncurrent,us-gaap/2025,NONCURRENT_DEBT_AGGREGATE,112700000,20251231,0,USD,long_term_debt
AOS,0000091142-26-000008,BS,27,Long-term debt due within one year,LongTermDebtCurrent,us-gaap/2025,CURRENT_DEBT,42300000,20251231,0,USD,total_debt
AOS,0000091142-26-000008,BS,29,Long-term debt,LongTermDebtNoncurrent,us-gaap/2025,NONCURRENT_DEBT_AGGREGATE,112700000,20251231,0,USD,total_debt
AOS,0000091142-26-000008,BS,32,Long-term operating lease liabilities,OperatingLeaseLiabilityNoncurrent,us-gaap/2025,OPERATING_LEASE,37100000,20251231,0,USD,operating_lease_liabilities
AOS,0000091142-26-000008,BS,9,Cash and cash equivalents,CashAndCashEquivalentsAtCarryingValue,us-gaap/2025,CASH,174500000,20251231,0,USD,cash_and_equivalents
AOS,0000091142-26-000008,BS,10,Marketable securities,MarketableSecuritiesCurrent,us-gaap/2025,STI,18700000,20251231,0,USD,short_term_investments
AOS,0000091142-26-000008,BS,44,Total Liabilities and Stockholders Equity,LiabilitiesAndStockholdersEquity,us-gaap/2025,BALANCE_CONTROL,3142800000,20251231,0,USD,total_liabilities_and_equity
AOS,0000091142-26-000008,BS,34,Total Liabilities,Liabilities,us-gaap/2025,BALANCE_CONTROL,1284800000,20251231,0,USD,total_liabilities
AOS,0000091142-26-000008,IS,6,Interest expense,InterestExpense,us-gaap/2025,GROSS_INTEREST,13500000,20251231,4,USD,interest_expense
ERIE,0001628280-26-010666,BS,10,Available-for-sale securities,AvailableForSaleSecuritiesDebtSecuritiesCurrent,us-gaap/2025,STI,33902000,20251231,0,USD,short_term_investments
ERIE,0001628280-26-010666,BS,49,Total liabilities and shareholders' equity,LiabilitiesAndStockholdersEquity,us-gaap/2025,BALANCE_CONTROL,3355481000,20251231,0,USD,total_liabilities_and_equity
ERIE,0001628280-26-010666,BS,39,Total liabilities,Liabilities,us-gaap/2025,BALANCE_CONTROL,1072107000,20251231,0,USD,total_liabilities
TAP,0000024545-26-000006,BS,25,Current portion of long-term debt and short-term borrowings,DebtCurrent,us-gaap/2025,CURRENT_DEBT_AGGREGATE,2434100000,20251231,0,USD,current_debt
TAP,0000024545-26-000006,BS,27,Long-term debt,LongTermDebtNoncurrent,us-gaap/2025,NONCURRENT_DEBT_AGGREGATE,3865400000,20251231,0,USD,long_term_debt
TAP,0000024545-26-000006,BS,25,Current portion of long-term debt and short-term borrowings,DebtCurrent,us-gaap/2025,CURRENT_DEBT_AGGREGATE,2434100000,20251231,0,USD,total_debt
TAP,0000024545-26-000006,BS,27,Long-term debt,LongTermDebtNoncurrent,us-gaap/2025,NONCURRENT_DEBT_AGGREGATE,3865400000,20251231,0,USD,total_debt
TAP,0000024545-26-000006,BS,11,Cash and cash equivalents,CashAndCashEquivalentsAtCarryingValue,us-gaap/2025,CASH,896500000,20251231,0,USD,cash_and_equivalents
TAP,0000024545-26-000006,BS,46,Total liabilities and equity,LiabilitiesAndStockholdersEquity,us-gaap/2025,BALANCE_CONTROL,22738400000,20251231,0,USD,total_liabilities_and_equity
TAP,0000024545-26-000006,BS,31,Total liabilities,Liabilities,us-gaap/2025,BALANCE_CONTROL,12195700000,20251231,0,USD,total_liabilities
TAP,0000024545-26-000006,IS,11,Interest expense,InterestExpenseNonoperating,us-gaap/2025,GROSS_INTEREST,247900000,20251231,4,USD,interest_expense
HRL,0000048465-25-000059,BS,29,Current Maturities of Long-term Debt,LongTermDebtCurrent,us-gaap/2025,CURRENT_DEBT,6646000,20251031,0,USD,current_debt
HRL,0000048465-25-000059,BS,31,Long-term Debt Less Current Maturities,LongTermDebtNoncurrent,us-gaap/2025,NONCURRENT_DEBT_AGGREGATE,2850778000,20251031,0,USD,long_term_debt
HRL,0000048465-25-000059,BS,29,Current Maturities of Long-term Debt,LongTermDebtCurrent,us-gaap/2025,CURRENT_DEBT,6646000,20251031,0,USD,total_debt
HRL,0000048465-25-000059,BS,31,Long-term Debt Less Current Maturities,LongTermDebtNoncurrent,us-gaap/2025,NONCURRENT_DEBT_AGGREGATE,2850778000,20251031,0,USD,total_debt
HRL,0000048465-25-000059,BS,8,Cash and Cash Equivalents,CashAndCashEquivalentsAtCarryingValue,us-gaap/2025,CASH,670679000,20251031,0,USD,cash_and_equivalents
HRL,0000048465-25-000059,BS,9,Short-term Marketable Securities,MarketableSecuritiesCurrent,us-gaap/2025,STI,32909000,20251031,0,USD,short_term_investments
HRL,0000048465-25-000059,BS,44,Total Liabilities and Shareholders Investment,LiabilitiesAndStockholdersEquity,us-gaap/2025,BALANCE_CONTROL,13393119000,20251031,0,USD,total_liabilities_and_equity
HRL,0000048465-25-000059,IS,9,Interest Expense,InterestExpenseNonoperating,us-gaap/2025,GROSS_INTEREST,78038000,20251031,4,USD,interest_expense
TTD,0001671933-26-000014,BS,20,"Operating lease liabilities, non-current",OperatingLeaseLiabilityNoncurrent,us-gaap/2025,OPERATING_LEASE,359975000,20251231,0,USD,operating_lease_liabilities
TTD,0001671933-26-000014,BS,18,Operating lease liabilities,OperatingLeaseLiabilityCurrent,us-gaap/2025,OPERATING_LEASE,76355000,20251231,0,USD,operating_lease_liabilities
TTD,0001671933-26-000014,BS,3,Cash and cash equivalents,CashAndCashEquivalentsAtCarryingValue,us-gaap/2025,CASH,658175000,20251231,0,USD,cash_and_equivalents
TTD,0001671933-26-000014,BS,4,"Short-term investments, net",ShortTermInvestments,us-gaap/2025,STI,644882000,20251231,0,USD,short_term_investments
TTD,0001671933-26-000014,BS,30,TOTAL LIABILITIES AND STOCKHOLDERS EQUITY,LiabilitiesAndStockholdersEquity,us-gaap/2025,BALANCE_CONTROL,6153220000,20251231,0,USD,total_liabilities_and_equity
TTD,0001671933-26-000014,BS,22,TOTAL LIABILITIES,Liabilities,us-gaap/2025,BALANCE_CONTROL,3668829000,20251231,0,USD,total_liabilities
TTD,0001671933-26-000014,CF,34,Cash paid for interest,InterestPaidNet,us-gaap/2025,INTEREST_PAID,993000,20251231,4,USD,interest_expense
DVA,0000927066-26-000012,BS,24,Current portion of long-term debt,LongTermDebtAndCapitalLeaseObligationsCurrent,us-gaap/2025,CURRENT_DEBT_AGGREGATE,109201000,20251231,0,USD,current_debt
DVA,0000927066-26-000012,BS,29,Long-term debt,LongTermDebtAndCapitalLeaseObligations,us-gaap/2025,NONCURRENT_DEBT_AGGREGATE,10163988000,20251231,0,USD,long_term_debt
DVA,0000927066-26-000012,BS,24,Current portion of long-term debt,LongTermDebtAndCapitalLeaseObligationsCurrent,us-gaap/2025,CURRENT_DEBT_AGGREGATE,109201000,20251231,0,USD,total_debt
DVA,0000927066-26-000012,BS,29,Long-term debt,LongTermDebtAndCapitalLeaseObligations,us-gaap/2025,NONCURRENT_DEBT_AGGREGATE,10163988000,20251231,0,USD,total_debt
DVA,0000927066-26-000012,BS,28,Long-term operating lease liabilities,OperatingLeaseLiabilityNoncurrent,us-gaap/2025,OPERATING_LEASE,2175658000,20251231,0,USD,operating_lease_liabilities
DVA,0000927066-26-000012,BS,23,Current portion of operating lease liabilities,OperatingLeaseLiabilityCurrent,us-gaap/2025,OPERATING_LEASE,425484000,20251231,0,USD,operating_lease_liabilities
DVA,0000927066-26-000012,BS,2,Cash and cash equivalents,CashAndCashEquivalentsAtCarryingValue,us-gaap/2025,CASH,676438000,20251231,0,USD,cash_and_equivalents
DVA,0000927066-26-000012,BS,4,Short-term investments,MarketableSecuritiesCurrent,us-gaap/2025,STI,24303000,20251231,0,USD,short_term_investments
DVA,0000927066-26-000012,BS,45,Total liabilities and shareholders' equity,LiabilitiesAndStockholdersEquity,us-gaap/2025,BALANCE_CONTROL,17480103000,20251231,0,USD,total_liabilities_and_equity
DVA,0000927066-26-000012,BS,32,Total liabilities,Liabilities,us-gaap/2025,BALANCE_CONTROL,16321665000,20251231,0,USD,total_liabilities
DVA,0000927066-26-000012,IS,13,Debt expense,InterestAndDebtExpense,us-gaap/2025,GROSS_INTEREST,579926000,20251231,4,USD,interest_expense
BF.B,0000014693-26-000024,BS,28,Short-term borrowings,ShortTermBorrowings,us-gaap/2025,CURRENT_DEBT,68000000,20260430,0,USD,current_debt
BF.B,0000014693-26-000024,BS,29,Current portion of long-term debt,LongTermDebtCurrent,us-gaap/2025,CURRENT_DEBT,351000000,20260430,0,USD,current_debt
BF.B,0000014693-26-000024,BS,31,Long-term debt,LongTermDebtNoncurrent,us-gaap/2025,NONCURRENT_DEBT_AGGREGATE,2083000000,20260430,0,USD,long_term_debt
BF.B,0000014693-26-000024,BS,28,Short-term borrowings,ShortTermBorrowings,us-gaap/2025,CURRENT_DEBT,68000000,20260430,0,USD,total_debt
BF.B,0000014693-26-000024,BS,29,Current portion of long-term debt,LongTermDebtCurrent,us-gaap/2025,CURRENT_DEBT,351000000,20260430,0,USD,total_debt
BF.B,0000014693-26-000024,BS,31,Long-term debt,LongTermDebtNoncurrent,us-gaap/2025,NONCURRENT_DEBT_AGGREGATE,2083000000,20260430,0,USD,total_debt
BF.B,0000014693-26-000024,BS,8,Cash and cash equivalents,CashAndCashEquivalentsAtCarryingValue,us-gaap/2025,CASH,308000000,20260430,0,USD,cash_and_equivalents
BF.B,0000014693-26-000024,BS,44,Total liabilities and stockholders equity,LiabilitiesAndStockholdersEquity,us-gaap/2025,BALANCE_CONTROL,7894000000,20260430,0,USD,total_liabilities_and_equity
BF.B,0000014693-26-000024,BS,35,Total liabilities,Liabilities,us-gaap/2025,BALANCE_CONTROL,3874000000,20260430,0,USD,total_liabilities
BF.B,0000014693-26-000024,IS,15,Interest expense,InterestExpense,us-gaap/2025,GROSS_INTEREST,103000000,20260430,4,USD,interest_expense
NWS,0001564708-25-000419,BS,30,Current borrowings,LongTermDebtCurrent,us-gaap/2025,CURRENT_DEBT,25000000,20250630,0,USD,current_debt
NWS,0001564708-25-000419,BS,35,Borrowings,LongTermDebtNoncurrent,us-gaap/2025,NONCURRENT_DEBT_AGGREGATE,1937000000,20250630,0,USD,long_term_debt
NWS,0001564708-25-000419,BS,30,Current borrowings,LongTermDebtCurrent,us-gaap/2025,CURRENT_DEBT,25000000,20250630,0,USD,total_debt
NWS,0001564708-25-000419,BS,35,Borrowings,LongTermDebtNoncurrent,us-gaap/2025,NONCURRENT_DEBT_AGGREGATE,1937000000,20250630,0,USD,total_debt
NWS,0001564708-25-000419,BS,38,Operating lease liabilities,OperatingLeaseLiabilityNoncurrent,us-gaap/2025,OPERATING_LEASE,904000000,20250630,0,USD,operating_lease_liabilities
NWS,0001564708-25-000419,BS,9,Cash and cash equivalents,CashAndCashEquivalentsAtCarryingValue,us-gaap/2025,CASH,2403000000,20250630,0,USD,cash_and_equivalents
NWS,0001564708-25-000419,BS,49,Total liabilities and equity,LiabilitiesAndStockholdersEquity,us-gaap/2025,BALANCE_CONTROL,15504000000,20250630,0,USD,total_liabilities_and_equity
PSKY,0002041610-26-000011,BS,29,Debt,LongTermDebtAndCapitalLeaseObligationsCurrent,us-gaap/2025,CURRENT_DEBT_AGGREGATE,433000000,20251231,0,USD,current_debt
PSKY,0002041610-26-000011,BS,32,Long-term debt,LongTermDebtAndCapitalLeaseObligations,us-gaap/2025,NONCURRENT_DEBT_AGGREGATE,13225000000,20251231,0,USD,long_term_debt
PSKY,0002041610-26-000011,BS,29,Debt,LongTermDebtAndCapitalLeaseObligationsCurrent,us-gaap/2025,CURRENT_DEBT_AGGREGATE,433000000,20251231,0,USD,total_debt
PSKY,0002041610-26-000011,BS,32,Long-term debt,LongTermDebtAndCapitalLeaseObligations,us-gaap/2025,NONCURRENT_DEBT_AGGREGATE,13225000000,20251231,0,USD,total_debt
PSKY,0002041610-26-000011,BS,36,Operating lease liabilities,OperatingLeaseLiabilityNoncurrent,us-gaap/2025,OPERATING_LEASE,1150000000,20251231,0,USD,operating_lease_liabilities
PSKY,0002041610-26-000011,BS,9,Cash and cash equivalents,CashAndCashEquivalentsAtCarryingValue,us-gaap/2025,CASH,3274000000,20251231,0,USD,cash_and_equivalents
PSKY,0002041610-26-000011,BS,49,Total Liabilities and Equity,LiabilitiesAndStockholdersEquity,us-gaap/2025,BALANCE_CONTROL,43342000000,20251231,0,USD,total_liabilities_and_equity
