ticker,name,module,data_status,data_coverage_pct,bqs,bqs_coverage_pct,metric_coverage_pct,bqs_confidence,bqs_provisional_components,growth_flags,bqs_eligible_top30,bqs_rank,market_price,market_cap,market_source,market_source_symbol,market_retrieved_at_utc,ios,ios_variant,ios_rank,ios_confidence,ios_provisional_reasons,ios_leverage_indeterminate,ios_gate_reason,discount_rate,owner_yield,expected_return,margin_of_safety,bear_return,bull_return
2602335D,CONTRA HOLOGIC INCORPO,UNKNOWN,PARTIAL,0.0,,,0.0,NOT_CALCULATED,,,False,,,,MISSING,,2026-09-24T19:02:43Z,,IOS_GENERAL,,NOT_CALCULATED,,False,,,,,,,
A,AGILENT TECHNOLOGIES INC,GENERAL,PRESENT,100.0,75.8,100.0,70.4,PROVISIONAL,moat|balance,,True,107,165.32,46608478143.0,NASDAQ_PUBLIC_SCREENER,A,2026-09-24T19:02:43Z,11.4,IOS_GENERAL,252,PROVISIONAL,BQS_PROVISIONAL,False,,0.095,0.022,0.0268,-0.705,-0.767,-0.615
AAPL,APPLE INC,SEMICONDUCTOR,PRESENT,100.0,74.6,90.0,67.3,PROVISIONAL,moat|balance,,True,117,337.02,4918530543600.0,NASDAQ_PUBLIC_SCREENER,AAPL,2026-09-24T19:02:43Z,11.2,IOS_GENERAL,258,PROVISIONAL,BQS_PROVISIONAL,False,,0.105,0.0175,0.0356,-0.783,-0.833,-0.722
ABBV,ABBVIE INC,GENERAL,PRESENT,100.0,62.8,100.0,77.6,PROVISIONAL,moat,BASE_EFFECT_SUSPECTED,True,210,265.08,468427449908.0,NASDAQ_PUBLIC_SCREENER,ABBV,2026-09-24T19:02:43Z,12.8,IOS_GENERAL,235,PROVISIONAL,BQS_PROVISIONAL,False,,0.11,0.036,0.0535,-0.579,-0.673,-0.468
ABNB,AIRBNB INC CLASS A,GENERAL,PRESENT,100.0,86.2,90.0,48.0,PROVISIONAL,economics|moat|balance,,True,31,149.58,89566362314.0,NASDAQ_PUBLIC_SCREENER,ABNB,2026-09-24T19:02:43Z,43.8,IOS_GENERAL,85,PROVISIONAL,BQS_PROVISIONAL,False,,0.095,0.0341,0.1341,-0.259,-0.498,-0.034
ABT,ABBOTT LABORATORIES,GENERAL,PRESENT,100.0,69.6,100.0,70.4,PROVISIONAL,moat|balance,BASE_EFFECT_SUSPECTED,True,163,103.49,179077367303.0,NASDAQ_PUBLIC_SCREENER,ABT,2026-09-24T19:02:43Z,11.1,IOS_GENERAL,264,PROVISIONAL,BQS_PROVISIONAL,False,,0.1,0.0376,0.0427,-0.528,-0.623,-0.391
ACGL,ARCH CAPITAL GROUP LTD,INSURANCE,PRESENT,100.0,92.3,90.0,59.2,PROVISIONAL,economics|moat|balance,,True,4,95.16,32471363630.0,NASDAQ_PUBLIC_SCREENER,ACGL,2026-09-24T19:02:43Z,,IOS_INSURANCE,,NOT_CALCULATED,,True,book value / ROE / crescita sostenibile MISSING,,,,,,
ACN,ACCENTURE PLC CL A,SOFTWARE,PRESENT,100.0,74.3,100.0,70.4,PROVISIONAL,moat|balance,,True,119,183.52,122501473739.0,NASDAQ_PUBLIC_SCREENER,ACN,2026-09-24T19:02:43Z,49.1,IOS_GENERAL,66,PROVISIONAL,BQS_PROVISIONAL,False,,0.095,0.0717,0.1136,0.128,-0.235,0.473
ADBE,ADOBE INC,SOFTWARE,PRESENT,100.0,89.7,100.0,70.4,PROVISIONAL,moat|balance,,True,13,240.69,93676548000.0,NASDAQ_PUBLIC_SCREENER,ADBE,2026-09-24T19:02:43Z,95.2,IOS_GENERAL,8,PROVISIONAL,BQS_PROVISIONAL,False,,0.095,0.0844,0.1844,0.729,0.172,1.254
ADI,ANALOG DEVICES INC,SEMICONDUCTOR,PRESENT,100.0,74.2,100.0,70.4,PROVISIONAL,moat|balance,,True,121,385.23,186669154082.0,NASDAQ_PUBLIC_SCREENER,ADI,2026-09-24T19:02:43Z,11.1,IOS_GENERAL,260,PROVISIONAL,BQS_PROVISIONAL,False,,0.105,0.0212,0.0212,-0.756,-0.798,-0.688
ADM,ARCHER DANIELS MIDLAND CO,GENERAL,PRESENT,100.0,48.1,65.0,44.9,PROVISIONAL,economics|moat|balance,,True,279,82.15,39592979743.0,NASDAQ_PUBLIC_SCREENER,ADM,2026-09-24T19:02:43Z,,IOS_GENERAL,,NOT_CALCULATED,,True,BQS<60,,,,,,
ADP,AUTOMATIC DATA PROCESSING,SOFTWARE,PRESENT,100.0,84.6,65.0,25.5,PROVISIONAL,economics|moat|runway|balance,,True,43,263.68,104750238492.0,NASDAQ_PUBLIC_SCREENER,ADP,2026-09-24T19:02:43Z,41.0,IOS_GENERAL,97,PROVISIONAL,BQS_PROVISIONAL|LEVERAGE_THRESHOLD_INDETERMINATE,True,,0.095,0.0446,0.1208,-0.189,-0.451,0.058
ADSK,AUTODESK INC,SOFTWARE,PRESENT,100.0,84.0,100.0,70.4,PROVISIONAL,moat|balance,,True,48,217.15,45384350000.0,NASDAQ_PUBLIC_SCREENER,ADSK,2026-09-24T19:02:43Z,45.0,IOS_GENERAL,79,PROVISIONAL,BQS_PROVISIONAL,False,,0.095,0.0357,0.1357,-0.223,-0.474,0.012
AEE,AMEREN CORPORATION,UTILITY,PARTIAL,83.3,62.6,75.0,28.6,PROVISIONAL,economics|moat|runway|mgmt,,False,,99.74,27612345855.0,NASDAQ_PUBLIC_SCREENER,AEE,2026-09-24T19:02:43Z,9.4,IOS_GENERAL,300,PROVISIONAL,BQS_PROVISIONAL,False,,0.11,-0.0291,-0.047,-1.316,-1.264,-1.399
AEP,AMERICAN ELECTRIC POWER,UTILITY,PRESENT,100.0,68.2,100.0,61.2,PROVISIONAL,moat|mgmt,,True,171,118.4,64456646477.0,NASDAQ_PUBLIC_SCREENER,AEP,2026-09-24T19:02:43Z,21.6,IOS_GENERAL,190,PROVISIONAL,BQS_PROVISIONAL,False,,0.11,0.0542,0.0792,-0.314,-0.508,-0.133
AES,AES CORP,UTILITY,PARTIAL,83.3,64.5,60.0,26.5,PROVISIONAL,economics|moat|runway|mgmt,PRIOR_YEAR_ONE_OFF_SUSPECTED,False,,14.81,10566026110.0,NASDAQ_PUBLIC_SCREENER,AES,2026-09-24T19:02:43Z,9.7,IOS_GENERAL,295,PROVISIONAL,BQS_PROVISIONAL,False,,0.11,-0.1536,-0.1536,-2.667,-2.396,-3.11
AFL,AFLAC INC,INSURANCE,PRESENT,100.0,59.9,90.0,40.8,PROVISIONAL,economics|moat|runway|mgmt|balance,,True,239,115.23,57769788229.0,NASDAQ_PUBLIC_SCREENER,AFL,2026-09-24T19:02:43Z,,IOS_INSURANCE,,NOT_CALCULATED,,True,BQS<60,,,,,,
AIG,AMERICAN INTERNATIONAL GROUP,INSURANCE,PRESENT,100.0,35.0,90.0,40.8,PROVISIONAL,economics|moat|runway|mgmt|balance,,True,309,75.58,39520265713.0,NASDAQ_PUBLIC_SCREENER,AIG,2026-09-24T19:02:43Z,,IOS_INSURANCE,,NOT_CALCULATED,,True,BQS<60,,,,,,
AIZ,ASSURANT INC,INSURANCE,PRESENT,100.0,76.4,90.0,59.2,PROVISIONAL,economics|moat|balance,,True,104,266.97,13167966076.0,NASDAQ_PUBLIC_SCREENER,AIZ,2026-09-24T19:02:43Z,,IOS_INSURANCE,,NOT_CALCULATED,,True,combined ratio MISSING: sottoscrizione non valutabile,,,,,,
AJG,ARTHUR J GALLAGHER + CO,INSURANCE,PARTIAL,83.3,45.6,100.0,45.9,PROVISIONAL,economics|moat|runway|mgmt,,False,,229.64,58856732000.0,NASDAQ_PUBLIC_SCREENER,AJG,2026-09-24T19:02:43Z,,IOS_INSURANCE,,NOT_CALCULATED,,False,BQS<60,,,,,,
AKAM,AKAMAI TECHNOLOGIES INC,SOFTWARE,PARTIAL,83.3,68.6,75.0,30.6,PROVISIONAL,economics|moat|runway|balance,,False,,118.44,17021795170.0,NASDAQ_PUBLIC_SCREENER,AKAM,2026-09-24T19:02:43Z,10.3,IOS_GENERAL,286,PROVISIONAL,BQS_PROVISIONAL|LEVERAGE_THRESHOLD_INDETERMINATE,True,,0.1,0.0324,0.0324,-0.602,-0.675,-0.487
ALB,ALBEMARLE CORP,GENERAL,PRESENT,100.0,32.1,100.0,61.2,PROVISIONAL,moat|balance,,True,315,113.47,13390033818.0,NASDAQ_PUBLIC_SCREENER,ALB,2026-09-24T19:02:43Z,,IOS_GENERAL,,NOT_CALCULATED,,True,BQS<60,,,,,,
ALGN,ALIGN TECHNOLOGY INC,GENERAL,PRESENT,100.0,71.7,90.0,67.3,PROVISIONAL,moat|balance,,True,140,148.17,10525974871.0,NASDAQ_PUBLIC_SCREENER,ALGN,2026-09-24T19:02:43Z,14.5,IOS_GENERAL,222,PROVISIONAL,BQS_PROVISIONAL,False,,0.095,0.029,0.0551,-0.574,-0.693,-0.443
ALL,ALLSTATE CORP,INSURANCE,PRESENT,100.0,85.7,90.0,52.0,PROVISIONAL,economics|moat|mgmt|balance,,True,36,225.66,57059924997.0,NASDAQ_PUBLIC_SCREENER,ALL,2026-09-24T19:02:43Z,,IOS_INSURANCE,,NOT_CALCULATED,,True,combined ratio MISSING: sottoscrizione non valutabile,,,,,,
ALLE,ALLEGION PLC,GENERAL,PARTIAL,83.3,85.2,100.0,62.2,PROVISIONAL,moat|mgmt|balance,,False,,154.09,13103318355.0,NASDAQ_PUBLIC_SCREENER,ALLE,2026-09-24T19:02:43Z,45.3,IOS_GENERAL,78,PROVISIONAL,BQS_PROVISIONAL|LEVERAGE_THRESHOLD_INDETERMINATE,True,,0.095,0.0501,0.1253,-0.094,-0.386,0.182
AMAT,APPLIED MATERIALS INC,SEMICONDUCTOR,PRESENT,100.0,82.9,100.0,70.4,PROVISIONAL,moat|balance,,True,59,474.38,376466755010.0,NASDAQ_PUBLIC_SCREENER,AMAT,2026-09-24T19:02:43Z,13.9,IOS_GENERAL,225,PROVISIONAL,BQS_PROVISIONAL,False,,0.105,0.0134,0.0457,-0.823,-0.873,-0.775
AMCR,AMCOR PLC,GENERAL,PARTIAL,83.3,44.7,100.0,69.4,PROVISIONAL,moat|mgmt,,False,,42.8,19788395532.0,NASDAQ_PUBLIC_SCREENER,AMCR,2026-09-24T19:02:43Z,,IOS_GENERAL,,NOT_CALCULATED,,False,BQS<60,,,,,,
AMD,ADVANCED MICRO DEVICES,SEMICONDUCTOR,PRESENT,100.0,80.2,100.0,70.4,PROVISIONAL,moat|balance,BASE_EFFECT_SUSPECTED,True,78,614.61,1003335485564.0,NASDAQ_PUBLIC_SCREENER,AMD,2026-09-24T19:02:43Z,32.1,IOS_GENERAL,147,PROVISIONAL,BQS_PROVISIONAL,False,,0.105,0.0051,0.1051,-0.904,-0.933,-0.878
AME,AMETEK INC,GENERAL,PRESENT,100.0,82.1,75.0,55.1,PROVISIONAL,moat|balance,,True,67,246.45,56501433584.0,NASDAQ_PUBLIC_SCREENER,AME,2026-09-24T19:02:43Z,12.3,IOS_GENERAL,241,PROVISIONAL,BQS_PROVISIONAL,False,,0.095,0.0287,0.0287,-0.622,-0.696,-0.507
AMGN,AMGEN INC,GENERAL,PRESENT,100.0,62.5,100.0,77.6,PROVISIONAL,moat,BASE_EFFECT_SUSPECTED,True,213,406.09,219545250910.0,NASDAQ_PUBLIC_SCREENER,AMGN,2026-09-24T19:02:43Z,38.6,IOS_GENERAL,104,PROVISIONAL,BQS_PROVISIONAL,False,,0.11,0.0346,0.1328,-0.391,-0.569,-0.231
AMP,AMERIPRISE FINANCIAL INC,ASSETMGR_EXCH,PARTIAL,83.3,90.2,90.0,63.3,PROVISIONAL,moat|mgmt|balance,,False,,502.79,45199354864.0,NASDAQ_PUBLIC_SCREENER,AMP,2026-09-24T19:02:43Z,94.8,IOS_BANK,10,PROVISIONAL,BQS_PROVISIONAL|LEVERAGE_THRESHOLD_INDETERMINATE,True,,0.095,0.0788,0.1538,2.398,1.549,3.418
AMT,AMERICAN TOWER CORP,REIT,PRESENT,100.0,60.9,100.0,63.3,PROVISIONAL,economics|moat,,True,229,170.78,79576656997.0,NASDAQ_PUBLIC_SCREENER,AMT,2026-09-24T19:02:43Z,,IOS_REIT,,NOT_CALCULATED,,False,AFFO MISSING: FFO e capex di manutenzione non separati,,,,,,
AMZN,AMAZON.COM INC,GENERAL,PRESENT,100.0,71.7,100.0,59.2,PROVISIONAL,moat|mgmt|balance,,True,141,249.27,2688704384092.0,NASDAQ_PUBLIC_SCREENER,AMZN,2026-09-24T19:02:43Z,24.3,IOS_GENERAL,180,PROVISIONAL,BQS_PROVISIONAL,False,,0.095,-0.0044,0.0857,-1.094,-1.064,-1.123
ANET,ARISTA NETWORKS INC,SEMICONDUCTOR,PRESENT,100.0,91.9,90.0,67.3,PROVISIONAL,moat|balance,,True,8,203.47,256621379129.0,NASDAQ_PUBLIC_SCREENER,ANET,2026-09-24T19:02:43Z,37.1,IOS_GENERAL,109,PROVISIONAL,BQS_PROVISIONAL,False,,0.105,0.0149,0.1149,-0.719,-0.804,-0.642
AON,AON PLC CLASS A,INSURANCE,PRESENT,100.0,70.2,100.0,82.7,PROVISIONAL,economics,BASE_EFFECT_SUSPECTED,True,153,281.6,59734522214.0,NASDAQ_PUBLIC_SCREENER,AON,2026-09-24T19:02:43Z,,IOS_INSURANCE,,NOT_CALCULATED,,False,combined ratio MISSING: sottoscrizione non valutabile,,,,,,
AOS,SMITH (A.O.) CORP,GENERAL,PARTIAL,83.3,69.6,65.0,36.7,PROVISIONAL,economics|moat|mgmt|balance,,False,,57.74,7847361005.0,NASDAQ_PUBLIC_SCREENER,AOS,2026-09-24T19:02:43Z,24.7,IOS_GENERAL,177,PROVISIONAL,BQS_PROVISIONAL,False,,0.1,0.0678,0.0745,-0.143,-0.319,0.106
APA,APA CORP,RESOURCES,PARTIAL,83.3,69.7,45.0,11.2,PROVISIONAL,economics|moat|runway|mgmt|balance,,False,,43.7,15310360987.0,NASDAQ_PUBLIC_SCREENER,APA,2026-09-24T19:02:43Z,95.5,IOS_GENERAL,6,PROVISIONAL,BQS_PROVISIONAL,False,,0.11,0.2969,0.2799,2.222,1.698,3.077
APD,AIR PRODUCTS + CHEMICALS INC,GENERAL,PARTIAL,83.3,34.8,95.0,39.8,PROVISIONAL,economics|moat|runway|mgmt|balance|governance,,False,,286.97,63904066544.0,NASDAQ_PUBLIC_SCREENER,APD,2026-09-24T19:02:43Z,,IOS_GENERAL,,NOT_CALCULATED,,False,BQS<60,,,,,,
APH,AMPHENOL CORP CL A,GENERAL,PRESENT,100.0,88.2,100.0,70.4,PROVISIONAL,moat|balance,,True,21,82.19,202677820662.0,NASDAQ_PUBLIC_SCREENER,APH,2026-09-24T19:02:43Z,34.9,IOS_GENERAL,130,PROVISIONAL,BQS_PROVISIONAL,False,,0.095,0.0209,0.1099,-0.545,-0.692,-0.407
APO,APOLLO GLOBAL MANAGEMENT INC,ASSETMGR_EXCH,PRESENT,100.0,86.9,90.0,60.2,PROVISIONAL,moat|runway|balance,,True,29,124.36,73439947253.0,NASDAQ_PUBLIC_SCREENER,APO,2026-09-24T19:02:43Z,58.1,IOS_BANK,52,PROVISIONAL,BQS_PROVISIONAL|LEVERAGE_THRESHOLD_INDETERMINATE,True,,0.095,0.0475,0.1225,0.186,-0.111,0.541
APP,APPLOVIN CORP CLASS A,SOFTWARE,PRESENT,100.0,78.1,100.0,45.9,PROVISIONAL,economics|moat|runway|balance,PRIOR_YEAR_ONE_OFF_SUSPECTED,True,94,315.25,105498727750.0,NASDAQ_PUBLIC_SCREENER,APP,2026-09-24T19:02:43Z,44.0,IOS_GENERAL,84,PROVISIONAL,BQS_PROVISIONAL,False,,0.095,0.0356,0.1356,-0.225,-0.475,0.01
APTV,APTIV PLC,INDUSTRIAL,PRESENT,100.0,61.4,100.0,70.4,PROVISIONAL,moat|balance,BASE_EFFECT_SUSPECTED,True,224,45.17,9378797561.0,NASDAQ_PUBLIC_SCREENER,APTV,2026-09-24T19:02:43Z,94.2,IOS_GENERAL,14,PROVISIONAL,BQS_PROVISIONAL|LEVERAGE_THRESHOLD_INDETERMINATE,True,,0.1,0.1482,0.2008,1.276,0.568,1.935
ARE,ALEXANDRIA REAL ESTATE EQUIT,REIT,PARTIAL,66.7,29.1,55.0,20.4,PROVISIONAL,economics|moat|runway|mgmt,PRIOR_YEAR_ONE_OFF_SUSPECTED,False,,51.86,9036478980.0,NASDAQ_PUBLIC_SCREENER,ARE,2026-09-24T19:02:43Z,,IOS_REIT,,NOT_CALCULATED,,False,BQS<60,,,,,,
ARES,ARES MANAGEMENT CORP A,ASSETMGR_EXCH,PARTIAL,83.3,79.0,75.0,48.0,PROVISIONAL,moat|runway|mgmt|balance,,False,,121.48,40122077779.0,NASDAQ_PUBLIC_SCREENER,ARES,2026-09-24T19:02:43Z,,IOS_BANK,,NOT_CALCULATED,,True,book value / ROE / crescita sostenibile MISSING,,,,,,
ATO,ATMOS ENERGY CORP,UTILITY,PRESENT,100.0,79.3,100.0,64.3,PROVISIONAL,moat|mgmt,,True,88,156.24,26402771521.0,NASDAQ_PUBLIC_SCREENER,ATO,2026-09-24T19:02:43Z,11.9,IOS_GENERAL,247,PROVISIONAL,BQS_PROVISIONAL,False,,0.105,-0.0577,-0.0713,-1.782,-1.551,-1.999
AVGO,BROADCOM INC,SEMICONDUCTOR,PRESENT,100.0,75.5,100.0,70.4,PROVISIONAL,moat|balance,BASE_EFFECT_SUSPECTED,True,112,354.99,1694590865776.0,NASDAQ_PUBLIC_SCREENER,AVGO,2026-09-24T19:02:43Z,28.2,IOS_GENERAL,163,PROVISIONAL,BQS_PROVISIONAL,False,,0.105,0.0114,0.0957,-0.784,-0.849,-0.725
AVY,AVERY DENNISON CORP,GENERAL,PRESENT,100.0,42.5,75.0,52.0,PROVISIONAL,economics|moat,,True,296,172.66,13085580598.0,NASDAQ_PUBLIC_SCREENER,AVY,2026-09-24T19:02:43Z,,IOS_GENERAL,,NOT_CALCULATED,,False,BQS<60,,,,,,
AWK,AMERICAN WATER WORKS CO INC,UTILITY,PARTIAL,83.3,74.8,75.0,28.6,PROVISIONAL,economics|moat|runway|mgmt,,False,,133.06,26442879276.0,NASDAQ_PUBLIC_SCREENER,AWK,2026-09-24T19:02:43Z,11.2,IOS_GENERAL,257,PROVISIONAL,BQS_PROVISIONAL,False,,0.105,-0.0404,-0.0404,-1.465,-1.385,-1.594
AXON,AXON ENTERPRISE INC,INDUSTRIAL,PRESENT,100.0,42.7,100.0,61.2,PROVISIONAL,moat|balance,BASE_EFFECT_SUSPECTED,True,294,450.61,36606391573.0,NASDAQ_PUBLIC_SCREENER,AXON,2026-09-24T19:02:43Z,,IOS_GENERAL,,NOT_CALCULATED,,True,BQS<60,,,,,,
AXP,AMERICAN EXPRESS CO,BANK,PARTIAL,83.3,75.4,100.0,61.2,PROVISIONAL,moat|runway,,False,,301.96,203916557173.0,NASDAQ_PUBLIC_SCREENER,AXP,2026-09-24T19:02:43Z,80.1,IOS_BANK,27,PROVISIONAL,BQS_PROVISIONAL,False,,0.105,0.0531,0.1331,0.6,0.2,1.08
AZO,AUTOZONE INC,GENERAL,PRESENT,100.0,71.8,100.0,70.4,PROVISIONAL,moat|balance,,True,139,2843.34,46418534886.0,NASDAQ_PUBLIC_SCREENER,AZO,2026-09-24T19:02:43Z,25.2,IOS_GENERAL,174,PROVISIONAL,BQS_PROVISIONAL|LEVERAGE_THRESHOLD_INDETERMINATE,True,,0.095,0.0359,0.0882,-0.41,-0.6,-0.23
BA,BOEING CO/THE,INDUSTRIAL,PARTIAL,83.3,48.0,100.0,56.1,PROVISIONAL,moat|runway|mgmt,PRIOR_YEAR_ONE_OFF_SUSPECTED,False,,199.93,158018678099.0,NASDAQ_PUBLIC_SCREENER,BA,2026-09-24T19:02:43Z,,IOS_GENERAL,,NOT_CALCULATED,,False,BQS<60,,,,,,
BAC,BANK OF AMERICA CORP,BANK,PRESENT,100.0,54.3,100.0,70.4,PROVISIONAL,moat|runway,,True,261,56.0,391593908440.0,NASDAQ_PUBLIC_SCREENER,BAC,2026-09-24T19:02:43Z,,IOS_BANK,,NOT_CALCULATED,,False,BQS<60,,,,,,
BALL,BALL CORP,INDUSTRIAL,PARTIAL,83.3,81.7,55.0,18.4,PROVISIONAL,economics|moat|runway|mgmt,PRIOR_YEAR_ONE_OFF_SUSPECTED,False,,58.82,15569851459.0,NASDAQ_PUBLIC_SCREENER,BALL,2026-09-24T19:02:43Z,14.9,IOS_GENERAL,218,PROVISIONAL,BQS_PROVISIONAL,False,,0.105,0.0506,0.0506,-0.417,-0.517,-0.255
BAX,BAXTER INTERNATIONAL INC,GENERAL,PRESENT,100.0,33.7,100.0,65.3,PROVISIONAL,moat,BASE_EFFECT_SUSPECTED,True,312,23.49,12144236017.0,NASDAQ_PUBLIC_SCREENER,BAX,2026-09-24T19:02:43Z,,IOS_GENERAL,,NOT_CALCULATED,,False,BQS<60,,,,,,
BBY,BEST BUY CO INC,GENERAL,PARTIAL,83.3,81.2,75.0,30.6,PROVISIONAL,economics|moat|runway|balance,,False,,90.8,19043274978.0,NASDAQ_PUBLIC_SCREENER,BBY,2026-09-24T19:02:43Z,18.9,IOS_GENERAL,200,PROVISIONAL,BQS_PROVISIONAL|LEVERAGE_THRESHOLD_INDETERMINATE,True,,0.095,0.0588,0.0588,-0.228,-0.378,0.009
BDX,BECTON DICKINSON AND CO,GENERAL,PARTIAL,66.7,59.8,95.0,43.9,PROVISIONAL,economics|moat|mgmt|balance|governance,,False,,182.52,49716038736.0,NASDAQ_PUBLIC_SCREENER,BDX,2026-09-24T19:02:43Z,,IOS_GENERAL,,NOT_CALCULATED,,False,BQS<60,,,,,,
BEN,FRANKLIN TEMPLETON INC,ASSETMGR_EXCH,PARTIAL,83.3,38.2,100.0,79.6,PROVISIONAL,mgmt|balance,BASE_EFFECT_SUSPECTED,False,,32.71,16619195726.0,NASDAQ_PUBLIC_SCREENER,BEN,2026-09-24T19:02:43Z,,IOS_BANK,,NOT_CALCULATED,,True,BQS<60,,,,,,
BF.B,BROWN FORMAN CORP CLASS B,GENERAL,PARTIAL,83.3,79.6,100.0,62.2,PROVISIONAL,moat|mgmt|balance,,False,,,,MISSING,,2026-09-24T19:02:43Z,,IOS_GENERAL,,NOT_CALCULATED,,True,market cap MISSING,,,,,,
BG,BUNGE GLOBAL SA,GENERAL,PARTIAL,83.3,34.1,75.0,32.7,PROVISIONAL,economics|moat|runway|mgmt,,False,,111.48,21417439832.0,NASDAQ_PUBLIC_SCREENER,BG,2026-09-24T19:02:43Z,,IOS_GENERAL,,NOT_CALCULATED,,False,BQS<60,,,,,,
BIIB,BIOGEN INC,GENERAL,PRESENT,100.0,66.9,65.0,40.8,PROVISIONAL,economics|moat|balance,,True,186,227.53,33618467165.0,NASDAQ_PUBLIC_SCREENER,BIIB,2026-09-24T19:02:43Z,11.1,IOS_GENERAL,265,PROVISIONAL,BQS_PROVISIONAL|LEVERAGE_THRESHOLD_INDETERMINATE,True,,0.1,0.0524,0.0441,-0.357,-0.475,-0.17
BKNG,BOOKING HOLDINGS INC,GENERAL,PARTIAL,83.3,87.8,95.0,64.3,PROVISIONAL,moat|balance|governance,,False,,155.9,117140219950.0,NASDAQ_PUBLIC_SCREENER,BKNG,2026-09-24T19:02:43Z,90.8,IOS_GENERAL,22,PROVISIONAL,BQS_PROVISIONAL,False,,0.095,0.0723,0.1723,0.573,0.066,1.049
BKR,BAKER HUGHES CO,RESOURCES,PARTIAL,83.3,80.6,90.0,44.9,PROVISIONAL,economics|moat|mgmt|balance,,False,,58.03,57604876340.0,NASDAQ_PUBLIC_SCREENER,BKR,2026-09-24T19:02:43Z,42.1,IOS_GENERAL,91,PROVISIONAL,BQS_PROVISIONAL|LEVERAGE_THRESHOLD_INDETERMINATE,True,,0.105,0.0405,0.1349,-0.308,-0.517,-0.118
BLDR,BUILDERS FIRSTSOURCE INC,GENERAL,PRESENT,100.0,48.0,100.0,77.6,PROVISIONAL,moat,,True,280,59.16,6365406396.0,NASDAQ_PUBLIC_SCREENER,BLDR,2026-09-24T19:02:43Z,,IOS_GENERAL,,NOT_CALCULATED,,False,BQS<60,,,,,,
BLK,BLACKROCK INC,ASSETMGR_EXCH,PRESENT,100.0,38.4,100.0,56.1,PROVISIONAL,moat|runway|mgmt|balance,,True,305,1060.89,164299248181.0,NASDAQ_PUBLIC_SCREENER,BLK,2026-09-24T19:02:43Z,,IOS_BANK,,NOT_CALCULATED,,True,BQS<60,,,,,,
BMY,BRISTOL MYERS SQUIBB CO,GENERAL,PARTIAL,83.3,59.3,65.0,36.7,PROVISIONAL,economics|moat|mgmt|balance,,False,,61.15,124912001214.0,NASDAQ_PUBLIC_SCREENER,BMY,2026-09-24T19:02:43Z,,IOS_GENERAL,,NOT_CALCULATED,,True,BQS<60,,,,,,
BNY,BANK OF NEW YORK MELLON CORP,BANK,PARTIAL,83.3,58.1,100.0,57.1,PROVISIONAL,moat|runway|mgmt,,False,,149.51,101443154270.0,NASDAQ_PUBLIC_SCREENER,BNY,2026-09-24T19:02:43Z,,IOS_BANK,,NOT_CALCULATED,,False,BQS<60,,,,,,
BR,BROADRIDGE FINANCIAL SOLUTIO,SOFTWARE,PRESENT,100.0,82.3,100.0,70.4,PROVISIONAL,moat|balance,,True,66,163.45,18636862883.0,NASDAQ_PUBLIC_SCREENER,BR,2026-09-24T19:02:43Z,45.5,IOS_GENERAL,77,PROVISIONAL,BQS_PROVISIONAL|LEVERAGE_THRESHOLD_INDETERMINATE,True,,0.095,0.0566,0.1212,-0.02,-0.336,0.278
BRK.B,BERKSHIRE HATHAWAY INC CL B,INSURANCE,PARTIAL,83.3,42.6,75.0,43.9,PROVISIONAL,economics|moat|mgmt|balance,,False,,507.17,1118974938030.0,NASDAQ_PUBLIC_SCREENER,BRK.B,2026-09-24T19:02:43Z,,IOS_INSURANCE,,NOT_CALCULATED,,True,BQS<60,,,,,,
BRO,BROWN + BROWN INC,INSURANCE,PARTIAL,83.3,48.5,100.0,58.2,PROVISIONAL,economics|moat|mgmt,,False,,61.7,20645459027.0,NASDAQ_PUBLIC_SCREENER,BRO,2026-09-24T19:02:43Z,,IOS_INSURANCE,,NOT_CALCULATED,,False,BQS<60,,,,,,
BSX,BOSTON SCIENTIFIC CORP,GENERAL,PRESENT,100.0,85.9,100.0,66.3,PROVISIONAL,moat|balance,,True,35,44.62,64664621450.0,NASDAQ_PUBLIC_SCREENER,BSX,2026-09-24T19:02:43Z,61.7,IOS_GENERAL,47,PROVISIONAL,BQS_PROVISIONAL|LEVERAGE_THRESHOLD_INDETERMINATE,True,,0.095,0.0519,0.1462,0.13,-0.235,0.472
BX,BLACKSTONE INC,ASSETMGR_EXCH,PRESENT,100.0,72.2,90.0,67.3,PROVISIONAL,moat|balance,,True,138,119.27,89527057347.0,NASDAQ_PUBLIC_SCREENER,BX,2026-09-24T19:02:43Z,10.8,IOS_BANK,272,PROVISIONAL,BQS_PROVISIONAL|LEVERAGE_THRESHOLD_INDETERMINATE,True,,0.095,0.0337,0.016,-0.645,-0.716,-0.539
BXP,BXP INC,REIT,PRESENT,100.0,72.5,75.0,31.6,PROVISIONAL,economics|moat|runway|mgmt,,True,136,62.36,9956494632.0,NASDAQ_PUBLIC_SCREENER,BXP,2026-09-24T19:02:43Z,,IOS_REIT,,NOT_CALCULATED,,False,AFFO MISSING: FFO e capex di manutenzione non separati,,,,,,
C,CITIGROUP INC,BANK,PRESENT,100.0,37.3,100.0,67.3,PROVISIONAL,moat|runway|mgmt,,True,306,131.93,221304234781.0,NASDAQ_PUBLIC_SCREENER,C,2026-09-24T19:02:43Z,,IOS_BANK,,NOT_CALCULATED,,False,BQS<60,,,,,,
CAH,CARDINAL HEALTH INC,GENERAL,PRESENT,100.0,59.3,100.0,65.3,PROVISIONAL,moat|balance,PRIOR_YEAR_ONE_OFF_SUSPECTED,True,242,221.27,51237136268.0,NASDAQ_PUBLIC_SCREENER,CAH,2026-09-24T19:02:43Z,,IOS_GENERAL,,NOT_CALCULATED,,True,BQS<60,,,,,,
CARR,CARRIER GLOBAL CORP,INDUSTRIAL,PRESENT,100.0,58.1,100.0,67.3,PROVISIONAL,moat|mgmt,BASE_EFFECT_SUSPECTED|PRIOR_YEAR_ONE_OFF_SUSPECTED,True,247,55.1,45420310641.0,NASDAQ_PUBLIC_SCREENER,CARR,2026-09-24T19:02:43Z,,IOS_GENERAL,,NOT_CALCULATED,,False,BQS<60,,,,,,
CASY,CASEY S GENERAL STORES INC,GENERAL,PARTIAL,83.3,59.9,65.0,36.7,PROVISIONAL,economics|moat|mgmt|balance,,False,,597.31,22076677351.0,NASDAQ_PUBLIC_SCREENER,CASY,2026-09-24T19:02:43Z,,IOS_GENERAL,,NOT_CALCULATED,,True,BQS<60,,,,,,
CAT,CATERPILLAR INC,INDUSTRIAL,PRESENT,100.0,79.1,90.0,60.2,PROVISIONAL,moat|mgmt|balance,,True,90,812.02,373265203366.0,NASDAQ_PUBLIC_SCREENER,CAT,2026-09-24T19:02:43Z,19.4,IOS_GENERAL,199,PROVISIONAL,BQS_PROVISIONAL|LEVERAGE_THRESHOLD_INDETERMINATE,True,,0.095,0.0239,0.0677,-0.621,-0.743,-0.505
CB,CHUBB LTD,INSURANCE,PARTIAL,83.3,80.8,75.0,35.7,PROVISIONAL,economics|moat|runway|mgmt|balance,,False,,335.21,129323970735.0,NASDAQ_PUBLIC_SCREENER,CB,2026-09-24T19:02:43Z,,IOS_INSURANCE,,NOT_CALCULATED,,True,combined ratio MISSING: sottoscrizione non valutabile,,,,,,
CBOE,CBOE GLOBAL MARKETS INC,ASSETMGR_EXCH,PARTIAL,83.3,97.2,100.0,59.2,PROVISIONAL,moat|runway|balance,,False,,268.87,30064707313.0,NASDAQ_PUBLIC_SCREENER,CBOE,2026-09-24T19:02:43Z,56.2,IOS_BANK,56,PROVISIONAL,BQS_PROVISIONAL,False,,0.095,0.0366,0.1116,0.188,-0.109,0.545
CBRE,CBRE GROUP INC A,REIT,PRESENT,100.0,67.8,75.0,50.0,PROVISIONAL,economics|moat|balance,,True,175,136.41,39500966400.0,NASDAQ_PUBLIC_SCREENER,CBRE,2026-09-24T19:02:43Z,,IOS_REIT,,NOT_CALCULATED,,True,AFFO MISSING: FFO e capex di manutenzione non separati,,,,,,
CCI,CROWN CASTLE INC,REIT,PRESENT,100.0,19.4,100.0,63.3,PROVISIONAL,economics|moat,BASE_EFFECT_SUSPECTED,True,321,70.23,29879735481.0,NASDAQ_PUBLIC_SCREENER,CCI,2026-09-24T19:02:43Z,,IOS_REIT,,NOT_CALCULATED,,False,BQS<60,,,,,,
CCL,CARNIVAL CORP LTD,GENERAL,PARTIAL,83.3,64.6,100.0,56.1,PROVISIONAL,moat|runway|mgmt,,False,,21.8,29858350794.0,NASDAQ_PUBLIC_SCREENER,CCL,2026-09-24T19:02:43Z,83.5,IOS_GENERAL,26,PROVISIONAL,BQS_PROVISIONAL,False,,0.11,0.084,0.184,0.491,0.054,0.883
CDNS,CADENCE DESIGN SYS INC,SOFTWARE,PRESENT,100.0,87.8,100.0,70.4,PROVISIONAL,moat|balance,,True,24,309.09,85121222370.0,NASDAQ_PUBLIC_SCREENER,CDNS,2026-09-24T19:02:43Z,35.9,IOS_GENERAL,121,PROVISIONAL,BQS_PROVISIONAL,False,,0.095,0.0133,0.1133,-0.711,-0.804,-0.623
CDW,CDW CORP/DE,GENERAL,PRESENT,100.0,50.2,100.0,77.6,PROVISIONAL,moat,,True,273,146.16,18272546984.0,NASDAQ_PUBLIC_SCREENER,CDW,2026-09-24T19:02:43Z,,IOS_GENERAL,,NOT_CALCULATED,,False,BQS<60,,,,,,
CEG,CONSTELLATION ENERGY,UTILITY,PARTIAL,83.3,86.6,100.0,29.6,PROVISIONAL,economics|moat|runway|mgmt|balance,,False,,263.88,93494631171.0,NASDAQ_PUBLIC_SCREENER,CEG,2026-09-24T19:02:43Z,13.0,IOS_GENERAL,231,PROVISIONAL,BQS_PROVISIONAL|LEVERAGE_THRESHOLD_INDETERMINATE,True,,0.095,0.0138,0.0138,-0.819,-0.854,-0.764
CF,CF INDUSTRIES HOLDINGS INC,RESOURCES,PRESENT,100.0,75.7,100.0,70.4,PROVISIONAL,moat|balance,,True,109,120.64,18257432003.0,NASDAQ_PUBLIC_SCREENER,CF,2026-09-24T19:02:43Z,44.2,IOS_GENERAL,82,PROVISIONAL,BQS_PROVISIONAL|LEVERAGE_THRESHOLD_INDETERMINATE,True,,0.105,0.0962,0.0962,0.109,-0.082,0.416
CFG,CITIZENS FINANCIAL GROUP,BANK,PARTIAL,83.3,48.9,80.0,54.1,PROVISIONAL,moat|runway,,False,,64.61,27212232273.0,NASDAQ_PUBLIC_SCREENER,CFG,2026-09-24T19:02:43Z,,IOS_BANK,,NOT_CALCULATED,,False,BQS<60,,,,,,
CHD,CHURCH + DWIGHT CO INC,GENERAL,PRESENT,100.0,82.8,100.0,70.4,PROVISIONAL,moat|balance,,True,62,96.02,22776319150.0,NASDAQ_PUBLIC_SCREENER,CHD,2026-09-24T19:02:43Z,29.9,IOS_GENERAL,160,PROVISIONAL,BQS_PROVISIONAL|LEVERAGE_THRESHOLD_INDETERMINATE,True,,0.095,0.0454,0.0943,-0.263,-0.5,-0.039
CHRW,C.H. ROBINSON WORLDWIDE INC,GENERAL,PRESENT,100.0,54.9,100.0,70.4,PROVISIONAL,moat|balance,,True,257,149.67,17489127785.0,NASDAQ_PUBLIC_SCREENER,CHRW,2026-09-24T19:02:43Z,,IOS_GENERAL,,NOT_CALCULATED,,True,BQS<60,,,,,,
CHTR,CHARTER COMMUNICATIONS INC A,GENERAL,PRESENT,100.0,63.9,100.0,77.6,PROVISIONAL,moat,,True,203,116.61,13360881342.0,NASDAQ_PUBLIC_SCREENER,CHTR,2026-09-24T19:02:43Z,94.6,IOS_GENERAL,11,PROVISIONAL,BQS_PROVISIONAL,False,,0.11,0.2803,0.2849,2.102,1.548,2.925
CI,THE CIGNA GROUP,INSURANCE,PARTIAL,83.3,70.2,85.0,52.0,PROVISIONAL,economics|mgmt|balance,BASE_EFFECT_SUSPECTED,False,,268.27,70887795179.0,NASDAQ_PUBLIC_SCREENER,CI,2026-09-24T19:02:43Z,,IOS_INSURANCE,,NOT_CALCULATED,,True,combined ratio MISSING: sottoscrizione non valutabile,,,,,,
CIEN,CIENA CORP,SEMICONDUCTOR,PRESENT,100.0,60.3,100.0,63.3,PROVISIONAL,moat|balance,BASE_EFFECT_SUSPECTED,True,235,355.91,50471072133.0,NASDAQ_PUBLIC_SCREENER,CIEN,2026-09-24T19:02:43Z,28.9,IOS_GENERAL,161,PROVISIONAL,BQS_PROVISIONAL,False,,0.11,0.0095,0.1045,-0.847,-0.892,-0.807
CINF,CINCINNATI FINANCIAL CORP,INSURANCE,PARTIAL,83.3,81.8,75.0,43.9,PROVISIONAL,economics|moat|mgmt|balance,,False,,162.57,24950925776.0,NASDAQ_PUBLIC_SCREENER,CINF,2026-09-24T19:02:43Z,,IOS_INSURANCE,,NOT_CALCULATED,,True,combined ratio MISSING: sottoscrizione non valutabile,,,,,,
CL,COLGATE PALMOLIVE CO,GENERAL,PARTIAL,83.3,81.2,100.0,62.2,PROVISIONAL,moat|mgmt|balance,,False,,85.93,68501061196.0,NASDAQ_PUBLIC_SCREENER,CL,2026-09-24T19:02:43Z,31.3,IOS_GENERAL,150,PROVISIONAL,BQS_PROVISIONAL|LEVERAGE_THRESHOLD_INDETERMINATE,True,,0.095,0.0508,0.0937,-0.197,-0.456,0.048
CLX,CLOROX COMPANY,GENERAL,PRESENT,100.0,60.7,65.0,44.9,PROVISIONAL,economics|moat|balance,,True,230,83.94,10150948560.0,NASDAQ_PUBLIC_SCREENER,CLX,2026-09-24T19:02:43Z,19.8,IOS_GENERAL,198,PROVISIONAL,BQS_PROVISIONAL|LEVERAGE_THRESHOLD_INDETERMINATE,True,,0.1,0.067,0.067,-0.178,-0.328,0.062
CMCSA,COMCAST CORP CLASS A,GENERAL,PARTIAL,83.3,76.2,100.0,62.2,PROVISIONAL,moat|mgmt|balance,BASE_EFFECT_SUSPECTED,False,,22.55,80021754721.0,NASDAQ_PUBLIC_SCREENER,CMCSA,2026-09-24T19:02:43Z,96.4,IOS_GENERAL,3,PROVISIONAL,BQS_PROVISIONAL|LEVERAGE_THRESHOLD_INDETERMINATE,True,,0.095,0.2575,0.2637,2.477,1.726,3.541
CME,CME GROUP INC,ASSETMGR_EXCH,PRESENT,100.0,74.2,100.0,90.8,HIGH,,,True,120,270.8,97374064420.0,NASDAQ_PUBLIC_SCREENER,CME,2026-09-24T19:02:43Z,12.5,IOS_BANK,239,CALCULATED,,False,,0.105,0.0418,0.0456,-0.597,-0.698,-0.476
CMG,CHIPOTLE MEXICAN GRILL INC,GENERAL,PRESENT,100.0,81.8,90.0,67.3,PROVISIONAL,moat|balance,,True,71,32.71,41391822780.0,NASDAQ_PUBLIC_SCREENER,CMG,2026-09-24T19:02:43Z,41.3,IOS_GENERAL,96,PROVISIONAL,BQS_PROVISIONAL,False,,0.095,0.0321,0.1321,-0.32,-0.539,-0.114
CMI,CUMMINS INC,INDUSTRIAL,PARTIAL,83.3,72.4,85.0,55.1,PROVISIONAL,moat|mgmt|balance,BASE_EFFECT_SUSPECTED|PRIOR_YEAR_ONE_OFF_SUSPECTED,False,,524.65,72225673105.0,NASDAQ_PUBLIC_SCREENER,CMI,2026-09-24T19:02:43Z,27.7,IOS_GENERAL,166,PROVISIONAL,BQS_PROVISIONAL|LEVERAGE_THRESHOLD_INDETERMINATE,True,,0.095,0.033,0.0955,-0.433,-0.616,-0.26
CMS,CMS ENERGY CORP,UTILITY,PARTIAL,83.3,66.9,85.0,52.0,PROVISIONAL,moat|mgmt,,False,,63.15,19802396138.0,NASDAQ_PUBLIC_SCREENER,CMS,2026-09-24T19:02:43Z,54.6,IOS_GENERAL,58,PROVISIONAL,BQS_PROVISIONAL,False,,0.11,0.1129,0.1129,0.225,0.026,0.55
CNC,CENTENE CORP,INSURANCE,PRESENT,100.0,30.9,100.0,70.4,PROVISIONAL,economics|balance,BASE_EFFECT_SUSPECTED,True,316,62.08,30667209600.0,NASDAQ_PUBLIC_SCREENER,CNC,2026-09-24T19:02:43Z,,IOS_INSURANCE,,NOT_CALCULATED,,True,BQS<60,,,,,,
CNP,CENTERPOINT ENERGY INC,UTILITY,PRESENT,100.0,61.8,100.0,58.2,PROVISIONAL,moat|mgmt,,True,221,37.16,24478045902.0,NASDAQ_PUBLIC_SCREENER,CNP,2026-09-24T19:02:43Z,9.3,IOS_GENERAL,305,PROVISIONAL,BQS_PROVISIONAL,False,,0.11,-0.0974,-0.114,-2.063,-1.885,-2.345
COF,CAPITAL ONE FINANCIAL CORP,BANK,PARTIAL,66.7,55.6,100.0,53.1,PROVISIONAL,moat|runway|mgmt,,False,,196.1,120304376340.0,NASDAQ_PUBLIC_SCREENER,COF,2026-09-24T19:02:43Z,,IOS_BANK,,NOT_CALCULATED,,False,BQS<60,,,,,,
COHR,COHERENT CORP,SEMICONDUCTOR,PARTIAL,83.3,57.7,75.0,39.8,PROVISIONAL,economics|moat|mgmt,,False,,300.6,58867173148.0,NASDAQ_PUBLIC_SCREENER,COHR,2026-09-24T19:02:43Z,,IOS_GENERAL,,NOT_CALCULATED,,False,BQS<60,,,,,,
COIN,COINBASE GLOBAL INC CLASS A,BANK,PRESENT,100.0,55.9,100.0,78.6,PROVISIONAL,runway,PRIOR_YEAR_ONE_OFF_SUSPECTED,True,254,198.13,52274009554.0,NASDAQ_PUBLIC_SCREENER,COIN,2026-09-24T19:02:43Z,,IOS_BANK,,NOT_CALCULATED,,False,BQS<60,,,,,,
COO,COOPER COS INC/THE,GENERAL,PRESENT,100.0,69.4,100.0,77.6,PROVISIONAL,moat,,True,165,56.07,10662007335.0,NASDAQ_PUBLIC_SCREENER,COO,2026-09-24T19:02:43Z,31.3,IOS_GENERAL,151,PROVISIONAL,BQS_PROVISIONAL,False,,0.11,0.0341,0.1075,-0.498,-0.645,-0.366
COP,CONOCOPHILLIPS,RESOURCES,PRESENT,100.0,46.2,65.0,18.4,PROVISIONAL,economics|moat|runway|mgmt|balance,,True,284,128.09,153879317685.0,NASDAQ_PUBLIC_SCREENER,COP,2026-09-24T19:02:43Z,,IOS_GENERAL,,NOT_CALCULATED,,False,BQS<60,,,,,,
COR,CENCORA INC,GENERAL,PRESENT,100.0,64.6,90.0,67.3,PROVISIONAL,moat|balance,,True,196,312.28,59591507086.0,NASDAQ_PUBLIC_SCREENER,COR,2026-09-24T19:02:43Z,52.8,IOS_GENERAL,61,PROVISIONAL,BQS_PROVISIONAL|LEVERAGE_THRESHOLD_INDETERMINATE,True,,0.1,0.0513,0.1513,-0.025,-0.329,0.256
COST,COSTCO WHOLESALE CORP,GENERAL,PRESENT,100.0,66.8,100.0,70.4,PROVISIONAL,moat|balance,,True,188,904.7,401215273979.0,NASDAQ_PUBLIC_SCREENER,COST,2026-09-24T19:02:43Z,22.9,IOS_GENERAL,184,PROVISIONAL,BQS_PROVISIONAL,False,,0.1,0.0174,0.0837,-0.717,-0.805,-0.635
CPAY,CORPAY INC,SOFTWARE,PRESENT,100.0,86.1,100.0,70.4,PROVISIONAL,moat|balance,,True,32,395.16,25946047141.0,NASDAQ_PUBLIC_SCREENER,CPAY,2026-09-24T19:02:43Z,51.7,IOS_GENERAL,63,PROVISIONAL,BQS_PROVISIONAL|LEVERAGE_THRESHOLD_INDETERMINATE,True,,0.095,0.0461,0.1434,-0.085,-0.38,0.192
CPRT,COPART INC,GENERAL,PARTIAL,83.3,74.8,75.0,26.5,PROVISIONAL,economics|moat|runway|mgmt|balance,,False,,28.865,26723548428.0,NASDAQ_PUBLIC_SCREENER,CPRT,2026-09-24T19:02:43Z,11.7,IOS_GENERAL,250,PROVISIONAL,BQS_PROVISIONAL,False,,0.095,0.0446,0.0418,-0.413,-0.527,-0.234
CPT,CAMDEN PROPERTY TRUST,REIT,PRESENT,100.0,82.1,75.0,35.7,PROVISIONAL,economics|moat|runway,,True,68,97.68,9820683708.0,NASDAQ_PUBLIC_SCREENER,CPT,2026-09-24T19:02:43Z,,IOS_REIT,,NOT_CALCULATED,,False,AFFO MISSING: FFO e capex di manutenzione non separati,,,,,,
CRH,CRH PLC,GENERAL,PRESENT,100.0,71.6,100.0,51.0,PROVISIONAL,moat|runway|balance,,True,142,85.23,57047799789.0,NASDAQ_PUBLIC_SCREENER,CRH,2026-09-24T19:02:43Z,12.9,IOS_GENERAL,233,PROVISIONAL,BQS_PROVISIONAL|LEVERAGE_THRESHOLD_INDETERMINATE,True,,0.095,0.0485,0.0485,-0.362,-0.486,-0.167
CRL,CHARLES RIVER LABORATORIES,GENERAL,PRESENT,100.0,51.4,100.0,70.4,PROVISIONAL,moat|balance,BASE_EFFECT_SUSPECTED,True,270,277.33,13239421372.0,NASDAQ_PUBLIC_SCREENER,CRL,2026-09-24T19:02:43Z,,IOS_GENERAL,,NOT_CALCULATED,,True,BQS<60,,,,,,
CRM,SALESFORCE INC,SOFTWARE,PRESENT,100.0,85.2,100.0,70.4,PROVISIONAL,moat|balance,,True,37,237.58,195528340000.0,NASDAQ_PUBLIC_SCREENER,CRM,2026-09-24T19:02:43Z,63.1,IOS_GENERAL,42,PROVISIONAL,BQS_PROVISIONAL|LEVERAGE_THRESHOLD_INDETERMINATE,True,,0.095,0.0557,0.1539,0.109,-0.249,0.445
CRWD,CROWDSTRIKE HOLDINGS INC A,SOFTWARE,PARTIAL,83.3,36.8,75.0,21.4,PROVISIONAL,economics|moat|runway|mgmt|balance,BASE_EFFECT_SUSPECTED,False,,262.49,268772656677.0,NASDAQ_PUBLIC_SCREENER,CRWD,2026-09-24T19:02:43Z,,IOS_GENERAL,,NOT_CALCULATED,,False,BQS<60,,,,,,
CSCO,CISCO SYSTEMS INC,SEMICONDUCTOR,PRESENT,100.0,70.4,100.0,70.4,PROVISIONAL,moat|balance,,True,150,106.43,419609520893.0,NASDAQ_PUBLIC_SCREENER,CSCO,2026-09-24T19:02:43Z,14.3,IOS_GENERAL,223,PROVISIONAL,BQS_PROVISIONAL|LEVERAGE_THRESHOLD_INDETERMINATE,True,,0.105,0.023,0.0549,-0.697,-0.781,-0.613
CSGP,COSTAR GROUP INC,SOFTWARE,PRESENT,100.0,46.5,100.0,65.3,PROVISIONAL,moat|balance,BASE_EFFECT_SUSPECTED,True,283,28.26,11450883837.0,NASDAQ_PUBLIC_SCREENER,CSGP,2026-09-24T19:02:43Z,,IOS_GENERAL,,NOT_CALCULATED,,False,BQS<60,,,,,,
CSX,CSX CORP,GENERAL,PRESENT,100.0,64.7,100.0,70.4,PROVISIONAL,moat|mgmt,,True,194,47.19,87418291333.0,NASDAQ_PUBLIC_SCREENER,CSX,2026-09-24T19:02:43Z,9.7,IOS_GENERAL,294,PROVISIONAL,BQS_PROVISIONAL,False,,0.11,0.0196,0.0196,-0.788,-0.822,-0.731
CTAS,CINTAS CORP,GENERAL,PARTIAL,83.3,88.1,100.0,62.2,PROVISIONAL,moat|mgmt|balance,,False,,191.97,76695233761.0,NASDAQ_PUBLIC_SCREENER,CTAS,2026-09-24T19:02:43Z,37.3,IOS_GENERAL,108,PROVISIONAL,BQS_PROVISIONAL,False,,0.095,0.0212,0.1172,-0.581,-0.716,-0.454
CTSH,COGNIZANT TECH SOLUTIONS A,SOFTWARE,PRESENT,100.0,73.7,100.0,70.4,PROVISIONAL,moat|balance,,True,125,59.14,26639270520.0,NASDAQ_PUBLIC_SCREENER,CTSH,2026-09-24T19:02:43Z,63.0,IOS_GENERAL,44,PROVISIONAL,BQS_PROVISIONAL,False,,0.095,0.0906,0.1186,0.344,-0.04,0.755
CTVA,CORTEVA INC,GENERAL,PARTIAL,83.3,64.6,50.0,29.6,PROVISIONAL,economics|moat|mgmt|balance,,False,,80.42,53655902320.0,NASDAQ_PUBLIC_SCREENER,CTVA,2026-09-24T19:02:43Z,12.8,IOS_GENERAL,234,PROVISIONAL,BQS_PROVISIONAL|LEVERAGE_THRESHOLD_INDETERMINATE,True,,0.1,0.0525,0.0525,-0.356,-0.473,-0.169
CVNA,CARVANA CO,GENERAL,PRESENT,100.0,36.8,75.0,45.9,PROVISIONAL,moat|runway|mgmt|balance,BASE_EFFECT_SUSPECTED,True,308,63.95,70374658092.0,NASDAQ_PUBLIC_SCREENER,CVNA,2026-09-24T19:02:43Z,,IOS_GENERAL,,NOT_CALCULATED,,True,BQS<60,,,,,,
CVS,CVS HEALTH CORP,GENERAL,PRESENT,100.0,42.7,100.0,77.6,PROVISIONAL,moat,,True,293,85.86,109812395882.0,NASDAQ_PUBLIC_SCREENER,CVS,2026-09-24T19:02:43Z,,IOS_GENERAL,,NOT_CALCULATED,,False,BQS<60,,,,,,
CVX,CHEVRON CORP,RESOURCES,PARTIAL,83.3,46.1,50.0,29.6,PROVISIONAL,economics|moat|mgmt|balance,,False,,205.51,406040754520.0,NASDAQ_PUBLIC_SCREENER,CVX,2026-09-24T19:02:43Z,,IOS_GENERAL,,NOT_CALCULATED,,True,BQS<60,,,,,,
D,DOMINION ENERGY INC,UTILITY,PARTIAL,83.3,68.6,85.0,52.0,PROVISIONAL,moat|mgmt,,False,,61.17,53800602300.0,NASDAQ_PUBLIC_SCREENER,D,2026-09-24T19:02:43Z,42.8,IOS_GENERAL,88,PROVISIONAL,BQS_PROVISIONAL,False,,0.11,0.0996,0.0996,0.081,-0.094,0.368
DAL,DELTA AIR LINES INC,GENERAL,PARTIAL,83.3,71.3,85.0,38.8,PROVISIONAL,economics|moat|mgmt|balance,BASE_EFFECT_SUSPECTED,False,,81.75,53760682703.0,NASDAQ_PUBLIC_SCREENER,DAL,2026-09-24T19:02:43Z,95.7,IOS_GENERAL,5,PROVISIONAL,BQS_PROVISIONAL|LEVERAGE_THRESHOLD_INDETERMINATE,True,,0.095,0.1552,0.2332,1.841,0.926,2.706
DASH,DOORDASH INC A,SOFTWARE,PRESENT,100.0,62.0,90.0,62.2,PROVISIONAL,moat|balance,BASE_EFFECT_SUSPECTED,True,218,189.27,82010300536.0,NASDAQ_PUBLIC_SCREENER,DASH,2026-09-24T19:02:43Z,24.9,IOS_GENERAL,175,PROVISIONAL,BQS_PROVISIONAL,False,,0.1,0.0137,0.0917,-0.723,-0.809,-0.643
DD,DUPONT DE NEMOURS INC,GENERAL,PARTIAL,83.3,42.4,35.0,23.5,PROVISIONAL,economics|moat|runway|balance|governance,,False,,130.88,17674424568.0,NASDAQ_PUBLIC_SCREENER,DD,2026-09-24T19:02:43Z,,IOS_GENERAL,,NOT_CALCULATED,,False,BQS<60,,,,,,
DDOG,DATADOG INC CLASS A,SOFTWARE,PRESENT,100.0,63.8,100.0,61.2,PROVISIONAL,moat|balance,BASE_EFFECT_SUSPECTED|PRIOR_YEAR_ONE_OFF_SUSPECTED,True,204,251.49,90303777786.0,NASDAQ_PUBLIC_SCREENER,DDOG,2026-09-24T19:02:43Z,24.3,IOS_GENERAL,181,PROVISIONAL,BQS_PROVISIONAL,False,,0.1,0.0028,0.0893,-0.944,-0.961,-0.928
DE,DEERE + CO,INDUSTRIAL,PRESENT,100.0,59.9,75.0,52.0,PROVISIONAL,economics|moat,,True,238,709.48,191293837306.0,NASDAQ_PUBLIC_SCREENER,DE,2026-09-24T19:02:43Z,,IOS_GENERAL,,NOT_CALCULATED,,False,BQS<60,,,,,,
DECK,DECKERS OUTDOOR CORP,GENERAL,PRESENT,100.0,88.6,100.0,70.4,PROVISIONAL,moat|balance,,True,17,78.59,10720794100.0,NASDAQ_PUBLIC_SCREENER,DECK,2026-09-24T19:02:43Z,98.3,IOS_GENERAL,1,PROVISIONAL,BQS_PROVISIONAL,False,,0.095,0.0982,0.1982,1.135,0.446,1.781
DELL,DELL TECHNOLOGIES C,SEMICONDUCTOR,PARTIAL,83.3,68.3,100.0,62.2,PROVISIONAL,moat|mgmt|balance,,False,,549.83,349588924333.0,NASDAQ_PUBLIC_SCREENER,DELL,2026-09-24T19:02:43Z,14.7,IOS_GENERAL,220,PROVISIONAL,BQS_PROVISIONAL|LEVERAGE_THRESHOLD_INDETERMINATE,True,,0.11,0.0224,0.0577,-0.718,-0.796,-0.643
DG,DOLLAR GENERAL CORP,GENERAL,PRESENT,100.0,61.1,100.0,66.3,PROVISIONAL,moat|balance,,True,228,120.6,26606384874.0,NASDAQ_PUBLIC_SCREENER,DG,2026-09-24T19:02:43Z,58.1,IOS_GENERAL,53,PROVISIONAL,BQS_PROVISIONAL|LEVERAGE_THRESHOLD_INDETERMINATE,True,,0.1,0.0865,0.1242,0.267,-0.127,0.634
DGX,QUEST DIAGNOSTICS INC,GENERAL,PARTIAL,83.3,71.7,90.0,59.2,PROVISIONAL,moat|mgmt|balance,,False,,233.0,25716992880.0,NASDAQ_PUBLIC_SCREENER,DGX,2026-09-24T19:02:43Z,26.5,IOS_GENERAL,172,PROVISIONAL,BQS_PROVISIONAL|LEVERAGE_THRESHOLD_INDETERMINATE,True,,0.095,0.0494,0.0869,-0.237,-0.477,-0.004
DHI,DR HORTON INC,GENERAL,PRESENT,100.0,60.4,65.0,44.9,PROVISIONAL,economics|moat|balance,,True,234,140.17,39205726595.0,NASDAQ_PUBLIC_SCREENER,DHI,2026-09-24T19:02:43Z,33.9,IOS_GENERAL,137,PROVISIONAL,BQS_PROVISIONAL,False,,0.1,0.0804,0.088,0.02,-0.193,0.317
DHR,DANAHER CORP,GENERAL,PRESENT,100.0,72.7,100.0,70.4,PROVISIONAL,moat|balance,,True,133,221.56,155753590124.0,NASDAQ_PUBLIC_SCREENER,DHR,2026-09-24T19:02:43Z,10.9,IOS_GENERAL,270,PROVISIONAL,BQS_PROVISIONAL|LEVERAGE_THRESHOLD_INDETERMINATE,True,,0.095,0.0319,0.0319,-0.581,-0.663,-0.453
DIS,WALT DISNEY CO/THE,GENERAL,PRESENT,100.0,67.0,65.0,37.8,PROVISIONAL,economics|moat|runway|balance,,True,184,103.46,178643026881.0,NASDAQ_PUBLIC_SCREENER,DIS,2026-09-24T19:02:43Z,27.1,IOS_GENERAL,171,PROVISIONAL,BQS_PROVISIONAL|LEVERAGE_THRESHOLD_INDETERMINATE,True,,0.1,0.0488,0.0939,-0.274,-0.5,-0.064
DLR,DIGITAL REALTY TRUST INC,REIT,PRESENT,100.0,53.6,75.0,31.6,PROVISIONAL,economics|moat|mgmt|balance,BASE_EFFECT_SUSPECTED,True,266,181.45,67143064135.0,NASDAQ_PUBLIC_SCREENER,DLR,2026-09-24T19:02:43Z,,IOS_REIT,,NOT_CALCULATED,,True,BQS<60,,,,,,
DLTR,DOLLAR TREE INC,GENERAL,PARTIAL,83.3,56.6,95.0,49.0,PROVISIONAL,economics|moat|balance|governance,BASE_EFFECT_SUSPECTED|PRIOR_YEAR_ONE_OFF_SUSPECTED,False,,113.16,21232244635.0,NASDAQ_PUBLIC_SCREENER,DLTR,2026-09-24T19:02:43Z,,IOS_GENERAL,,NOT_CALCULATED,,False,BQS<60,,,,,,
DOC,HEALTHPEAK PROPERTIES INC,REIT,PRESENT,100.0,62.8,75.0,35.7,PROVISIONAL,economics|moat|runway,,True,211,20.48,14121518285.0,NASDAQ_PUBLIC_SCREENER,DOC,2026-09-24T19:02:43Z,,IOS_REIT,,NOT_CALCULATED,,False,AFFO MISSING: FFO e capex di manutenzione non separati,,,,,,
DOV,DOVER CORP,INDUSTRIAL,PARTIAL,83.3,67.2,95.0,49.0,PROVISIONAL,economics|moat|balance|governance,BASE_EFFECT_SUSPECTED|PRIOR_YEAR_ONE_OFF_SUSPECTED,False,,189.03,25458602932.0,NASDAQ_PUBLIC_SCREENER,DOV,2026-09-24T19:02:43Z,,IOS_GENERAL,,NOT_CALCULATED,,False,cassa operativa MISSING,,,,,,
DOW,DOW INC,GENERAL,PARTIAL,83.3,12.5,55.0,18.4,PROVISIONAL,economics|moat|runway|mgmt,,False,,28.65,20695061370.0,NASDAQ_PUBLIC_SCREENER,DOW,2026-09-24T19:02:43Z,,IOS_GENERAL,,NOT_CALCULATED,,False,BQS<60,,,,,,
DPZ,DOMINO S PIZZA INC,GENERAL,PARTIAL,83.3,73.2,100.0,69.4,PROVISIONAL,moat|mgmt,,False,,296.43,9806418706.0,NASDAQ_PUBLIC_SCREENER,DPZ,2026-09-24T19:02:43Z,30.5,IOS_GENERAL,158,PROVISIONAL,BQS_PROVISIONAL,False,,0.105,0.0639,0.0927,-0.168,-0.39,0.062
DRI,DARDEN RESTAURANTS INC,GENERAL,PARTIAL,83.3,66.0,85.0,45.9,PROVISIONAL,economics|moat|balance|governance,,False,,213.69,24377321196.0,NASDAQ_PUBLIC_SCREENER,DRI,2026-09-24T19:02:43Z,,IOS_GENERAL,,NOT_CALCULATED,,False,cassa operativa MISSING,,,,,,
DTE,DTE ENERGY COMPANY,UTILITY,PARTIAL,83.3,71.7,75.0,28.6,PROVISIONAL,economics|moat|runway|mgmt,,False,,122.89,25571942799.0,NASDAQ_PUBLIC_SCREENER,DTE,2026-09-24T19:02:43Z,76.2,IOS_GENERAL,31,PROVISIONAL,BQS_PROVISIONAL,False,,0.105,0.1333,0.1333,0.536,0.272,0.962
DUK,DUKE ENERGY CORP,UTILITY,PARTIAL,83.3,69.6,75.0,28.6,PROVISIONAL,economics|moat|runway|mgmt,,False,,114.17,89018599375.0,NASDAQ_PUBLIC_SCREENER,DUK,2026-09-24T19:02:43Z,10.4,IOS_GENERAL,282,PROVISIONAL,BQS_PROVISIONAL,False,,0.11,-0.019,-0.0255,-1.207,-1.173,-1.261
DVA,DAVITA INC,GENERAL,PRESENT,100.0,70.6,100.0,77.6,PROVISIONAL,moat,,True,148,183.14,11684332000.0,NASDAQ_PUBLIC_SCREENER,DVA,2026-09-24T19:02:43Z,79.9,IOS_GENERAL,28,PROVISIONAL,BQS_PROVISIONAL,False,,0.105,0.1002,0.1555,0.457,0.018,0.859
DVN,DEVON ENERGY CORP,RESOURCES,PARTIAL,83.3,76.3,65.0,32.7,PROVISIONAL,economics|moat|runway|mgmt|balance,,False,,48.04,52844000000.0,NASDAQ_PUBLIC_SCREENER,DVN,2026-09-24T19:02:43Z,15.7,IOS_GENERAL,216,PROVISIONAL,BQS_PROVISIONAL,False,,0.105,0.0571,0.0571,-0.342,-0.455,-0.159
DXCM,DEXCOM INC,GENERAL,PRESENT,100.0,92.8,100.0,70.4,PROVISIONAL,moat|balance,,True,3,87.73,33105859913.0,NASDAQ_PUBLIC_SCREENER,DXCM,2026-09-24T19:02:43Z,41.5,IOS_GENERAL,95,PROVISIONAL,BQS_PROVISIONAL,False,,0.095,0.0277,0.1277,-0.397,-0.592,-0.215
EBAY,EBAY INC,SOFTWARE,PRESENT,100.0,70.2,100.0,70.4,PROVISIONAL,moat|balance,,True,154,109.09,48545050000.0,NASDAQ_PUBLIC_SCREENER,EBAY,2026-09-24T19:02:43Z,15.4,IOS_GENERAL,217,PROVISIONAL,BQS_PROVISIONAL|LEVERAGE_THRESHOLD_INDETERMINATE,True,,0.095,0.017,0.0596,-0.731,-0.818,-0.649
ECHO,ECHOSTAR CORP A,GENERAL,PRESENT,100.0,26.1,100.0,62.2,PROVISIONAL,moat|runway,BASE_EFFECT_SUSPECTED,True,318,92.72,26964445056.0,NASDAQ_PUBLIC_SCREENER,ECHO,2026-09-24T19:02:43Z,,IOS_GENERAL,,NOT_CALCULATED,,False,BQS<60,,,,,,
ECL,ECOLAB INC,GENERAL,PRESENT,100.0,80.7,100.0,70.4,PROVISIONAL,moat|balance,,True,77,276.72,77572531022.0,NASDAQ_PUBLIC_SCREENER,ECL,2026-09-24T19:02:43Z,18.9,IOS_GENERAL,201,PROVISIONAL,BQS_PROVISIONAL|LEVERAGE_THRESHOLD_INDETERMINATE,True,,0.095,0.0228,0.0654,-0.64,-0.756,-0.53
ED,CONSOLIDATED EDISON INC,UTILITY,PRESENT,100.0,52.4,100.0,50.0,PROVISIONAL,moat|mgmt|balance,,True,268,102.61,37948116032.0,NASDAQ_PUBLIC_SCREENER,ED,2026-09-24T19:02:43Z,,IOS_GENERAL,,NOT_CALCULATED,,True,BQS<60,,,,,,
EFX,EQUIFAX INC,GENERAL,PRESENT,100.0,76.0,100.0,77.6,PROVISIONAL,moat,,True,105,155.32,18247754047.0,NASDAQ_PUBLIC_SCREENER,EFX,2026-09-24T19:02:43Z,39.4,IOS_GENERAL,102,PROVISIONAL,BQS_PROVISIONAL,False,,0.105,0.0579,0.1163,-0.147,-0.404,0.088
EG,EVEREST GROUP LTD,INSURANCE,PARTIAL,83.3,66.5,90.0,42.9,PROVISIONAL,economics|moat|runway|mgmt|balance,,False,,372.36,14277300432.0,NASDAQ_PUBLIC_SCREENER,EG,2026-09-24T19:02:43Z,,IOS_INSURANCE,,NOT_CALCULATED,,True,combined ratio MISSING: sottoscrizione non valutabile,,,,,,
EIX,EDISON INTERNATIONAL,UTILITY,PRESENT,100.0,74.1,100.0,61.2,PROVISIONAL,moat|mgmt,BASE_EFFECT_SUSPECTED,True,124,53.51,20591396016.0,NASDAQ_PUBLIC_SCREENER,EIX,2026-09-24T19:02:43Z,11.1,IOS_GENERAL,262,PROVISIONAL,BQS_PROVISIONAL,False,,0.105,-0.0347,0.0043,-1.472,-1.331,-1.602
EL,ESTEE LAUDER COMPANIES CL A,GENERAL,PRESENT,100.0,33.1,100.0,72.4,PROVISIONAL,moat,BASE_EFFECT_SUSPECTED,True,314,98.83,35756552377.0,NASDAQ_PUBLIC_SCREENER,EL,2026-09-24T19:02:43Z,,IOS_GENERAL,,NOT_CALCULATED,,False,BQS<60,,,,,,
ELV,ELEVANCE HEALTH INC,INSURANCE,PARTIAL,83.3,54.9,100.0,58.2,PROVISIONAL,economics|moat|mgmt,,False,,398.56,86435424222.0,NASDAQ_PUBLIC_SCREENER,ELV,2026-09-24T19:02:43Z,,IOS_INSURANCE,,NOT_CALCULATED,,False,BQS<60,,,,,,
EME,EMCOR GROUP INC,INDUSTRIAL,PARTIAL,66.7,89.4,60.0,18.4,PROVISIONAL,economics|moat|runway|mgmt|balance,,False,,751.8,33161823572.0,NASDAQ_PUBLIC_SCREENER,EME,2026-09-24T19:02:43Z,,IOS_GENERAL,,NOT_CALCULATED,,True,coverage<70,,,,,,
EMR,EMERSON ELECTRIC CO,INDUSTRIAL,PRESENT,100.0,53.8,75.0,52.0,PROVISIONAL,economics|moat,,True,265,154.59,86230302000.0,NASDAQ_PUBLIC_SCREENER,EMR,2026-09-24T19:02:43Z,,IOS_GENERAL,,NOT_CALCULATED,,False,BQS<60,,,,,,
EOG,EOG RESOURCES INC,RESOURCES,PRESENT,100.0,75.9,100.0,51.0,PROVISIONAL,economics|moat|balance,,True,106,141.84,74399218324.0,NASDAQ_PUBLIC_SCREENER,EOG,2026-09-24T19:02:43Z,75.8,IOS_GENERAL,33,PROVISIONAL,BQS_PROVISIONAL,False,,0.105,0.1321,0.1321,0.522,0.26,0.944
EQIX,EQUINIX INC,REIT,PRESENT,100.0,74.6,100.0,48.0,PROVISIONAL,economics|moat|mgmt,BASE_EFFECT_SUSPECTED,True,118,1037.66,102387661695.0,NASDAQ_PUBLIC_SCREENER,EQIX,2026-09-24T19:02:43Z,,IOS_REIT,,NOT_CALCULATED,,False,AFFO MISSING: FFO e capex di manutenzione non separati,,,,,,
EQT,EQT CORP,RESOURCES,PRESENT,100.0,65.5,100.0,70.4,PROVISIONAL,moat|balance,BASE_EFFECT_SUSPECTED,True,190,51.06,31938846960.0,NASDAQ_PUBLIC_SCREENER,EQT,2026-09-24T19:02:43Z,16.6,IOS_GENERAL,211,PROVISIONAL,BQS_PROVISIONAL,False,,0.11,0.0869,-0.1096,-0.057,-0.21,0.194
ERIE,ERIE INDEMNITY COMPANY CL A,INSURANCE,PARTIAL,83.3,90.3,75.0,57.1,PROVISIONAL,economics|mgmt|balance,,False,,225.77,10428105882.0,NASDAQ_PUBLIC_SCREENER,ERIE,2026-09-24T19:02:43Z,,IOS_INSURANCE,,NOT_CALCULATED,,False,combined ratio MISSING: sottoscrizione non valutabile,,,,,,
ES,EVERSOURCE ENERGY,UTILITY,PRESENT,100.0,63.6,100.0,61.2,PROVISIONAL,moat|mgmt,BASE_EFFECT_SUSPECTED,True,205,64.91,24449958282.0,NASDAQ_PUBLIC_SCREENER,ES,2026-09-24T19:02:43Z,9.5,IOS_GENERAL,299,PROVISIONAL,BQS_PROVISIONAL,False,,0.11,-0.0018,-0.0065,-1.023,-1.017,-1.029
ESS,ESSEX PROPERTY TRUST INC,REIT,PRESENT,100.0,29.9,100.0,52.0,PROVISIONAL,economics|moat,BASE_EFFECT_SUSPECTED,True,317,273.47,17575490013.0,NASDAQ_PUBLIC_SCREENER,ESS,2026-09-24T19:02:43Z,,IOS_REIT,,NOT_CALCULATED,,False,BQS<60,,,,,,
ETN,EATON CORP PLC,INDUSTRIAL,PRESENT,100.0,77.6,65.0,37.8,PROVISIONAL,economics|moat|mgmt|balance,,True,98,438.76,170414384000.0,NASDAQ_PUBLIC_SCREENER,ETN,2026-09-24T19:02:43Z,36.2,IOS_GENERAL,119,PROVISIONAL,BQS_PROVISIONAL|LEVERAGE_THRESHOLD_INDETERMINATE,True,,0.095,0.0208,0.1185,-0.586,-0.719,-0.46
ETR,ENTERGY CORP,UTILITY,PRESENT,100.0,64.4,100.0,61.2,PROVISIONAL,moat|mgmt,BASE_EFFECT_SUSPECTED,True,199,99.23,46303843547.0,NASDAQ_PUBLIC_SCREENER,ETR,2026-09-24T19:02:43Z,9.7,IOS_GENERAL,296,PROVISIONAL,BQS_PROVISIONAL,False,,0.11,-0.0547,-0.0978,-1.594,-1.498,-1.752
EVRG,EVERGY INC,UTILITY,PRESENT,100.0,69.0,100.0,64.3,PROVISIONAL,moat|mgmt,,True,168,78.42,18081077628.0,NASDAQ_PUBLIC_SCREENER,EVRG,2026-09-24T19:02:43Z,10.3,IOS_GENERAL,284,PROVISIONAL,BQS_PROVISIONAL,False,,0.11,-0.0427,-0.0499,-1.475,-1.388,-1.601
EW,EDWARDS LIFESCIENCES CORP,GENERAL,PRESENT,100.0,79.7,100.0,70.4,PROVISIONAL,moat|balance,BASE_EFFECT_SUSPECTED,True,83,86.82,50043048000.0,NASDAQ_PUBLIC_SCREENER,EW,2026-09-24T19:02:43Z,18.4,IOS_GENERAL,202,PROVISIONAL,BQS_PROVISIONAL,False,,0.095,0.0235,0.0643,-0.632,-0.75,-0.519
EXC,EXELON CORP,UTILITY,PRESENT,100.0,80.0,90.0,51.0,PROVISIONAL,moat|mgmt|balance,,True,81,40.69,42002413917.0,NASDAQ_PUBLIC_SCREENER,EXC,2026-09-24T19:02:43Z,12.0,IOS_GENERAL,244,PROVISIONAL,BQS_PROVISIONAL|LEVERAGE_THRESHOLD_INDETERMINATE,True,,0.095,-0.0542,0.0202,-2.014,-1.687,-2.323
EXE,EXPAND ENERGY CORP,RESOURCES,PRESENT,100.0,55.6,100.0,70.4,PROVISIONAL,moat|balance,BASE_EFFECT_SUSPECTED,True,255,87.04,20150089795.0,NASDAQ_PUBLIC_SCREENER,EXE,2026-09-24T19:02:43Z,,IOS_GENERAL,,NOT_CALCULATED,,False,BQS<60,,,,,,
EXPD,EXPEDITORS INTL WASH INC,GENERAL,PRESENT,100.0,58.2,90.0,67.3,PROVISIONAL,moat|balance,,True,246,188.03,24442136655.0,NASDAQ_PUBLIC_SCREENER,EXPD,2026-09-24T19:02:43Z,,IOS_GENERAL,,NOT_CALCULATED,,False,BQS<60,,,,,,
EXPE,EXPEDIA GROUP INC,GENERAL,PRESENT,100.0,77.8,100.0,70.4,PROVISIONAL,moat|balance,BASE_EFFECT_SUSPECTED,True,97,259.04,29659015605.0,NASDAQ_PUBLIC_SCREENER,EXPE,2026-09-24T19:02:43Z,92.2,IOS_GENERAL,19,PROVISIONAL,BQS_PROVISIONAL|LEVERAGE_THRESHOLD_INDETERMINATE,True,,0.095,0.0914,0.1723,0.695,0.148,1.21
EXR,EXTRA SPACE STORAGE INC,REIT,PRESENT,100.0,41.1,75.0,38.8,PROVISIONAL,economics|moat|balance,,True,299,133.84,28276317643.0,NASDAQ_PUBLIC_SCREENER,EXR,2026-09-24T19:02:43Z,,IOS_REIT,,NOT_CALCULATED,,True,BQS<60,,,,,,
F,FORD MOTOR CO,INDUSTRIAL,PRESENT,100.0,45.6,100.0,58.2,PROVISIONAL,moat|runway|balance,BASE_EFFECT_SUSPECTED,True,287,12.94,50682662068.0,NASDAQ_PUBLIC_SCREENER,F,2026-09-24T19:02:43Z,,IOS_GENERAL,,NOT_CALCULATED,,True,BQS<60,,,,,,
FANG,DIAMONDBACK ENERGY INC,RESOURCES,PRESENT,100.0,39.0,90.0,40.8,PROVISIONAL,economics|moat|mgmt|balance,,True,304,185.65,51986521134.0,NASDAQ_PUBLIC_SCREENER,FANG,2026-09-24T19:02:43Z,,IOS_GENERAL,,NOT_CALCULATED,,True,BQS<60,,,,,,
FAST,FASTENAL CO,GENERAL,PRESENT,100.0,70.2,100.0,66.3,PROVISIONAL,moat|balance,,True,155,50.99,58510901247.0,NASDAQ_PUBLIC_SCREENER,FAST,2026-09-24T19:02:43Z,10.5,IOS_GENERAL,276,PROVISIONAL,BQS_PROVISIONAL,False,,0.095,0.0178,-0.9301,-0.704,-0.799,-0.613
FCX,FREEPORT MCMORAN INC,RESOURCES,PRESENT,100.0,65.5,90.0,67.3,PROVISIONAL,moat|balance,,True,191,72.58,104226151819.0,NASDAQ_PUBLIC_SCREENER,FCX,2026-09-24T19:02:43Z,13.2,IOS_GENERAL,230,PROVISIONAL,BQS_PROVISIONAL|LEVERAGE_THRESHOLD_INDETERMINATE,True,,0.11,0.0095,0.0535,-0.875,-0.912,-0.842
FDS,FACTSET RESEARCH SYSTEMS INC,SOFTWARE,PRESENT,100.0,88.2,100.0,70.4,PROVISIONAL,moat|balance,,True,22,279.43,9938079680.0,NASDAQ_PUBLIC_SCREENER,FDS,2026-09-24T19:02:43Z,53.4,IOS_GENERAL,60,PROVISIONAL,BQS_PROVISIONAL,False,,0.095,0.056,0.1358,0.033,-0.3,0.347
FDX,FEDEX CORP,GENERAL,PARTIAL,83.3,56.8,100.0,62.2,PROVISIONAL,moat|mgmt|balance,,False,,291.5,68989431803.0,NASDAQ_PUBLIC_SCREENER,FDX,2026-09-24T19:02:43Z,,IOS_GENERAL,,NOT_CALCULATED,,True,BQS<60,,,,,,
FDXF,FEDEX FREIGHT HOLDING CO,UNKNOWN,PARTIAL,0.0,,,0.0,NOT_CALCULATED,,,False,,119.22,17825551816.0,NASDAQ_PUBLIC_SCREENER,FDXF,2026-09-24T19:02:43Z,,IOS_GENERAL,,NOT_CALCULATED,,False,,,,,,,
FE,FIRSTENERGY CORP,UTILITY,PRESENT,100.0,64.1,100.0,61.2,PROVISIONAL,moat|mgmt,,True,201,43.65,25257633032.0,NASDAQ_PUBLIC_SCREENER,FE,2026-09-24T19:02:43Z,9.6,IOS_GENERAL,298,PROVISIONAL,BQS_PROVISIONAL,False,,0.11,-0.0398,0.0244,-1.568,-1.402,-1.719
FERG,FERGUSON ENTERPRISES INC,GENERAL,PRESENT,100.0,48.7,75.0,42.9,PROVISIONAL,moat|runway|balance,,True,277,221.17,42785937419.0,NASDAQ_PUBLIC_SCREENER,FERG,2026-09-24T19:02:43Z,,IOS_GENERAL,,NOT_CALCULATED,,True,BQS<60,,,,,,
FFIV,F5 INC,SEMICONDUCTOR,PRESENT,100.0,83.5,90.0,67.3,PROVISIONAL,moat|balance,,True,53,455.99,25821428720.0,NASDAQ_PUBLIC_SCREENER,FFIV,2026-09-24T19:02:43Z,21.7,IOS_GENERAL,187,PROVISIONAL,BQS_PROVISIONAL|LEVERAGE_THRESHOLD_INDETERMINATE,True,,0.105,0.0261,0.0725,-0.634,-0.744,-0.533
FICO,FAIR ISAAC CORP,SOFTWARE,PRESENT,100.0,84.0,100.0,77.6,PROVISIONAL,moat,,True,47,879.62,18997711699.0,NASDAQ_PUBLIC_SCREENER,FICO,2026-09-24T19:02:43Z,41.7,IOS_GENERAL,94,PROVISIONAL,BQS_PROVISIONAL,False,,0.105,0.0323,0.1323,-0.39,-0.574,-0.222
FIS,FIDELITY NATIONAL INFO SERV,SOFTWARE,PARTIAL,83.3,33.7,95.0,43.9,PROVISIONAL,economics|moat|runway|balance|governance,BASE_EFFECT_SUSPECTED,False,,34.67,17879524142.0,NASDAQ_PUBLIC_SCREENER,FIS,2026-09-24T19:02:43Z,,IOS_GENERAL,,NOT_CALCULATED,,False,BQS<60,,,,,,
FISV,FISERV INC,SOFTWARE,PRESENT,100.0,79.3,100.0,74.5,PROVISIONAL,moat,,True,87,45.95,24434680830.0,NASDAQ_PUBLIC_SCREENER,FISV,2026-09-24T19:02:43Z,96.9,IOS_GENERAL,2,PROVISIONAL,BQS_PROVISIONAL,False,,0.105,0.1613,0.2225,1.404,0.679,2.067
FITB,FIFTH THIRD BANCORP,BANK,PARTIAL,83.3,57.3,100.0,61.2,PROVISIONAL,moat|runway,,False,,51.69,46877276633.0,NASDAQ_PUBLIC_SCREENER,FITB,2026-09-24T19:02:43Z,,IOS_BANK,,NOT_CALCULATED,,False,BQS<60,,,,,,
FIX,COMFORT SYSTEMS USA INC,INDUSTRIAL,PRESENT,100.0,83.9,100.0,70.4,PROVISIONAL,moat|balance,,True,50,1625.9,57222459521.0,NASDAQ_PUBLIC_SCREENER,FIX,2026-09-24T19:02:43Z,36.8,IOS_GENERAL,116,PROVISIONAL,BQS_PROVISIONAL,False,,0.095,0.0176,0.1176,-0.616,-0.74,-0.5
FLEX,FLEX LTD,SEMICONDUCTOR,PRESENT,100.0,61.1,100.0,70.4,PROVISIONAL,moat|balance,,True,227,112.3,41483954429.0,NASDAQ_PUBLIC_SCREENER,FLEX,2026-09-24T19:02:43Z,9.2,IOS_GENERAL,308,PROVISIONAL,BQS_PROVISIONAL|LEVERAGE_THRESHOLD_INDETERMINATE,True,,0.11,0.0219,0.0219,-0.762,-0.801,-0.699
FOX,FOX CORP CLASS B,GENERAL,PARTIAL,83.3,78.9,65.0,36.7,PROVISIONAL,economics|moat|mgmt|balance,,False,,56.96,24018529509.0,NASDAQ_PUBLIC_SCREENER,FOX,2026-09-24T19:02:43Z,96.1,IOS_GENERAL,4,PROVISIONAL,BQS_PROVISIONAL|LEVERAGE_THRESHOLD_INDETERMINATE,True,,0.095,0.119,0.1717,0.96,0.329,1.558
FOXA,FOX CORP CLASS A,GENERAL,PARTIAL,83.3,78.9,65.0,36.7,PROVISIONAL,economics|moat|mgmt|balance,,False,,63.96,26970244863.0,NASDAQ_PUBLIC_SCREENER,FOXA,2026-09-24T19:02:43Z,91.8,IOS_GENERAL,20,PROVISIONAL,BQS_PROVISIONAL|LEVERAGE_THRESHOLD_INDETERMINATE,True,,0.095,0.106,0.1586,0.745,0.183,1.278
FRT,FEDERAL REALTY INVS TRUST,REIT,PRESENT,100.0,42.9,100.0,48.0,PROVISIONAL,economics|moat|mgmt,,True,292,109.39,9504802259.0,NASDAQ_PUBLIC_SCREENER,FRT,2026-09-24T19:02:43Z,,IOS_REIT,,NOT_CALCULATED,,False,BQS<60,,,,,,
FSLR,FIRST SOLAR INC,SEMICONDUCTOR,PRESENT,100.0,85.2,100.0,54.1,PROVISIONAL,moat|runway|mgmt|balance,,True,38,191.97,20630975202.0,NASDAQ_PUBLIC_SCREENER,FSLR,2026-09-24T19:02:43Z,61.7,IOS_GENERAL,48,PROVISIONAL,BQS_PROVISIONAL,False,,0.105,0.0566,0.1565,0.071,-0.253,0.364
FTNT,FORTINET INC,SEMICONDUCTOR,PRESENT,100.0,91.9,100.0,70.4,PROVISIONAL,moat|balance,,True,7,178.74,131143978337.0,NASDAQ_PUBLIC_SCREENER,FTNT,2026-09-24T19:02:43Z,37.1,IOS_GENERAL,110,PROVISIONAL,BQS_PROVISIONAL,False,,0.105,0.0148,0.1148,-0.719,-0.804,-0.642
FTV,FORTIVE CORP,GENERAL,PRESENT,100.0,67.0,100.0,70.4,PROVISIONAL,moat|balance,,True,181,56.26,16991479346.0,NASDAQ_PUBLIC_SCREENER,FTV,2026-09-24T19:02:43Z,12.7,IOS_GENERAL,237,PROVISIONAL,BQS_PROVISIONAL|LEVERAGE_THRESHOLD_INDETERMINATE,True,,0.1,0.0507,0.0507,-0.378,-0.491,-0.197
GD,GENERAL DYNAMICS CORP,GENERAL,PARTIAL,83.3,71.3,90.0,59.2,PROVISIONAL,moat|mgmt|balance,,False,,343.33,92890401759.0,NASDAQ_PUBLIC_SCREENER,GD,2026-09-24T19:02:43Z,45.7,IOS_GENERAL,76,PROVISIONAL,BQS_PROVISIONAL|LEVERAGE_THRESHOLD_INDETERMINATE,True,,0.095,0.0405,0.1405,-0.186,-0.448,0.062
GDDY,GODADDY INC CLASS A,SOFTWARE,PRESENT,100.0,83.2,100.0,67.3,PROVISIONAL,moat|balance,BASE_EFFECT_SUSPECTED,True,57,96.38,12206305712.0,NASDAQ_PUBLIC_SCREENER,GDDY,2026-09-24T19:02:43Z,94.4,IOS_GENERAL,13,PROVISIONAL,BQS_PROVISIONAL|LEVERAGE_THRESHOLD_INDETERMINATE,True,,0.095,0.103,0.1687,0.792,0.215,1.338
GE,GENERAL ELECTRIC,INDUSTRIAL,PARTIAL,83.3,57.5,50.0,29.6,PROVISIONAL,economics|moat|mgmt|balance,,False,,319.8,331812491657.0,NASDAQ_PUBLIC_SCREENER,GE,2026-09-24T19:02:43Z,,IOS_GENERAL,,NOT_CALCULATED,,True,BQS<60,,,,,,
GEHC,GE HEALTHCARE TECHNOLOGY,GENERAL,PARTIAL,83.3,56.4,95.0,36.7,PROVISIONAL,economics|moat|runway|balance|governance,,False,,66.09,29851944395.0,NASDAQ_PUBLIC_SCREENER,GEHC,2026-09-24T19:02:43Z,,IOS_GENERAL,,NOT_CALCULATED,,False,BQS<60,,,,,,
GEN,GEN DIGITAL INC,SOFTWARE,PRESENT,100.0,81.4,100.0,77.6,PROVISIONAL,moat,,True,72,26.23,15700937849.0,NASDAQ_PUBLIC_SCREENER,GEN,2026-09-24T19:02:43Z,88.8,IOS_GENERAL,25,PROVISIONAL,BQS_PROVISIONAL,False,,0.105,0.0819,0.1819,0.549,0.081,0.974
GEV,GE VERNOVA INC,INDUSTRIAL,PRESENT,100.0,49.0,75.0,35.7,PROVISIONAL,moat|runway|mgmt|balance,,True,274,951.82,253501629067.0,NASDAQ_PUBLIC_SCREENER,GEV,2026-09-24T19:02:43Z,,IOS_GENERAL,,NOT_CALCULATED,,True,BQS<60,,,,,,
GILD,GILEAD SCIENCES INC,GENERAL,PRESENT,100.0,73.3,100.0,70.4,PROVISIONAL,moat|balance,BASE_EFFECT_SUSPECTED,True,128,151.37,187692011812.0,NASDAQ_PUBLIC_SCREENER,GILD,2026-09-24T19:02:43Z,19.8,IOS_GENERAL,197,PROVISIONAL,BQS_PROVISIONAL|LEVERAGE_THRESHOLD_INDETERMINATE,True,,0.095,0.0456,0.0714,-0.33,-0.517,-0.125
GIS,GENERAL MILLS INC,UNKNOWN,PARTIAL,0.0,,,0.0,NOT_CALCULATED,,,False,,35.82,19150427687.0,NASDAQ_PUBLIC_SCREENER,GIS,2026-09-24T19:02:43Z,,IOS_GENERAL,,NOT_CALCULATED,,False,,,,,,,
GL,GLOBE LIFE INC,INSURANCE,PARTIAL,83.3,76.1,75.0,43.9,PROVISIONAL,economics|moat|mgmt|balance,,False,,168.75,12968344181.0,NASDAQ_PUBLIC_SCREENER,GL,2026-09-24T19:02:43Z,,IOS_INSURANCE,,NOT_CALCULATED,,True,combined ratio MISSING: sottoscrizione non valutabile,,,,,,
GLW,CORNING INC,GENERAL,PARTIAL,83.3,70.0,100.0,45.9,PROVISIONAL,economics|moat|mgmt|balance,BASE_EFFECT_SUSPECTED,False,,154.48,133067269373.0,NASDAQ_PUBLIC_SCREENER,GLW,2026-09-24T19:02:43Z,13.2,IOS_GENERAL,229,PROVISIONAL,BQS_PROVISIONAL|LEVERAGE_THRESHOLD_INDETERMINATE,True,,0.095,0.0181,0.0508,-0.726,-0.808,-0.642
GM,GENERAL MOTORS CO,INDUSTRIAL,PRESENT,100.0,68.6,90.0,60.2,PROVISIONAL,moat|mgmt|balance,,True,169,83.77,73504115590.0,NASDAQ_PUBLIC_SCREENER,GM,2026-09-24T19:02:43Z,95.3,IOS_GENERAL,7,PROVISIONAL,BQS_PROVISIONAL|LEVERAGE_THRESHOLD_INDETERMINATE,True,,0.1,0.239,0.2917,2.671,1.529,3.734
GNRC,GENERAC HOLDINGS INC,GENERAL,PRESENT,100.0,54.9,100.0,63.3,PROVISIONAL,moat|balance,,True,258,199.42,11767048511.0,NASDAQ_PUBLIC_SCREENER,GNRC,2026-09-24T19:02:43Z,,IOS_GENERAL,,NOT_CALCULATED,,True,BQS<60,,,,,,
GOOG,ALPHABET INC CL C,SOFTWARE,PARTIAL,83.3,89.3,90.0,59.2,PROVISIONAL,moat|mgmt|balance,,False,,334.98,4096805400000.0,NASDAQ_PUBLIC_SCREENER,GOOG,2026-09-24T19:02:43Z,35.7,IOS_GENERAL,122,PROVISIONAL,BQS_PROVISIONAL,False,,0.095,0.0118,0.1118,-0.744,-0.826,-0.666
GOOGL,ALPHABET INC CL A,SOFTWARE,PARTIAL,83.3,89.3,90.0,59.2,PROVISIONAL,moat|mgmt|balance,,False,,337.83,4131660900000.0,NASDAQ_PUBLIC_SCREENER,GOOGL,2026-09-24T19:02:43Z,35.6,IOS_GENERAL,123,PROVISIONAL,BQS_PROVISIONAL,False,,0.095,0.0117,0.1117,-0.746,-0.828,-0.669
GPC,GENUINE PARTS CO,GENERAL,PARTIAL,83.3,28.4,75.0,39.8,PROVISIONAL,economics|moat|runway|mgmt,,False,,128.76,17750822440.0,NASDAQ_PUBLIC_SCREENER,GPC,2026-09-24T19:02:43Z,,IOS_GENERAL,,NOT_CALCULATED,,False,BQS<60,,,,,,
GPN,GLOBAL PAYMENTS INC,SOFTWARE,PARTIAL,83.3,72.8,100.0,66.3,PROVISIONAL,moat|mgmt,,False,,84.0,22227944760.0,NASDAQ_PUBLIC_SCREENER,GPN,2026-09-24T19:02:43Z,32.6,IOS_GENERAL,145,PROVISIONAL,BQS_PROVISIONAL,False,,0.105,0.0848,0.0848,-0.023,-0.191,0.248
GRMN,GARMIN LTD,INDUSTRIAL,PARTIAL,83.3,81.1,90.0,59.2,PROVISIONAL,moat|mgmt|balance,,False,,287.58,55460532303.0,NASDAQ_PUBLIC_SCREENER,GRMN,2026-09-24T19:02:43Z,37.7,IOS_GENERAL,106,PROVISIONAL,BQS_PROVISIONAL,False,,0.095,0.0216,0.1216,-0.531,-0.682,-0.389
GS,GOLDMAN SACHS GROUP INC,ASSETMGR_EXCH,PARTIAL,83.3,64.0,80.0,51.0,PROVISIONAL,moat|runway,,False,,936.36,272641259595.0,NASDAQ_PUBLIC_SCREENER,GS,2026-09-24T19:02:43Z,47.2,IOS_BANK,71,PROVISIONAL,BQS_PROVISIONAL,False,,0.11,0.063,0.143,-0.122,-0.342,0.141
GWW,WW GRAINGER INC,GENERAL,PRESENT,100.0,72.7,100.0,70.4,PROVISIONAL,moat|balance,,True,134,1270.67,59849753971.0,NASDAQ_PUBLIC_SCREENER,GWW,2026-09-24T19:02:43Z,21.7,IOS_GENERAL,188,PROVISIONAL,BQS_PROVISIONAL,False,,0.095,0.0212,0.0774,-0.646,-0.76,-0.538
HAL,HALLIBURTON CO,RESOURCES,PARTIAL,83.3,72.9,75.0,26.5,PROVISIONAL,economics|moat|runway|mgmt|balance,,False,,33.01,27501633415.0,NASDAQ_PUBLIC_SCREENER,HAL,2026-09-24T19:02:43Z,16.2,IOS_GENERAL,213,PROVISIONAL,BQS_PROVISIONAL|LEVERAGE_THRESHOLD_INDETERMINATE,True,,0.105,0.0608,0.0608,-0.3,-0.42,-0.105
HAS,HASBRO INC,GENERAL,PARTIAL,83.3,41.4,100.0,58.2,PROVISIONAL,moat|mgmt|balance,BASE_EFFECT_SUSPECTED,False,,86.52,12203167285.0,NASDAQ_PUBLIC_SCREENER,HAS,2026-09-24T19:02:43Z,,IOS_GENERAL,,NOT_CALCULATED,,True,BQS<60,,,,,,
HBAN,HUNTINGTON BANCSHARES INC,BANK,PARTIAL,83.3,33.0,100.0,57.1,PROVISIONAL,moat|runway|mgmt,,False,,15.38,31073980024.0,NASDAQ_PUBLIC_SCREENER,HBAN,2026-09-24T19:02:43Z,,IOS_BANK,,NOT_CALCULATED,,False,BQS<60,,,,,,
HCA,HCA HEALTHCARE INC,GENERAL,PRESENT,100.0,66.9,75.0,52.0,PROVISIONAL,economics|moat,,True,185,436.48,94498574720.0,NASDAQ_PUBLIC_SCREENER,HCA,2026-09-24T19:02:43Z,63.6,IOS_GENERAL,41,PROVISIONAL,BQS_PROVISIONAL,False,,0.11,0.0772,0.1558,0.161,-0.179,0.467
HD,HOME DEPOT INC,GENERAL,PRESENT,100.0,54.2,100.0,77.6,PROVISIONAL,moat,,True,262,296.72,296034465827.0,NASDAQ_PUBLIC_SCREENER,HD,2026-09-24T19:02:43Z,,IOS_GENERAL,,NOT_CALCULATED,,False,BQS<60,,,,,,
HIG,HARTFORD INSURANCE GROUP INC,INSURANCE,PARTIAL,83.3,84.2,75.0,43.9,PROVISIONAL,economics|moat|mgmt|balance,,False,,126.59,34289686733.0,NASDAQ_PUBLIC_SCREENER,HIG,2026-09-24T19:02:43Z,,IOS_INSURANCE,,NOT_CALCULATED,,True,combined ratio MISSING: sottoscrizione non valutabile,,,,,,
HII,HUNTINGTON INGALLS INDUSTRIE,GENERAL,PRESENT,100.0,63.5,100.0,66.3,PROVISIONAL,moat|balance,,True,207,269.8,10631360540.0,NASDAQ_PUBLIC_SCREENER,HII,2026-09-24T19:02:43Z,47.6,IOS_GENERAL,70,PROVISIONAL,BQS_PROVISIONAL|LEVERAGE_THRESHOLD_INDETERMINATE,True,,0.1,0.0696,0.1231,0.073,-0.261,0.384
HLT,HILTON WORLDWIDE HOLDINGS IN,GENERAL,PARTIAL,83.3,76.9,100.0,69.4,PROVISIONAL,moat|mgmt,,False,,307.22,69144441650.0,NASDAQ_PUBLIC_SCREENER,HLT,2026-09-24T19:02:43Z,38.8,IOS_GENERAL,103,PROVISIONAL,BQS_PROVISIONAL,False,,0.105,0.0269,0.1269,-0.509,-0.657,-0.374
HON,HONEYWELL INTERNATIONAL INC,GENERAL,PARTIAL,83.3,62.4,75.0,43.9,PROVISIONAL,economics|moat|mgmt,,False,,212.57,67371937926.0,NASDAQ_PUBLIC_SCREENER,HON,2026-09-24T19:02:43Z,32.1,IOS_GENERAL,148,PROVISIONAL,BQS_PROVISIONAL,False,,0.11,0.0776,0.0958,-0.091,-0.295,0.15
HONA,HONEYWELL AEROSPACE INC,UNKNOWN,PARTIAL,0.0,,,0.0,NOT_CALCULATED,,,False,,163.33,51767888574.0,NASDAQ_PUBLIC_SCREENER,HONA,2026-09-24T19:02:43Z,,IOS_GENERAL,,NOT_CALCULATED,,False,,,,,,,
HOOD,ROBINHOOD MARKETS INC A,ASSETMGR_EXCH,PRESENT,100.0,87.6,90.0,60.2,PROVISIONAL,moat|runway|balance,,True,25,122.7,110317394897.0,NASDAQ_PUBLIC_SCREENER,HOOD,2026-09-24T19:02:43Z,,IOS_BANK,,NOT_CALCULATED,,True,book value / ROE / crescita sostenibile MISSING,,,,,,
HPE,HEWLETT PACKARD ENTERPRISE,GENERAL,PRESENT,100.0,46.6,100.0,72.4,PROVISIONAL,moat,,True,282,62.33,82740879675.0,NASDAQ_PUBLIC_SCREENER,HPE,2026-09-24T19:02:43Z,,IOS_GENERAL,,NOT_CALCULATED,,False,BQS<60,,,,,,
HPQ,HP INC,GENERAL,PRESENT,100.0,54.2,100.0,70.4,PROVISIONAL,moat|balance,,True,263,32.16,29001597563.0,NASDAQ_PUBLIC_SCREENER,HPQ,2026-09-24T19:02:43Z,,IOS_GENERAL,,NOT_CALCULATED,,True,BQS<60,,,,,,
HRL,HORMEL FOODS CORP,GENERAL,PARTIAL,83.3,55.3,75.0,30.6,PROVISIONAL,economics|moat|runway|balance,,False,,19.92,10962987936.0,NASDAQ_PUBLIC_SCREENER,HRL,2026-09-24T19:02:43Z,,IOS_GENERAL,,NOT_CALCULATED,,True,BQS<60,,,,,,
HSIC,HENRY SCHEIN INC,GENERAL,PRESENT,100.0,51.9,100.0,77.6,PROVISIONAL,moat,,True,269,85.05,9478528397.0,NASDAQ_PUBLIC_SCREENER,HSIC,2026-09-24T19:02:43Z,,IOS_GENERAL,,NOT_CALCULATED,,False,BQS<60,,,,,,
HST,HOST HOTELS + RESORTS INC,REIT,PARTIAL,83.3,74.1,75.0,33.7,PROVISIONAL,economics|moat|mgmt|balance,,False,,22.15,15175505438.0,NASDAQ_PUBLIC_SCREENER,HST,2026-09-24T19:02:43Z,,IOS_REIT,,NOT_CALCULATED,,True,AFFO MISSING: FFO e capex di manutenzione non separati,,,,,,
HSY,HERSHEY CO/THE,GENERAL,PARTIAL,83.3,59.2,100.0,62.2,PROVISIONAL,moat|mgmt|balance,,False,,168.45,33845926922.0,NASDAQ_PUBLIC_SCREENER,HSY,2026-09-24T19:02:43Z,,IOS_GENERAL,,NOT_CALCULATED,,True,BQS<60,,,,,,
HUBB,HUBBELL INC,SEMICONDUCTOR,PARTIAL,83.3,82.5,90.0,55.1,PROVISIONAL,moat|mgmt|balance,,False,,463.7,24498463173.0,NASDAQ_PUBLIC_SCREENER,HUBB,2026-09-24T19:02:43Z,27.9,IOS_GENERAL,164,PROVISIONAL,BQS_PROVISIONAL|LEVERAGE_THRESHOLD_INDETERMINATE,True,,0.105,0.0344,0.0914,-0.497,-0.648,-0.358
HUM,HUMANA INC,INSURANCE,PARTIAL,83.3,31.3,100.0,74.5,PROVISIONAL,economics|mgmt,,False,,374.78,45003697832.0,NASDAQ_PUBLIC_SCREENER,HUM,2026-09-24T19:02:43Z,,IOS_INSURANCE,,NOT_CALCULATED,,False,BQS<60,,,,,,
HWM,HOWMET AEROSPACE INC,GENERAL,PRESENT,100.0,88.4,90.0,60.2,PROVISIONAL,moat|mgmt|balance,,True,19,228.78,91237784063.0,NASDAQ_PUBLIC_SCREENER,HWM,2026-09-24T19:02:43Z,36.8,IOS_GENERAL,114,PROVISIONAL,BQS_PROVISIONAL,False,,0.095,0.0157,0.1157,-0.659,-0.769,-0.556
IBKR,INTERACTIVE BROKERS GRO CL A,ASSETMGR_EXCH,PARTIAL,83.3,78.6,70.0,39.8,PROVISIONAL,moat|runway|mgmt|balance,,False,,91.56,41483837337.0,NASDAQ_PUBLIC_SCREENER,IBKR,2026-09-24T19:02:43Z,56.8,IOS_BANK,54,PROVISIONAL,BQS_PROVISIONAL|LEVERAGE_THRESHOLD_INDETERMINATE,True,,0.095,0.105,-2.892,3.767,2.575,5.197
IBM,INTL BUSINESS MACHINES CORP,GENERAL,PRESENT,100.0,56.3,75.0,48.0,PROVISIONAL,economics|moat,,True,251,232.76,219291200616.0,NASDAQ_PUBLIC_SCREENER,IBM,2026-09-24T19:02:43Z,,IOS_GENERAL,,NOT_CALCULATED,,False,BQS<60,,,,,,
ICE,INTERCONTINENTAL EXCHANGE IN,ASSETMGR_EXCH,PRESENT,100.0,67.7,100.0,94.9,HIGH,,,True,176,156.35,87774028042.0,NASDAQ_PUBLIC_SCREENER,ICE,2026-09-24T19:02:43Z,33.2,IOS_BANK,142,CALCULATED,,False,,0.11,0.0378,0.1142,-0.625,-0.719,-0.512
IDXX,IDEXX LABORATORIES INC,GENERAL,PRESENT,100.0,91.7,100.0,70.4,PROVISIONAL,moat|balance,,True,9,522.02,41125318174.0,NASDAQ_PUBLIC_SCREENER,IDXX,2026-09-24T19:02:43Z,35.2,IOS_GENERAL,127,PROVISIONAL,BQS_PROVISIONAL,False,,0.095,0.0242,0.1095,-0.543,-0.69,-0.403
IEX,IDEX CORP,INDUSTRIAL,PRESENT,100.0,75.6,100.0,70.4,PROVISIONAL,moat|balance,,True,111,229.67,16931248514.0,NASDAQ_PUBLIC_SCREENER,IEX,2026-09-24T19:02:43Z,17.3,IOS_GENERAL,207,PROVISIONAL,BQS_PROVISIONAL|LEVERAGE_THRESHOLD_INDETERMINATE,True,,0.095,0.0348,0.0629,-0.483,-0.631,-0.325
IFF,INTL FLAVORS + FRAGRANCES,GENERAL,PRESENT,100.0,33.5,100.0,65.3,PROVISIONAL,moat|runway,BASE_EFFECT_SUSPECTED,True,313,85.71,21868903329.0,NASDAQ_PUBLIC_SCREENER,IFF,2026-09-24T19:02:43Z,,IOS_GENERAL,,NOT_CALCULATED,,False,BQS<60,,,,,,
INCY,INCYTE CORP,GENERAL,PRESENT,100.0,84.0,100.0,51.0,PROVISIONAL,economics|moat|balance,BASE_EFFECT_SUSPECTED,True,49,124.64,25264247061.0,NASDAQ_PUBLIC_SCREENER,INCY,2026-09-24T19:02:43Z,54.7,IOS_GENERAL,57,PROVISIONAL,BQS_PROVISIONAL,False,,0.095,0.0461,0.1461,0.002,-0.321,0.305
INTC,INTEL CORP,SEMICONDUCTOR,PRESENT,100.0,34.4,100.0,61.2,PROVISIONAL,moat|runway|mgmt,,True,311,122.6,647949522049.0,NASDAQ_PUBLIC_SCREENER,INTC,2026-09-24T19:02:43Z,,IOS_GENERAL,,NOT_CALCULATED,,False,BQS<60,,,,,,
INTU,INTUIT INC,SOFTWARE,PRESENT,100.0,88.1,100.0,70.4,PROVISIONAL,moat|balance,,True,23,286.8,76643284800.0,NASDAQ_PUBLIC_SCREENER,INTU,2026-09-24T19:02:43Z,67.4,IOS_GENERAL,39,PROVISIONAL,BQS_PROVISIONAL,False,,0.095,0.0542,0.1542,0.179,-0.202,0.536
INVH,INVITATION HOMES INC,REIT,PRESENT,100.0,83.2,75.0,35.7,PROVISIONAL,economics|moat|runway,,True,58,26.93,15905483476.0,NASDAQ_PUBLIC_SCREENER,INVH,2026-09-24T19:02:43Z,,IOS_REIT,,NOT_CALCULATED,,False,AFFO MISSING: FFO e capex di manutenzione non separati,,,,,,
IP,INTERNATIONAL PAPER CO,GENERAL,PARTIAL,83.3,19.6,60.0,25.5,PROVISIONAL,economics|moat|runway|mgmt,,False,,35.7,18905645252.0,NASDAQ_PUBLIC_SCREENER,IP,2026-09-24T19:02:43Z,,IOS_GENERAL,,NOT_CALCULATED,,False,BQS<60,,,,,,
IQV,IQVIA HOLDINGS INC,GENERAL,PRESENT,100.0,67.3,100.0,77.6,PROVISIONAL,moat,,True,177,267.86,44089756000.0,NASDAQ_PUBLIC_SCREENER,IQV,2026-09-24T19:02:43Z,22.8,IOS_GENERAL,185,PROVISIONAL,BQS_PROVISIONAL,False,,0.11,0.0409,0.0831,-0.47,-0.625,-0.33
IR,INGERSOLL RAND INC,INDUSTRIAL,PARTIAL,83.3,76.2,100.0,58.2,PROVISIONAL,moat|mgmt|balance,,False,,76.22,29573316478.0,NASDAQ_PUBLIC_SCREENER,IR,2026-09-24T19:02:43Z,41.0,IOS_GENERAL,98,PROVISIONAL,BQS_PROVISIONAL|LEVERAGE_THRESHOLD_INDETERMINATE,True,,0.095,0.0395,0.1289,-0.242,-0.487,-0.012
IRM,IRON MOUNTAIN INC,REIT,PRESENT,100.0,52.5,100.0,52.0,PROVISIONAL,economics|moat|mgmt,BASE_EFFECT_SUSPECTED,True,267,115.09,34262616633.0,NASDAQ_PUBLIC_SCREENER,IRM,2026-09-24T19:02:43Z,,IOS_REIT,,NOT_CALCULATED,,False,BQS<60,,,,,,
ISRG,INTUITIVE SURGICAL INC,GENERAL,PRESENT,100.0,90.2,90.0,67.3,PROVISIONAL,moat|balance,,True,12,398.3,140710642535.0,NASDAQ_PUBLIC_SCREENER,ISRG,2026-09-24T19:02:43Z,35.3,IOS_GENERAL,125,PROVISIONAL,BQS_PROVISIONAL,False,,0.095,0.0121,0.1102,-0.737,-0.822,-0.657
IT,GARTNER INC,GENERAL,PRESENT,100.0,73.7,100.0,51.0,PROVISIONAL,economics|moat|balance,BASE_EFFECT_SUSPECTED,True,126,178.52,11273355196.0,NASDAQ_PUBLIC_SCREENER,IT,2026-09-24T19:02:43Z,90.4,IOS_GENERAL,23,PROVISIONAL,BQS_PROVISIONAL|LEVERAGE_THRESHOLD_INDETERMINATE,True,,0.095,0.1006,0.1593,0.7,0.152,1.218
ITW,ILLINOIS TOOL WORKS,INDUSTRIAL,PARTIAL,83.3,79.5,100.0,62.2,PROVISIONAL,moat|mgmt|balance,,False,,273.42,77870016000.0,NASDAQ_PUBLIC_SCREENER,ITW,2026-09-24T19:02:43Z,11.9,IOS_GENERAL,245,PROVISIONAL,BQS_PROVISIONAL|LEVERAGE_THRESHOLD_INDETERMINATE,True,,0.095,0.0339,0.0362,-0.55,-0.641,-0.413
IVZ,INVESCO LTD,ASSETMGR_EXCH,PARTIAL,83.3,28.6,100.0,81.6,PROVISIONAL,mgmt,BASE_EFFECT_SUSPECTED,False,,30.74,13571703237.0,NASDAQ_PUBLIC_SCREENER,IVZ,2026-09-24T19:02:43Z,,IOS_BANK,,NOT_CALCULATED,,False,BQS<60,,,,,,
J,JACOBS SOLUTIONS INC,GENERAL,PARTIAL,66.7,77.1,75.0,22.4,PROVISIONAL,economics|moat|runway|mgmt|balance,BASE_EFFECT_SUSPECTED,False,,141.12,16516488784.0,NASDAQ_PUBLIC_SCREENER,J,2026-09-24T19:02:43Z,,IOS_GENERAL,,NOT_CALCULATED,,True,coverage<70,,,,,,
JBHT,HUNT (JB) TRANSPRT SVCS INC,GENERAL,PARTIAL,83.3,84.8,75.0,30.6,PROVISIONAL,economics|moat|runway|balance,,False,,234.63,22035262138.0,NASDAQ_PUBLIC_SCREENER,JBHT,2026-09-24T19:02:43Z,12.7,IOS_GENERAL,236,PROVISIONAL,BQS_PROVISIONAL,False,,0.095,0.0397,0.0397,-0.478,-0.579,-0.318
JBL,JABIL INC,SEMICONDUCTOR,PRESENT,100.0,60.6,100.0,63.3,PROVISIONAL,moat|mgmt|balance,,True,231,308.75,32353013729.0,NASDAQ_PUBLIC_SCREENER,JBL,2026-09-24T19:02:43Z,9.1,IOS_GENERAL,309,PROVISIONAL,BQS_PROVISIONAL|LEVERAGE_THRESHOLD_INDETERMINATE,True,,0.11,0.0362,0.0362,-0.607,-0.671,-0.503
JCI,JOHNSON CONTROLS INTERNATION,INDUSTRIAL,PARTIAL,66.7,42.9,35.0,18.4,PROVISIONAL,economics|moat|runway|mgmt|balance|governance,,False,,145.9,88377680473.0,NASDAQ_PUBLIC_SCREENER,JCI,2026-09-24T19:02:43Z,,IOS_GENERAL,,NOT_CALCULATED,,False,BQS<60,,,,,,
JKHY,JACK HENRY + ASSOCIATES INC,SOFTWARE,PRESENT,100.0,79.5,90.0,67.3,PROVISIONAL,moat|balance,,True,86,148.33,10399803145.0,NASDAQ_PUBLIC_SCREENER,JKHY,2026-09-24T19:02:43Z,44.8,IOS_GENERAL,80,PROVISIONAL,BQS_PROVISIONAL,False,,0.095,0.0538,0.1228,-0.049,-0.356,0.24
JNJ,JOHNSON + JOHNSON,GENERAL,PRESENT,100.0,62.1,65.0,44.9,PROVISIONAL,economics|moat|balance,,True,217,269.17,648672405354.0,NASDAQ_PUBLIC_SCREENER,JNJ,2026-09-24T19:02:43Z,9.3,IOS_GENERAL,301,PROVISIONAL,BQS_PROVISIONAL|LEVERAGE_THRESHOLD_INDETERMINATE,True,,0.1,0.0283,0.0283,-0.653,-0.716,-0.552
JPM,JPMORGAN CHASE + CO,BANK,PARTIAL,83.3,74.6,80.0,50.0,PROVISIONAL,moat|runway|mgmt,,False,,337.53,897217586398.0,NASDAQ_PUBLIC_SCREENER,JPM,2026-09-24T19:02:43Z,66.9,IOS_BANK,40,PROVISIONAL,BQS_PROVISIONAL,False,,0.105,0.0636,0.1436,0.251,-0.062,0.626
KDP,KEURIG DR PEPPER INC,GENERAL,PRESENT,100.0,61.1,100.0,77.6,PROVISIONAL,moat,,True,226,31.76,43219834967.0,NASDAQ_PUBLIC_SCREENER,KDP,2026-09-24T19:02:43Z,24.0,IOS_GENERAL,182,PROVISIONAL,BQS_PROVISIONAL,False,,0.11,0.0326,0.0896,-0.551,-0.682,-0.433
KEY,KEYCORP,BANK,PARTIAL,83.3,37.4,100.0,61.2,PROVISIONAL,moat|runway,,False,,20.24,21598681933.0,NASDAQ_PUBLIC_SCREENER,KEY,2026-09-24T19:02:43Z,,IOS_BANK,,NOT_CALCULATED,,False,BQS<60,,,,,,
KEYS,KEYSIGHT TECHNOLOGIES IN,GENERAL,PRESENT,100.0,67.3,75.0,55.1,PROVISIONAL,moat|balance,BASE_EFFECT_SUSPECTED,True,179,353.36,60157683093.0,NASDAQ_PUBLIC_SCREENER,KEYS,2026-09-24T19:02:43Z,10.1,IOS_GENERAL,289,PROVISIONAL,BQS_PROVISIONAL,False,,0.1,0.0186,0.0186,-0.772,-0.813,-0.705
KHC,KRAFT HEINZ CO/THE,GENERAL,PARTIAL,66.7,48.0,75.0,24.5,PROVISIONAL,economics|moat|runway|mgmt,BASE_EFFECT_SUSPECTED,False,,23.79,28210747203.0,NASDAQ_PUBLIC_SCREENER,KHC,2026-09-24T19:02:43Z,,IOS_GENERAL,,NOT_CALCULATED,,False,BQS<60,,,,,,
KIM,KIMCO REALTY CORP,REIT,PRESENT,100.0,61.2,100.0,52.0,PROVISIONAL,economics|moat,,True,225,22.21,14898231974.0,NASDAQ_PUBLIC_SCREENER,KIM,2026-09-24T19:02:43Z,,IOS_REIT,,NOT_CALCULATED,,False,AFFO MISSING: FFO e capex di manutenzione non separati,,,,,,
KKR,KKR + CO INC,ASSETMGR_EXCH,PARTIAL,83.3,42.0,90.0,55.1,PROVISIONAL,moat|runway|mgmt|balance,,False,,97.21,87259156773.0,NASDAQ_PUBLIC_SCREENER,KKR,2026-09-24T19:02:43Z,,IOS_BANK,,NOT_CALCULATED,,True,BQS<60,,,,,,
KLAC,KLA CORP,SEMICONDUCTOR,PRESENT,100.0,80.1,65.0,44.9,PROVISIONAL,economics|moat|balance,,True,80,187.86,245158519587.0,NASDAQ_PUBLIC_SCREENER,KLAC,2026-09-24T19:02:43Z,34.0,IOS_GENERAL,136,PROVISIONAL,BQS_PROVISIONAL,False,,0.105,0.0142,0.1111,-0.755,-0.829,-0.688
KMB,KIMBERLY CLARK CORP,GENERAL,PARTIAL,83.3,65.6,100.0,62.2,PROVISIONAL,moat|mgmt|balance,,False,,97.7,32492972013.0,NASDAQ_PUBLIC_SCREENER,KMB,2026-09-24T19:02:43Z,11.4,IOS_GENERAL,255,PROVISIONAL,BQS_PROVISIONAL|LEVERAGE_THRESHOLD_INDETERMINATE,True,,0.1,0.0461,0.0461,-0.434,-0.537,-0.269
KMI,KINDER MORGAN INC,UTILITY,PRESENT,100.0,67.0,100.0,68.4,PROVISIONAL,moat|mgmt,,True,182,31.37,69854781532.0,NASDAQ_PUBLIC_SCREENER,KMI,2026-09-24T19:02:43Z,10.1,IOS_GENERAL,291,PROVISIONAL,BQS_PROVISIONAL,False,,0.11,0.0414,0.04,-0.551,-0.624,-0.432
KO,COCA COLA CO/THE,GENERAL,PRESENT,100.0,61.6,100.0,77.6,PROVISIONAL,moat,,True,222,88.09,379011562816.0,NASDAQ_PUBLIC_SCREENER,KO,2026-09-24T19:02:43Z,11.8,IOS_GENERAL,248,PROVISIONAL,BQS_PROVISIONAL,False,,0.11,0.0132,0.0501,-0.832,-0.88,-0.788
KR,KROGER CO,GENERAL,PRESENT,100.0,54.4,100.0,70.4,PROVISIONAL,moat|balance,,True,260,57.64,34041532668.0,NASDAQ_PUBLIC_SCREENER,KR,2026-09-24T19:02:43Z,,IOS_GENERAL,,NOT_CALCULATED,,True,BQS<60,,,,,,
KVUE,KENVUE INC,GENERAL,PRESENT,100.0,63.6,100.0,51.0,PROVISIONAL,moat|runway|balance,,True,206,17.67,33940067162.0,NASDAQ_PUBLIC_SCREENER,KVUE,2026-09-24T19:02:43Z,11.1,IOS_GENERAL,266,PROVISIONAL,BQS_PROVISIONAL|LEVERAGE_THRESHOLD_INDETERMINATE,True,,0.1,0.0467,0.0462,-0.426,-0.531,-0.26
L,LOEWS CORP,INSURANCE,PRESENT,100.0,45.4,90.0,52.0,PROVISIONAL,economics|moat|mgmt|balance,,True,289,105.04,21473087709.0,NASDAQ_PUBLIC_SCREENER,L,2026-09-24T19:02:43Z,,IOS_INSURANCE,,NOT_CALCULATED,,True,BQS<60,,,,,,
LDOS,LEIDOS HOLDINGS INC,SOFTWARE,PARTIAL,83.3,76.8,100.0,62.2,PROVISIONAL,moat|mgmt|balance,PRIOR_YEAR_ONE_OFF_SUSPECTED,False,,124.69,15647623540.0,NASDAQ_PUBLIC_SCREENER,LDOS,2026-09-24T19:02:43Z,89.9,IOS_GENERAL,24,PROVISIONAL,BQS_PROVISIONAL|LEVERAGE_THRESHOLD_INDETERMINATE,True,,0.095,0.0978,0.1584,0.665,0.129,1.173
LEN,LENNAR CORP A,GENERAL,PARTIAL,83.3,22.7,75.0,36.7,PROVISIONAL,economics|moat|runway|mgmt,,False,,81.52,19637771976.0,NASDAQ_PUBLIC_SCREENER,LEN,2026-09-24T19:02:43Z,,IOS_GENERAL,,NOT_CALCULATED,,False,BQS<60,,,,,,
LH,LABCORP HOLDINGS INC,GENERAL,PARTIAL,83.3,59.3,100.0,69.4,PROVISIONAL,moat|mgmt,,False,,303.98,24652778000.0,NASDAQ_PUBLIC_SCREENER,LH,2026-09-24T19:02:43Z,,IOS_GENERAL,,NOT_CALCULATED,,False,BQS<60,,,,,,
LHX,L3HARRIS TECHNOLOGIES INC,INDUSTRIAL,PARTIAL,83.3,70.6,100.0,61.2,PROVISIONAL,moat|mgmt,,False,,239.21,44544398293.0,NASDAQ_PUBLIC_SCREENER,LHX,2026-09-24T19:02:43Z,46.6,IOS_GENERAL,73,PROVISIONAL,BQS_PROVISIONAL,False,,0.105,0.0577,0.1348,-0.082,-0.359,0.171
LII,LENNOX INTERNATIONAL INC,INDUSTRIAL,PRESENT,100.0,81.2,100.0,70.4,PROVISIONAL,moat|balance,,True,73,372.34,12868321730.0,NASDAQ_PUBLIC_SCREENER,LII,2026-09-24T19:02:43Z,24.3,IOS_GENERAL,179,PROVISIONAL,BQS_PROVISIONAL|LEVERAGE_THRESHOLD_INDETERMINATE,True,,0.095,0.0474,0.08,-0.283,-0.498,-0.064
LIN,LINDE PLC,GENERAL,PRESENT,100.0,79.5,100.0,70.4,PROVISIONAL,moat|balance,,True,84,469.72,216531602164.0,NASDAQ_PUBLIC_SCREENER,LIN,2026-09-24T19:02:43Z,11.9,IOS_GENERAL,246,PROVISIONAL,BQS_PROVISIONAL|LEVERAGE_THRESHOLD_INDETERMINATE,True,,0.095,0.0227,0.0289,-0.693,-0.759,-0.599
LITE,LUMENTUM HOLDINGS INC,GENERAL,PARTIAL,83.3,54.5,55.0,25.5,PROVISIONAL,economics|moat|runway,BASE_EFFECT_SUSPECTED|PRIOR_YEAR_ONE_OFF_SUSPECTED,False,,937.0,84048900000.0,NASDAQ_PUBLIC_SCREENER,LITE,2026-09-24T19:02:43Z,,IOS_GENERAL,,NOT_CALCULATED,,False,BQS<60,,,,,,
LLY,ELI LILLY + CO,GENERAL,PRESENT,100.0,77.4,65.0,25.5,PROVISIONAL,economics|moat|runway|balance,,True,100,1150.99,1083492568244.0,NASDAQ_PUBLIC_SCREENER,LLY,2026-09-24T19:02:43Z,34.9,IOS_GENERAL,131,PROVISIONAL,BQS_PROVISIONAL|LEVERAGE_THRESHOLD_INDETERMINATE,True,,0.095,0.0149,0.1149,-0.675,-0.78,-0.577
LMT,LOCKHEED MARTIN CORP,GENERAL,PARTIAL,83.3,65.8,100.0,62.2,PROVISIONAL,moat|mgmt|balance,,False,,524.68,121091292284.0,NASDAQ_PUBLIC_SCREENER,LMT,2026-09-24T19:02:43Z,30.6,IOS_GENERAL,156,PROVISIONAL,BQS_PROVISIONAL|LEVERAGE_THRESHOLD_INDETERMINATE,True,,0.1,0.0545,0.0984,-0.193,-0.444,0.041
LNT,ALLIANT ENERGY CORP,UTILITY,PRESENT,100.0,62.3,100.0,57.1,PROVISIONAL,moat|mgmt,,True,214,63.69,16513842479.0,NASDAQ_PUBLIC_SCREENER,LNT,2026-09-24T19:02:43Z,23.8,IOS_GENERAL,183,PROVISIONAL,BQS_PROVISIONAL,False,,0.11,0.0708,0.0792,-0.191,-0.357,0.024
LOW,LOWE S COS INC,GENERAL,PARTIAL,83.3,54.4,100.0,66.3,PROVISIONAL,moat|mgmt,,False,,191.36,107363297076.0,NASDAQ_PUBLIC_SCREENER,LOW,2026-09-24T19:02:43Z,,IOS_GENERAL,,NOT_CALCULATED,,False,BQS<60,,,,,,
LRCX,LAM RESEARCH CORP,SEMICONDUCTOR,PRESENT,100.0,78.0,100.0,70.4,PROVISIONAL,moat|balance,,True,95,307.28,384505916880.0,NASDAQ_PUBLIC_SCREENER,LRCX,2026-09-24T19:02:43Z,11.7,IOS_GENERAL,249,PROVISIONAL,BQS_PROVISIONAL,False,,0.105,0.0132,-8.7381,-0.833,-0.874,-0.786
LULU,LULULEMON ATHLETICA INC,GENERAL,PRESENT,100.0,83.8,90.0,67.3,PROVISIONAL,moat|balance,,True,51,102.28,10800160866.0,NASDAQ_PUBLIC_SCREENER,LULU,2026-09-24T19:02:43Z,93.1,IOS_GENERAL,18,PROVISIONAL,BQS_PROVISIONAL,False,,0.095,0.0796,0.1796,0.664,0.127,1.169
LUV,SOUTHWEST AIRLINES CO,GENERAL,PARTIAL,83.3,48.6,85.0,51.0,PROVISIONAL,moat|mgmt|balance,BASE_EFFECT_SUSPECTED,False,,41.04,20077104569.0,NASDAQ_PUBLIC_SCREENER,LUV,2026-09-24T19:02:43Z,,IOS_GENERAL,,NOT_CALCULATED,,True,BQS<60,,,,,,
LVS,LAS VEGAS SANDS CORP,GENERAL,PRESENT,100.0,70.7,100.0,65.3,PROVISIONAL,moat|runway,,True,147,39.19,25383409401.0,NASDAQ_PUBLIC_SCREENER,LVS,2026-09-24T19:02:43Z,76.3,IOS_GENERAL,30,PROVISIONAL,BQS_PROVISIONAL,False,,0.105,0.071,0.171,0.342,-0.063,0.71
LYB,LYONDELLBASELL INDU CL A,GENERAL,PARTIAL,83.3,42.1,100.0,64.3,PROVISIONAL,moat|mgmt,BASE_EFFECT_SUSPECTED,False,,59.97,19372585981.0,NASDAQ_PUBLIC_SCREENER,LYB,2026-09-24T19:02:43Z,,IOS_GENERAL,,NOT_CALCULATED,,False,BQS<60,,,,,,
LYV,LIVE NATION ENTERTAINMENT IN,GENERAL,PRESENT,100.0,56.0,100.0,70.4,PROVISIONAL,moat|balance,BASE_EFFECT_SUSPECTED,True,252,169.03,39829191356.0,NASDAQ_PUBLIC_SCREENER,LYV,2026-09-24T19:02:43Z,,IOS_GENERAL,,NOT_CALCULATED,,True,BQS<60,,,,,,
MA,MASTERCARD INC A,SOFTWARE,PRESENT,100.0,93.5,100.0,70.4,PROVISIONAL,moat|balance,,True,2,559.92,490495485605.0,NASDAQ_PUBLIC_SCREENER,MA,2026-09-24T19:02:43Z,44.6,IOS_GENERAL,81,PROVISIONAL,BQS_PROVISIONAL,False,,0.095,0.0338,0.1338,-0.266,-0.503,-0.043
MAA,MID AMERICA APARTMENT COMM,REIT,PARTIAL,83.3,66.6,75.0,30.6,PROVISIONAL,economics|moat|runway|mgmt,,False,,117.78,13665066095.0,NASDAQ_PUBLIC_SCREENER,MAA,2026-09-24T19:02:43Z,,IOS_REIT,,NOT_CALCULATED,,False,AFFO MISSING: FFO e capex di manutenzione non separati,,,,,,
MAR,MARRIOTT INTERNATIONAL CL A,GENERAL,PARTIAL,83.3,69.4,100.0,69.4,PROVISIONAL,moat|mgmt,,False,,351.66,91701072838.0,NASDAQ_PUBLIC_SCREENER,MAR,2026-09-24T19:02:43Z,30.8,IOS_GENERAL,154,PROVISIONAL,BQS_PROVISIONAL,False,,0.11,0.0259,0.1061,-0.608,-0.723,-0.505
MAS,MASCO CORP,INDUSTRIAL,PARTIAL,83.3,74.0,100.0,62.2,PROVISIONAL,moat|mgmt|balance,,False,,68.16,13440295229.0,NASDAQ_PUBLIC_SCREENER,MAS,2026-09-24T19:02:43Z,20.1,IOS_GENERAL,196,PROVISIONAL,BQS_PROVISIONAL|LEVERAGE_THRESHOLD_INDETERMINATE,True,,0.095,0.0622,0.0622,-0.183,-0.341,0.068
MCD,MCDONALD S CORP,GENERAL,PRESENT,100.0,83.2,100.0,77.6,PROVISIONAL,moat,,True,56,238.32,168645129668.0,NASDAQ_PUBLIC_SCREENER,MCD,2026-09-24T19:02:43Z,28.2,IOS_GENERAL,162,PROVISIONAL,BQS_PROVISIONAL,False,,0.105,0.0416,0.0923,-0.406,-0.585,-0.242
MCHP,MICROCHIP TECHNOLOGY INC,SEMICONDUCTOR,PRESENT,100.0,39.2,100.0,77.6,PROVISIONAL,moat,BASE_EFFECT_SUSPECTED,True,302,75.53,41013446431.0,NASDAQ_PUBLIC_SCREENER,MCHP,2026-09-24T19:02:43Z,,IOS_GENERAL,,NOT_CALCULATED,,False,BQS<60,,,,,,
MCK,MCKESSON CORP,GENERAL,PRESENT,100.0,69.2,100.0,63.3,PROVISIONAL,moat|mgmt|balance,,True,166,880.5,102657814622.0,NASDAQ_PUBLIC_SCREENER,MCK,2026-09-24T19:02:43Z,62.2,IOS_GENERAL,46,PROVISIONAL,BQS_PROVISIONAL|LEVERAGE_THRESHOLD_INDETERMINATE,True,,0.1,0.0557,0.1557,0.127,-0.224,0.451
MCO,MOODY S CORP,GENERAL,PRESENT,100.0,92.2,90.0,67.3,PROVISIONAL,moat|balance,,True,5,473.85,82070820000.0,NASDAQ_PUBLIC_SCREENER,MCO,2026-09-24T19:02:43Z,41.7,IOS_GENERAL,93,PROVISIONAL,BQS_PROVISIONAL|LEVERAGE_THRESHOLD_INDETERMINATE,True,,0.095,0.0285,0.1285,-0.379,-0.58,-0.191
MDLZ,MONDELEZ INTERNATIONAL INC A,GENERAL,PARTIAL,83.3,60.7,100.0,69.4,PROVISIONAL,moat|mgmt,,False,,61.44,78416367022.0,NASDAQ_PUBLIC_SCREENER,MDLZ,2026-09-24T19:02:43Z,30.6,IOS_GENERAL,157,PROVISIONAL,BQS_PROVISIONAL,False,,0.11,0.0398,0.1094,-0.423,-0.592,-0.271
MDT,MEDTRONIC PLC,GENERAL,PRESENT,100.0,71.1,100.0,77.6,PROVISIONAL,moat,,True,145,89.3,114227013577.0,NASDAQ_PUBLIC_SCREENER,MDT,2026-09-24T19:02:43Z,27.5,IOS_GENERAL,169,PROVISIONAL,BQS_PROVISIONAL,False,,0.105,0.0435,0.0956,-0.376,-0.564,-0.203
MET,METLIFE INC,INSURANCE,PARTIAL,83.3,56.3,85.0,42.9,PROVISIONAL,economics|moat|runway|mgmt,PRIOR_YEAR_ONE_OFF_SUSPECTED,False,,97.2,61768357304.0,NASDAQ_PUBLIC_SCREENER,MET,2026-09-24T19:02:43Z,,IOS_INSURANCE,,NOT_CALCULATED,,False,BQS<60,,,,,,
META,META PLATFORMS INC CLASS A,SOFTWARE,PRESENT,100.0,91.5,100.0,70.4,PROVISIONAL,moat|balance,,True,10,744.1,1895599382023.0,NASDAQ_PUBLIC_SCREENER,META,2026-09-24T19:02:43Z,36.6,IOS_GENERAL,118,PROVISIONAL,BQS_PROVISIONAL,False,,0.095,0.0135,0.1135,-0.705,-0.8,-0.616
MGM,MGM RESORTS INTERNATIONAL,GENERAL,PRESENT,100.0,63.3,100.0,70.4,PROVISIONAL,moat|balance,BASE_EFFECT_SUSPECTED,True,208,37.85,9777530963.0,NASDAQ_PUBLIC_SCREENER,MGM,2026-09-24T19:02:43Z,94.5,IOS_GENERAL,12,PROVISIONAL,BQS_PROVISIONAL|LEVERAGE_THRESHOLD_INDETERMINATE,True,,0.1,0.1401,0.2401,1.63,0.81,2.388
MKC,MCCORMICK + CO NON VTG SHRS,GENERAL,PARTIAL,83.3,64.9,100.0,69.4,PROVISIONAL,moat|mgmt,,False,,49.09,13197922688.0,NASDAQ_PUBLIC_SCREENER,MKC,2026-09-24T19:02:43Z,20.6,IOS_GENERAL,193,PROVISIONAL,BQS_PROVISIONAL,False,,0.11,0.0526,0.0777,-0.366,-0.522,-0.197
MLM,MARTIN MARIETTA MATERIALS,RESOURCES,PRESENT,100.0,74.6,100.0,70.4,PROVISIONAL,moat|balance,,True,116,490.45,29459290738.0,NASDAQ_PUBLIC_SCREENER,MLM,2026-09-24T19:02:43Z,11.2,IOS_GENERAL,259,PROVISIONAL,BQS_PROVISIONAL|LEVERAGE_THRESHOLD_INDETERMINATE,True,,0.105,0.0316,0.0316,-0.636,-0.698,-0.534
MMM,3M CO,GENERAL,PRESENT,100.0,39.7,100.0,74.5,PROVISIONAL,moat,,True,300,170.3,87827527615.0,NASDAQ_PUBLIC_SCREENER,MMM,2026-09-24T19:02:43Z,,IOS_GENERAL,,NOT_CALCULATED,,False,BQS<60,,,,,,
MNST,MONSTER BEVERAGE CORP,GENERAL,PRESENT,100.0,89.1,100.0,70.4,PROVISIONAL,moat|balance,,True,14,43.91,129033073487.0,NASDAQ_PUBLIC_SCREENER,MNST,2026-09-24T19:02:43Z,34.9,IOS_GENERAL,129,PROVISIONAL,BQS_PROVISIONAL,False,,0.095,0.0143,0.1096,-0.719,-0.81,-0.634
MO,ALTRIA GROUP INC,GENERAL,PARTIAL,83.3,75.3,85.0,55.1,PROVISIONAL,moat|mgmt|balance,BASE_EFFECT_SUSPECTED,False,,68.95,115128843698.0,NASDAQ_PUBLIC_SCREENER,MO,2026-09-24T19:02:43Z,34.4,IOS_GENERAL,133,PROVISIONAL,BQS_PROVISIONAL|LEVERAGE_THRESHOLD_INDETERMINATE,True,,0.095,0.0788,0.0788,0.036,-0.165,0.353
MOS,MOSAIC CO/THE,RESOURCES,PRESENT,100.0,42.5,100.0,67.3,PROVISIONAL,moat,BASE_EFFECT_SUSPECTED,True,295,24.37,7747116893.0,NASDAQ_PUBLIC_SCREENER,MOS,2026-09-24T19:02:43Z,,IOS_GENERAL,,NOT_CALCULATED,,False,BQS<60,,,,,,
MPC,MARATHON PETROLEUM CORP,RESOURCES,PRESENT,100.0,47.0,100.0,70.4,PROVISIONAL,moat|mgmt,,True,281,388.38,109066721454.0,NASDAQ_PUBLIC_SCREENER,MPC,2026-09-24T19:02:43Z,,IOS_GENERAL,,NOT_CALCULATED,,False,BQS<60,,,,,,
MPWR,MONOLITHIC POWER SYSTEMS INC,SEMICONDUCTOR,PRESENT,100.0,88.8,90.0,63.3,PROVISIONAL,moat|balance,BASE_EFFECT_SUSPECTED|PRIOR_YEAR_ONE_OFF_SUSPECTED,True,16,1355.47,66611862210.0,NASDAQ_PUBLIC_SCREENER,MPWR,2026-09-24T19:02:43Z,33.8,IOS_GENERAL,138,PROVISIONAL,BQS_PROVISIONAL,False,,0.105,0.0066,0.1066,-0.875,-0.913,-0.841
MRK,MERCK + CO. INC.,GENERAL,PARTIAL,83.3,67.8,65.0,32.7,PROVISIONAL,economics|moat|runway|mgmt|balance,PRIOR_YEAR_ONE_OFF_SUSPECTED,False,,148.08,365338776155.0,NASDAQ_PUBLIC_SCREENER,MRK,2026-09-24T19:02:43Z,16.1,IOS_GENERAL,214,PROVISIONAL,BQS_PROVISIONAL|LEVERAGE_THRESHOLD_INDETERMINATE,True,,0.1,0.0316,0.0628,-0.557,-0.683,-0.428
MRNA,MODERNA INC,GENERAL,PRESENT,100.0,10.1,100.0,58.2,PROVISIONAL,moat|runway|balance,,True,323,182.11,72704847746.0,NASDAQ_PUBLIC_SCREENER,MRNA,2026-09-24T19:02:43Z,,IOS_GENERAL,,NOT_CALCULATED,,True,BQS<60,,,,,,
MRSH,MARSH + MCLENNAN COS,INSURANCE,PRESENT,100.0,82.4,100.0,67.3,PROVISIONAL,economics|moat,,True,65,170.38,81307255842.0,NASDAQ_PUBLIC_SCREENER,MRSH,2026-09-24T19:02:43Z,,IOS_INSURANCE,,NOT_CALCULATED,,False,combined ratio MISSING: sottoscrizione non valutabile,,,,,,
MRVL,MARVELL TECHNOLOGY INC,SEMICONDUCTOR,PRESENT,100.0,64.8,100.0,70.4,PROVISIONAL,moat|balance,BASE_EFFECT_SUSPECTED,True,193,260.9,228783210000.0,NASDAQ_PUBLIC_SCREENER,MRVL,2026-09-24T19:02:43Z,27.6,IOS_GENERAL,167,PROVISIONAL,BQS_PROVISIONAL|LEVERAGE_THRESHOLD_INDETERMINATE,True,,0.11,0.0035,0.0987,-0.939,-0.957,-0.923
MS,MORGAN STANLEY,ASSETMGR_EXCH,PARTIAL,83.3,64.2,80.0,46.9,PROVISIONAL,moat|runway|mgmt,,False,,198.39,311584646670.0,NASDAQ_PUBLIC_SCREENER,MS,2026-09-24T19:02:43Z,43.5,IOS_BANK,86,PROVISIONAL,BQS_PROVISIONAL,False,,0.11,0.0541,0.1341,-0.152,-0.364,0.103
MSCI,MSCI INC,SOFTWARE,PRESENT,100.0,85.0,100.0,77.6,PROVISIONAL,moat,,True,40,555.7,40399390000.0,NASDAQ_PUBLIC_SCREENER,MSCI,2026-09-24T19:02:43Z,42.9,IOS_GENERAL,87,PROVISIONAL,BQS_PROVISIONAL,False,,0.105,0.0356,0.1356,-0.335,-0.536,-0.152
MSFT,MICROSOFT CORP,SOFTWARE,PRESENT,100.0,88.3,90.0,67.3,PROVISIONAL,moat|balance,,True,20,500.59,3717153817340.0,NASDAQ_PUBLIC_SCREENER,MSFT,2026-09-24T19:02:43Z,36.9,IOS_GENERAL,113,PROVISIONAL,BQS_PROVISIONAL,False,,0.095,0.016,0.116,-0.651,-0.764,-0.545
MSI,MOTOROLA SOLUTIONS INC,SEMICONDUCTOR,PRESENT,100.0,87.1,100.0,66.3,PROVISIONAL,moat|balance,BASE_EFFECT_SUSPECTED,True,27,460.44,76199959747.0,NASDAQ_PUBLIC_SCREENER,MSI,2026-09-24T19:02:43Z,36.8,IOS_GENERAL,115,PROVISIONAL,BQS_PROVISIONAL|LEVERAGE_THRESHOLD_INDETERMINATE,True,,0.105,0.0299,0.1163,-0.506,-0.655,-0.37
MTB,M + T BANK CORP,BANK,PARTIAL,83.3,63.8,80.0,50.0,PROVISIONAL,moat|runway|mgmt,,False,,219.58,31710922810.0,NASDAQ_PUBLIC_SCREENER,MTB,2026-09-24T19:02:43Z,46.8,IOS_BANK,72,PROVISIONAL,BQS_PROVISIONAL,False,,0.11,0.0899,0.1568,-0.342,-0.507,-0.145
MTD,METTLER TOLEDO INTERNATIONAL,GENERAL,PRESENT,100.0,68.0,65.0,44.9,PROVISIONAL,economics|moat|balance,,True,172,1492.34,29901358458.0,NASDAQ_PUBLIC_SCREENER,MTD,2026-09-24T19:02:43Z,10.2,IOS_GENERAL,287,PROVISIONAL,BQS_PROVISIONAL|LEVERAGE_THRESHOLD_INDETERMINATE,True,,0.1,0.0276,0.0366,-0.647,-0.723,-0.545
MU,MICRON TECHNOLOGY INC,SEMICONDUCTOR,PRESENT,100.0,48.2,100.0,70.4,PROVISIONAL,moat|balance,BASE_EFFECT_SUSPECTED,True,278,1071.88,1210573930694.0,NASDAQ_PUBLIC_SCREENER,MU,2026-09-24T19:02:43Z,,IOS_GENERAL,,NOT_CALCULATED,,False,BQS<60,,,,,,
NCLH,NORWEGIAN CRUISE LINE HOLDIN,GENERAL,PARTIAL,83.3,81.8,55.0,18.4,PROVISIONAL,economics|moat|runway|mgmt,BASE_EFFECT_SUSPECTED|PRIOR_YEAR_ONE_OFF_SUSPECTED,False,,14.18,6511283656.0,NASDAQ_PUBLIC_SCREENER,NCLH,2026-09-24T19:02:43Z,12.3,IOS_GENERAL,242,PROVISIONAL,BQS_PROVISIONAL,False,,0.105,-0.1932,-0.1932,-3.226,-2.843,-3.843
NDAQ,NASDAQ INC,ASSETMGR_EXCH,PARTIAL,83.3,77.7,100.0,86.7,PROVISIONAL,mgmt,BASE_EFFECT_SUSPECTED,False,,95.44,53348800384.0,NASDAQ_PUBLIC_SCREENER,NDAQ,2026-09-24T19:02:43Z,34.5,IOS_BANK,132,PROVISIONAL,BQS_PROVISIONAL,False,,0.105,0.0335,0.1135,-0.393,-0.545,-0.211
NDSN,NORDSON CORP,INDUSTRIAL,PRESENT,100.0,77.3,100.0,70.4,PROVISIONAL,moat|balance,,True,101,321.42,17902890220.0,NASDAQ_PUBLIC_SCREENER,NDSN,2026-09-24T19:02:43Z,17.0,IOS_GENERAL,209,PROVISIONAL,BQS_PROVISIONAL|LEVERAGE_THRESHOLD_INDETERMINATE,True,,0.095,0.0359,0.0611,-0.474,-0.62,-0.313
NEE,NEXTERA ENERGY INC,UTILITY,PARTIAL,66.7,81.9,60.0,23.5,PROVISIONAL,economics|moat|runway|mgmt,,False,,77.02,160662041657.0,NASDAQ_PUBLIC_SCREENER,NEE,2026-09-24T19:02:43Z,,IOS_GENERAL,,NOT_CALCULATED,,False,coverage<70,,,,,,
NEM,NEWMONT CORP,RESOURCES,PRESENT,100.0,98.5,65.0,37.8,PROVISIONAL,economics|moat|mgmt|balance,,True,1,123.55,130183680082.0,NASDAQ_PUBLIC_SCREENER,NEM,2026-09-24T19:02:43Z,63.0,IOS_GENERAL,43,PROVISIONAL,BQS_PROVISIONAL,False,,0.105,0.0561,0.1561,0.06,-0.26,0.351
NFLX,NETFLIX INC,GENERAL,PRESENT,100.0,81.1,100.0,70.4,PROVISIONAL,moat|balance,,True,75,71.36,297138735279.0,NASDAQ_PUBLIC_SCREENER,NFLX,2026-09-24T19:02:43Z,12.2,IOS_GENERAL,243,PROVISIONAL,BQS_PROVISIONAL,False,,0.095,0.0306,-8.7584,-0.335,-0.549,-0.133
NI,NISOURCE INC,UTILITY,PRESENT,100.0,73.0,100.0,64.3,PROVISIONAL,moat|mgmt,,True,131,39.25,18822733925.0,NASDAQ_PUBLIC_SCREENER,NI,2026-09-24T19:02:43Z,10.9,IOS_GENERAL,268,PROVISIONAL,BQS_PROVISIONAL,False,,0.105,-0.025,-0.022,-1.347,-1.242,-1.442
NKE,NIKE INC CL B,GENERAL,PRESENT,100.0,44.6,65.0,44.9,PROVISIONAL,economics|moat|balance,,True,291,36.05,53480128243.0,NASDAQ_PUBLIC_SCREENER,NKE,2026-09-24T19:02:43Z,,IOS_GENERAL,,NOT_CALCULATED,,True,BQS<60,,,,,,
NOC,NORTHROP GRUMMAN CORP,INDUSTRIAL,PRESENT,100.0,70.7,100.0,70.4,PROVISIONAL,moat|balance,,True,146,514.42,73080061835.0,NASDAQ_PUBLIC_SCREENER,NOC,2026-09-24T19:02:43Z,25.7,IOS_GENERAL,173,PROVISIONAL,BQS_PROVISIONAL|LEVERAGE_THRESHOLD_INDETERMINATE,True,,0.095,0.0436,0.0902,-0.3,-0.525,-0.086
NOW,SERVICENOW INC,SOFTWARE,PRESENT,100.0,77.4,100.0,70.4,PROVISIONAL,moat|balance,,True,99,140.78,145566520000.0,NASDAQ_PUBLIC_SCREENER,NOW,2026-09-24T19:02:43Z,11.6,IOS_GENERAL,251,PROVISIONAL,BQS_PROVISIONAL,False,,0.095,0.018,-3.9039,-0.608,-0.735,-0.49
NRG,NRG ENERGY INC,UTILITY,PRESENT,100.0,53.8,100.0,68.4,PROVISIONAL,moat,,True,264,100.72,21172399848.0,NASDAQ_PUBLIC_SCREENER,NRG,2026-09-24T19:02:43Z,,IOS_GENERAL,,NOT_CALCULATED,,False,BQS<60,,,,,,
NSC,NORFOLK SOUTHERN CORP,GENERAL,PARTIAL,83.3,66.6,85.0,62.2,PROVISIONAL,moat|mgmt,,False,,315.01,70753883579.0,NASDAQ_PUBLIC_SCREENER,NSC,2026-09-24T19:02:43Z,10.0,IOS_GENERAL,293,PROVISIONAL,BQS_PROVISIONAL,False,,0.11,0.0305,0.0305,-0.669,-0.723,-0.581
NTAP,NETAPP INC,SEMICONDUCTOR,PRESENT,100.0,85.1,90.0,67.3,PROVISIONAL,moat|balance,,True,39,196.33,38562943252.0,NASDAQ_PUBLIC_SCREENER,NTAP,2026-09-24T19:02:43Z,20.2,IOS_GENERAL,195,PROVISIONAL,BQS_PROVISIONAL|LEVERAGE_THRESHOLD_INDETERMINATE,True,,0.105,0.0386,0.0672,-0.498,-0.632,-0.359
NTRS,NORTHERN TRUST CORP,BANK,PRESENT,100.0,75.4,100.0,74.5,PROVISIONAL,moat|mgmt,,True,113,173.99,31832454065.0,NASDAQ_PUBLIC_SCREENER,NTRS,2026-09-24T19:02:43Z,46.2,IOS_BANK,74,PROVISIONAL,BQS_PROVISIONAL,False,,0.105,0.0546,0.1346,-0.12,-0.34,0.144
NUE,NUCOR CORP,GENERAL,PARTIAL,83.3,49.2,65.0,32.7,PROVISIONAL,economics|moat|runway|mgmt|balance,,False,,246.98,56033754458.0,NASDAQ_PUBLIC_SCREENER,NUE,2026-09-24T19:02:43Z,,IOS_GENERAL,,NOT_CALCULATED,,True,BQS<60,,,,,,
NVDA,NVIDIA CORP,SEMICONDUCTOR,PRESENT,100.0,78.0,100.0,63.3,PROVISIONAL,moat|balance,,True,96,225.51,5434791000000.0,NASDAQ_PUBLIC_SCREENER,NVDA,2026-09-24T19:02:43Z,35.6,IOS_GENERAL,124,PROVISIONAL,BQS_PROVISIONAL,False,,0.105,0.0166,0.1166,-0.686,-0.781,-0.6
NVR,NVR INC,GENERAL,PRESENT,100.0,45.4,65.0,44.9,PROVISIONAL,economics|moat|balance,,True,290,6241.61,16633016825.0,NASDAQ_PUBLIC_SCREENER,NVR,2026-09-24T19:02:43Z,,IOS_GENERAL,,NOT_CALCULATED,,False,BQS<60,,,,,,
NWS,NEWS CORP CLASS B,GENERAL,PARTIAL,66.7,8.5,20.0,11.2,PROVISIONAL,economics|moat|runway|mgmt|balance|governance,,False,,31.22,16891663358.0,NASDAQ_PUBLIC_SCREENER,NWS,2026-09-24T19:02:43Z,,IOS_GENERAL,,NOT_CALCULATED,,False,BQS<60,,,,,,
NWSA,NEWS CORP CLASS A,GENERAL,PARTIAL,66.7,8.5,20.0,11.2,PROVISIONAL,economics|moat|runway|mgmt|balance|governance,,False,,28.12,15214400181.0,NASDAQ_PUBLIC_SCREENER,NWSA,2026-09-24T19:02:43Z,,IOS_GENERAL,,NOT_CALCULATED,,False,BQS<60,,,,,,
NXPI,NXP SEMICONDUCTORS NV,SEMICONDUCTOR,PRESENT,100.0,67.1,100.0,77.6,PROVISIONAL,moat,,True,180,235.44,59369533127.0,NASDAQ_PUBLIC_SCREENER,NXPI,2026-09-24T19:02:43Z,10.1,IOS_GENERAL,290,PROVISIONAL,BQS_PROVISIONAL,False,,0.12,0.033,0.033,-0.679,-0.726,-0.6
O,REALTY INCOME CORP,REIT,PRESENT,100.0,62.2,75.0,31.6,PROVISIONAL,economics|moat|runway|mgmt,,True,216,55.61,52619184815.0,NASDAQ_PUBLIC_SCREENER,O,2026-09-24T19:02:43Z,,IOS_REIT,,NOT_CALCULATED,,False,AFFO MISSING: FFO e capex di manutenzione non separati,,,,,,
ODFL,OLD DOMINION FREIGHT LINE,GENERAL,PARTIAL,83.3,68.7,75.0,30.6,PROVISIONAL,economics|moat|runway|balance,,False,,177.72,36851418862.0,NASDAQ_PUBLIC_SCREENER,ODFL,2026-09-24T19:02:43Z,10.3,IOS_GENERAL,285,PROVISIONAL,BQS_PROVISIONAL,False,,0.1,0.0256,0.0256,-0.686,-0.743,-0.595
OKE,ONEOK INC,UTILITY,PRESENT,100.0,65.1,100.0,68.4,PROVISIONAL,moat|mgmt,,True,192,90.54,57073669650.0,NASDAQ_PUBLIC_SCREENER,OKE,2026-09-24T19:02:43Z,21.7,IOS_GENERAL,189,PROVISIONAL,BQS_PROVISIONAL,False,,0.11,0.0429,0.0757,-0.239,-0.462,-0.039
OMC,OMNICOM GROUP,GENERAL,PARTIAL,83.3,54.9,100.0,62.2,PROVISIONAL,moat|mgmt|balance,,False,,75.49,20710377049.0,NASDAQ_PUBLIC_SCREENER,OMC,2026-09-24T19:02:43Z,,IOS_GENERAL,,NOT_CALCULATED,,True,BQS<60,,,,,,
ON,ON SEMICONDUCTOR,SEMICONDUCTOR,PRESENT,100.0,48.8,100.0,70.4,PROVISIONAL,moat|balance,,True,276,74.1,28848509223.0,NASDAQ_PUBLIC_SCREENER,ON,2026-09-24T19:02:43Z,,IOS_GENERAL,,NOT_CALCULATED,,False,BQS<60,,,,,,
ORCL,ORACLE CORP,SOFTWARE,PRESENT,100.0,67.0,100.0,63.3,PROVISIONAL,moat|balance,,True,183,144.56,437111276160.0,NASDAQ_PUBLIC_SCREENER,ORCL,2026-09-24T19:02:43Z,10.1,IOS_GENERAL,292,PROVISIONAL,BQS_PROVISIONAL|LEVERAGE_THRESHOLD_INDETERMINATE,True,,0.1,-0.0652,0.0181,-2.241,-1.854,-2.598
ORLY,O REILLY AUTOMOTIVE INC,GENERAL,PRESENT,100.0,70.0,100.0,70.4,PROVISIONAL,moat|balance,,True,160,85.9,69489732033.0,NASDAQ_PUBLIC_SCREENER,ORLY,2026-09-24T19:02:43Z,10.5,IOS_GENERAL,280,PROVISIONAL,BQS_PROVISIONAL|LEVERAGE_THRESHOLD_INDETERMINATE,True,,0.095,0.0224,-13.485,-0.598,-0.728,-0.476
OTIS,OTIS WORLDWIDE CORP,INDUSTRIAL,PRESENT,100.0,60.2,100.0,77.6,PROVISIONAL,moat,,True,237,68.32,26007329240.0,NASDAQ_PUBLIC_SCREENER,OTIS,2026-09-24T19:02:43Z,17.5,IOS_GENERAL,206,PROVISIONAL,BQS_PROVISIONAL,False,,0.11,0.0524,0.0703,-0.386,-0.523,-0.223
OXY,OCCIDENTAL PETROLEUM CORP,RESOURCES,PARTIAL,83.3,65.7,50.0,29.6,PROVISIONAL,economics|moat|mgmt|balance,,False,,57.36,57339199601.0,NASDAQ_PUBLIC_SCREENER,OXY,2026-09-24T19:02:43Z,20.9,IOS_GENERAL,191,PROVISIONAL,BQS_PROVISIONAL|LEVERAGE_THRESHOLD_INDETERMINATE,True,,0.11,0.0716,0.0716,-0.223,-0.349,-0.017
PANW,PALO ALTO NETWORKS INC,SEMICONDUCTOR,PRESENT,100.0,70.2,100.0,65.3,PROVISIONAL,moat|balance,BASE_EFFECT_SUSPECTED|PRIOR_YEAR_ONE_OFF_SUSPECTED,True,156,393.3,321719400000.0,NASDAQ_PUBLIC_SCREENER,PANW,2026-09-24T19:02:43Z,10.5,IOS_GENERAL,277,PROVISIONAL,BQS_PROVISIONAL|LEVERAGE_THRESHOLD_INDETERMINATE,True,,0.105,0.0068,-0.8969,-0.872,-0.911,-0.837
PAYX,PAYCHEX INC,GENERAL,PRESENT,100.0,82.5,100.0,70.4,PROVISIONAL,moat|balance,,True,64,104.49,37196399624.0,NASDAQ_PUBLIC_SCREENER,PAYX,2026-09-24T19:02:43Z,32.1,IOS_GENERAL,146,PROVISIONAL,BQS_PROVISIONAL|LEVERAGE_THRESHOLD_INDETERMINATE,True,,0.095,0.0429,0.102,-0.273,-0.507,-0.052
PCAR,PACCAR INC,INDUSTRIAL,PRESENT,100.0,60.3,65.0,37.8,PROVISIONAL,economics|moat|mgmt|balance,,True,236,112.09,59000247582.0,NASDAQ_PUBLIC_SCREENER,PCAR,2026-09-24T19:02:43Z,16.5,IOS_GENERAL,212,PROVISIONAL,BQS_PROVISIONAL|LEVERAGE_THRESHOLD_INDETERMINATE,True,,0.1,0.0623,0.0619,-0.236,-0.375,-0.014
PCG,P G + E CORP,UTILITY,PRESENT,100.0,62.0,100.0,61.2,PROVISIONAL,moat|mgmt,,True,219,12.41,33260171255.0,NASDAQ_PUBLIC_SCREENER,PCG,2026-09-24T19:02:43Z,9.3,IOS_GENERAL,302,PROVISIONAL,BQS_PROVISIONAL,False,,0.11,-0.0923,-0.0702,-2.224,-1.866,-2.548
PEG,PUBLIC SERVICE ENTERPRISE GP,UTILITY,PRESENT,100.0,73.5,100.0,61.2,PROVISIONAL,moat|mgmt,,True,127,67.31,33548652219.0,NASDAQ_PUBLIC_SCREENER,PEG,2026-09-24T19:02:43Z,20.6,IOS_GENERAL,192,PROVISIONAL,BQS_PROVISIONAL,False,,0.105,0.0008,0.0736,-0.988,-0.991,-0.984
PEP,PEPSICO INC,GENERAL,PRESENT,100.0,64.1,100.0,77.6,PROVISIONAL,moat,,True,200,130.18,177681583020.0,NASDAQ_PUBLIC_SCREENER,PEP,2026-09-24T19:02:43Z,17.9,IOS_GENERAL,204,PROVISIONAL,BQS_PROVISIONAL,False,,0.11,0.0416,0.0698,-0.492,-0.622,-0.357
PFE,PFIZER INC,GENERAL,PRESENT,100.0,45.7,75.0,48.0,PROVISIONAL,economics|moat,PRIOR_YEAR_ONE_OFF_SUSPECTED,True,286,28.18,160616801738.0,NASDAQ_PUBLIC_SCREENER,PFE,2026-09-24T19:02:43Z,,IOS_GENERAL,,NOT_CALCULATED,,False,BQS<60,,,,,,
PFG,PRINCIPAL FINANCIAL GROUP,INSURANCE,PARTIAL,83.3,45.2,90.0,42.9,PROVISIONAL,economics|moat|runway|mgmt|balance,PRIOR_YEAR_ONE_OFF_SUSPECTED,False,,113.92,24390800703.0,NASDAQ_PUBLIC_SCREENER,PFG,2026-09-24T19:02:43Z,,IOS_INSURANCE,,NOT_CALCULATED,,True,BQS<60,,,,,,
PG,PROCTER + GAMBLE CO/THE,GENERAL,PARTIAL,83.3,78.8,100.0,62.2,PROVISIONAL,moat|mgmt|balance,,False,,147.39,342598188713.0,NASDAQ_PUBLIC_SCREENER,PG,2026-09-24T19:02:43Z,15.9,IOS_GENERAL,215,PROVISIONAL,BQS_PROVISIONAL|LEVERAGE_THRESHOLD_INDETERMINATE,True,,0.095,0.0396,0.0564,-0.44,-0.581,-0.269
PGR,PROGRESSIVE CORP,INSURANCE,PRESENT,100.0,87.0,90.0,52.0,PROVISIONAL,economics|moat|mgmt|balance,,True,28,203.13,118094047640.0,NASDAQ_PUBLIC_SCREENER,PGR,2026-09-24T19:02:43Z,,IOS_INSURANCE,,NOT_CALCULATED,,True,combined ratio MISSING: sottoscrizione non valutabile,,,,,,
PH,PARKER HANNIFIN CORP,INDUSTRIAL,PARTIAL,83.3,77.1,65.0,36.7,PROVISIONAL,economics|moat|mgmt|balance,,False,,971.21,122481638572.0,NASDAQ_PUBLIC_SCREENER,PH,2026-09-24T19:02:43Z,31.1,IOS_GENERAL,153,PROVISIONAL,BQS_PROVISIONAL|LEVERAGE_THRESHOLD_INDETERMINATE,True,,0.095,0.026,0.1036,-0.525,-0.678,-0.38
PHM,PULTEGROUP INC,GENERAL,PRESENT,100.0,59.8,65.0,44.9,PROVISIONAL,economics|moat|balance,,True,240,118.71,22252491023.0,NASDAQ_PUBLIC_SCREENER,PHM,2026-09-24T19:02:43Z,,IOS_GENERAL,,NOT_CALCULATED,,False,BQS<60,,,,,,
PKG,PACKAGING CORP OF AMERICA,GENERAL,PARTIAL,83.3,67.6,90.0,59.2,PROVISIONAL,moat|mgmt|balance,,False,,240.98,21470908093.0,NASDAQ_PUBLIC_SCREENER,PKG,2026-09-24T19:02:43Z,13.0,IOS_GENERAL,232,PROVISIONAL,BQS_PROVISIONAL|LEVERAGE_THRESHOLD_INDETERMINATE,True,,0.1,0.0318,0.0515,-0.575,-0.681,-0.451
PLD,PROLOGIS INC,REIT,PRESENT,100.0,63.2,100.0,48.0,PROVISIONAL,economics|moat|mgmt,,True,209,133.96,127004260960.0,NASDAQ_PUBLIC_SCREENER,PLD,2026-09-24T19:02:43Z,,IOS_REIT,,NOT_CALCULATED,,False,AFFO MISSING: FFO e capex di manutenzione non separati,,,,,,
PLTR,PALANTIR TECHNOLOGIES INC A,SOFTWARE,PRESENT,100.0,69.7,90.0,62.2,PROVISIONAL,moat|balance,BASE_EFFECT_SUSPECTED,True,162,191.79,460689836929.0,NASDAQ_PUBLIC_SCREENER,PLTR,2026-09-24T19:02:43Z,14.6,IOS_GENERAL,221,PROVISIONAL,BQS_PROVISIONAL,False,,0.1,0.0031,0.0564,-0.938,-0.957,-0.92
PM,PHILIP MORRIS INTERNATIONAL,GENERAL,PARTIAL,83.3,76.9,85.0,62.2,PROVISIONAL,moat|mgmt,BASE_EFFECT_SUSPECTED,False,,190.84,297445788699.0,NASDAQ_PUBLIC_SCREENER,PM,2026-09-24T19:02:43Z,37.1,IOS_GENERAL,111,PROVISIONAL,BQS_PROVISIONAL,False,,0.105,0.0359,0.1216,-0.409,-0.587,-0.247
PNC,PNC FINANCIAL SERVICES GROUP,BANK,PRESENT,100.0,54.9,100.0,63.3,PROVISIONAL,moat|runway|mgmt,,True,259,224.03,89375349718.0,NASDAQ_PUBLIC_SCREENER,PNC,2026-09-24T19:02:43Z,,IOS_BANK,,NOT_CALCULATED,,False,BQS<60,,,,,,
PNR,PENTAIR PLC,INDUSTRIAL,PRESENT,100.0,81.9,100.0,70.4,PROVISIONAL,moat|balance,,True,69,55.25,8819996738.0,NASDAQ_PUBLIC_SCREENER,PNR,2026-09-24T19:02:43Z,39.4,IOS_GENERAL,101,PROVISIONAL,BQS_PROVISIONAL|LEVERAGE_THRESHOLD_INDETERMINATE,True,,0.095,0.0804,0.0847,0.077,-0.149,0.406
PNW,PINNACLE WEST CAPITAL,UTILITY,PRESENT,100.0,73.2,100.0,64.3,PROVISIONAL,moat|mgmt,,True,130,92.05,11156205390.0,NASDAQ_PUBLIC_SCREENER,PNW,2026-09-24T19:02:43Z,11.0,IOS_GENERAL,267,PROVISIONAL,BQS_PROVISIONAL,False,,0.105,-0.0759,-0.0524,-2.187,-1.829,-2.514
PODD,INSULET CORP,GENERAL,PRESENT,100.0,82.7,100.0,63.3,PROVISIONAL,moat|balance,BASE_EFFECT_SUSPECTED,True,63,136.49,9466154622.0,NASDAQ_PUBLIC_SCREENER,PODD,2026-09-24T19:02:43Z,42.5,IOS_GENERAL,89,PROVISIONAL,BQS_PROVISIONAL,False,,0.095,0.0333,0.1333,-0.276,-0.51,-0.057
PPG,PPG INDUSTRIES INC,GENERAL,PARTIAL,83.3,60.2,65.0,36.7,PROVISIONAL,economics|moat|mgmt|balance,,False,,107.2,23830560000.0,NASDAQ_PUBLIC_SCREENER,PPG,2026-09-24T19:02:43Z,10.7,IOS_GENERAL,275,PROVISIONAL,BQS_PROVISIONAL|LEVERAGE_THRESHOLD_INDETERMINATE,True,,0.1,0.0469,0.0469,-0.425,-0.53,-0.257
PPL,PPL CORP,UTILITY,PRESENT,100.0,75.7,100.0,64.3,PROVISIONAL,moat|mgmt,,True,110,32.25,24269571122.0,NASDAQ_PUBLIC_SCREENER,PPL,2026-09-24T19:02:43Z,11.4,IOS_GENERAL,253,PROVISIONAL,BQS_PROVISIONAL,False,,0.105,-0.0597,-0.0185,-1.836,-1.584,-2.067
PRU,PRUDENTIAL FINANCIAL INC,INSURANCE,PARTIAL,83.3,40.3,75.0,35.7,PROVISIONAL,economics|moat|runway|mgmt|balance,,False,,117.59,40568550000.0,NASDAQ_PUBLIC_SCREENER,PRU,2026-09-24T19:02:43Z,,IOS_INSURANCE,,NOT_CALCULATED,,True,BQS<60,,,,,,
PSA,PUBLIC STORAGE,REIT,PRESENT,100.0,72.6,75.0,35.7,PROVISIONAL,economics|moat|runway,,True,135,286.73,50355847752.0,NASDAQ_PUBLIC_SCREENER,PSA,2026-09-24T19:02:43Z,,IOS_REIT,,NOT_CALCULATED,,False,AFFO MISSING: FFO e capex di manutenzione non separati,,,,,,
PSKY,PARAMOUNT SKYDANCE CL B,GENERAL,PRESENT,100.0,12.1,75.0,42.9,PROVISIONAL,moat|runway|mgmt,BASE_EFFECT_SUSPECTED,True,322,9.96,11174579959.0,NASDAQ_PUBLIC_SCREENER,PSKY,2026-09-24T19:02:43Z,,IOS_GENERAL,,NOT_CALCULATED,,False,BQS<60,,,,,,
PSX,PHILLIPS 66,RESOURCES,PRESENT,100.0,58.6,75.0,25.5,PROVISIONAL,economics|moat|runway|mgmt,,True,245,256.48,102340884536.0,NASDAQ_PUBLIC_SCREENER,PSX,2026-09-24T19:02:43Z,,IOS_GENERAL,,NOT_CALCULATED,,False,BQS<60,,,,,,
PTC,PTC INC,SOFTWARE,PRESENT,100.0,87.3,100.0,70.4,PROVISIONAL,moat|balance,BASE_EFFECT_SUSPECTED,True,26,140.4,15234279044.0,NASDAQ_PUBLIC_SCREENER,PTC,2026-09-24T19:02:43Z,51.3,IOS_GENERAL,64,PROVISIONAL,BQS_PROVISIONAL|LEVERAGE_THRESHOLD_INDETERMINATE,True,,0.095,0.042,0.1418,-0.086,-0.381,0.191
PWR,QUANTA SERVICES INC,INDUSTRIAL,PRESENT,100.0,67.3,100.0,70.4,PROVISIONAL,moat|balance,,True,178,634.9,93539676687.0,NASDAQ_PUBLIC_SCREENER,PWR,2026-09-24T19:02:43Z,30.8,IOS_GENERAL,155,PROVISIONAL,BQS_PROVISIONAL|LEVERAGE_THRESHOLD_INDETERMINATE,True,,0.1,0.0154,0.1072,-0.689,-0.786,-0.599
PYPL,PAYPAL HOLDINGS INC,SOFTWARE,PRESENT,100.0,81.8,100.0,70.4,PROVISIONAL,moat|balance,,True,70,52.51,44920250494.0,NASDAQ_PUBLIC_SCREENER,PYPL,2026-09-24T19:02:43Z,93.3,IOS_GENERAL,17,PROVISIONAL,BQS_PROVISIONAL|LEVERAGE_THRESHOLD_INDETERMINATE,True,,0.095,0.1016,0.1658,0.756,0.191,1.292
Q,QNITY ELECTRONICS INC,SEMICONDUCTOR,PRESENT,100.0,70.2,65.0,26.5,PROVISIONAL,economics|moat|runway|mgmt|balance,,True,157,124.5,26046463604.0,NASDAQ_PUBLIC_SCREENER,Q,2026-09-24T19:02:43Z,10.5,IOS_GENERAL,278,PROVISIONAL,BQS_PROVISIONAL|LEVERAGE_THRESHOLD_INDETERMINATE,True,,0.105,0.0372,0.0353,-0.572,-0.645,-0.453
QCOM,QUALCOMM INC,SEMICONDUCTOR,PRESENT,100.0,78.7,100.0,70.4,PROVISIONAL,moat|balance,BASE_EFFECT_SUSPECTED,True,91,197.24,207148138578.0,NASDAQ_PUBLIC_SCREENER,QCOM,2026-09-24T19:02:43Z,14.1,IOS_GENERAL,224,PROVISIONAL,BQS_PROVISIONAL,False,,0.105,0.0485,0.0491,-0.44,-0.538,-0.285
RCL,ROYAL CARIBBEAN CRUISES LTD,GENERAL,PARTIAL,83.3,74.9,100.0,60.2,PROVISIONAL,moat|runway|mgmt,BASE_EFFECT_SUSPECTED,False,,230.3,61594214945.0,NASDAQ_PUBLIC_SCREENER,RCL,2026-09-24T19:02:43Z,35.3,IOS_GENERAL,126,PROVISIONAL,BQS_PROVISIONAL,False,,0.105,0.0172,0.1172,-0.674,-0.773,-0.585
RDDT,REDDIT INC CL A,SOFTWARE,PRESENT,100.0,41.8,65.0,35.7,PROVISIONAL,moat|runway|mgmt|balance,BASE_EFFECT_SUSPECTED,True,297,151.98,29240421590.0,NASDAQ_PUBLIC_SCREENER,RDDT,2026-09-24T19:02:43Z,,IOS_GENERAL,,NOT_CALCULATED,,False,BQS<60,,,,,,
REG,REGENCY CENTERS CORP,REIT,PARTIAL,83.3,71.0,75.0,26.5,PROVISIONAL,economics|moat|runway|mgmt,,False,,72.73,13318357383.0,NASDAQ_PUBLIC_SCREENER,REG,2026-09-24T19:02:43Z,,IOS_REIT,,NOT_CALCULATED,,False,AFFO MISSING: FFO e capex di manutenzione non separati,,,,,,
REGN,REGENERON PHARMACEUTICALS,GENERAL,PRESENT,100.0,75.1,100.0,70.4,PROVISIONAL,moat|balance,,True,114,801.82,82551368478.0,NASDAQ_PUBLIC_SCREENER,REGN,2026-09-24T19:02:43Z,27.5,IOS_GENERAL,168,PROVISIONAL,BQS_PROVISIONAL,False,,0.095,0.0374,0.0936,-0.375,-0.576,-0.184
RF,REGIONS FINANCIAL CORP,BANK,PARTIAL,83.3,70.3,80.0,50.0,PROVISIONAL,moat|runway|mgmt,,False,,27.39,23334349169.0,NASDAQ_PUBLIC_SCREENER,RF,2026-09-24T19:02:43Z,56.3,IOS_BANK,55,PROVISIONAL,BQS_PROVISIONAL,False,,0.105,0.0924,0.1577,-0.015,-0.261,0.281
RJF,RAYMOND JAMES FINANCIAL INC,ASSETMGR_EXCH,PRESENT,100.0,83.7,90.0,60.2,PROVISIONAL,moat|runway|mgmt|balance,,True,52,158.23,30437393532.0,NASDAQ_PUBLIC_SCREENER,RJF,2026-09-24T19:02:43Z,90.9,IOS_BANK,21,PROVISIONAL,BQS_PROVISIONAL|LEVERAGE_THRESHOLD_INDETERMINATE,True,,0.095,0.0701,0.1451,0.967,0.475,1.557
RL,RALPH LAUREN CORP,GENERAL,PRESENT,100.0,84.9,100.0,51.0,PROVISIONAL,economics|moat|balance,,True,42,337.47,20107218195.0,NASDAQ_PUBLIC_SCREENER,RL,2026-09-24T19:02:43Z,48.8,IOS_GENERAL,67,PROVISIONAL,BQS_PROVISIONAL,False,,0.095,0.0519,0.1318,-0.042,-0.351,0.249
RMD,RESMED INC,GENERAL,PRESENT,100.0,92.1,100.0,70.4,PROVISIONAL,moat|balance,,True,6,222.3,32067287624.0,NASDAQ_PUBLIC_SCREENER,RMD,2026-09-24T19:02:43Z,60.0,IOS_GENERAL,50,PROVISIONAL,BQS_PROVISIONAL,False,,0.095,0.049,0.149,0.065,-0.279,0.387
ROK,ROCKWELL AUTOMATION INC,GENERAL,PRESENT,100.0,73.3,65.0,44.9,PROVISIONAL,economics|moat|balance,,True,129,432.89,48169381514.0,NASDAQ_PUBLIC_SCREENER,ROK,2026-09-24T19:02:43Z,13.7,IOS_GENERAL,226,PROVISIONAL,BQS_PROVISIONAL|LEVERAGE_THRESHOLD_INDETERMINATE,True,,0.095,0.0264,0.0508,-0.614,-0.72,-0.496
ROL,ROLLINS INC,GENERAL,PRESENT,100.0,85.9,100.0,70.4,PROVISIONAL,moat|balance,,True,34,32.49,15632414176.0,NASDAQ_PUBLIC_SCREENER,ROL,2026-09-24T19:02:43Z,48.1,IOS_GENERAL,69,PROVISIONAL,BQS_PROVISIONAL,False,,0.095,0.039,0.139,-0.16,-0.431,0.095
ROP,ROPER TECHNOLOGIES INC,GENERAL,PRESENT,100.0,84.5,100.0,58.2,PROVISIONAL,economics|moat,,True,44,366.36,36233324199.0,NASDAQ_PUBLIC_SCREENER,ROP,2026-09-24T19:02:43Z,72.2,IOS_GENERAL,36,PROVISIONAL,BQS_PROVISIONAL,False,,0.105,0.0655,0.1637,0.239,-0.135,0.579
ROST,ROSS STORES INC,GENERAL,PRESENT,100.0,70.3,75.0,57.1,PROVISIONAL,moat|balance,,True,152,233.98,74745638678.0,NASDAQ_PUBLIC_SCREENER,ROST,2026-09-24T19:02:43Z,27.1,IOS_GENERAL,170,PROVISIONAL,BQS_PROVISIONAL,False,,0.095,0.0272,0.0948,-0.523,-0.677,-0.378
RSG,REPUBLIC SERVICES INC,UTILITY,PRESENT,100.0,83.3,100.0,68.4,PROVISIONAL,moat|mgmt,,True,55,213.1,65253985612.0,NASDAQ_PUBLIC_SCREENER,RSG,2026-09-24T19:02:43Z,33.4,IOS_GENERAL,139,PROVISIONAL,BQS_PROVISIONAL,False,,0.105,0.0369,0.1078,-0.428,-0.6,-0.27
RTX,RTX CORP,GENERAL,PRESENT,100.0,64.0,100.0,63.3,PROVISIONAL,moat|balance,,True,202,192.19,259025637695.0,NASDAQ_PUBLIC_SCREENER,RTX,2026-09-24T19:02:43Z,33.4,IOS_GENERAL,141,PROVISIONAL,BQS_PROVISIONAL|LEVERAGE_THRESHOLD_INDETERMINATE,True,,0.1,0.0286,0.1164,-0.471,-0.636,-0.319
RVTY,REVVITY INC,GENERAL,PARTIAL,83.3,61.9,100.0,62.2,PROVISIONAL,moat|mgmt|balance,,False,,142.11,15857543446.0,NASDAQ_PUBLIC_SCREENER,RVTY,2026-09-24T19:02:43Z,9.3,IOS_GENERAL,303,PROVISIONAL,BQS_PROVISIONAL|LEVERAGE_THRESHOLD_INDETERMINATE,True,,0.1,0.0307,0.0307,-0.623,-0.692,-0.514
SBAC,SBA COMMUNICATIONS CORP,REIT,PRESENT,100.0,21.2,100.0,63.3,PROVISIONAL,economics|moat,BASE_EFFECT_SUSPECTED,True,319,170.53,18091205398.0,NASDAQ_PUBLIC_SCREENER,SBAC,2026-09-24T19:02:43Z,,IOS_REIT,,NOT_CALCULATED,,False,BQS<60,,,,,,
SBUX,STARBUCKS CORP,GENERAL,PRESENT,100.0,51.1,100.0,70.4,PROVISIONAL,moat|balance,,True,271,94.14,107319600000.0,NASDAQ_PUBLIC_SCREENER,SBUX,2026-09-24T19:02:43Z,,IOS_GENERAL,,NOT_CALCULATED,,True,BQS<60,,,,,,
SCHW,SCHWAB (CHARLES) CORP,ASSETMGR_EXCH,PRESENT,100.0,85.0,90.0,71.4,PROVISIONAL,moat|balance,,True,41,99.5,172068903543.0,NASDAQ_PUBLIC_SCREENER,SCHW,2026-09-24T19:02:43Z,74.6,IOS_BANK,34,PROVISIONAL,BQS_PROVISIONAL|LEVERAGE_THRESHOLD_INDETERMINATE,True,,0.095,0.0514,0.1264,0.495,0.121,0.944
SHW,SHERWIN WILLIAMS CO/THE,GENERAL,PRESENT,100.0,62.3,75.0,52.0,PROVISIONAL,economics|moat,,True,215,326.46,79250825975.0,NASDAQ_PUBLIC_SCREENER,SHW,2026-09-24T19:02:43Z,12.6,IOS_GENERAL,238,PROVISIONAL,BQS_PROVISIONAL,False,,0.11,0.0319,0.0529,-0.621,-0.71,-0.521
SJM,JM SMUCKER CO/THE,GENERAL,PARTIAL,66.7,30.1,75.0,26.5,PROVISIONAL,economics|moat|runway|mgmt,BASE_EFFECT_SUSPECTED,False,,122.41,13076225831.0,NASDAQ_PUBLIC_SCREENER,SJM,2026-09-24T19:02:43Z,,IOS_GENERAL,,NOT_CALCULATED,,False,BQS<60,,,,,,
SLB,SLB LTD,RESOURCES,PRESENT,100.0,77.0,65.0,44.9,PROVISIONAL,economics|moat|balance,,True,103,51.87,76982509392.0,NASDAQ_PUBLIC_SCREENER,SLB,2026-09-24T19:02:43Z,50.2,IOS_GENERAL,65,PROVISIONAL,BQS_PROVISIONAL|LEVERAGE_THRESHOLD_INDETERMINATE,True,,0.105,0.058,0.1405,-0.054,-0.34,0.206
SMCI,SUPER MICRO COMPUTER INC,SEMICONDUCTOR,PRESENT,100.0,67.8,100.0,63.3,PROVISIONAL,moat|balance,,True,173,41.44,27224645513.0,NASDAQ_PUBLIC_SCREENER,SMCI,2026-09-24T19:02:43Z,31.5,IOS_GENERAL,149,PROVISIONAL,BQS_PROVISIONAL,False,,0.11,0.0447,0.1011,-0.206,-0.439,0.003
SNA,SNAP ON INC,INDUSTRIAL,PRESENT,100.0,78.7,100.0,51.0,PROVISIONAL,economics|moat|balance,,True,92,370.25,19151967661.0,NASDAQ_PUBLIC_SCREENER,SNA,2026-09-24T19:02:43Z,24.7,IOS_GENERAL,176,PROVISIONAL,BQS_PROVISIONAL,False,,0.095,0.055,0.0761,-0.208,-0.418,0.034
SNDK,SANDISK CORP,SEMICONDUCTOR,PRESENT,100.0,19.8,75.0,45.9,PROVISIONAL,moat|runway|mgmt,BASE_EFFECT_SUSPECTED,True,320,1816.57,265980364647.0,NASDAQ_PUBLIC_SCREENER,SNDK,2026-09-24T19:02:43Z,,IOS_GENERAL,,NOT_CALCULATED,,False,BQS<60,,,,,,
SNPS,SYNOPSYS INC,SOFTWARE,PRESENT,100.0,50.8,100.0,77.6,PROVISIONAL,moat,,True,272,413.06,79157432997.0,NASDAQ_PUBLIC_SCREENER,SNPS,2026-09-24T19:02:43Z,,IOS_GENERAL,,NOT_CALCULATED,,False,BQS<60,,,,,,
SO,SOUTHERN CO/THE,UTILITY,PRESENT,100.0,67.8,100.0,61.2,PROVISIONAL,moat|mgmt,,True,174,83.47,96020796772.0,NASDAQ_PUBLIC_SCREENER,SO,2026-09-24T19:02:43Z,10.2,IOS_GENERAL,288,PROVISIONAL,BQS_PROVISIONAL,False,,0.11,-0.0306,-0.0338,-1.336,-1.278,-1.425
SOLV,SOLVENTUM CORP,GENERAL,PRESENT,100.0,34.9,75.0,45.9,PROVISIONAL,moat|runway|mgmt,BASE_EFFECT_SUSPECTED,True,310,88.37,15042670932.0,NASDAQ_PUBLIC_SCREENER,SOLV,2026-09-24T19:02:43Z,,IOS_GENERAL,,NOT_CALCULATED,,False,BQS<60,,,,,,
SPG,SIMON PROPERTY GROUP INC,REIT,PARTIAL,83.3,56.4,85.0,48.0,PROVISIONAL,economics|moat|mgmt,BASE_EFFECT_SUSPECTED,False,,204.16,66056277302.0,NASDAQ_PUBLIC_SCREENER,SPG,2026-09-24T19:02:43Z,,IOS_REIT,,NOT_CALCULATED,,False,BQS<60,,,,,,
SPGI,S+P GLOBAL INC,GENERAL,PRESENT,100.0,90.2,100.0,70.4,PROVISIONAL,moat|balance,,True,11,406.5,119836200000.0,NASDAQ_PUBLIC_SCREENER,SPGI,2026-09-24T19:02:43Z,52.3,IOS_GENERAL,62,PROVISIONAL,BQS_PROVISIONAL|LEVERAGE_THRESHOLD_INDETERMINATE,True,,0.095,0.0436,0.1436,-0.086,-0.381,0.191
SRE,SEMPRA,UTILITY,PARTIAL,83.3,61.4,55.0,24.5,PROVISIONAL,economics|moat|runway,,False,,79.0,51658127492.0,NASDAQ_PUBLIC_SCREENER,SRE,2026-09-24T19:02:43Z,9.2,IOS_GENERAL,307,PROVISIONAL,BQS_PROVISIONAL,False,,0.11,-0.1183,-0.1432,-2.284,-2.075,-2.625
STE,STERIS PLC,GENERAL,PARTIAL,83.3,85.6,100.0,62.2,PROVISIONAL,moat|mgmt|balance,,False,,209.98,20473073098.0,NASDAQ_PUBLIC_SCREENER,STE,2026-09-24T19:02:43Z,35.0,IOS_GENERAL,128,PROVISIONAL,BQS_PROVISIONAL,False,,0.095,0.0445,0.1063,-0.238,-0.484,-0.006
STLD,STEEL DYNAMICS INC,GENERAL,PRESENT,100.0,56.0,100.0,70.4,PROVISIONAL,moat|balance,,True,253,234.29,33580337738.0,NASDAQ_PUBLIC_SCREENER,STLD,2026-09-24T19:02:43Z,,IOS_GENERAL,,NOT_CALCULATED,,True,BQS<60,,,,,,
STT,STATE STREET CORP,BANK,PRESENT,100.0,59.3,100.0,74.5,PROVISIONAL,moat|mgmt,,True,241,179.95,49432582612.0,NASDAQ_PUBLIC_SCREENER,STT,2026-09-24T19:02:43Z,,IOS_BANK,,NOT_CALCULATED,,False,BQS<60,,,,,,
STX,SEAGATE TECHNOLOGY HOLDINGS,SEMICONDUCTOR,PRESENT,100.0,41.5,100.0,77.6,PROVISIONAL,moat,,True,298,923.86,211303920527.0,NASDAQ_PUBLIC_SCREENER,STX,2026-09-24T19:02:43Z,,IOS_GENERAL,,NOT_CALCULATED,,False,BQS<60,,,,,,
STZ,CONSTELLATION BRANDS INC A,GENERAL,PARTIAL,83.3,65.5,100.0,69.4,PROVISIONAL,moat|mgmt,BASE_EFFECT_SUSPECTED,False,,116.57,19907642051.0,NASDAQ_PUBLIC_SCREENER,STZ,2026-09-24T19:02:43Z,30.4,IOS_GENERAL,159,PROVISIONAL,BQS_PROVISIONAL,False,,0.11,0.0867,0.0867,-0.059,-0.212,0.191
SW,SMURFIT WESTROCK PLC,GENERAL,PARTIAL,0.0,,,0.0,NOT_CALCULATED,,,False,,46.49,24385069993.0,NASDAQ_PUBLIC_SCREENER,SW,2026-09-24T19:02:43Z,,IOS_GENERAL,,NOT_CALCULATED,,False,,,,,,,
SWK,STANLEY BLACK + DECKER INC,INDUSTRIAL,PARTIAL,83.3,29.7,75.0,39.8,PROVISIONAL,economics|moat|runway|mgmt,,False,,91.76,13857286978.0,NASDAQ_PUBLIC_SCREENER,SWK,2026-09-24T19:02:43Z,,IOS_GENERAL,,NOT_CALCULATED,,False,BQS<60,,,,,,
SWKS,SKYWORKS SOLUTIONS INC,SEMICONDUCTOR,PRESENT,100.0,69.5,100.0,70.4,PROVISIONAL,moat|balance,,True,164,91.45,13760735914.0,NASDAQ_PUBLIC_SCREENER,SWKS,2026-09-24T19:02:43Z,16.6,IOS_GENERAL,210,PROVISIONAL,BQS_PROVISIONAL,False,,0.11,0.0635,0.0635,-0.311,-0.423,-0.128
SYF,SYNCHRONY FINANCIAL,BANK,PARTIAL,66.7,98.5,65.0,44.9,PROVISIONAL,moat|runway|mgmt,,False,,70.67,26293306917.0,NASDAQ_PUBLIC_SCREENER,SYF,2026-09-24T19:02:43Z,,IOS_BANK,,NOT_CALCULATED,,False,coverage<70,,,,,,
SYK,STRYKER CORP,GENERAL,PRESENT,100.0,84.2,100.0,66.3,PROVISIONAL,moat|balance,,True,45,273.4,104868870776.0,NASDAQ_PUBLIC_SCREENER,SYK,2026-09-24T19:02:43Z,45.8,IOS_GENERAL,75,PROVISIONAL,BQS_PROVISIONAL|LEVERAGE_THRESHOLD_INDETERMINATE,True,,0.095,0.0385,0.1362,-0.201,-0.459,0.041
SYY,SYSCO CORP,GENERAL,PRESENT,100.0,58.6,100.0,77.6,PROVISIONAL,moat,,True,244,77.14,37946242874.0,NASDAQ_PUBLIC_SCREENER,SYY,2026-09-24T19:02:43Z,,IOS_GENERAL,,NOT_CALCULATED,,False,BQS<60,,,,,,
T,AT+T INC,GENERAL,PARTIAL,83.3,62.9,85.0,45.9,PROVISIONAL,moat|runway|mgmt|balance,BASE_EFFECT_SUSPECTED,False,,25.3,173365356945.0,NASDAQ_PUBLIC_SCREENER,T,2026-09-24T19:02:43Z,69.1,IOS_GENERAL,37,PROVISIONAL,BQS_PROVISIONAL|LEVERAGE_THRESHOLD_INDETERMINATE,True,,0.1,0.1121,0.1255,0.458,0.126,0.882
TAP,MOLSON COORS BEVERAGE CO B,GENERAL,PRESENT,100.0,45.5,100.0,72.4,PROVISIONAL,moat,BASE_EFFECT_SUSPECTED,True,288,36.62,6827943026.0,NASDAQ_PUBLIC_SCREENER,TAP,2026-09-24T19:02:43Z,,IOS_GENERAL,,NOT_CALCULATED,,False,BQS<60,,,,,,
TDG,TRANSDIGM GROUP INC,INDUSTRIAL,PRESENT,100.0,78.5,100.0,70.4,PROVISIONAL,moat|mgmt,,True,93,1105.28,61096037552.0,NASDAQ_PUBLIC_SCREENER,TDG,2026-09-24T19:02:43Z,37.7,IOS_GENERAL,107,PROVISIONAL,BQS_PROVISIONAL,False,,0.105,0.0297,0.1228,-0.438,-0.608,-0.284
TDY,TELEDYNE TECHNOLOGIES INC,INDUSTRIAL,PRESENT,100.0,80.2,100.0,63.3,PROVISIONAL,moat|mgmt|balance,,True,79,621.05,28789190717.0,NASDAQ_PUBLIC_SCREENER,TDY,2026-09-24T19:02:43Z,22.3,IOS_GENERAL,186,PROVISIONAL,BQS_PROVISIONAL|LEVERAGE_THRESHOLD_INDETERMINATE,True,,0.095,0.0373,0.0759,-0.421,-0.605,-0.244
TECH,BIO TECHNE CORP,GENERAL,PRESENT,100.0,62.6,100.0,70.4,PROVISIONAL,moat|balance,,True,212,72.52,11372458620.0,NASDAQ_PUBLIC_SCREENER,TECH,2026-09-24T19:02:43Z,12.4,IOS_GENERAL,240,PROVISIONAL,BQS_PROVISIONAL|LEVERAGE_THRESHOLD_INDETERMINATE,True,,0.1,0.019,0.0522,-0.732,-0.81,-0.654
TEL,TE CONNECTIVITY PLC,GENERAL,PRESENT,100.0,82.9,100.0,70.4,PROVISIONAL,moat|balance,BASE_EFFECT_SUSPECTED,True,60,214.39,62068740951.0,NASDAQ_PUBLIC_SCREENER,TEL,2026-09-24T19:02:43Z,20.5,IOS_GENERAL,194,PROVISIONAL,BQS_PROVISIONAL,False,,0.095,0.0492,0.0689,-0.296,-0.479,-0.08
TER,TERADYNE INC,SEMICONDUCTOR,PRESENT,100.0,74.2,100.0,70.4,PROVISIONAL,moat|balance,,True,122,389.14,60838439455.0,NASDAQ_PUBLIC_SCREENER,TER,2026-09-24T19:02:43Z,11.1,IOS_GENERAL,261,PROVISIONAL,BQS_PROVISIONAL,False,,0.105,0.0064,0.01,-0.926,-0.939,-0.905
TFC,TRUIST FINANCIAL CORP,BANK,PARTIAL,83.3,52.9,80.0,50.0,PROVISIONAL,moat|runway|mgmt,,False,,47.0,57416430836.0,NASDAQ_PUBLIC_SCREENER,TFC,2026-09-24T19:02:43Z,,IOS_BANK,,NOT_CALCULATED,,False,BQS<60,,,,,,
TGT,TARGET CORP,GENERAL,PRESENT,100.0,61.9,100.0,63.3,PROVISIONAL,moat|balance,,True,220,156.26,70988407967.0,NASDAQ_PUBLIC_SCREENER,TGT,2026-09-24T19:02:43Z,9.3,IOS_GENERAL,304,PROVISIONAL,BQS_PROVISIONAL|LEVERAGE_THRESHOLD_INDETERMINATE,True,,0.1,0.036,0.036,-0.558,-0.639,-0.43
TJX,TJX COMPANIES INC,GENERAL,PARTIAL,83.3,97.8,65.0,22.4,PROVISIONAL,economics|moat|runway|balance,,False,,131.59,144745586687.0,NASDAQ_PUBLIC_SCREENER,TJX,2026-09-24T19:02:43Z,14.7,IOS_GENERAL,219,PROVISIONAL,BQS_PROVISIONAL,False,,0.095,0.0325,0.0325,-0.573,-0.656,-0.442
TKO,TKO GROUP HOLDINGS INC,GENERAL,PRESENT,100.0,69.1,80.0,38.8,PROVISIONAL,economics|moat|runway|balance,BASE_EFFECT_SUSPECTED,True,167,189.08,35787117334.0,NASDAQ_PUBLIC_SCREENER,TKO,2026-09-24T19:02:43Z,10.4,IOS_GENERAL,283,PROVISIONAL,BQS_PROVISIONAL|LEVERAGE_THRESHOLD_INDETERMINATE,True,,0.1,0.0326,-0.0962,-0.599,-0.672,-0.483
TMO,THERMO FISHER SCIENTIFIC INC,GENERAL,PRESENT,100.0,61.5,100.0,77.6,PROVISIONAL,moat,,True,223,665.3,245992869376.0,NASDAQ_PUBLIC_SCREENER,TMO,2026-09-24T19:02:43Z,9.2,IOS_GENERAL,306,PROVISIONAL,BQS_PROVISIONAL,False,,0.11,0.0243,0.0243,-0.736,-0.779,-0.666
TMUS,T MOBILE US INC,GENERAL,PRESENT,100.0,86.1,90.0,67.3,PROVISIONAL,moat|balance,,True,33,165.66,177698779410.0,NASDAQ_PUBLIC_SCREENER,TMUS,2026-09-24T19:02:43Z,75.9,IOS_GENERAL,32,PROVISIONAL,BQS_PROVISIONAL|LEVERAGE_THRESHOLD_INDETERMINATE,True,,0.095,0.0966,0.1319,0.479,0.023,0.93
TPL,TEXAS PACIFIC LAND CORP,REIT,PRESENT,100.0,66.9,75.0,38.8,PROVISIONAL,economics|moat|balance,,True,187,335.74,23157560070.0,NASDAQ_PUBLIC_SCREENER,TPL,2026-09-24T19:02:43Z,,IOS_REIT,,NOT_CALCULATED,,False,AFFO MISSING: FFO e capex di manutenzione non separati,,,,,,
TPR,TAPESTRY INC,GENERAL,PRESENT,100.0,58.8,100.0,70.4,PROVISIONAL,moat|balance,,True,243,110.51,22034774336.0,NASDAQ_PUBLIC_SCREENER,TPR,2026-09-24T19:02:43Z,,IOS_GENERAL,,NOT_CALCULATED,,True,BQS<60,,,,,,
TRGP,TARGA RESOURCES CORP,UTILITY,PRESENT,100.0,75.7,100.0,72.4,PROVISIONAL,moat,,True,108,283.01,60686123253.0,NASDAQ_PUBLIC_SCREENER,TRGP,2026-09-24T19:02:43Z,11.4,IOS_GENERAL,254,PROVISIONAL,BQS_PROVISIONAL,False,,0.105,0.0085,0.0085,-0.902,-0.919,-0.875
TRMB,TRIMBLE INC,GENERAL,PRESENT,100.0,64.4,100.0,70.4,PROVISIONAL,moat|balance,BASE_EFFECT_SUSPECTED|PRIOR_YEAR_ONE_OFF_SUSPECTED,True,198,59.32,13832228583.0,NASDAQ_PUBLIC_SCREENER,TRMB,2026-09-24T19:02:43Z,9.7,IOS_GENERAL,297,PROVISIONAL,BQS_PROVISIONAL|LEVERAGE_THRESHOLD_INDETERMINATE,True,,0.1,0.0155,0.0155,-0.81,-0.844,-0.754
TROW,T ROWE PRICE GROUP INC,ASSETMGR_EXCH,PARTIAL,83.3,73.2,90.0,76.5,PROVISIONAL,mgmt|balance,,False,,104.57,22306438435.0,NASDAQ_PUBLIC_SCREENER,TROW,2026-09-24T19:02:43Z,95.0,IOS_BANK,9,PROVISIONAL,BQS_PROVISIONAL,False,,0.095,0.0936,0.1686,1.853,1.139,2.708
TRV,TRAVELERS COS INC/THE,INSURANCE,PRESENT,100.0,88.9,90.0,40.8,PROVISIONAL,economics|moat|runway|mgmt|balance,,True,15,360.39,75168352179.0,NASDAQ_PUBLIC_SCREENER,TRV,2026-09-24T19:02:43Z,,IOS_INSURANCE,,NOT_CALCULATED,,True,combined ratio MISSING: sottoscrizione non valutabile,,,,,,
TSCO,TRACTOR SUPPLY COMPANY,GENERAL,PRESENT,100.0,64.5,100.0,70.4,PROVISIONAL,moat|balance,,True,197,32.29,16824386024.0,NASDAQ_PUBLIC_SCREENER,TSCO,2026-09-24T19:02:43Z,18.2,IOS_GENERAL,203,PROVISIONAL,BQS_PROVISIONAL|LEVERAGE_THRESHOLD_INDETERMINATE,True,,0.1,0.0406,0.0707,-0.433,-0.592,-0.268
TSLA,TESLA INC,INDUSTRIAL,PRESENT,100.0,55.4,100.0,66.3,PROVISIONAL,moat|balance,,True,256,380.12,1501301955407.0,NASDAQ_PUBLIC_SCREENER,TSLA,2026-09-24T19:02:43Z,,IOS_GENERAL,,NOT_CALCULATED,,False,BQS<60,,,,,,
TSN,TYSON FOODS INC CL A,GENERAL,PRESENT,100.0,48.9,100.0,73.5,PROVISIONAL,moat,,True,275,51.36,18068525656.0,NASDAQ_PUBLIC_SCREENER,TSN,2026-09-24T19:02:43Z,,IOS_GENERAL,,NOT_CALCULATED,,False,BQS<60,,,,,,
TT,TRANE TECHNOLOGIES PLC,GENERAL,PARTIAL,83.3,86.3,100.0,62.2,PROVISIONAL,moat|mgmt|balance,,False,,437.09,96169930435.0,NASDAQ_PUBLIC_SCREENER,TT,2026-09-24T19:02:43Z,40.7,IOS_GENERAL,99,PROVISIONAL,BQS_PROVISIONAL|LEVERAGE_THRESHOLD_INDETERMINATE,True,,0.095,0.0283,0.1283,-0.43,-0.614,-0.258
TTD,TRADE DESK INC/THE CLASS A,SOFTWARE,PRESENT,100.0,88.6,100.0,70.4,PROVISIONAL,moat|balance,BASE_EFFECT_SUSPECTED,True,18,12.68,5995041919.0,NASDAQ_PUBLIC_SCREENER,TTD,2026-09-24T19:02:43Z,62.4,IOS_GENERAL,45,PROVISIONAL,BQS_PROVISIONAL|LEVERAGE_THRESHOLD_INDETERMINATE,True,,0.095,0.0509,0.1509,0.107,-0.25,0.442
TTWO,TAKE TWO INTERACTIVE SOFTWRE,SOFTWARE,PARTIAL,83.3,25.6,100.0,49.0,PROVISIONAL,moat|runway|mgmt|balance,,False,,206.32,38577805000.0,NASDAQ_PUBLIC_SCREENER,TTWO,2026-09-24T19:02:43Z,,IOS_GENERAL,,NOT_CALCULATED,,True,BQS<60,,,,,,
TXN,TEXAS INSTRUMENTS INC,SEMICONDUCTOR,PRESENT,100.0,72.8,100.0,70.4,PROVISIONAL,moat|balance,,True,132,272.62,248969584157.0,NASDAQ_PUBLIC_SCREENER,TXN,2026-09-24T19:02:43Z,10.9,IOS_GENERAL,269,PROVISIONAL,BQS_PROVISIONAL,False,,0.105,0.0088,0.0088,-0.899,-0.916,-0.871
TXT,TEXTRON INC,GENERAL,PARTIAL,83.3,40.6,50.0,29.6,PROVISIONAL,economics|moat|mgmt|balance,,False,,76.81,13210315095.0,NASDAQ_PUBLIC_SCREENER,TXT,2026-09-24T19:02:43Z,,IOS_GENERAL,,NOT_CALCULATED,,True,BQS<60,,,,,,
TYL,TYLER TECHNOLOGIES INC,SOFTWARE,PARTIAL,83.3,82.1,100.0,62.2,PROVISIONAL,moat|mgmt|balance,,False,,332.53,13617859673.0,NASDAQ_PUBLIC_SCREENER,TYL,2026-09-24T19:02:43Z,36.0,IOS_GENERAL,120,PROVISIONAL,BQS_PROVISIONAL,False,,0.095,0.0357,0.116,-0.34,-0.553,-0.139
UAL,UNITED AIRLINES HOLDINGS INC,GENERAL,PARTIAL,83.3,65.1,85.0,55.1,PROVISIONAL,moat|mgmt|balance,,False,,110.72,35937915236.0,NASDAQ_PUBLIC_SCREENER,UAL,2026-09-24T19:02:43Z,73.1,IOS_GENERAL,35,PROVISIONAL,BQS_PROVISIONAL|LEVERAGE_THRESHOLD_INDETERMINATE,True,,0.1,0.0712,0.1664,0.303,-0.103,0.679
UBER,UBER TECHNOLOGIES INC,SOFTWARE,PRESENT,100.0,79.8,100.0,65.3,PROVISIONAL,moat|balance,BASE_EFFECT_SUSPECTED|PRIOR_YEAR_ONE_OFF_SUSPECTED,True,82,69.42,141794523600.0,NASDAQ_PUBLIC_SCREENER,UBER,2026-09-24T19:02:43Z,68.8,IOS_GENERAL,38,PROVISIONAL,BQS_PROVISIONAL,False,,0.095,0.056,0.156,0.217,-0.176,0.586
UDR,UDR INC,REIT,PRESENT,100.0,46.0,100.0,52.0,PROVISIONAL,economics|moat,BASE_EFFECT_SUSPECTED,True,285,33.79,10855518061.0,NASDAQ_PUBLIC_SCREENER,UDR,2026-09-24T19:02:43Z,,IOS_REIT,,NOT_CALCULATED,,False,BQS<60,,,,,,
UHS,UNIVERSAL HEALTH SERVICES B,GENERAL,PRESENT,100.0,79.2,100.0,70.4,PROVISIONAL,moat|balance,,True,89,181.39,10690494456.0,NASDAQ_PUBLIC_SCREENER,UHS,2026-09-24T19:02:43Z,77.8,IOS_GENERAL,29,PROVISIONAL,BQS_PROVISIONAL|LEVERAGE_THRESHOLD_INDETERMINATE,True,,0.095,0.0705,0.1607,0.358,-0.08,0.77
ULTA,ULTA BEAUTY INC,GENERAL,PRESENT,100.0,68.4,100.0,70.4,PROVISIONAL,moat|balance,,True,170,543.81,23251940305.0,NASDAQ_PUBLIC_SCREENER,ULTA,2026-09-24T19:02:43Z,32.9,IOS_GENERAL,143,PROVISIONAL,BQS_PROVISIONAL,False,,0.1,0.0443,0.1111,-0.278,-0.503,-0.069
UNH,UNITEDHEALTH GROUP INC,INSURANCE,PRESENT,100.0,56.7,100.0,75.5,PROVISIONAL,economics|balance,,True,250,371.29,333267990743.0,NASDAQ_PUBLIC_SCREENER,UNH,2026-09-24T19:02:43Z,,IOS_INSURANCE,,NOT_CALCULATED,,True,BQS<60,,,,,,
UNP,UNION PACIFIC CORP,GENERAL,PRESENT,100.0,70.0,100.0,70.4,PROVISIONAL,moat|mgmt,,True,161,275.53,163685621964.0,NASDAQ_PUBLIC_SCREENER,UNP,2026-09-24T19:02:43Z,10.5,IOS_GENERAL,281,PROVISIONAL,BQS_PROVISIONAL,False,,0.105,0.0336,0.0336,-0.613,-0.68,-0.506
UPS,UNITED PARCEL SERVICE CL B,GENERAL,PARTIAL,83.3,60.9,100.0,62.2,PROVISIONAL,moat|mgmt|balance,,False,,95.82,81521891187.0,NASDAQ_PUBLIC_SCREENER,UPS,2026-09-24T19:02:43Z,13.7,IOS_GENERAL,227,PROVISIONAL,BQS_PROVISIONAL|LEVERAGE_THRESHOLD_INDETERMINATE,True,,0.1,0.0576,0.0576,-0.293,-0.422,-0.088
URI,UNITED RENTALS INC,GENERAL,PARTIAL,83.3,84.6,100.0,45.9,PROVISIONAL,economics|moat|mgmt|balance,,False,,1031.99,64233626223.0,NASDAQ_PUBLIC_SCREENER,URI,2026-09-24T19:02:43Z,93.3,IOS_GENERAL,16,PROVISIONAL,BQS_PROVISIONAL|LEVERAGE_THRESHOLD_INDETERMINATE,True,,0.095,0.0787,0.1787,0.671,0.132,1.178
USB,US BANCORP,BANK,PARTIAL,83.3,66.1,80.0,50.0,PROVISIONAL,moat|runway|mgmt,,False,,58.48,91114848562.0,NASDAQ_PUBLIC_SCREENER,USB,2026-09-24T19:02:43Z,48.4,IOS_BANK,68,PROVISIONAL,BQS_PROVISIONAL,False,,0.11,0.0831,0.1506,-0.181,-0.386,0.064
V,VISA INC CLASS A SHARES,SOFTWARE,PARTIAL,83.3,89.2,100.0,62.2,PROVISIONAL,moat|mgmt|balance,,False,,361.52,645947748942.0,NASDAQ_PUBLIC_SCREENER,V,2026-09-24T19:02:43Z,42.4,IOS_GENERAL,90,PROVISIONAL,BQS_PROVISIONAL,False,,0.095,0.032,0.132,-0.334,-0.549,-0.132
VEEV,VEEVA SYSTEMS INC CLASS A,SOFTWARE,PRESENT,100.0,81.0,90.0,48.0,PROVISIONAL,economics|moat|balance,,True,76,270.75,43836821138.0,NASDAQ_PUBLIC_SCREENER,VEEV,2026-09-24T19:02:43Z,34.1,IOS_GENERAL,135,PROVISIONAL,BQS_PROVISIONAL,False,,0.095,0.0215,0.1108,-0.532,-0.683,-0.391
VICI,VICI PROPERTIES INC,REIT,PRESENT,100.0,57.9,75.0,31.6,PROVISIONAL,economics|moat|runway|mgmt,,True,248,23.7,26095538219.0,NASDAQ_PUBLIC_SCREENER,VICI,2026-09-24T19:02:43Z,,IOS_REIT,,NOT_CALCULATED,,False,BQS<60,,,,,,
VLO,VALERO ENERGY CORP,RESOURCES,PARTIAL,83.3,66.2,75.0,19.4,PROVISIONAL,economics|moat|runway|mgmt|balance,,False,,375.84,108214656942.0,NASDAQ_PUBLIC_SCREENER,VLO,2026-09-24T19:02:43Z,13.4,IOS_GENERAL,228,PROVISIONAL,BQS_PROVISIONAL|LEVERAGE_THRESHOLD_INDETERMINATE,True,,0.11,0.0538,0.0538,-0.416,-0.511,-0.261
VLTO,VERALTO CORP,SEMICONDUCTOR,PRESENT,100.0,71.4,100.0,46.9,PROVISIONAL,moat|runway|mgmt|balance,,True,144,95.88,23374905823.0,NASDAQ_PUBLIC_SCREENER,VLTO,2026-09-24T19:02:43Z,10.7,IOS_GENERAL,273,PROVISIONAL,BQS_PROVISIONAL,False,,0.105,0.0402,0.0374,-0.537,-0.616,-0.408
VMC,VULCAN MATERIALS CO,RESOURCES,PRESENT,100.0,81.2,100.0,70.4,PROVISIONAL,moat|balance,,True,74,244.4,31669043812.0,NASDAQ_PUBLIC_SCREENER,VMC,2026-09-24T19:02:43Z,17.7,IOS_GENERAL,205,PROVISIONAL,BQS_PROVISIONAL|LEVERAGE_THRESHOLD_INDETERMINATE,True,,0.105,0.0339,0.0616,-0.561,-0.677,-0.44
VMRK,VIVMARK RESIDENTIAL,REIT,PARTIAL,83.3,81.9,55.0,25.5,PROVISIONAL,economics|moat|runway,,False,,61.29,48265875000.0,NASDAQ_PUBLIC_SCREENER,VMRK,2026-09-24T19:02:43Z,,IOS_REIT,,NOT_CALCULATED,,False,AFFO MISSING: FFO e capex di manutenzione non separati,,,,,,
VRSK,VERISK ANALYTICS INC,SOFTWARE,PRESENT,100.0,82.9,100.0,70.4,PROVISIONAL,moat|balance,,True,61,171.8,22360802862.0,NASDAQ_PUBLIC_SCREENER,VRSK,2026-09-24T19:02:43Z,44.0,IOS_GENERAL,83,PROVISIONAL,BQS_PROVISIONAL,False,,0.095,0.0509,0.1225,-0.093,-0.385,0.184
VRSN,VERISIGN INC,SOFTWARE,PRESENT,100.0,86.4,100.0,70.4,PROVISIONAL,moat|balance,,True,30,293.28,26483184000.0,NASDAQ_PUBLIC_SCREENER,VRSN,2026-09-24T19:02:43Z,27.7,IOS_GENERAL,165,PROVISIONAL,BQS_PROVISIONAL,False,,0.095,0.0377,0.0892,-0.382,-0.581,-0.193
VRT,VERTIV HOLDINGS CO A,GENERAL,PRESENT,100.0,77.2,100.0,63.3,PROVISIONAL,moat|balance,BASE_EFFECT_SUSPECTED,True,102,248.78,95777357679.0,NASDAQ_PUBLIC_SCREENER,VRT,2026-09-24T19:02:43Z,32.6,IOS_GENERAL,144,PROVISIONAL,BQS_PROVISIONAL|LEVERAGE_THRESHOLD_INDETERMINATE,True,,0.095,0.0193,0.1081,-0.58,-0.716,-0.453
VRTX,VERTEX PHARMACEUTICALS INC,GENERAL,PRESENT,100.0,64.7,100.0,70.4,PROVISIONAL,moat|balance,BASE_EFFECT_SUSPECTED,True,195,516.34,130872013498.0,NASDAQ_PUBLIC_SCREENER,VRTX,2026-09-24T19:02:43Z,34.3,IOS_GENERAL,134,PROVISIONAL,BQS_PROVISIONAL,False,,0.1,0.0192,0.1188,-0.637,-0.75,-0.533
VST,VISTRA CORP,UTILITY,PRESENT,100.0,66.4,100.0,63.3,PROVISIONAL,moat|runway,,True,189,137.97,46307587854.0,NASDAQ_PUBLIC_SCREENER,VST,2026-09-24T19:02:43Z,33.4,IOS_GENERAL,140,PROVISIONAL,BQS_PROVISIONAL,False,,0.11,0.026,0.1152,-0.592,-0.711,-0.484
VTR,VENTAS INC,REIT,PARTIAL,83.3,53.9,75.0,26.5,PROVISIONAL,economics|moat|runway|mgmt,,False,,86.64,44441672544.0,NASDAQ_PUBLIC_SCREENER,VTR,2026-09-24T19:02:43Z,,IOS_REIT,,NOT_CALCULATED,,False,BQS<60,,,,,,
VTRS,VIATRIS INC,GENERAL,PRESENT,100.0,39.5,100.0,72.4,PROVISIONAL,moat,BASE_EFFECT_SUSPECTED,True,301,17.12,19663875592.0,NASDAQ_PUBLIC_SCREENER,VTRS,2026-09-24T19:02:43Z,,IOS_GENERAL,,NOT_CALCULATED,,False,BQS<60,,,,,,
VZ,VERIZON COMMUNICATIONS INC,GENERAL,PRESENT,100.0,60.5,100.0,51.0,PROVISIONAL,economics|moat|mgmt,,True,233,46.52,193280142397.0,NASDAQ_PUBLIC_SCREENER,VZ,2026-09-24T19:02:43Z,94.1,IOS_GENERAL,15,PROVISIONAL,BQS_PROVISIONAL,False,,0.11,0.1921,0.1935,1.114,0.747,1.676
WAB,WABTEC CORP,GENERAL,PRESENT,100.0,83.4,100.0,70.4,PROVISIONAL,moat|balance,,True,54,292.22,49359128879.0,NASDAQ_PUBLIC_SCREENER,WAB,2026-09-24T19:02:43Z,40.4,IOS_GENERAL,100,PROVISIONAL,BQS_PROVISIONAL|LEVERAGE_THRESHOLD_INDETERMINATE,True,,0.095,0.0287,0.1287,-0.421,-0.608,-0.245
WAT,WATERS CORP,GENERAL,PRESENT,100.0,70.1,100.0,63.3,PROVISIONAL,moat|balance,,True,158,420.57,41320208043.0,NASDAQ_PUBLIC_SCREENER,WAT,2026-09-24T19:02:43Z,10.5,IOS_GENERAL,279,PROVISIONAL,BQS_PROVISIONAL,False,,0.095,0.0118,0.0304,-0.831,-0.876,-0.779
WBD,WARNER BROS DISCOVERY INC,GENERAL,PRESENT,100.0,36.8,100.0,68.4,PROVISIONAL,moat,PRIOR_YEAR_ONE_OFF_SUSPECTED,True,307,30.76,77229233939.0,NASDAQ_PUBLIC_SCREENER,WBD,2026-09-24T19:02:43Z,,IOS_GENERAL,,NOT_CALCULATED,,False,BQS<60,,,,,,
WDAY,WORKDAY INC CLASS A,SOFTWARE,PRESENT,100.0,70.1,100.0,58.2,PROVISIONAL,moat|runway|balance,BASE_EFFECT_SUSPECTED,True,159,192.38,46363580000.0,NASDAQ_PUBLIC_SCREENER,WDAY,2026-09-24T19:02:43Z,37.1,IOS_GENERAL,112,PROVISIONAL,BQS_PROVISIONAL,False,,0.095,0.0248,0.1248,-0.46,-0.634,-0.297
WDC,WESTERN DIGITAL CORP,SEMICONDUCTOR,PARTIAL,83.3,57.1,100.0,62.2,PROVISIONAL,moat|mgmt|balance,BASE_EFFECT_SUSPECTED,False,,473.69,170784639763.0,NASDAQ_PUBLIC_SCREENER,WDC,2026-09-24T19:02:43Z,,IOS_GENERAL,,NOT_CALCULATED,,True,BQS<60,,,,,,
WEC,WEC ENERGY GROUP INC,UTILITY,PRESENT,100.0,57.1,100.0,57.1,PROVISIONAL,moat|mgmt,,True,249,101.17,32966182078.0,NASDAQ_PUBLIC_SCREENER,WEC,2026-09-24T19:02:43Z,,IOS_GENERAL,,NOT_CALCULATED,,False,BQS<60,,,,,,
WELL,WELLTOWER INC,REIT,PRESENT,100.0,70.4,75.0,31.6,PROVISIONAL,economics|moat|runway|mgmt,PRIOR_YEAR_ONE_OFF_SUSPECTED,True,151,229.87,165677641886.0,NASDAQ_PUBLIC_SCREENER,WELL,2026-09-24T19:02:43Z,,IOS_REIT,,NOT_CALCULATED,,False,AFFO MISSING: FFO e capex di manutenzione non separati,,,,,,
WFC,WELLS FARGO + CO,BANK,PARTIAL,83.3,60.5,80.0,50.0,PROVISIONAL,moat|runway|mgmt,,False,,81.9,247665545618.0,NASDAQ_PUBLIC_SCREENER,WFC,2026-09-24T19:02:43Z,54.1,IOS_BANK,59,PROVISIONAL,BQS_PROVISIONAL,False,,0.11,0.0862,0.1662,-0.078,-0.309,0.198
WM,WASTE MANAGEMENT INC,UTILITY,PARTIAL,83.3,83.9,100.0,60.2,PROVISIONAL,moat|mgmt,,False,,207.88,83092792450.0,NASDAQ_PUBLIC_SCREENER,WM,2026-09-24T19:02:43Z,36.7,IOS_GENERAL,117,PROVISIONAL,BQS_PROVISIONAL,False,,0.105,0.0319,0.1175,-0.475,-0.634,-0.331
WMB,WILLIAMS COS INC,UTILITY,PRESENT,100.0,72.3,100.0,75.5,PROVISIONAL,moat,,True,137,71.11,86979438934.0,NASDAQ_PUBLIC_SCREENER,WMB,2026-09-24T19:02:43Z,10.8,IOS_GENERAL,271,PROVISIONAL,BQS_PROVISIONAL,False,,0.105,0.0105,0.0379,-0.863,-0.9,-0.825
WMT,WALMART INC,GENERAL,PRESENT,100.0,60.6,100.0,63.3,PROVISIONAL,moat|mgmt|balance,,True,232,110.53,876916972018.0,NASDAQ_PUBLIC_SCREENER,WMT,2026-09-24T19:02:43Z,17.3,IOS_GENERAL,208,PROVISIONAL,BQS_PROVISIONAL|LEVERAGE_THRESHOLD_INDETERMINATE,True,,0.1,0.017,0.0695,-0.739,-0.82,-0.663
WRB,WR BERKLEY CORP,INSURANCE,PARTIAL,83.3,90.7,90.0,42.9,PROVISIONAL,economics|moat|runway|mgmt|balance,,False,,67.67,25120966887.0,NASDAQ_PUBLIC_SCREENER,WRB,2026-09-24T19:02:43Z,,IOS_INSURANCE,,NOT_CALCULATED,,True,combined ratio MISSING: sottoscrizione non valutabile,,,,,,
WSM,WILLIAMS SONOMA INC,GENERAL,PRESENT,100.0,74.1,100.0,70.4,PROVISIONAL,moat|balance,,True,123,227.83,26833628985.0,NASDAQ_PUBLIC_SCREENER,WSM,2026-09-24T19:02:43Z,11.1,IOS_GENERAL,263,PROVISIONAL,BQS_PROVISIONAL,False,,0.095,0.0354,0.0354,-0.535,-0.626,-0.393
WST,WEST PHARMACEUTICAL SERVICES,GENERAL,PRESENT,100.0,75.1,100.0,70.4,PROVISIONAL,moat|balance,,True,115,375.87,26452137663.0,NASDAQ_PUBLIC_SCREENER,WST,2026-09-24T19:02:43Z,11.3,IOS_GENERAL,256,PROVISIONAL,BQS_PROVISIONAL,False,,0.095,0.0168,0.038,-0.758,-0.822,-0.684
WTW,WILLIS TOWERS WATSON PLC,INSURANCE,PARTIAL,83.3,82.6,100.0,63.3,PROVISIONAL,economics|mgmt|balance,BASE_EFFECT_SUSPECTED,False,,298.99,27767780444.0,NASDAQ_PUBLIC_SCREENER,WTW,2026-09-24T19:02:43Z,,IOS_INSURANCE,,NOT_CALCULATED,,True,combined ratio MISSING: sottoscrizione non valutabile,,,,,,
WY,WEYERHAEUSER CO,REIT,PRESENT,100.0,39.0,100.0,52.0,PROVISIONAL,economics|moat,,True,303,21.17,15257981120.0,NASDAQ_PUBLIC_SCREENER,WY,2026-09-24T19:02:43Z,,IOS_REIT,,NOT_CALCULATED,,False,BQS<60,,,,,,
WYNN,WYNN RESORTS LTD,GENERAL,PARTIAL,83.3,81.8,55.0,25.5,PROVISIONAL,economics|moat|runway,BASE_EFFECT_SUSPECTED,False,,81.45,8387223422.0,NASDAQ_PUBLIC_SCREENER,WYNN,2026-09-24T19:02:43Z,24.6,IOS_GENERAL,178,PROVISIONAL,BQS_PROVISIONAL,False,,0.105,0.0716,0.0716,-0.175,-0.317,0.053
XEL,XCEL ENERGY INC,UTILITY,PARTIAL,83.3,43.8,75.0,28.6,PROVISIONAL,economics|moat|runway|mgmt,,False,,70.66,44136660062.0,NASDAQ_PUBLIC_SCREENER,XEL,2026-09-24T19:02:43Z,,IOS_GENERAL,,NOT_CALCULATED,,False,BQS<60,,,,,,
XOM,EXXONMOBIL HOLDINGS CORP,UNKNOWN,PARTIAL,0.0,,,0.0,NOT_CALCULATED,,,False,,161.23,662963565311.0,NASDAQ_PUBLIC_SCREENER,XOM,2026-09-24T19:02:43Z,,IOS_GENERAL,,NOT_CALCULATED,,False,,,,,,,
XYL,XYLEM INC,INDUSTRIAL,PRESENT,100.0,79.5,100.0,70.4,PROVISIONAL,moat|balance,,True,85,108.64,25366007256.0,NASDAQ_PUBLIC_SCREENER,XYL,2026-09-24T19:02:43Z,41.8,IOS_GENERAL,92,PROVISIONAL,BQS_PROVISIONAL|LEVERAGE_THRESHOLD_INDETERMINATE,True,,0.095,0.0338,0.1318,-0.265,-0.502,-0.043
XYZ,BLOCK INC,SOFTWARE,PRESENT,100.0,71.5,90.0,62.2,PROVISIONAL,moat|balance,BASE_EFFECT_SUSPECTED|PRIOR_YEAR_ONE_OFF_SUSPECTED,True,143,74.68,44867370600.0,NASDAQ_PUBLIC_SCREENER,XYZ,2026-09-24T19:02:43Z,38.0,IOS_GENERAL,105,PROVISIONAL,BQS_PROVISIONAL|LEVERAGE_THRESHOLD_INDETERMINATE,True,,0.095,0.027,0.127,-0.43,-0.614,-0.257
YUM,YUM BRANDS INC,GENERAL,PARTIAL,83.3,77.2,100.0,66.3,PROVISIONAL,moat|mgmt,,False,,140.63,38378079584.0,NASDAQ_PUBLIC_SCREENER,YUM,2026-09-24T19:02:43Z,31.1,IOS_GENERAL,152,PROVISIONAL,BQS_PROVISIONAL,False,,0.105,0.0409,0.1037,-0.387,-0.571,-0.217
ZBH,ZIMMER BIOMET HOLDINGS INC,GENERAL,PRESENT,100.0,70.6,100.0,67.3,PROVISIONAL,moat,,True,149,90.88,17334241176.0,NASDAQ_PUBLIC_SCREENER,ZBH,2026-09-24T19:02:43Z,59.2,IOS_GENERAL,51,PROVISIONAL,BQS_PROVISIONAL,False,,0.105,0.0797,0.1383,0.176,-0.179,0.5
ZBRA,ZEBRA TECHNOLOGIES CORP CL A,INDUSTRIAL,PARTIAL,83.3,71.4,100.0,62.2,PROVISIONAL,moat|mgmt|balance,,False,,371.02,17553201073.0,NASDAQ_PUBLIC_SCREENER,ZBRA,2026-09-24T19:02:43Z,10.7,IOS_GENERAL,274,PROVISIONAL,BQS_PROVISIONAL|LEVERAGE_THRESHOLD_INDETERMINATE,True,,0.095,0.0381,0.0381,-0.5,-0.597,-0.347
ZTS,ZOETIS INC,GENERAL,PRESENT,100.0,84.2,65.0,44.9,PROVISIONAL,economics|moat|balance,,True,46,71.61,29590942139.0,NASDAQ_PUBLIC_SCREENER,ZTS,2026-09-24T19:02:43Z,61.2,IOS_GENERAL,49,PROVISIONAL,BQS_PROVISIONAL|LEVERAGE_THRESHOLD_INDETERMINATE,True,,0.095,0.0743,0.1286,0.233,-0.164,0.609
