ticker,name,module_v41,module_v42_r10,bqs_v41,bqs_v42,bqs_rank_v41,bqs_confidence,metric_coverage_pct,data_coverage_pct,market_price_frozen,market_cap_frozen,market_source,ios_v41,ios_rank_v41,ios_variant_v41,ios_v42,ios_rank_v42,ios_variant_v42,ios_gate_v42,ios_delta_v42_minus_v41,growth_policy_v42,growth_used_v42,dcf_growth_used_v42,owner_yield_v42,expected_return_v42,margin_of_safety_v42,bear_return_v42,bull_return_v42
2602335D,CONTRA HOLOGIC INCORPO,UNKNOWN,UNKNOWN,,,,NOT_CALCULATED,0.0,0.0,,,MISSING,,,IOS_GENERAL,,,IOS_GENERAL,,,,,,,,,,
A,AGILENT TECHNOLOGIES INC,GENERAL,GENERAL,75.8,75.8,107,PROVISIONAL,70.4,100.0,165.32,46608478143.0,NASDAQ_PUBLIC_SCREENER,11.4,252,IOS_GENERAL,11.4,124,IOS_GENERAL,,0.0,G2_GUARDED_PER_SHARE,0.0048,0.0048,0.022,0.0268,-0.705,-0.767,-0.615
AAPL,APPLE INC,SEMICONDUCTOR,SEMICONDUCTOR,74.6,74.6,117,PROVISIONAL,67.3,100.0,337.02,4918530543600.0,NASDAQ_PUBLIC_SCREENER,11.2,258,IOS_GENERAL,11.2,129,IOS_GENERAL,,0.0,G2_GUARDED_PER_SHARE,0.0,0.0,0.0175,0.0175,-0.799,-0.833,-0.743
ABBV,ABBVIE INC,GENERAL,GENERAL,62.8,62.8,210,PROVISIONAL,77.6,100.0,265.08,468427449908.0,NASDAQ_PUBLIC_SCREENER,12.8,235,IOS_GENERAL,9.4,152,IOS_GENERAL,,-3.4,G2_GUARDED_PER_SHARE,0.0,0.0,0.036,0.036,-0.609,-0.673,-0.506
ABNB,AIRBNB INC CLASS A,GENERAL,GENERAL,86.2,86.2,31,PROVISIONAL,48.0,100.0,149.58,89566362314.0,NASDAQ_PUBLIC_SCREENER,43.8,85,IOS_GENERAL,,,IOS_GENERAL,capex MISSING/CONFLICTING,,,,,,,,,
ABT,ABBOTT LABORATORIES,GENERAL,GENERAL,69.6,69.6,163,PROVISIONAL,70.4,100.0,103.49,179077367303.0,NASDAQ_PUBLIC_SCREENER,11.1,264,IOS_GENERAL,10.4,144,IOS_GENERAL,,-0.7,G2_GUARDED_PER_SHARE,0.0,0.0,0.0376,0.0376,-0.539,-0.623,-0.404
ACGL,ARCH CAPITAL GROUP LTD,INSURANCE,INSURANCE,92.3,92.3,4,PROVISIONAL,59.2,100.0,95.16,32471363630.0,NASDAQ_PUBLIC_SCREENER,,,IOS_INSURANCE,,,IOS_INSURANCE,book value / ROE / crescita sostenibile MISSING,,,,,,,,,
ACN,ACCENTURE PLC CL A,SOFTWARE,SOFTWARE,74.3,74.3,119,PROVISIONAL,70.4,100.0,183.52,122501473739.0,NASDAQ_PUBLIC_SCREENER,49.1,66,IOS_GENERAL,49.1,51,IOS_GENERAL,,0.0,G2_GUARDED_PER_SHARE,0.0419,0.0419,0.0717,0.1136,0.128,-0.235,0.473
ADBE,ADOBE INC,SOFTWARE,SOFTWARE,89.7,89.7,13,PROVISIONAL,70.4,100.0,240.69,93676548000.0,NASDAQ_PUBLIC_SCREENER,95.2,8,IOS_GENERAL,95.2,2,IOS_GENERAL,,0.0,G2_GUARDED_PER_SHARE,0.1052,0.1052,0.0844,0.1897,0.729,0.172,1.254
ADI,ANALOG DEVICES INC,SEMICONDUCTOR,SEMICONDUCTOR,74.2,74.2,121,PROVISIONAL,70.4,100.0,385.23,186669154082.0,NASDAQ_PUBLIC_SCREENER,11.1,260,IOS_GENERAL,11.1,131,IOS_GENERAL,,0.0,G2_GUARDED_PER_SHARE,0.0,0.0,0.0212,0.0212,-0.756,-0.798,-0.688
ADM,ARCHER DANIELS MIDLAND CO,GENERAL,GENERAL,48.1,48.1,279,PROVISIONAL,44.9,100.0,82.15,39592979743.0,NASDAQ_PUBLIC_SCREENER,,,IOS_GENERAL,,,IOS_GENERAL,BQS<60,,,,,,,,,
ADP,AUTOMATIC DATA PROCESSING,SOFTWARE,SOFTWARE,84.6,84.6,43,PROVISIONAL,25.5,100.0,263.68,104750238492.0,NASDAQ_PUBLIC_SCREENER,41.0,97,IOS_GENERAL,,,IOS_GENERAL,capex MISSING/CONFLICTING,,,,,,,,,
ADSK,AUTODESK INC,SOFTWARE,SOFTWARE,84.0,84.0,48,PROVISIONAL,70.4,100.0,217.15,45384350000.0,NASDAQ_PUBLIC_SCREENER,45.0,79,IOS_GENERAL,30.7,82,IOS_GENERAL,,-14.3,G2_GUARDED_PER_SHARE,0.0634,0.0634,0.0357,0.0992,-0.384,-0.583,-0.197
AEE,AMEREN CORPORATION,UTILITY,UTILITY,62.6,62.6,,PROVISIONAL,28.6,83.3,99.74,27612345855.0,NASDAQ_PUBLIC_SCREENER,9.4,300,IOS_GENERAL,,,IOS_GENERAL,guarded growth inputs MISSING/CONFLICTING,,G2_GUARDED_PER_SHARE,,,,,,,
AEP,AMERICAN ELECTRIC POWER,UTILITY,UTILITY,68.2,68.2,171,PROVISIONAL,61.2,100.0,118.4,64456646477.0,NASDAQ_PUBLIC_SCREENER,21.6,190,IOS_GENERAL,,,IOS_GENERAL,SBC MISSING/CONFLICTING,,,,,,,,,
AES,AES CORP,UTILITY,UTILITY,64.5,64.5,,PROVISIONAL,26.5,83.3,14.81,10566026110.0,NASDAQ_PUBLIC_SCREENER,9.7,295,IOS_GENERAL,,,IOS_GENERAL,SBC MISSING/CONFLICTING,,,,,,,,,
AFL,AFLAC INC,INSURANCE,INSURANCE,59.9,59.9,239,PROVISIONAL,40.8,100.0,115.23,57769788229.0,NASDAQ_PUBLIC_SCREENER,,,IOS_INSURANCE,,,IOS_INSURANCE,BQS<60,,,,,,,,,
AIG,AMERICAN INTERNATIONAL GROUP,INSURANCE,INSURANCE,35.0,35.0,309,PROVISIONAL,40.8,100.0,75.58,39520265713.0,NASDAQ_PUBLIC_SCREENER,,,IOS_INSURANCE,,,IOS_INSURANCE,BQS<60,,,,,,,,,
AIZ,ASSURANT INC,INSURANCE,INSURANCE,76.4,76.4,104,PROVISIONAL,59.2,100.0,266.97,13167966076.0,NASDAQ_PUBLIC_SCREENER,,,IOS_INSURANCE,,,IOS_INSURANCE,combined ratio MISSING: sottoscrizione non valutabile,,,,,,,,,
AJG,ARTHUR J GALLAGHER + CO,INSURANCE,INSURANCE,45.6,45.6,,PROVISIONAL,45.9,83.3,229.64,58856732000.0,NASDAQ_PUBLIC_SCREENER,,,IOS_INSURANCE,,,IOS_INSURANCE,BQS<60,,,,,,,,,
AKAM,AKAMAI TECHNOLOGIES INC,SOFTWARE,SOFTWARE,68.6,68.6,,PROVISIONAL,30.6,83.3,118.44,17021795170.0,NASDAQ_PUBLIC_SCREENER,10.3,286,IOS_GENERAL,,,IOS_GENERAL,guarded growth inputs MISSING/CONFLICTING,,G2_GUARDED_PER_SHARE,,,,,,,
ALB,ALBEMARLE CORP,GENERAL,GENERAL,32.1,32.1,315,PROVISIONAL,61.2,100.0,113.47,13390033818.0,NASDAQ_PUBLIC_SCREENER,,,IOS_GENERAL,,,IOS_GENERAL,BQS<60,,,,,,,,,
ALGN,ALIGN TECHNOLOGY INC,GENERAL,GENERAL,71.7,71.7,140,PROVISIONAL,67.3,100.0,148.17,10525974871.0,NASDAQ_PUBLIC_SCREENER,14.5,222,IOS_GENERAL,14.5,111,IOS_GENERAL,,0.0,G2_GUARDED_PER_SHARE,0.0261,0.0261,0.029,0.0551,-0.574,-0.693,-0.443
ALL,ALLSTATE CORP,INSURANCE,INSURANCE,85.7,85.7,36,PROVISIONAL,52.0,100.0,225.66,57059924997.0,NASDAQ_PUBLIC_SCREENER,,,IOS_INSURANCE,,,IOS_INSURANCE,combined ratio MISSING: sottoscrizione non valutabile,,,,,,,,,
ALLE,ALLEGION PLC,GENERAL,GENERAL,85.2,85.2,,PROVISIONAL,62.2,83.3,154.09,13103318355.0,NASDAQ_PUBLIC_SCREENER,45.3,78,IOS_GENERAL,,,IOS_GENERAL,share_change MISSING/CONFLICTING,,,,,,,,,
AMAT,APPLIED MATERIALS INC,SEMICONDUCTOR,SEMICONDUCTOR,82.9,82.9,59,PROVISIONAL,70.4,100.0,474.38,376466755010.0,NASDAQ_PUBLIC_SCREENER,13.9,225,IOS_GENERAL,13.9,113,IOS_GENERAL,,0.0,G2_GUARDED_PER_SHARE,0.0323,0.0323,0.0134,0.0457,-0.823,-0.873,-0.775
AMCR,AMCOR PLC,GENERAL,GENERAL,44.7,44.7,,PROVISIONAL,69.4,83.3,42.8,19788395532.0,NASDAQ_PUBLIC_SCREENER,,,IOS_GENERAL,,,IOS_GENERAL,BQS<60,,,,,,,,,
AMD,ADVANCED MICRO DEVICES,SEMICONDUCTOR,SEMICONDUCTOR,80.2,80.2,78,PROVISIONAL,70.4,100.0,614.61,1003335485564.0,NASDAQ_PUBLIC_SCREENER,32.1,147,IOS_GENERAL,44.2,64,IOS_GENERAL,,12.1,G2_GUARDED_PER_SHARE,0.1364,0.12,0.0051,0.1415,-0.904,-0.933,-0.878
AME,AMETEK INC,GENERAL,GENERAL,82.1,82.1,67,PROVISIONAL,55.1,100.0,246.45,56501433584.0,NASDAQ_PUBLIC_SCREENER,12.3,241,IOS_GENERAL,,,IOS_GENERAL,guarded growth inputs MISSING/CONFLICTING,,G2_GUARDED_PER_SHARE,,,,,,,
AMGN,AMGEN INC,GENERAL,GENERAL,62.5,62.5,213,PROVISIONAL,77.6,100.0,406.09,219545250910.0,NASDAQ_PUBLIC_SCREENER,38.6,104,IOS_GENERAL,9.4,154,IOS_GENERAL,,-29.2,G2_GUARDED_PER_SHARE,0.0,0.0,0.0346,0.0328,-0.624,-0.685,-0.524
AMP,AMERIPRISE FINANCIAL INC,ASSETMGR_EXCH,ASSETMGR_EXCH,90.2,90.2,,PROVISIONAL,63.3,83.3,502.79,45199354864.0,NASDAQ_PUBLIC_SCREENER,94.8,10,IOS_BANK,,,IOS_BANK,share_change MISSING/CONFLICTING,,,,,,,,,
AMT,AMERICAN TOWER CORP,REIT,REIT,60.9,60.9,229,PROVISIONAL,63.3,100.0,170.78,79576656997.0,NASDAQ_PUBLIC_SCREENER,,,IOS_REIT,,,IOS_REIT,AFFO MISSING: FFO e capex di manutenzione non separati,,,,,,,,,
AMZN,AMAZON.COM INC,GENERAL,GENERAL,71.7,71.7,141,PROVISIONAL,59.2,100.0,249.27,2688704384092.0,NASDAQ_PUBLIC_SCREENER,24.3,180,IOS_GENERAL,,,IOS_GENERAL,guarded growth inputs MISSING/CONFLICTING,,G2_GUARDED_PER_SHARE,,,,,,,
ANET,ARISTA NETWORKS INC,SEMICONDUCTOR,SEMICONDUCTOR,91.9,91.9,8,PROVISIONAL,67.3,100.0,203.47,256621379129.0,NASDAQ_PUBLIC_SCREENER,37.1,109,IOS_GENERAL,52.5,42,IOS_GENERAL,,15.4,G2_GUARDED_PER_SHARE,0.15,0.12,0.0149,0.1649,-0.719,-0.804,-0.642
AON,AON PLC CLASS A,INSURANCE,INSURANCE,70.2,70.2,153,PROVISIONAL,82.7,100.0,281.6,59734522214.0,NASDAQ_PUBLIC_SCREENER,,,IOS_INSURANCE,,,IOS_INSURANCE,combined ratio MISSING: sottoscrizione non valutabile,,,,,,,,,
AOS,SMITH (A.O.) CORP,GENERAL,GENERAL,69.6,69.6,,PROVISIONAL,36.7,83.3,57.74,7847361005.0,NASDAQ_PUBLIC_SCREENER,24.7,177,IOS_GENERAL,,,IOS_GENERAL,share_change MISSING/CONFLICTING,,,,,,,,,
APA,APA CORP,RESOURCES,RESOURCES,69.7,69.7,,PROVISIONAL,11.2,83.3,43.7,15310360987.0,NASDAQ_PUBLIC_SCREENER,95.5,6,IOS_GENERAL,,,IOS_GENERAL,capex MISSING/CONFLICTING,,,,,,,,,
APD,AIR PRODUCTS + CHEMICALS INC,GENERAL,GENERAL,34.8,34.8,,PROVISIONAL,39.8,83.3,286.97,63904066544.0,NASDAQ_PUBLIC_SCREENER,,,IOS_GENERAL,,,IOS_GENERAL,BQS<60,,,,,,,,,
APH,AMPHENOL CORP CL A,GENERAL,GENERAL,88.2,88.2,21,PROVISIONAL,70.4,100.0,82.19,202677820662.0,NASDAQ_PUBLIC_SCREENER,34.9,130,IOS_GENERAL,21.3,94,IOS_GENERAL,,-13.6,G2_GUARDED_PER_SHARE,0.0592,0.0592,0.0209,0.0692,-0.646,-0.76,-0.537
APO,APOLLO GLOBAL MANAGEMENT INC,ASSETMGR_EXCH,ASSETMGR_EXCH,86.9,86.9,29,PROVISIONAL,60.2,100.0,124.36,73439947253.0,NASDAQ_PUBLIC_SCREENER,58.1,52,IOS_BANK,58.1,27,IOS_BANK,,0.0,,,,0.0475,0.1225,0.186,-0.111,0.541
APP,APPLOVIN CORP CLASS A,SOFTWARE,SOFTWARE,78.1,78.1,94,PROVISIONAL,45.9,100.0,315.25,105498727750.0,NASDAQ_PUBLIC_SCREENER,44.0,84,IOS_GENERAL,,,IOS_GENERAL,capex MISSING/CONFLICTING,,,,,,,,,
APTV,APTIV PLC,INDUSTRIAL,INDUSTRIAL,61.4,61.4,224,PROVISIONAL,70.4,100.0,45.17,9378797561.0,NASDAQ_PUBLIC_SCREENER,94.2,14,IOS_GENERAL,94.2,5,IOS_GENERAL,,0.0,G2_GUARDED_PER_SHARE,0.0526,0.0526,0.1482,0.2008,1.276,0.568,1.935
ARE,ALEXANDRIA REAL ESTATE EQUIT,REIT,REIT,29.1,29.1,,PROVISIONAL,20.4,66.7,51.86,9036478980.0,NASDAQ_PUBLIC_SCREENER,,,IOS_REIT,,,IOS_REIT,BQS<60,,,,,,,,,
ARES,ARES MANAGEMENT CORP A,ASSETMGR_EXCH,ASSETMGR_EXCH,79.0,79.0,,PROVISIONAL,48.0,83.3,121.48,40122077779.0,NASDAQ_PUBLIC_SCREENER,,,IOS_BANK,,,IOS_BANK,book value / ROE / crescita sostenibile MISSING,,,,,,,,,
ATO,ATMOS ENERGY CORP,UTILITY,UTILITY,79.3,79.3,88,PROVISIONAL,64.3,100.0,156.24,26402771521.0,NASDAQ_PUBLIC_SCREENER,11.9,247,IOS_GENERAL,,,IOS_GENERAL,guarded growth inputs MISSING/CONFLICTING,,G2_GUARDED_PER_SHARE,,,,,,,
AVGO,BROADCOM INC,SEMICONDUCTOR,SEMICONDUCTOR,75.5,75.5,112,PROVISIONAL,70.4,100.0,354.99,1694590865776.0,NASDAQ_PUBLIC_SCREENER,28.2,163,IOS_GENERAL,11.3,126,IOS_GENERAL,,-16.9,G2_GUARDED_PER_SHARE,0.0,0.0,0.0114,-0.0043,-0.868,-0.891,-0.832
AVY,AVERY DENNISON CORP,GENERAL,GENERAL,42.5,42.5,296,PROVISIONAL,52.0,100.0,172.66,13085580598.0,NASDAQ_PUBLIC_SCREENER,,,IOS_GENERAL,,,IOS_GENERAL,BQS<60,,,,,,,,,
AWK,AMERICAN WATER WORKS CO INC,UTILITY,UTILITY,74.8,74.8,,PROVISIONAL,28.6,83.3,133.06,26442879276.0,NASDAQ_PUBLIC_SCREENER,11.2,257,IOS_GENERAL,,,IOS_GENERAL,SBC MISSING/CONFLICTING,,,,,,,,,
AXON,AXON ENTERPRISE INC,INDUSTRIAL,INDUSTRIAL,42.7,42.7,294,PROVISIONAL,61.2,100.0,450.61,36606391573.0,NASDAQ_PUBLIC_SCREENER,,,IOS_GENERAL,,,IOS_GENERAL,BQS<60,,,,,,,,,
AXP,AMERICAN EXPRESS CO,BANK,BANK,75.4,75.4,,PROVISIONAL,61.2,83.3,301.96,203916557173.0,NASDAQ_PUBLIC_SCREENER,80.1,27,IOS_BANK,80.1,12,IOS_BANK,,0.0,,,,0.0531,0.1331,0.6,0.2,1.08
AZO,AUTOZONE INC,GENERAL,GENERAL,71.8,71.8,139,PROVISIONAL,70.4,100.0,2843.34,46418534886.0,NASDAQ_PUBLIC_SCREENER,25.2,174,IOS_GENERAL,10.8,139,IOS_GENERAL,,-14.4,G2_GUARDED_PER_SHARE,0.0,0.0,0.0359,0.0359,-0.529,-0.62,-0.384
BA,BOEING CO/THE,INDUSTRIAL,INDUSTRIAL,48.0,48.0,,PROVISIONAL,56.1,83.3,199.93,158018678099.0,NASDAQ_PUBLIC_SCREENER,,,IOS_GENERAL,,,IOS_GENERAL,BQS<60,,,,,,,,,
BAC,BANK OF AMERICA CORP,BANK,BANK,54.3,54.3,261,PROVISIONAL,70.4,100.0,56.0,391593908440.0,NASDAQ_PUBLIC_SCREENER,,,IOS_BANK,,,IOS_BANK,BQS<60,,,,,,,,,
BALL,BALL CORP,INDUSTRIAL,INDUSTRIAL,81.7,81.7,,PROVISIONAL,18.4,83.3,58.82,15569851459.0,NASDAQ_PUBLIC_SCREENER,14.9,218,IOS_GENERAL,,,IOS_GENERAL,SBC MISSING/CONFLICTING,,,,,,,,,
BAX,BAXTER INTERNATIONAL INC,GENERAL,GENERAL,33.7,33.7,312,PROVISIONAL,65.3,100.0,23.49,12144236017.0,NASDAQ_PUBLIC_SCREENER,,,IOS_GENERAL,,,IOS_GENERAL,BQS<60,,,,,,,,,
BBY,BEST BUY CO INC,GENERAL,GENERAL,81.2,81.2,,PROVISIONAL,30.6,83.3,90.8,19043274978.0,NASDAQ_PUBLIC_SCREENER,18.9,200,IOS_GENERAL,,,IOS_GENERAL,guarded growth inputs MISSING/CONFLICTING,,G2_GUARDED_PER_SHARE,,,,,,,
BDX,BECTON DICKINSON AND CO,GENERAL,GENERAL,59.8,59.8,,PROVISIONAL,43.9,66.7,182.52,49716038736.0,NASDAQ_PUBLIC_SCREENER,,,IOS_GENERAL,,,IOS_GENERAL,BQS<60,,,,,,,,,
BEN,FRANKLIN TEMPLETON INC,ASSETMGR_EXCH,ASSETMGR_EXCH,38.2,38.2,,PROVISIONAL,79.6,83.3,32.71,16619195726.0,NASDAQ_PUBLIC_SCREENER,,,IOS_BANK,,,IOS_BANK,BQS<60,,,,,,,,,
BF.B,BROWN FORMAN CORP CLASS B,GENERAL,GENERAL,79.6,79.6,,PROVISIONAL,62.2,83.3,,,MISSING,,,IOS_GENERAL,,,IOS_GENERAL,market cap MISSING/CONFLICTING,,,,,,,,,
BG,BUNGE GLOBAL SA,GENERAL,GENERAL,34.1,34.1,,PROVISIONAL,32.7,83.3,111.48,21417439832.0,NASDAQ_PUBLIC_SCREENER,,,IOS_GENERAL,,,IOS_GENERAL,BQS<60,,,,,,,,,
BIIB,BIOGEN INC,GENERAL,GENERAL,66.9,66.9,186,PROVISIONAL,40.8,100.0,227.53,33618467165.0,NASDAQ_PUBLIC_SCREENER,11.1,265,IOS_GENERAL,11.1,134,IOS_GENERAL,,0.0,G2_GUARDED_PER_SHARE,0.0,0.0,0.0524,0.0441,-0.357,-0.475,-0.17
BKNG,BOOKING HOLDINGS INC,GENERAL,GENERAL,87.8,87.8,,PROVISIONAL,64.3,83.3,155.9,117140219950.0,NASDAQ_PUBLIC_SCREENER,90.8,22,IOS_GENERAL,91.4,9,IOS_GENERAL,,0.6,G2_GUARDED_PER_SHARE,0.15,0.12,0.0723,0.2223,0.573,0.066,1.049
BKR,BAKER HUGHES CO,RESOURCES,RESOURCES,80.6,80.6,,PROVISIONAL,44.9,83.3,58.03,57604876340.0,NASDAQ_PUBLIC_SCREENER,42.1,91,IOS_GENERAL,,,IOS_GENERAL,share_change MISSING/CONFLICTING,,,,,,,,,
BLDR,BUILDERS FIRSTSOURCE INC,GENERAL,GENERAL,48.0,48.0,280,PROVISIONAL,77.6,100.0,59.16,6365406396.0,NASDAQ_PUBLIC_SCREENER,,,IOS_GENERAL,,,IOS_GENERAL,BQS<60,,,,,,,,,
BLK,BLACKROCK INC,ASSETMGR_EXCH,ASSETMGR_EXCH,38.4,38.4,305,PROVISIONAL,56.1,100.0,1060.89,164299248181.0,NASDAQ_PUBLIC_SCREENER,,,IOS_BANK,,,IOS_BANK,BQS<60,,,,,,,,,
BMY,BRISTOL MYERS SQUIBB CO,GENERAL,GENERAL,59.3,59.3,,PROVISIONAL,36.7,83.3,61.15,124912001214.0,NASDAQ_PUBLIC_SCREENER,,,IOS_GENERAL,,,IOS_GENERAL,BQS<60,,,,,,,,,
BNY,BANK OF NEW YORK MELLON CORP,BANK,BANK,58.1,58.1,,PROVISIONAL,57.1,83.3,149.51,101443154270.0,NASDAQ_PUBLIC_SCREENER,,,IOS_BANK,,,IOS_BANK,BQS<60,,,,,,,,,
BR,BROADRIDGE FINANCIAL SOLUTIO,SOFTWARE,SOFTWARE,82.3,82.3,66,PROVISIONAL,70.4,100.0,163.45,18636862883.0,NASDAQ_PUBLIC_SCREENER,45.5,77,IOS_GENERAL,45.5,61,IOS_GENERAL,,0.0,G2_GUARDED_PER_SHARE,0.0646,0.0646,0.0566,0.1212,-0.02,-0.336,0.278
BRK.B,BERKSHIRE HATHAWAY INC CL B,INSURANCE,INSURANCE,42.6,42.6,,PROVISIONAL,43.9,83.3,507.17,1118974938030.0,NASDAQ_PUBLIC_SCREENER,,,IOS_INSURANCE,,,IOS_INSURANCE,BQS<60,,,,,,,,,
BRO,BROWN + BROWN INC,INSURANCE,INSURANCE,48.5,48.5,,PROVISIONAL,58.2,83.3,61.7,20645459027.0,NASDAQ_PUBLIC_SCREENER,,,IOS_INSURANCE,,,IOS_INSURANCE,BQS<60,,,,,,,,,
BSX,BOSTON SCIENTIFIC CORP,GENERAL,GENERAL,85.9,85.9,35,PROVISIONAL,66.3,100.0,44.62,64664621450.0,NASDAQ_PUBLIC_SCREENER,61.7,47,IOS_GENERAL,68.0,19,IOS_GENERAL,,6.3,G2_GUARDED_PER_SHARE,0.15,0.12,0.0519,0.1962,0.13,-0.235,0.472
BX,BLACKSTONE INC,ASSETMGR_EXCH,ASSETMGR_EXCH,72.2,72.2,138,PROVISIONAL,67.3,100.0,119.27,89527057347.0,NASDAQ_PUBLIC_SCREENER,10.8,272,IOS_BANK,10.8,138,IOS_BANK,,0.0,,,,0.0337,0.016,-0.645,-0.716,-0.539
BXP,BXP INC,REIT,REIT,72.5,72.5,136,PROVISIONAL,31.6,100.0,62.36,9956494632.0,NASDAQ_PUBLIC_SCREENER,,,IOS_REIT,,,IOS_REIT,AFFO MISSING: FFO e capex di manutenzione non separati,,,,,,,,,
C,CITIGROUP INC,BANK,BANK,37.3,37.3,306,PROVISIONAL,67.3,100.0,131.93,221304234781.0,NASDAQ_PUBLIC_SCREENER,,,IOS_BANK,,,IOS_BANK,BQS<60,,,,,,,,,
CAH,CARDINAL HEALTH INC,GENERAL,GENERAL,59.3,59.3,242,PROVISIONAL,65.3,100.0,221.27,51237136268.0,NASDAQ_PUBLIC_SCREENER,,,IOS_GENERAL,,,IOS_GENERAL,BQS<60,,,,,,,,,
CARR,CARRIER GLOBAL CORP,INDUSTRIAL,INDUSTRIAL,58.1,58.1,247,PROVISIONAL,67.3,100.0,55.1,45420310641.0,NASDAQ_PUBLIC_SCREENER,,,IOS_GENERAL,,,IOS_GENERAL,BQS<60,,,,,,,,,
CASY,CASEY S GENERAL STORES INC,GENERAL,GENERAL,59.9,59.9,,PROVISIONAL,36.7,83.3,597.31,22076677351.0,NASDAQ_PUBLIC_SCREENER,,,IOS_GENERAL,,,IOS_GENERAL,BQS<60,,,,,,,,,
CAT,CATERPILLAR INC,INDUSTRIAL,INDUSTRIAL,79.1,79.1,90,PROVISIONAL,60.2,100.0,812.02,373265203366.0,NASDAQ_PUBLIC_SCREENER,19.4,199,IOS_GENERAL,,,IOS_GENERAL,SBC MISSING/CONFLICTING,,,,,,,,,
CB,CHUBB LTD,INSURANCE,INSURANCE,80.8,80.8,,PROVISIONAL,35.7,83.3,335.21,129323970735.0,NASDAQ_PUBLIC_SCREENER,,,IOS_INSURANCE,,,IOS_INSURANCE,combined ratio MISSING: sottoscrizione non valutabile,,,,,,,,,
CBOE,CBOE GLOBAL MARKETS INC,ASSETMGR_EXCH,ASSETMGR_EXCH,97.2,97.2,,PROVISIONAL,59.2,83.3,268.87,30064707313.0,NASDAQ_PUBLIC_SCREENER,56.2,56,IOS_BANK,56.2,33,IOS_BANK,,0.0,,,,0.0366,0.1116,0.188,-0.109,0.545
CBRE,CBRE GROUP INC A,REIT,REIT,67.8,67.8,175,PROVISIONAL,50.0,100.0,136.41,39500966400.0,NASDAQ_PUBLIC_SCREENER,,,IOS_REIT,,,IOS_REIT,AFFO MISSING: FFO e capex di manutenzione non separati,,,,,,,,,
CCI,CROWN CASTLE INC,REIT,REIT,19.4,19.4,321,PROVISIONAL,63.3,100.0,70.23,29879735481.0,NASDAQ_PUBLIC_SCREENER,,,IOS_REIT,,,IOS_REIT,BQS<60,,,,,,,,,
CCL,CARNIVAL CORP LTD,GENERAL,GENERAL,64.6,64.6,,PROVISIONAL,56.1,83.3,21.8,29858350794.0,NASDAQ_PUBLIC_SCREENER,83.5,26,IOS_GENERAL,,,IOS_GENERAL,share_change MISSING/CONFLICTING,,,,,,,,,
CDNS,CADENCE DESIGN SYS INC,SOFTWARE,SOFTWARE,87.8,87.8,24,PROVISIONAL,70.4,100.0,309.09,85121222370.0,NASDAQ_PUBLIC_SCREENER,35.9,121,IOS_GENERAL,44.6,63,IOS_GENERAL,,8.7,G2_GUARDED_PER_SHARE,0.1259,0.12,0.0133,0.1392,-0.711,-0.804,-0.623
CDW,CDW CORP/DE,GENERAL,GENERAL,50.2,50.2,273,PROVISIONAL,77.6,100.0,146.16,18272546984.0,NASDAQ_PUBLIC_SCREENER,,,IOS_GENERAL,,,IOS_GENERAL,BQS<60,,,,,,,,,
CEG,CONSTELLATION ENERGY,UTILITY,UTILITY,86.6,86.6,,PROVISIONAL,29.6,83.3,263.88,93494631171.0,NASDAQ_PUBLIC_SCREENER,13.0,231,IOS_GENERAL,,,IOS_GENERAL,SBC MISSING/CONFLICTING,,,,,,,,,
CF,CF INDUSTRIES HOLDINGS INC,RESOURCES,RESOURCES,75.7,75.7,109,PROVISIONAL,70.4,100.0,120.64,18257432003.0,NASDAQ_PUBLIC_SCREENER,44.2,82,IOS_GENERAL,44.2,65,IOS_GENERAL,,0.0,G2_GUARDED_PER_SHARE,0.0,0.0,0.0962,0.0962,0.109,-0.082,0.416
CFG,CITIZENS FINANCIAL GROUP,BANK,BANK,48.9,48.9,,PROVISIONAL,54.1,83.3,64.61,27212232273.0,NASDAQ_PUBLIC_SCREENER,,,IOS_BANK,,,IOS_BANK,BQS<60,,,,,,,,,
CHD,CHURCH + DWIGHT CO INC,GENERAL,GENERAL,82.8,82.8,62,PROVISIONAL,70.4,100.0,96.02,22776319150.0,NASDAQ_PUBLIC_SCREENER,29.9,160,IOS_GENERAL,29.9,83,IOS_GENERAL,,0.0,G2_GUARDED_PER_SHARE,0.0489,0.0489,0.0454,0.0943,-0.263,-0.5,-0.039
CHRW,C.H. ROBINSON WORLDWIDE INC,GENERAL,GENERAL,54.9,54.9,257,PROVISIONAL,70.4,100.0,149.67,17489127785.0,NASDAQ_PUBLIC_SCREENER,,,IOS_GENERAL,,,IOS_GENERAL,BQS<60,,,,,,,,,
CHTR,CHARTER COMMUNICATIONS INC A,GENERAL,GENERAL,63.9,63.9,203,PROVISIONAL,77.6,100.0,116.61,13360881342.0,NASDAQ_PUBLIC_SCREENER,94.6,11,IOS_GENERAL,94.6,3,IOS_GENERAL,,0.0,G2_GUARDED_PER_SHARE,0.0,0.0,0.2803,0.2803,2.042,1.548,2.849
CI,THE CIGNA GROUP,INSURANCE,INSURANCE,70.2,70.2,,PROVISIONAL,52.0,83.3,268.27,70887795179.0,NASDAQ_PUBLIC_SCREENER,,,IOS_INSURANCE,,,IOS_INSURANCE,combined ratio MISSING: sottoscrizione non valutabile,,,,,,,,,
CIEN,CIENA CORP,SEMICONDUCTOR,SEMICONDUCTOR,60.3,60.3,235,PROVISIONAL,63.3,100.0,355.91,50471072133.0,NASDAQ_PUBLIC_SCREENER,28.9,161,IOS_GENERAL,,,IOS_GENERAL,guarded growth inputs MISSING/CONFLICTING,,G2_GUARDED_PER_SHARE,,,,,,,
CINF,CINCINNATI FINANCIAL CORP,INSURANCE,INSURANCE,81.8,81.8,,PROVISIONAL,43.9,83.3,162.57,24950925776.0,NASDAQ_PUBLIC_SCREENER,,,IOS_INSURANCE,,,IOS_INSURANCE,combined ratio MISSING: sottoscrizione non valutabile,,,,,,,,,
CL,COLGATE PALMOLIVE CO,GENERAL,GENERAL,81.2,81.2,,PROVISIONAL,62.2,83.3,85.93,68501061196.0,NASDAQ_PUBLIC_SCREENER,31.3,150,IOS_GENERAL,,,IOS_GENERAL,share_change MISSING/CONFLICTING,,,,,,,,,
CLX,CLOROX COMPANY,GENERAL,GENERAL,60.7,60.7,230,PROVISIONAL,44.9,100.0,83.94,10150948560.0,NASDAQ_PUBLIC_SCREENER,19.8,198,IOS_GENERAL,19.8,99,IOS_GENERAL,,0.0,G2_GUARDED_PER_SHARE,0.0,0.0,0.067,0.067,-0.178,-0.328,0.062
CMCSA,COMCAST CORP CLASS A,GENERAL,GENERAL,76.2,76.2,,PROVISIONAL,62.2,83.3,22.55,80021754721.0,NASDAQ_PUBLIC_SCREENER,96.4,3,IOS_GENERAL,,,IOS_GENERAL,share_change MISSING/CONFLICTING,,,,,,,,,
CME,CME GROUP INC,ASSETMGR_EXCH,ASSETMGR_EXCH,74.2,74.2,120,HIGH,90.8,100.0,270.8,97374064420.0,NASDAQ_PUBLIC_SCREENER,12.5,239,IOS_BANK,12.5,118,IOS_BANK,,0.0,,,,0.0418,0.0456,-0.597,-0.698,-0.476
CMG,CHIPOTLE MEXICAN GRILL INC,GENERAL,GENERAL,81.8,81.8,71,PROVISIONAL,67.3,100.0,32.71,41391822780.0,NASDAQ_PUBLIC_SCREENER,41.3,96,IOS_GENERAL,12.3,119,IOS_GENERAL,,-29.0,G2_GUARDED_PER_SHARE,0.0,0.0,0.0321,0.0321,-0.578,-0.66,-0.449
CMI,CUMMINS INC,INDUSTRIAL,INDUSTRIAL,72.4,72.4,,PROVISIONAL,55.1,83.3,524.65,72225673105.0,NASDAQ_PUBLIC_SCREENER,27.7,166,IOS_GENERAL,,,IOS_GENERAL,SBC MISSING/CONFLICTING,,,,,,,,,
CMS,CMS ENERGY CORP,UTILITY,UTILITY,66.9,66.9,,PROVISIONAL,52.0,83.3,63.15,19802396138.0,NASDAQ_PUBLIC_SCREENER,54.6,58,IOS_GENERAL,,,IOS_GENERAL,capex MISSING/CONFLICTING,,,,,,,,,
CNC,CENTENE CORP,INSURANCE,INSURANCE,30.9,30.9,316,PROVISIONAL,70.4,100.0,62.08,30667209600.0,NASDAQ_PUBLIC_SCREENER,,,IOS_INSURANCE,,,IOS_INSURANCE,BQS<60,,,,,,,,,
CNP,CENTERPOINT ENERGY INC,UTILITY,UTILITY,61.8,61.8,221,PROVISIONAL,58.2,100.0,37.16,24478045902.0,NASDAQ_PUBLIC_SCREENER,9.3,305,IOS_GENERAL,,,IOS_GENERAL,SBC MISSING/CONFLICTING,,,,,,,,,
COF,CAPITAL ONE FINANCIAL CORP,BANK,BANK,55.6,55.6,,PROVISIONAL,53.1,66.7,196.1,120304376340.0,NASDAQ_PUBLIC_SCREENER,,,IOS_BANK,,,IOS_BANK,BQS<60,,,,,,,,,
COHR,COHERENT CORP,SEMICONDUCTOR,SEMICONDUCTOR,57.7,57.7,,PROVISIONAL,39.8,83.3,300.6,58867173148.0,NASDAQ_PUBLIC_SCREENER,,,IOS_GENERAL,,,IOS_GENERAL,BQS<60,,,,,,,,,
COIN,COINBASE GLOBAL INC CLASS A,BANK,BANK,55.9,55.9,254,PROVISIONAL,78.6,100.0,198.13,52274009554.0,NASDAQ_PUBLIC_SCREENER,,,IOS_BANK,,,IOS_BANK,BQS<60,,,,,,,,,
COO,COOPER COS INC/THE,GENERAL,GENERAL,69.4,69.4,165,PROVISIONAL,77.6,100.0,56.07,10662007335.0,NASDAQ_PUBLIC_SCREENER,31.3,151,IOS_GENERAL,10.4,145,IOS_GENERAL,,-20.9,G2_GUARDED_PER_SHARE,0.0,0.0,0.0341,0.0341,-0.63,-0.69,-0.532
COP,CONOCOPHILLIPS,RESOURCES,RESOURCES,46.2,46.2,284,PROVISIONAL,18.4,100.0,128.09,153879317685.0,NASDAQ_PUBLIC_SCREENER,,,IOS_GENERAL,,,IOS_GENERAL,BQS<60,,,,,,,,,
COR,CENCORA INC,GENERAL,GENERAL,64.6,64.6,196,PROVISIONAL,67.3,100.0,312.28,59591507086.0,NASDAQ_PUBLIC_SCREENER,52.8,61,IOS_GENERAL,54.2,36,IOS_GENERAL,,1.4,G2_GUARDED_PER_SHARE,0.1043,0.1043,0.0513,0.1557,-0.025,-0.329,0.256
COST,COSTCO WHOLESALE CORP,GENERAL,GENERAL,66.8,66.8,188,PROVISIONAL,70.4,100.0,904.7,401215273979.0,NASDAQ_PUBLIC_SCREENER,22.9,184,IOS_GENERAL,22.9,90,IOS_GENERAL,,0.0,G2_GUARDED_PER_SHARE,0.0664,0.0664,0.0174,0.0837,-0.717,-0.805,-0.635
CPAY,CORPAY INC,SOFTWARE,SOFTWARE,86.1,86.1,32,PROVISIONAL,70.4,100.0,395.16,25946047141.0,NASDAQ_PUBLIC_SCREENER,51.7,63,IOS_GENERAL,51.7,46,IOS_GENERAL,,0.0,G2_GUARDED_PER_SHARE,0.0973,0.0973,0.0461,0.1434,-0.085,-0.38,0.192
CPRT,COPART INC,GENERAL,GENERAL,74.8,74.8,,PROVISIONAL,26.5,83.3,28.865,26723548428.0,NASDAQ_PUBLIC_SCREENER,11.7,250,IOS_GENERAL,,,IOS_GENERAL,guarded growth inputs MISSING/CONFLICTING,,G2_GUARDED_PER_SHARE,,,,,,,
CPT,CAMDEN PROPERTY TRUST,REIT,REIT,82.1,82.1,68,PROVISIONAL,35.7,100.0,97.68,9820683708.0,NASDAQ_PUBLIC_SCREENER,,,IOS_REIT,,,IOS_REIT,AFFO MISSING: FFO e capex di manutenzione non separati,,,,,,,,,
CRH,CRH PLC,GENERAL,GENERAL,71.6,71.6,142,PROVISIONAL,51.0,100.0,85.23,57047799789.0,NASDAQ_PUBLIC_SCREENER,12.9,233,IOS_GENERAL,,,IOS_GENERAL,guarded growth inputs MISSING/CONFLICTING,,G2_GUARDED_PER_SHARE,,,,,,,
CRL,CHARLES RIVER LABORATORIES,GENERAL,GENERAL,51.4,51.4,270,PROVISIONAL,70.4,100.0,277.33,13239421372.0,NASDAQ_PUBLIC_SCREENER,,,IOS_GENERAL,,,IOS_GENERAL,BQS<60,,,,,,,,,
CRM,SALESFORCE INC,SOFTWARE,SOFTWARE,85.2,85.2,37,PROVISIONAL,70.4,100.0,237.58,195528340000.0,NASDAQ_PUBLIC_SCREENER,63.1,42,IOS_GENERAL,63.1,24,IOS_GENERAL,,0.0,G2_GUARDED_PER_SHARE,0.0982,0.0982,0.0557,0.1539,0.109,-0.249,0.445
CRWD,CROWDSTRIKE HOLDINGS INC A,SOFTWARE,SOFTWARE,36.8,36.8,,PROVISIONAL,21.4,83.3,262.49,268772656677.0,NASDAQ_PUBLIC_SCREENER,,,IOS_GENERAL,,,IOS_GENERAL,BQS<60,,,,,,,,,
CSCO,CISCO SYSTEMS INC,SEMICONDUCTOR,SEMICONDUCTOR,70.4,70.4,150,PROVISIONAL,70.4,100.0,106.43,419609520893.0,NASDAQ_PUBLIC_SCREENER,14.3,223,IOS_GENERAL,13.8,114,IOS_GENERAL,,-0.5,G2_GUARDED_PER_SHARE,0.03,0.03,0.023,0.053,-0.699,-0.781,-0.616
CSGP,COSTAR GROUP INC,SOFTWARE,SOFTWARE,46.5,46.5,283,PROVISIONAL,65.3,100.0,28.26,11450883837.0,NASDAQ_PUBLIC_SCREENER,,,IOS_GENERAL,,,IOS_GENERAL,BQS<60,,,,,,,,,
CSX,CSX CORP,GENERAL,GENERAL,64.7,64.7,194,PROVISIONAL,70.4,100.0,47.19,87418291333.0,NASDAQ_PUBLIC_SCREENER,9.7,294,IOS_GENERAL,,,IOS_GENERAL,SBC MISSING/CONFLICTING,,,,,,,,,
CTAS,CINTAS CORP,GENERAL,GENERAL,88.1,88.1,,PROVISIONAL,62.2,83.3,191.97,76695233761.0,NASDAQ_PUBLIC_SCREENER,37.3,108,IOS_GENERAL,,,IOS_GENERAL,share_change MISSING/CONFLICTING,,,,,,,,,
CTSH,COGNIZANT TECH SOLUTIONS A,SOFTWARE,SOFTWARE,73.7,73.7,125,PROVISIONAL,70.4,100.0,59.14,26639270520.0,NASDAQ_PUBLIC_SCREENER,63.0,44,IOS_GENERAL,63.0,25,IOS_GENERAL,,0.0,G2_GUARDED_PER_SHARE,0.028,0.028,0.0906,0.1186,0.344,-0.04,0.755
CTVA,CORTEVA INC,GENERAL,GENERAL,64.6,64.6,,PROVISIONAL,29.6,83.3,80.42,53655902320.0,NASDAQ_PUBLIC_SCREENER,12.8,234,IOS_GENERAL,,,IOS_GENERAL,SBC MISSING/CONFLICTING,,,,,,,,,
CVNA,CARVANA CO,GENERAL,GENERAL,36.8,36.8,308,PROVISIONAL,45.9,100.0,63.95,70374658092.0,NASDAQ_PUBLIC_SCREENER,,,IOS_GENERAL,,,IOS_GENERAL,BQS<60,,,,,,,,,
CVS,CVS HEALTH CORP,GENERAL,GENERAL,42.7,42.7,293,PROVISIONAL,77.6,100.0,85.86,109812395882.0,NASDAQ_PUBLIC_SCREENER,,,IOS_GENERAL,,,IOS_GENERAL,BQS<60,,,,,,,,,
CVX,CHEVRON CORP,RESOURCES,RESOURCES,46.1,46.1,,PROVISIONAL,29.6,83.3,205.51,406040754520.0,NASDAQ_PUBLIC_SCREENER,,,IOS_GENERAL,,,IOS_GENERAL,BQS<60,,,,,,,,,
D,DOMINION ENERGY INC,UTILITY,UTILITY,68.6,68.6,,PROVISIONAL,52.0,83.3,61.17,53800602300.0,NASDAQ_PUBLIC_SCREENER,42.8,88,IOS_GENERAL,,,IOS_GENERAL,capex MISSING/CONFLICTING,,,,,,,,,
DAL,DELTA AIR LINES INC,GENERAL,GENERAL,71.3,71.3,,PROVISIONAL,38.8,83.3,81.75,53760682703.0,NASDAQ_PUBLIC_SCREENER,95.7,5,IOS_GENERAL,,,IOS_GENERAL,capex MISSING/CONFLICTING,,,,,,,,,
DASH,DOORDASH INC A,SOFTWARE,SOFTWARE,62.0,62.0,218,PROVISIONAL,62.2,100.0,189.27,82010300536.0,NASDAQ_PUBLIC_SCREENER,24.9,175,IOS_GENERAL,41.5,69,IOS_GENERAL,,16.6,G2_GUARDED_PER_SHARE,0.15,0.12,0.0137,0.1417,-0.723,-0.809,-0.643
DD,DUPONT DE NEMOURS INC,GENERAL,GENERAL,42.4,42.4,,PROVISIONAL,23.5,83.3,130.88,17674424568.0,NASDAQ_PUBLIC_SCREENER,,,IOS_GENERAL,,,IOS_GENERAL,BQS<60,,,,,,,,,
DDOG,DATADOG INC CLASS A,SOFTWARE,SOFTWARE,63.8,63.8,204,PROVISIONAL,61.2,100.0,251.49,90303777786.0,NASDAQ_PUBLIC_SCREENER,24.3,181,IOS_GENERAL,41.0,70,IOS_GENERAL,,16.7,G2_GUARDED_PER_SHARE,0.15,0.12,0.0028,0.1393,-0.944,-0.961,-0.928
DE,DEERE + CO,INDUSTRIAL,INDUSTRIAL,59.9,59.9,238,PROVISIONAL,52.0,100.0,709.48,191293837306.0,NASDAQ_PUBLIC_SCREENER,,,IOS_GENERAL,,,IOS_GENERAL,BQS<60,,,,,,,,,
DECK,DECKERS OUTDOOR CORP,GENERAL,GENERAL,88.6,88.6,17,PROVISIONAL,70.4,100.0,78.59,10720794100.0,NASDAQ_PUBLIC_SCREENER,98.3,1,IOS_GENERAL,56.5,31,IOS_GENERAL,,-41.8,G2_GUARDED_PER_SHARE,0.0,0.0,0.0982,0.0982,0.29,0.04,0.685
DELL,DELL TECHNOLOGIES C,SEMICONDUCTOR,SEMICONDUCTOR,68.3,68.3,,PROVISIONAL,62.2,83.3,549.83,349588924333.0,NASDAQ_PUBLIC_SCREENER,14.7,220,IOS_GENERAL,,,IOS_GENERAL,share_change MISSING/CONFLICTING,,,,,,,,,
DG,DOLLAR GENERAL CORP,GENERAL,GENERAL,61.1,61.1,228,PROVISIONAL,66.3,100.0,120.6,26606384874.0,NASDAQ_PUBLIC_SCREENER,58.1,53,IOS_GENERAL,58.1,28,IOS_GENERAL,,0.0,G2_GUARDED_PER_SHARE,0.0413,0.0413,0.0865,0.1242,0.267,-0.127,0.634
DGX,QUEST DIAGNOSTICS INC,GENERAL,GENERAL,71.7,71.7,,PROVISIONAL,59.2,83.3,233.0,25716992880.0,NASDAQ_PUBLIC_SCREENER,26.5,172,IOS_GENERAL,,,IOS_GENERAL,share_change MISSING/CONFLICTING,,,,,,,,,
DHI,DR HORTON INC,GENERAL,GENERAL,60.4,60.4,234,PROVISIONAL,44.9,100.0,140.17,39205726595.0,NASDAQ_PUBLIC_SCREENER,33.9,137,IOS_GENERAL,33.9,78,IOS_GENERAL,,0.0,G2_GUARDED_PER_SHARE,0.0076,0.0076,0.0804,0.088,0.02,-0.193,0.317
DHR,DANAHER CORP,GENERAL,GENERAL,72.7,72.7,133,PROVISIONAL,70.4,100.0,221.56,155753590124.0,NASDAQ_PUBLIC_SCREENER,10.9,270,IOS_GENERAL,10.9,136,IOS_GENERAL,,0.0,G2_GUARDED_PER_SHARE,0.0,0.0,0.0319,0.0319,-0.581,-0.663,-0.453
DIS,WALT DISNEY CO/THE,GENERAL,GENERAL,67.0,67.0,184,PROVISIONAL,37.8,100.0,103.46,178643026881.0,NASDAQ_PUBLIC_SCREENER,27.1,171,IOS_GENERAL,,,IOS_GENERAL,guarded growth inputs MISSING/CONFLICTING,,G2_GUARDED_PER_SHARE,,,,,,,
DLR,DIGITAL REALTY TRUST INC,REIT,REIT,53.6,53.6,266,PROVISIONAL,31.6,100.0,181.45,67143064135.0,NASDAQ_PUBLIC_SCREENER,,,IOS_REIT,,,IOS_REIT,BQS<60,,,,,,,,,
DLTR,DOLLAR TREE INC,GENERAL,GENERAL,56.6,56.6,,PROVISIONAL,49.0,83.3,113.16,21232244635.0,NASDAQ_PUBLIC_SCREENER,,,IOS_GENERAL,,,IOS_GENERAL,BQS<60,,,,,,,,,
DOC,HEALTHPEAK PROPERTIES INC,REIT,REIT,62.8,62.8,211,PROVISIONAL,35.7,100.0,20.48,14121518285.0,NASDAQ_PUBLIC_SCREENER,,,IOS_REIT,,,IOS_REIT,AFFO MISSING: FFO e capex di manutenzione non separati,,,,,,,,,
DOV,DOVER CORP,INDUSTRIAL,INDUSTRIAL,67.2,67.2,,PROVISIONAL,49.0,83.3,189.03,25458602932.0,NASDAQ_PUBLIC_SCREENER,,,IOS_GENERAL,,,IOS_GENERAL,cassa operativa MISSING/CONFLICTING,,,,,,,,,
DOW,DOW INC,GENERAL,GENERAL,12.5,12.5,,PROVISIONAL,18.4,83.3,28.65,20695061370.0,NASDAQ_PUBLIC_SCREENER,,,IOS_GENERAL,,,IOS_GENERAL,BQS<60,,,,,,,,,
DPZ,DOMINO S PIZZA INC,GENERAL,GENERAL,73.2,73.2,,PROVISIONAL,69.4,83.3,296.43,9806418706.0,NASDAQ_PUBLIC_SCREENER,30.5,158,IOS_GENERAL,,,IOS_GENERAL,share_change MISSING/CONFLICTING,,,,,,,,,
DRI,DARDEN RESTAURANTS INC,GENERAL,GENERAL,66.0,66.0,,PROVISIONAL,45.9,83.3,213.69,24377321196.0,NASDAQ_PUBLIC_SCREENER,,,IOS_GENERAL,,,IOS_GENERAL,cassa operativa MISSING/CONFLICTING,,,,,,,,,
DTE,DTE ENERGY COMPANY,UTILITY,UTILITY,71.7,71.7,,PROVISIONAL,28.6,83.3,122.89,25571942799.0,NASDAQ_PUBLIC_SCREENER,76.2,31,IOS_GENERAL,,,IOS_GENERAL,capex MISSING/CONFLICTING,,,,,,,,,
DUK,DUKE ENERGY CORP,UTILITY,UTILITY,69.6,69.6,,PROVISIONAL,28.6,83.3,114.17,89018599375.0,NASDAQ_PUBLIC_SCREENER,10.4,282,IOS_GENERAL,,,IOS_GENERAL,SBC MISSING/CONFLICTING,,,,,,,,,
DVA,DAVITA INC,GENERAL,GENERAL,70.6,70.6,148,PROVISIONAL,77.6,100.0,183.14,11684332000.0,NASDAQ_PUBLIC_SCREENER,79.9,28,IOS_GENERAL,79.9,13,IOS_GENERAL,,0.0,G2_GUARDED_PER_SHARE,0.0553,0.0553,0.1002,0.1555,0.457,0.018,0.859
DVN,DEVON ENERGY CORP,RESOURCES,RESOURCES,76.3,76.3,,PROVISIONAL,32.7,83.3,48.04,52844000000.0,NASDAQ_PUBLIC_SCREENER,15.7,216,IOS_GENERAL,,,IOS_GENERAL,share_change MISSING/CONFLICTING,,,,,,,,,
DXCM,DEXCOM INC,GENERAL,GENERAL,92.8,92.8,3,PROVISIONAL,70.4,100.0,87.73,33105859913.0,NASDAQ_PUBLIC_SCREENER,41.5,95,IOS_GENERAL,53.7,39,IOS_GENERAL,,12.2,G2_GUARDED_PER_SHARE,0.15,0.12,0.0277,0.1777,-0.397,-0.592,-0.215
EBAY,EBAY INC,SOFTWARE,SOFTWARE,70.2,70.2,154,PROVISIONAL,70.4,100.0,109.09,48545050000.0,NASDAQ_PUBLIC_SCREENER,15.4,217,IOS_GENERAL,10.5,140,IOS_GENERAL,,-4.9,G2_GUARDED_PER_SHARE,0.0,0.0,0.017,0.017,-0.776,-0.82,-0.708
ECHO,ECHOSTAR CORP A,GENERAL,GENERAL,26.1,26.1,318,PROVISIONAL,62.2,100.0,92.72,26964445056.0,NASDAQ_PUBLIC_SCREENER,,,IOS_GENERAL,,,IOS_GENERAL,BQS<60,,,,,,,,,
ECL,ECOLAB INC,GENERAL,GENERAL,80.7,80.7,77,PROVISIONAL,70.4,100.0,276.72,77572531022.0,NASDAQ_PUBLIC_SCREENER,18.9,201,IOS_GENERAL,18.9,100,IOS_GENERAL,,0.0,G2_GUARDED_PER_SHARE,0.0426,0.0426,0.0228,0.0654,-0.64,-0.756,-0.53
ED,CONSOLIDATED EDISON INC,UTILITY,UTILITY,52.4,52.4,268,PROVISIONAL,50.0,100.0,102.61,37948116032.0,NASDAQ_PUBLIC_SCREENER,,,IOS_GENERAL,,,IOS_GENERAL,BQS<60,,,,,,,,,
EFX,EQUIFAX INC,GENERAL,GENERAL,76.0,76.0,105,PROVISIONAL,77.6,100.0,155.32,18247754047.0,NASDAQ_PUBLIC_SCREENER,39.4,102,IOS_GENERAL,39.4,73,IOS_GENERAL,,0.0,G2_GUARDED_PER_SHARE,0.0585,0.0585,0.0579,0.1163,-0.147,-0.404,0.088
EG,EVEREST GROUP LTD,INSURANCE,INSURANCE,66.5,66.5,,PROVISIONAL,42.9,83.3,372.36,14277300432.0,NASDAQ_PUBLIC_SCREENER,,,IOS_INSURANCE,,,IOS_INSURANCE,combined ratio MISSING: sottoscrizione non valutabile,,,,,,,,,
EIX,EDISON INTERNATIONAL,UTILITY,UTILITY,74.1,74.1,124,PROVISIONAL,61.2,100.0,53.51,20591396016.0,NASDAQ_PUBLIC_SCREENER,11.1,262,IOS_GENERAL,,,IOS_GENERAL,SBC MISSING/CONFLICTING,,,,,,,,,
EL,ESTEE LAUDER COMPANIES CL A,GENERAL,GENERAL,33.1,33.1,314,PROVISIONAL,72.4,100.0,98.83,35756552377.0,NASDAQ_PUBLIC_SCREENER,,,IOS_GENERAL,,,IOS_GENERAL,BQS<60,,,,,,,,,
ELV,ELEVANCE HEALTH INC,INSURANCE,INSURANCE,54.9,54.9,,PROVISIONAL,58.2,83.3,398.56,86435424222.0,NASDAQ_PUBLIC_SCREENER,,,IOS_INSURANCE,,,IOS_INSURANCE,BQS<60,,,,,,,,,
EME,EMCOR GROUP INC,INDUSTRIAL,INDUSTRIAL,89.4,89.4,,PROVISIONAL,18.4,66.7,751.8,33161823572.0,NASDAQ_PUBLIC_SCREENER,,,IOS_GENERAL,,,IOS_GENERAL,coverage<70,,,,,,,,,
EMR,EMERSON ELECTRIC CO,INDUSTRIAL,INDUSTRIAL,53.8,53.8,265,PROVISIONAL,52.0,100.0,154.59,86230302000.0,NASDAQ_PUBLIC_SCREENER,,,IOS_GENERAL,,,IOS_GENERAL,BQS<60,,,,,,,,,
EOG,EOG RESOURCES INC,RESOURCES,RESOURCES,75.9,75.9,106,PROVISIONAL,51.0,100.0,141.84,74399218324.0,NASDAQ_PUBLIC_SCREENER,75.8,33,IOS_GENERAL,,,IOS_GENERAL,capex MISSING/CONFLICTING,,,,,,,,,
EQIX,EQUINIX INC,REIT,REIT,74.6,74.6,118,PROVISIONAL,48.0,100.0,1037.66,102387661695.0,NASDAQ_PUBLIC_SCREENER,,,IOS_REIT,,,IOS_REIT,AFFO MISSING: FFO e capex di manutenzione non separati,,,,,,,,,
EQT,EQT CORP,RESOURCES,RESOURCES,65.5,65.5,190,PROVISIONAL,70.4,100.0,51.06,31938846960.0,NASDAQ_PUBLIC_SCREENER,16.6,211,IOS_GENERAL,16.6,108,IOS_GENERAL,,0.0,G2_GUARDED_PER_SHARE,0.0,0.0,0.0869,-0.1096,-0.057,-0.21,0.194
ERIE,ERIE INDEMNITY COMPANY CL A,INSURANCE,INSURANCE,90.3,90.3,,PROVISIONAL,57.1,83.3,225.77,10428105882.0,NASDAQ_PUBLIC_SCREENER,,,IOS_INSURANCE,,,IOS_INSURANCE,combined ratio MISSING: sottoscrizione non valutabile,,,,,,,,,
ES,EVERSOURCE ENERGY,UTILITY,UTILITY,63.6,63.6,205,PROVISIONAL,61.2,100.0,64.91,24449958282.0,NASDAQ_PUBLIC_SCREENER,9.5,299,IOS_GENERAL,,,IOS_GENERAL,SBC MISSING/CONFLICTING,,,,,,,,,
ESS,ESSEX PROPERTY TRUST INC,REIT,REIT,29.9,29.9,317,PROVISIONAL,52.0,100.0,273.47,17575490013.0,NASDAQ_PUBLIC_SCREENER,,,IOS_REIT,,,IOS_REIT,BQS<60,,,,,,,,,
ETN,EATON CORP PLC,INDUSTRIAL,INDUSTRIAL,77.6,77.6,98,PROVISIONAL,37.8,100.0,438.76,170414384000.0,NASDAQ_PUBLIC_SCREENER,36.2,119,IOS_GENERAL,,,IOS_GENERAL,SBC MISSING/CONFLICTING,,,,,,,,,
ETR,ENTERGY CORP,UTILITY,UTILITY,64.4,64.4,199,PROVISIONAL,61.2,100.0,99.23,46303843547.0,NASDAQ_PUBLIC_SCREENER,9.7,296,IOS_GENERAL,,,IOS_GENERAL,SBC MISSING/CONFLICTING,,,,,,,,,
EVRG,EVERGY INC,UTILITY,UTILITY,69.0,69.0,168,PROVISIONAL,64.3,100.0,78.42,18081077628.0,NASDAQ_PUBLIC_SCREENER,10.3,284,IOS_GENERAL,,,IOS_GENERAL,guarded growth inputs MISSING/CONFLICTING,,G2_GUARDED_PER_SHARE,,,,,,,
EW,EDWARDS LIFESCIENCES CORP,GENERAL,GENERAL,79.7,79.7,83,PROVISIONAL,70.4,100.0,86.82,50043048000.0,NASDAQ_PUBLIC_SCREENER,18.4,202,IOS_GENERAL,18.4,101,IOS_GENERAL,,0.0,G2_GUARDED_PER_SHARE,0.0408,0.0408,0.0235,0.0643,-0.632,-0.75,-0.519
EXC,EXELON CORP,UTILITY,UTILITY,80.0,80.0,81,PROVISIONAL,51.0,100.0,40.69,42002413917.0,NASDAQ_PUBLIC_SCREENER,12.0,244,IOS_GENERAL,,,IOS_GENERAL,SBC MISSING/CONFLICTING,,,,,,,,,
EXE,EXPAND ENERGY CORP,RESOURCES,RESOURCES,55.6,55.6,255,PROVISIONAL,70.4,100.0,87.04,20150089795.0,NASDAQ_PUBLIC_SCREENER,,,IOS_GENERAL,,,IOS_GENERAL,BQS<60,,,,,,,,,
EXPD,EXPEDITORS INTL WASH INC,GENERAL,GENERAL,58.2,58.2,246,PROVISIONAL,67.3,100.0,188.03,24442136655.0,NASDAQ_PUBLIC_SCREENER,,,IOS_GENERAL,,,IOS_GENERAL,BQS<60,,,,,,,,,
EXPE,EXPEDIA GROUP INC,GENERAL,GENERAL,77.8,77.8,97,PROVISIONAL,70.4,100.0,259.04,29659015605.0,NASDAQ_PUBLIC_SCREENER,92.2,19,IOS_GENERAL,92.2,8,IOS_GENERAL,,0.0,G2_GUARDED_PER_SHARE,0.0809,0.0809,0.0914,0.1723,0.695,0.148,1.21
EXR,EXTRA SPACE STORAGE INC,REIT,REIT,41.1,41.1,299,PROVISIONAL,38.8,100.0,133.84,28276317643.0,NASDAQ_PUBLIC_SCREENER,,,IOS_REIT,,,IOS_REIT,BQS<60,,,,,,,,,
F,FORD MOTOR CO,INDUSTRIAL,INDUSTRIAL,45.6,45.6,287,PROVISIONAL,58.2,100.0,12.94,50682662068.0,NASDAQ_PUBLIC_SCREENER,,,IOS_GENERAL,,,IOS_GENERAL,BQS<60,,,,,,,,,
FANG,DIAMONDBACK ENERGY INC,RESOURCES,RESOURCES,39.0,39.0,304,PROVISIONAL,40.8,100.0,185.65,51986521134.0,NASDAQ_PUBLIC_SCREENER,,,IOS_GENERAL,,,IOS_GENERAL,BQS<60,,,,,,,,,
FAST,FASTENAL CO,GENERAL,GENERAL,70.2,70.2,155,PROVISIONAL,66.3,100.0,50.99,58510901247.0,NASDAQ_PUBLIC_SCREENER,10.5,276,IOS_GENERAL,10.5,141,IOS_GENERAL,,0.0,G2_GUARDED_PER_SHARE,0.0,0.0,0.0178,-0.9853,-0.766,-0.811,-0.694
FCX,FREEPORT MCMORAN INC,RESOURCES,RESOURCES,65.5,65.5,191,PROVISIONAL,67.3,100.0,72.58,104226151819.0,NASDAQ_PUBLIC_SCREENER,13.2,230,IOS_GENERAL,9.8,148,IOS_GENERAL,,-3.4,G2_GUARDED_PER_SHARE,0.0,0.0,0.0095,0.0095,-0.896,-0.913,-0.869
FDS,FACTSET RESEARCH SYSTEMS INC,SOFTWARE,SOFTWARE,88.2,88.2,22,PROVISIONAL,70.4,100.0,279.43,9938079680.0,NASDAQ_PUBLIC_SCREENER,53.4,60,IOS_GENERAL,53.4,40,IOS_GENERAL,,0.0,G2_GUARDED_PER_SHARE,0.0798,0.0798,0.056,0.1358,0.033,-0.3,0.347
FDX,FEDEX CORP,GENERAL,GENERAL,56.8,56.8,,PROVISIONAL,62.2,83.3,291.5,68989431803.0,NASDAQ_PUBLIC_SCREENER,,,IOS_GENERAL,,,IOS_GENERAL,BQS<60,,,,,,,,,
FDXF,FEDEX FREIGHT HOLDING CO,UNKNOWN,UNKNOWN,,,,NOT_CALCULATED,0.0,0.0,119.22,17825551816.0,NASDAQ_PUBLIC_SCREENER,,,IOS_GENERAL,,,IOS_GENERAL,,,,,,,,,,
FE,FIRSTENERGY CORP,UTILITY,UTILITY,64.1,64.1,201,PROVISIONAL,61.2,100.0,43.65,25257633032.0,NASDAQ_PUBLIC_SCREENER,9.6,298,IOS_GENERAL,,,IOS_GENERAL,SBC MISSING/CONFLICTING,,,,,,,,,
FERG,FERGUSON ENTERPRISES INC,GENERAL,GENERAL,48.7,48.7,277,PROVISIONAL,42.9,100.0,221.17,42785937419.0,NASDAQ_PUBLIC_SCREENER,,,IOS_GENERAL,,,IOS_GENERAL,BQS<60,,,,,,,,,
FFIV,F5 INC,SEMICONDUCTOR,SEMICONDUCTOR,83.5,83.5,53,PROVISIONAL,67.3,100.0,455.99,25821428720.0,NASDAQ_PUBLIC_SCREENER,21.7,187,IOS_GENERAL,21.7,92,IOS_GENERAL,,0.0,G2_GUARDED_PER_SHARE,0.0463,0.0463,0.0261,0.0725,-0.634,-0.744,-0.533
FICO,FAIR ISAAC CORP,SOFTWARE,SOFTWARE,84.0,84.0,47,PROVISIONAL,77.6,100.0,879.62,18997711699.0,NASDAQ_PUBLIC_SCREENER,41.7,94,IOS_GENERAL,51.2,48,IOS_GENERAL,,9.5,G2_GUARDED_PER_SHARE,0.1307,0.12,0.0323,0.163,-0.39,-0.574,-0.222
FIS,FIDELITY NATIONAL INFO SERV,SOFTWARE,SOFTWARE,33.7,33.7,,PROVISIONAL,43.9,83.3,34.67,17879524142.0,NASDAQ_PUBLIC_SCREENER,,,IOS_GENERAL,,,IOS_GENERAL,BQS<60,,,,,,,,,
FISV,FISERV INC,SOFTWARE,SOFTWARE,79.3,79.3,87,PROVISIONAL,74.5,100.0,45.95,24434680830.0,NASDAQ_PUBLIC_SCREENER,96.9,2,IOS_GENERAL,96.9,1,IOS_GENERAL,,0.0,G2_GUARDED_PER_SHARE,0.0611,0.0611,0.1613,0.2225,1.404,0.679,2.067
FITB,FIFTH THIRD BANCORP,BANK,BANK,57.3,57.3,,PROVISIONAL,61.2,83.3,51.69,46877276633.0,NASDAQ_PUBLIC_SCREENER,,,IOS_BANK,,,IOS_BANK,BQS<60,,,,,,,,,
FIX,COMFORT SYSTEMS USA INC,INDUSTRIAL,INDUSTRIAL,83.9,83.9,50,PROVISIONAL,70.4,100.0,1625.9,57222459521.0,NASDAQ_PUBLIC_SCREENER,36.8,116,IOS_GENERAL,51.6,47,IOS_GENERAL,,14.8,G2_GUARDED_PER_SHARE,0.15,0.12,0.0176,0.1676,-0.616,-0.74,-0.5
FLEX,FLEX LTD,SEMICONDUCTOR,SEMICONDUCTOR,61.1,61.1,227,PROVISIONAL,70.4,100.0,112.3,41483954429.0,NASDAQ_PUBLIC_SCREENER,9.2,308,IOS_GENERAL,9.2,158,IOS_GENERAL,,0.0,G2_GUARDED_PER_SHARE,0.0,0.0,0.0219,0.0219,-0.762,-0.801,-0.699
FOX,FOX CORP CLASS B,GENERAL,GENERAL,78.9,78.9,,PROVISIONAL,36.7,83.3,56.96,24018529509.0,NASDAQ_PUBLIC_SCREENER,96.1,4,IOS_GENERAL,,,IOS_GENERAL,share_change MISSING/CONFLICTING,,,,,,,,,
FOXA,FOX CORP CLASS A,GENERAL,GENERAL,78.9,78.9,,PROVISIONAL,36.7,83.3,63.96,26970244863.0,NASDAQ_PUBLIC_SCREENER,91.8,20,IOS_GENERAL,,,IOS_GENERAL,share_change MISSING/CONFLICTING,,,,,,,,,
FRT,FEDERAL REALTY INVS TRUST,REIT,REIT,42.9,42.9,292,PROVISIONAL,48.0,100.0,109.39,9504802259.0,NASDAQ_PUBLIC_SCREENER,,,IOS_REIT,,,IOS_REIT,BQS<60,,,,,,,,,
FSLR,FIRST SOLAR INC,SEMICONDUCTOR,SEMICONDUCTOR,85.2,85.2,38,PROVISIONAL,54.1,100.0,191.97,20630975202.0,NASDAQ_PUBLIC_SCREENER,61.7,48,IOS_GENERAL,,,IOS_GENERAL,guarded growth inputs MISSING/CONFLICTING,,G2_GUARDED_PER_SHARE,,,,,,,
FTNT,FORTINET INC,SEMICONDUCTOR,SEMICONDUCTOR,91.9,91.9,7,PROVISIONAL,70.4,100.0,178.74,131143978337.0,NASDAQ_PUBLIC_SCREENER,37.1,110,IOS_GENERAL,52.5,43,IOS_GENERAL,,15.4,G2_GUARDED_PER_SHARE,0.15,0.12,0.0148,0.1648,-0.719,-0.804,-0.642
FTV,FORTIVE CORP,GENERAL,GENERAL,67.0,67.0,181,PROVISIONAL,70.4,100.0,56.26,16991479346.0,NASDAQ_PUBLIC_SCREENER,12.7,237,IOS_GENERAL,12.7,116,IOS_GENERAL,,0.0,G2_GUARDED_PER_SHARE,0.0,0.0,0.0507,0.0507,-0.378,-0.491,-0.197
GD,GENERAL DYNAMICS CORP,GENERAL,GENERAL,71.3,71.3,,PROVISIONAL,59.2,83.3,343.33,92890401759.0,NASDAQ_PUBLIC_SCREENER,45.7,76,IOS_GENERAL,,,IOS_GENERAL,share_change MISSING/CONFLICTING,,,,,,,,,
GDDY,GODADDY INC CLASS A,SOFTWARE,SOFTWARE,83.2,83.2,57,PROVISIONAL,67.3,100.0,96.38,12206305712.0,NASDAQ_PUBLIC_SCREENER,94.4,13,IOS_GENERAL,,,IOS_GENERAL,guarded growth inputs MISSING/CONFLICTING,,G2_GUARDED_PER_SHARE,,,,,,,
GE,GENERAL ELECTRIC,INDUSTRIAL,INDUSTRIAL,57.5,57.5,,PROVISIONAL,29.6,83.3,319.8,331812491657.0,NASDAQ_PUBLIC_SCREENER,,,IOS_GENERAL,,,IOS_GENERAL,BQS<60,,,,,,,,,
GEHC,GE HEALTHCARE TECHNOLOGY,GENERAL,GENERAL,56.4,56.4,,PROVISIONAL,36.7,83.3,66.09,29851944395.0,NASDAQ_PUBLIC_SCREENER,,,IOS_GENERAL,,,IOS_GENERAL,BQS<60,,,,,,,,,
GEN,GEN DIGITAL INC,SOFTWARE,SOFTWARE,81.4,81.4,72,PROVISIONAL,77.6,100.0,26.23,15700937849.0,NASDAQ_PUBLIC_SCREENER,88.8,25,IOS_GENERAL,88.8,11,IOS_GENERAL,,0.0,G2_GUARDED_PER_SHARE,0.1442,0.12,0.0819,0.2261,0.549,0.081,0.974
GEV,GE VERNOVA INC,INDUSTRIAL,INDUSTRIAL,49.0,49.0,274,PROVISIONAL,35.7,100.0,951.82,253501629067.0,NASDAQ_PUBLIC_SCREENER,,,IOS_GENERAL,,,IOS_GENERAL,BQS<60,,,,,,,,,
GILD,GILEAD SCIENCES INC,GENERAL,GENERAL,73.3,73.3,128,PROVISIONAL,70.4,100.0,151.37,187692011812.0,NASDAQ_PUBLIC_SCREENER,19.8,197,IOS_GENERAL,19.8,98,IOS_GENERAL,,0.0,G2_GUARDED_PER_SHARE,0.0257,0.0257,0.0456,0.0714,-0.33,-0.517,-0.125
GIS,GENERAL MILLS INC,UNKNOWN,UNKNOWN,,,,NOT_CALCULATED,0.0,0.0,35.82,19150427687.0,NASDAQ_PUBLIC_SCREENER,,,IOS_GENERAL,,,IOS_GENERAL,,,,,,,,,,
GL,GLOBE LIFE INC,INSURANCE,INSURANCE,76.1,76.1,,PROVISIONAL,43.9,83.3,168.75,12968344181.0,NASDAQ_PUBLIC_SCREENER,,,IOS_INSURANCE,,,IOS_INSURANCE,combined ratio MISSING: sottoscrizione non valutabile,,,,,,,,,
GLW,CORNING INC,GENERAL,GENERAL,70.0,70.0,,PROVISIONAL,45.9,83.3,154.48,133067269373.0,NASDAQ_PUBLIC_SCREENER,13.2,229,IOS_GENERAL,,,IOS_GENERAL,capex MISSING/CONFLICTING,,,,,,,,,
GM,GENERAL MOTORS CO,INDUSTRIAL,INDUSTRIAL,68.6,68.6,169,PROVISIONAL,60.2,100.0,83.77,73504115590.0,NASDAQ_PUBLIC_SCREENER,95.3,7,IOS_GENERAL,,,IOS_GENERAL,SBC MISSING/CONFLICTING,,,,,,,,,
GNRC,GENERAC HOLDINGS INC,GENERAL,GENERAL,54.9,54.9,258,PROVISIONAL,63.3,100.0,199.42,11767048511.0,NASDAQ_PUBLIC_SCREENER,,,IOS_GENERAL,,,IOS_GENERAL,BQS<60,,,,,,,,,
GOOG,ALPHABET INC CL C,SOFTWARE,SOFTWARE,89.3,89.3,,PROVISIONAL,59.2,83.3,334.98,4096805400000.0,NASDAQ_PUBLIC_SCREENER,35.7,122,IOS_GENERAL,,,IOS_GENERAL,share_change MISSING/CONFLICTING,,,,,,,,,
GOOGL,ALPHABET INC CL A,SOFTWARE,SOFTWARE,89.3,89.3,,PROVISIONAL,59.2,83.3,337.83,4131660900000.0,NASDAQ_PUBLIC_SCREENER,35.6,123,IOS_GENERAL,,,IOS_GENERAL,share_change MISSING/CONFLICTING,,,,,,,,,
GPC,GENUINE PARTS CO,GENERAL,GENERAL,28.4,28.4,,PROVISIONAL,39.8,83.3,128.76,17750822440.0,NASDAQ_PUBLIC_SCREENER,,,IOS_GENERAL,,,IOS_GENERAL,BQS<60,,,,,,,,,
GPN,GLOBAL PAYMENTS INC,SOFTWARE,SOFTWARE,72.8,72.8,,PROVISIONAL,66.3,83.3,84.0,22227944760.0,NASDAQ_PUBLIC_SCREENER,32.6,145,IOS_GENERAL,,,IOS_GENERAL,share_change MISSING/CONFLICTING,,,,,,,,,
GRMN,GARMIN LTD,INDUSTRIAL,INDUSTRIAL,81.1,81.1,,PROVISIONAL,59.2,83.3,287.58,55460532303.0,NASDAQ_PUBLIC_SCREENER,37.7,106,IOS_GENERAL,,,IOS_GENERAL,share_change MISSING/CONFLICTING,,,,,,,,,
GS,GOLDMAN SACHS GROUP INC,ASSETMGR_EXCH,ASSETMGR_EXCH,64.0,64.0,,PROVISIONAL,51.0,83.3,936.36,272641259595.0,NASDAQ_PUBLIC_SCREENER,47.2,71,IOS_BANK,47.2,58,IOS_BANK,,0.0,,,,0.063,0.143,-0.122,-0.342,0.141
GWW,WW GRAINGER INC,GENERAL,GENERAL,72.7,72.7,134,PROVISIONAL,70.4,100.0,1270.67,59849753971.0,NASDAQ_PUBLIC_SCREENER,21.7,188,IOS_GENERAL,21.7,93,IOS_GENERAL,,0.0,G2_GUARDED_PER_SHARE,0.0562,0.0562,0.0212,0.0774,-0.646,-0.76,-0.538
HAL,HALLIBURTON CO,RESOURCES,RESOURCES,72.9,72.9,,PROVISIONAL,26.5,83.3,33.01,27501633415.0,NASDAQ_PUBLIC_SCREENER,16.2,213,IOS_GENERAL,,,IOS_GENERAL,SBC MISSING/CONFLICTING,,,,,,,,,
HAS,HASBRO INC,GENERAL,GENERAL,41.4,41.4,,PROVISIONAL,58.2,83.3,86.52,12203167285.0,NASDAQ_PUBLIC_SCREENER,,,IOS_GENERAL,,,IOS_GENERAL,BQS<60,,,,,,,,,
HBAN,HUNTINGTON BANCSHARES INC,BANK,BANK,33.0,33.0,,PROVISIONAL,57.1,83.3,15.38,31073980024.0,NASDAQ_PUBLIC_SCREENER,,,IOS_BANK,,,IOS_BANK,BQS<60,,,,,,,,,
HCA,HCA HEALTHCARE INC,GENERAL,GENERAL,66.9,66.9,185,PROVISIONAL,52.0,100.0,436.48,94498574720.0,NASDAQ_PUBLIC_SCREENER,63.6,41,IOS_GENERAL,63.6,23,IOS_GENERAL,,0.0,G2_GUARDED_PER_SHARE,0.0787,0.0787,0.0772,0.1558,0.161,-0.179,0.467
HD,HOME DEPOT INC,GENERAL,GENERAL,54.2,54.2,262,PROVISIONAL,77.6,100.0,296.72,296034465827.0,NASDAQ_PUBLIC_SCREENER,,,IOS_GENERAL,,,IOS_GENERAL,BQS<60,,,,,,,,,
HIG,HARTFORD INSURANCE GROUP INC,INSURANCE,INSURANCE,84.2,84.2,,PROVISIONAL,43.9,83.3,126.59,34289686733.0,NASDAQ_PUBLIC_SCREENER,,,IOS_INSURANCE,,,IOS_INSURANCE,combined ratio MISSING: sottoscrizione non valutabile,,,,,,,,,
HII,HUNTINGTON INGALLS INDUSTRIE,GENERAL,GENERAL,63.5,63.5,207,PROVISIONAL,66.3,100.0,269.8,10631360540.0,NASDAQ_PUBLIC_SCREENER,47.6,70,IOS_GENERAL,47.6,56,IOS_GENERAL,,0.0,G2_GUARDED_PER_SHARE,0.0535,0.0535,0.0696,0.1231,0.073,-0.261,0.384
HLT,HILTON WORLDWIDE HOLDINGS IN,GENERAL,GENERAL,76.9,76.9,,PROVISIONAL,69.4,83.3,307.22,69144441650.0,NASDAQ_PUBLIC_SCREENER,38.8,103,IOS_GENERAL,,,IOS_GENERAL,share_change MISSING/CONFLICTING,,,,,,,,,
HON,HONEYWELL INTERNATIONAL INC,GENERAL,GENERAL,62.4,62.4,,PROVISIONAL,43.9,83.3,212.57,67371937926.0,NASDAQ_PUBLIC_SCREENER,32.1,148,IOS_GENERAL,,,IOS_GENERAL,share_change MISSING/CONFLICTING,,,,,,,,,
HONA,HONEYWELL AEROSPACE INC,UNKNOWN,UNKNOWN,,,,NOT_CALCULATED,0.0,0.0,163.33,51767888574.0,NASDAQ_PUBLIC_SCREENER,,,IOS_GENERAL,,,IOS_GENERAL,,,,,,,,,,
HOOD,ROBINHOOD MARKETS INC A,ASSETMGR_EXCH,ASSETMGR_EXCH,87.6,87.6,25,PROVISIONAL,60.2,100.0,122.7,110317394897.0,NASDAQ_PUBLIC_SCREENER,,,IOS_BANK,,,IOS_BANK,book value / ROE / crescita sostenibile MISSING,,,,,,,,,
HPE,HEWLETT PACKARD ENTERPRISE,GENERAL,GENERAL,46.6,46.6,282,PROVISIONAL,72.4,100.0,62.33,82740879675.0,NASDAQ_PUBLIC_SCREENER,,,IOS_GENERAL,,,IOS_GENERAL,BQS<60,,,,,,,,,
HPQ,HP INC,GENERAL,GENERAL,54.2,54.2,263,PROVISIONAL,70.4,100.0,32.16,29001597563.0,NASDAQ_PUBLIC_SCREENER,,,IOS_GENERAL,,,IOS_GENERAL,BQS<60,,,,,,,,,
HRL,HORMEL FOODS CORP,GENERAL,GENERAL,55.3,55.3,,PROVISIONAL,30.6,83.3,19.92,10962987936.0,NASDAQ_PUBLIC_SCREENER,,,IOS_GENERAL,,,IOS_GENERAL,BQS<60,,,,,,,,,
HSIC,HENRY SCHEIN INC,GENERAL,GENERAL,51.9,51.9,269,PROVISIONAL,77.6,100.0,85.05,9478528397.0,NASDAQ_PUBLIC_SCREENER,,,IOS_GENERAL,,,IOS_GENERAL,BQS<60,,,,,,,,,
HST,HOST HOTELS + RESORTS INC,REIT,REIT,74.1,74.1,,PROVISIONAL,33.7,83.3,22.15,15175505438.0,NASDAQ_PUBLIC_SCREENER,,,IOS_REIT,,,IOS_REIT,AFFO MISSING: FFO e capex di manutenzione non separati,,,,,,,,,
HSY,HERSHEY CO/THE,GENERAL,GENERAL,59.2,59.2,,PROVISIONAL,62.2,83.3,168.45,33845926922.0,NASDAQ_PUBLIC_SCREENER,,,IOS_GENERAL,,,IOS_GENERAL,BQS<60,,,,,,,,,
HUBB,HUBBELL INC,SEMICONDUCTOR,SEMICONDUCTOR,82.5,82.5,,PROVISIONAL,55.1,83.3,463.7,24498463173.0,NASDAQ_PUBLIC_SCREENER,27.9,164,IOS_GENERAL,,,IOS_GENERAL,share_change MISSING/CONFLICTING,,,,,,,,,
HUM,HUMANA INC,INSURANCE,INSURANCE,31.3,31.3,,PROVISIONAL,74.5,83.3,374.78,45003697832.0,NASDAQ_PUBLIC_SCREENER,,,IOS_INSURANCE,,,IOS_INSURANCE,BQS<60,,,,,,,,,
HWM,HOWMET AEROSPACE INC,GENERAL,GENERAL,88.4,88.4,19,PROVISIONAL,60.2,100.0,228.78,91237784063.0,NASDAQ_PUBLIC_SCREENER,36.8,114,IOS_GENERAL,,,IOS_GENERAL,SBC MISSING/CONFLICTING,,,,,,,,,
IBKR,INTERACTIVE BROKERS GRO CL A,ASSETMGR_EXCH,ASSETMGR_EXCH,78.6,78.6,,PROVISIONAL,39.8,83.3,91.56,41483837337.0,NASDAQ_PUBLIC_SCREENER,56.8,54,IOS_BANK,56.8,30,IOS_BANK,,0.0,,,,0.105,-2.892,3.767,2.575,5.197
IBM,INTL BUSINESS MACHINES CORP,GENERAL,GENERAL,56.3,56.3,251,PROVISIONAL,48.0,100.0,232.76,219291200616.0,NASDAQ_PUBLIC_SCREENER,,,IOS_GENERAL,,,IOS_GENERAL,BQS<60,,,,,,,,,
ICE,INTERCONTINENTAL EXCHANGE IN,ASSETMGR_EXCH,ASSETMGR_EXCH,67.7,67.7,176,HIGH,94.9,100.0,156.35,87774028042.0,NASDAQ_PUBLIC_SCREENER,33.2,142,IOS_BANK,33.2,79,IOS_BANK,,0.0,,,,0.0378,0.1142,-0.625,-0.719,-0.512
IDXX,IDEXX LABORATORIES INC,GENERAL,GENERAL,91.7,91.7,9,PROVISIONAL,70.4,100.0,522.02,41125318174.0,NASDAQ_PUBLIC_SCREENER,35.2,127,IOS_GENERAL,35.2,75,IOS_GENERAL,,0.0,G2_GUARDED_PER_SHARE,0.0852,0.0852,0.0242,0.1095,-0.543,-0.69,-0.403
IEX,IDEX CORP,INDUSTRIAL,INDUSTRIAL,75.6,75.6,111,PROVISIONAL,70.4,100.0,229.67,16931248514.0,NASDAQ_PUBLIC_SCREENER,17.3,207,IOS_GENERAL,17.3,105,IOS_GENERAL,,0.0,G2_GUARDED_PER_SHARE,0.0281,0.0281,0.0348,0.0629,-0.483,-0.631,-0.325
IFF,INTL FLAVORS + FRAGRANCES,GENERAL,GENERAL,33.5,33.5,313,PROVISIONAL,65.3,100.0,85.71,21868903329.0,NASDAQ_PUBLIC_SCREENER,,,IOS_GENERAL,,,IOS_GENERAL,BQS<60,,,,,,,,,
INCY,INCYTE CORP,GENERAL,GENERAL,84.0,84.0,49,PROVISIONAL,51.0,100.0,124.64,25264247061.0,NASDAQ_PUBLIC_SCREENER,54.7,57,IOS_GENERAL,,,IOS_GENERAL,capex MISSING/CONFLICTING,,,,,,,,,
INTC,INTEL CORP,SEMICONDUCTOR,SEMICONDUCTOR,34.4,34.4,311,PROVISIONAL,61.2,100.0,122.6,647949522049.0,NASDAQ_PUBLIC_SCREENER,,,IOS_GENERAL,,,IOS_GENERAL,BQS<60,,,,,,,,,
INTU,INTUIT INC,SOFTWARE,SOFTWARE,88.1,88.1,23,PROVISIONAL,70.4,100.0,286.8,76643284800.0,NASDAQ_PUBLIC_SCREENER,67.4,39,IOS_GENERAL,71.0,18,IOS_GENERAL,,3.6,G2_GUARDED_PER_SHARE,0.1395,0.12,0.0542,0.1937,0.179,-0.202,0.536
INVH,INVITATION HOMES INC,REIT,REIT,83.2,83.2,58,PROVISIONAL,35.7,100.0,26.93,15905483476.0,NASDAQ_PUBLIC_SCREENER,,,IOS_REIT,,,IOS_REIT,AFFO MISSING: FFO e capex di manutenzione non separati,,,,,,,,,
IP,INTERNATIONAL PAPER CO,GENERAL,GENERAL,19.6,19.6,,PROVISIONAL,25.5,83.3,35.7,18905645252.0,NASDAQ_PUBLIC_SCREENER,,,IOS_GENERAL,,,IOS_GENERAL,BQS<60,,,,,,,,,
IQV,IQVIA HOLDINGS INC,GENERAL,GENERAL,67.3,67.3,177,PROVISIONAL,77.6,100.0,267.86,44089756000.0,NASDAQ_PUBLIC_SCREENER,22.8,185,IOS_GENERAL,22.8,91,IOS_GENERAL,,0.0,G2_GUARDED_PER_SHARE,0.0421,0.0421,0.0409,0.0831,-0.47,-0.625,-0.33
IR,INGERSOLL RAND INC,INDUSTRIAL,INDUSTRIAL,76.2,76.2,,PROVISIONAL,58.2,83.3,76.22,29573316478.0,NASDAQ_PUBLIC_SCREENER,41.0,98,IOS_GENERAL,,,IOS_GENERAL,share_change MISSING/CONFLICTING,,,,,,,,,
IRM,IRON MOUNTAIN INC,REIT,REIT,52.5,52.5,267,PROVISIONAL,52.0,100.0,115.09,34262616633.0,NASDAQ_PUBLIC_SCREENER,,,IOS_REIT,,,IOS_REIT,BQS<60,,,,,,,,,
ISRG,INTUITIVE SURGICAL INC,GENERAL,GENERAL,90.2,90.2,12,PROVISIONAL,67.3,100.0,398.3,140710642535.0,NASDAQ_PUBLIC_SCREENER,35.3,125,IOS_GENERAL,51.9,45,IOS_GENERAL,,16.6,G2_GUARDED_PER_SHARE,0.15,0.12,0.0121,0.1602,-0.737,-0.822,-0.657
IT,GARTNER INC,GENERAL,GENERAL,73.7,73.7,126,PROVISIONAL,51.0,100.0,178.52,11273355196.0,NASDAQ_PUBLIC_SCREENER,90.4,23,IOS_GENERAL,,,IOS_GENERAL,capex MISSING/CONFLICTING,,,,,,,,,
ITW,ILLINOIS TOOL WORKS,INDUSTRIAL,INDUSTRIAL,79.5,79.5,,PROVISIONAL,62.2,83.3,273.42,77870016000.0,NASDAQ_PUBLIC_SCREENER,11.9,245,IOS_GENERAL,,,IOS_GENERAL,share_change MISSING/CONFLICTING,,,,,,,,,
IVZ,INVESCO LTD,ASSETMGR_EXCH,ASSETMGR_EXCH,28.6,28.6,,PROVISIONAL,81.6,83.3,30.74,13571703237.0,NASDAQ_PUBLIC_SCREENER,,,IOS_BANK,,,IOS_BANK,BQS<60,,,,,,,,,
J,JACOBS SOLUTIONS INC,GENERAL,GENERAL,77.1,77.1,,PROVISIONAL,22.4,66.7,141.12,16516488784.0,NASDAQ_PUBLIC_SCREENER,,,IOS_GENERAL,,,IOS_GENERAL,coverage<70,,,,,,,,,
JBHT,HUNT (JB) TRANSPRT SVCS INC,GENERAL,GENERAL,84.8,84.8,,PROVISIONAL,30.6,83.3,234.63,22035262138.0,NASDAQ_PUBLIC_SCREENER,12.7,236,IOS_GENERAL,,,IOS_GENERAL,guarded growth inputs MISSING/CONFLICTING,,G2_GUARDED_PER_SHARE,,,,,,,
JBL,JABIL INC,SEMICONDUCTOR,SEMICONDUCTOR,60.6,60.6,231,PROVISIONAL,63.3,100.0,308.75,32353013729.0,NASDAQ_PUBLIC_SCREENER,9.1,309,IOS_GENERAL,,,IOS_GENERAL,SBC MISSING/CONFLICTING,,,,,,,,,
JCI,JOHNSON CONTROLS INTERNATION,INDUSTRIAL,INDUSTRIAL,42.9,42.9,,PROVISIONAL,18.4,66.7,145.9,88377680473.0,NASDAQ_PUBLIC_SCREENER,,,IOS_GENERAL,,,IOS_GENERAL,BQS<60,,,,,,,,,
JKHY,JACK HENRY + ASSOCIATES INC,SOFTWARE,SOFTWARE,79.5,79.5,86,PROVISIONAL,67.3,100.0,148.33,10399803145.0,NASDAQ_PUBLIC_SCREENER,44.8,80,IOS_GENERAL,44.8,62,IOS_GENERAL,,0.0,G2_GUARDED_PER_SHARE,0.0693,0.0693,0.0538,0.1228,-0.049,-0.356,0.24
JNJ,JOHNSON + JOHNSON,GENERAL,GENERAL,62.1,62.1,217,PROVISIONAL,44.9,100.0,269.17,648672405354.0,NASDAQ_PUBLIC_SCREENER,9.3,301,IOS_GENERAL,9.3,155,IOS_GENERAL,,0.0,G2_GUARDED_PER_SHARE,0.0,0.0,0.0283,0.0283,-0.653,-0.716,-0.552
JPM,JPMORGAN CHASE + CO,BANK,BANK,74.6,74.6,,PROVISIONAL,50.0,83.3,337.53,897217586398.0,NASDAQ_PUBLIC_SCREENER,66.9,40,IOS_BANK,66.9,21,IOS_BANK,,0.0,,,,0.0636,0.1436,0.251,-0.062,0.626
KDP,KEURIG DR PEPPER INC,GENERAL,GENERAL,61.1,61.1,226,PROVISIONAL,77.6,100.0,31.76,43219834967.0,NASDAQ_PUBLIC_SCREENER,24.0,182,IOS_GENERAL,9.2,159,IOS_GENERAL,,-14.8,G2_GUARDED_PER_SHARE,0.0,0.0,0.0326,0.0326,-0.646,-0.704,-0.553
KEY,KEYCORP,BANK,BANK,37.4,37.4,,PROVISIONAL,61.2,83.3,20.24,21598681933.0,NASDAQ_PUBLIC_SCREENER,,,IOS_BANK,,,IOS_BANK,BQS<60,,,,,,,,,
KEYS,KEYSIGHT TECHNOLOGIES IN,GENERAL,GENERAL,67.3,67.3,179,PROVISIONAL,55.1,100.0,353.36,60157683093.0,NASDAQ_PUBLIC_SCREENER,10.1,289,IOS_GENERAL,,,IOS_GENERAL,guarded growth inputs MISSING/CONFLICTING,,G2_GUARDED_PER_SHARE,,,,,,,
KHC,KRAFT HEINZ CO/THE,GENERAL,GENERAL,48.0,48.0,,PROVISIONAL,24.5,66.7,23.79,28210747203.0,NASDAQ_PUBLIC_SCREENER,,,IOS_GENERAL,,,IOS_GENERAL,BQS<60,,,,,,,,,
KIM,KIMCO REALTY CORP,REIT,REIT,61.2,61.2,225,PROVISIONAL,52.0,100.0,22.21,14898231974.0,NASDAQ_PUBLIC_SCREENER,,,IOS_REIT,,,IOS_REIT,AFFO MISSING: FFO e capex di manutenzione non separati,,,,,,,,,
KKR,KKR + CO INC,ASSETMGR_EXCH,ASSETMGR_EXCH,42.0,42.0,,PROVISIONAL,55.1,83.3,97.21,87259156773.0,NASDAQ_PUBLIC_SCREENER,,,IOS_BANK,,,IOS_BANK,BQS<60,,,,,,,,,
KLAC,KLA CORP,SEMICONDUCTOR,SEMICONDUCTOR,80.1,80.1,80,PROVISIONAL,44.9,100.0,187.86,245158519587.0,NASDAQ_PUBLIC_SCREENER,34.0,136,IOS_GENERAL,34.0,77,IOS_GENERAL,,0.0,G2_GUARDED_PER_SHARE,0.0969,0.0969,0.0142,0.1111,-0.755,-0.829,-0.688
KMB,KIMBERLY CLARK CORP,GENERAL,GENERAL,65.6,65.6,,PROVISIONAL,62.2,83.3,97.7,32492972013.0,NASDAQ_PUBLIC_SCREENER,11.4,255,IOS_GENERAL,,,IOS_GENERAL,share_change MISSING/CONFLICTING,,,,,,,,,
KMI,KINDER MORGAN INC,UTILITY,UTILITY,67.0,67.0,182,PROVISIONAL,68.4,100.0,31.37,69854781532.0,NASDAQ_PUBLIC_SCREENER,10.1,291,IOS_GENERAL,,,IOS_GENERAL,SBC MISSING/CONFLICTING,,,,,,,,,
KO,COCA COLA CO/THE,GENERAL,GENERAL,61.6,61.6,222,PROVISIONAL,77.6,100.0,88.09,379011562816.0,NASDAQ_PUBLIC_SCREENER,11.8,248,IOS_GENERAL,9.2,156,IOS_GENERAL,,-2.6,G2_GUARDED_PER_SHARE,0.0,0.0,0.0132,0.0132,-0.856,-0.88,-0.818
KR,KROGER CO,GENERAL,GENERAL,54.4,54.4,260,PROVISIONAL,70.4,100.0,57.64,34041532668.0,NASDAQ_PUBLIC_SCREENER,,,IOS_GENERAL,,,IOS_GENERAL,BQS<60,,,,,,,,,
KVUE,KENVUE INC,GENERAL,GENERAL,63.6,63.6,206,PROVISIONAL,51.0,100.0,17.67,33940067162.0,NASDAQ_PUBLIC_SCREENER,11.1,266,IOS_GENERAL,,,IOS_GENERAL,guarded growth inputs MISSING/CONFLICTING,,G2_GUARDED_PER_SHARE,,,,,,,
L,LOEWS CORP,INSURANCE,INSURANCE,45.4,45.4,289,PROVISIONAL,52.0,100.0,105.04,21473087709.0,NASDAQ_PUBLIC_SCREENER,,,IOS_INSURANCE,,,IOS_INSURANCE,BQS<60,,,,,,,,,
LDOS,LEIDOS HOLDINGS INC,SOFTWARE,SOFTWARE,76.8,76.8,,PROVISIONAL,62.2,83.3,124.69,15647623540.0,NASDAQ_PUBLIC_SCREENER,89.9,24,IOS_GENERAL,,,IOS_GENERAL,share_change MISSING/CONFLICTING,,,,,,,,,
LEN,LENNAR CORP A,GENERAL,GENERAL,22.7,22.7,,PROVISIONAL,36.7,83.3,81.52,19637771976.0,NASDAQ_PUBLIC_SCREENER,,,IOS_GENERAL,,,IOS_GENERAL,BQS<60,,,,,,,,,
LH,LABCORP HOLDINGS INC,GENERAL,GENERAL,59.3,59.3,,PROVISIONAL,69.4,83.3,303.98,24652778000.0,NASDAQ_PUBLIC_SCREENER,,,IOS_GENERAL,,,IOS_GENERAL,BQS<60,,,,,,,,,
LHX,L3HARRIS TECHNOLOGIES INC,INDUSTRIAL,INDUSTRIAL,70.6,70.6,,PROVISIONAL,61.2,83.3,239.21,44544398293.0,NASDAQ_PUBLIC_SCREENER,46.6,73,IOS_GENERAL,,,IOS_GENERAL,share_change MISSING/CONFLICTING,,,,,,,,,
LII,LENNOX INTERNATIONAL INC,INDUSTRIAL,INDUSTRIAL,81.2,81.2,73,PROVISIONAL,70.4,100.0,372.34,12868321730.0,NASDAQ_PUBLIC_SCREENER,24.3,179,IOS_GENERAL,24.3,89,IOS_GENERAL,,0.0,G2_GUARDED_PER_SHARE,0.0326,0.0326,0.0474,0.08,-0.283,-0.498,-0.064
LIN,LINDE PLC,GENERAL,GENERAL,79.5,79.5,84,PROVISIONAL,70.4,100.0,469.72,216531602164.0,NASDAQ_PUBLIC_SCREENER,11.9,246,IOS_GENERAL,11.9,121,IOS_GENERAL,,0.0,G2_GUARDED_PER_SHARE,0.0,0.0,0.0227,0.0227,-0.701,-0.759,-0.61
LITE,LUMENTUM HOLDINGS INC,GENERAL,GENERAL,54.5,54.5,,PROVISIONAL,25.5,83.3,937.0,84048900000.0,NASDAQ_PUBLIC_SCREENER,,,IOS_GENERAL,,,IOS_GENERAL,BQS<60,,,,,,,,,
LLY,ELI LILLY + CO,GENERAL,GENERAL,77.4,77.4,100,PROVISIONAL,25.5,100.0,1150.99,1083492568244.0,NASDAQ_PUBLIC_SCREENER,34.9,131,IOS_GENERAL,,,IOS_GENERAL,capex MISSING/CONFLICTING,,,,,,,,,
LMT,LOCKHEED MARTIN CORP,GENERAL,GENERAL,65.8,65.8,,PROVISIONAL,62.2,83.3,524.68,121091292284.0,NASDAQ_PUBLIC_SCREENER,30.6,156,IOS_GENERAL,,,IOS_GENERAL,share_change MISSING/CONFLICTING,,,,,,,,,
LNT,ALLIANT ENERGY CORP,UTILITY,UTILITY,62.3,62.3,214,PROVISIONAL,57.1,100.0,63.69,16513842479.0,NASDAQ_PUBLIC_SCREENER,23.8,183,IOS_GENERAL,,,IOS_GENERAL,capex MISSING/CONFLICTING,,,,,,,,,
LOW,LOWE S COS INC,GENERAL,GENERAL,54.4,54.4,,PROVISIONAL,66.3,83.3,191.36,107363297076.0,NASDAQ_PUBLIC_SCREENER,,,IOS_GENERAL,,,IOS_GENERAL,BQS<60,,,,,,,,,
LRCX,LAM RESEARCH CORP,SEMICONDUCTOR,SEMICONDUCTOR,78.0,78.0,95,PROVISIONAL,70.4,100.0,307.28,384505916880.0,NASDAQ_PUBLIC_SCREENER,11.7,249,IOS_GENERAL,11.7,122,IOS_GENERAL,,0.0,G2_GUARDED_PER_SHARE,0.0,0.0,0.0132,-8.761,-0.848,-0.874,-0.806
LULU,LULULEMON ATHLETICA INC,GENERAL,GENERAL,83.8,83.8,51,PROVISIONAL,67.3,100.0,102.28,10800160866.0,NASDAQ_PUBLIC_SCREENER,93.1,18,IOS_GENERAL,93.2,7,IOS_GENERAL,,0.1,G2_GUARDED_PER_SHARE,0.1103,0.1103,0.0796,0.1899,0.664,0.127,1.169
LUV,SOUTHWEST AIRLINES CO,GENERAL,GENERAL,48.6,48.6,,PROVISIONAL,51.0,83.3,41.04,20077104569.0,NASDAQ_PUBLIC_SCREENER,,,IOS_GENERAL,,,IOS_GENERAL,BQS<60,,,,,,,,,
LVS,LAS VEGAS SANDS CORP,GENERAL,GENERAL,70.7,70.7,147,PROVISIONAL,65.3,100.0,39.19,25383409401.0,NASDAQ_PUBLIC_SCREENER,76.3,30,IOS_GENERAL,,,IOS_GENERAL,guarded growth inputs MISSING/CONFLICTING,,G2_GUARDED_PER_SHARE,,,,,,,
LYB,LYONDELLBASELL INDU CL A,GENERAL,GENERAL,42.1,42.1,,PROVISIONAL,64.3,83.3,59.97,19372585981.0,NASDAQ_PUBLIC_SCREENER,,,IOS_GENERAL,,,IOS_GENERAL,BQS<60,,,,,,,,,
LYV,LIVE NATION ENTERTAINMENT IN,GENERAL,GENERAL,56.0,56.0,252,PROVISIONAL,70.4,100.0,169.03,39829191356.0,NASDAQ_PUBLIC_SCREENER,,,IOS_GENERAL,,,IOS_GENERAL,BQS<60,,,,,,,,,
MA,MASTERCARD INC A,SOFTWARE,SOFTWARE,93.5,93.5,2,PROVISIONAL,70.4,100.0,559.92,490495485605.0,NASDAQ_PUBLIC_SCREENER,44.6,81,IOS_GENERAL,54.3,35,IOS_GENERAL,,9.7,G2_GUARDED_PER_SHARE,0.1382,0.12,0.0338,0.172,-0.266,-0.503,-0.043
MAA,MID AMERICA APARTMENT COMM,REIT,REIT,66.6,66.6,,PROVISIONAL,30.6,83.3,117.78,13665066095.0,NASDAQ_PUBLIC_SCREENER,,,IOS_REIT,,,IOS_REIT,AFFO MISSING: FFO e capex di manutenzione non separati,,,,,,,,,
MAR,MARRIOTT INTERNATIONAL CL A,GENERAL,GENERAL,69.4,69.4,,PROVISIONAL,69.4,83.3,351.66,91701072838.0,NASDAQ_PUBLIC_SCREENER,30.8,154,IOS_GENERAL,,,IOS_GENERAL,share_change MISSING/CONFLICTING,,,,,,,,,
MAS,MASCO CORP,INDUSTRIAL,INDUSTRIAL,74.0,74.0,,PROVISIONAL,62.2,83.3,68.16,13440295229.0,NASDAQ_PUBLIC_SCREENER,20.1,196,IOS_GENERAL,,,IOS_GENERAL,share_change MISSING/CONFLICTING,,,,,,,,,
MCD,MCDONALD S CORP,GENERAL,GENERAL,83.2,83.2,56,PROVISIONAL,77.6,100.0,238.32,168645129668.0,NASDAQ_PUBLIC_SCREENER,28.2,162,IOS_GENERAL,28.2,84,IOS_GENERAL,,0.0,G2_GUARDED_PER_SHARE,0.0506,0.0506,0.0416,0.0923,-0.406,-0.585,-0.242
MCHP,MICROCHIP TECHNOLOGY INC,SEMICONDUCTOR,SEMICONDUCTOR,39.2,39.2,302,PROVISIONAL,77.6,100.0,75.53,41013446431.0,NASDAQ_PUBLIC_SCREENER,,,IOS_GENERAL,,,IOS_GENERAL,BQS<60,,,,,,,,,
MCK,MCKESSON CORP,GENERAL,GENERAL,69.2,69.2,166,PROVISIONAL,63.3,100.0,880.5,102657814622.0,NASDAQ_PUBLIC_SCREENER,62.2,46,IOS_GENERAL,,,IOS_GENERAL,SBC MISSING/CONFLICTING,,,,,,,,,
MCO,MOODY S CORP,GENERAL,GENERAL,92.2,92.2,5,PROVISIONAL,67.3,100.0,473.85,82070820000.0,NASDAQ_PUBLIC_SCREENER,41.7,93,IOS_GENERAL,48.9,52,IOS_GENERAL,,7.2,G2_GUARDED_PER_SHARE,0.1217,0.12,0.0285,0.1503,-0.379,-0.58,-0.191
MDLZ,MONDELEZ INTERNATIONAL INC A,GENERAL,GENERAL,60.7,60.7,,PROVISIONAL,69.4,83.3,61.44,78416367022.0,NASDAQ_PUBLIC_SCREENER,30.6,157,IOS_GENERAL,,,IOS_GENERAL,share_change MISSING/CONFLICTING,,,,,,,,,
MDT,MEDTRONIC PLC,GENERAL,GENERAL,71.1,71.1,145,PROVISIONAL,77.6,100.0,89.3,114227013577.0,NASDAQ_PUBLIC_SCREENER,27.5,169,IOS_GENERAL,27.5,86,IOS_GENERAL,,0.0,G2_GUARDED_PER_SHARE,0.0521,0.0521,0.0435,0.0956,-0.376,-0.564,-0.203
MET,METLIFE INC,INSURANCE,INSURANCE,56.3,56.3,,PROVISIONAL,42.9,83.3,97.2,61768357304.0,NASDAQ_PUBLIC_SCREENER,,,IOS_INSURANCE,,,IOS_INSURANCE,BQS<60,,,,,,,,,
META,META PLATFORMS INC CLASS A,SOFTWARE,SOFTWARE,91.5,91.5,10,PROVISIONAL,70.4,100.0,744.1,1895599382023.0,NASDAQ_PUBLIC_SCREENER,36.6,118,IOS_GENERAL,52.4,44,IOS_GENERAL,,15.8,G2_GUARDED_PER_SHARE,0.15,0.12,0.0135,0.1635,-0.705,-0.8,-0.616
MGM,MGM RESORTS INTERNATIONAL,GENERAL,GENERAL,63.3,63.3,208,PROVISIONAL,70.4,100.0,37.85,9777530963.0,NASDAQ_PUBLIC_SCREENER,94.5,12,IOS_GENERAL,94.5,4,IOS_GENERAL,,0.0,G2_GUARDED_PER_SHARE,0.1014,0.1014,0.1401,0.2415,1.63,0.81,2.388
MKC,MCCORMICK + CO NON VTG SHRS,GENERAL,GENERAL,64.9,64.9,,PROVISIONAL,69.4,83.3,49.09,13197922688.0,NASDAQ_PUBLIC_SCREENER,20.6,193,IOS_GENERAL,,,IOS_GENERAL,share_change MISSING/CONFLICTING,,,,,,,,,
MLM,MARTIN MARIETTA MATERIALS,RESOURCES,RESOURCES,74.6,74.6,116,PROVISIONAL,70.4,100.0,490.45,29459290738.0,NASDAQ_PUBLIC_SCREENER,11.2,259,IOS_GENERAL,11.2,130,IOS_GENERAL,,0.0,G2_GUARDED_PER_SHARE,0.0,0.0,0.0316,0.0316,-0.636,-0.698,-0.534
MMM,3M CO,GENERAL,GENERAL,39.7,39.7,300,PROVISIONAL,74.5,100.0,170.3,87827527615.0,NASDAQ_PUBLIC_SCREENER,,,IOS_GENERAL,,,IOS_GENERAL,BQS<60,,,,,,,,,
MNST,MONSTER BEVERAGE CORP,GENERAL,GENERAL,89.1,89.1,14,PROVISIONAL,70.4,100.0,43.91,129033073487.0,NASDAQ_PUBLIC_SCREENER,34.9,129,IOS_GENERAL,34.9,76,IOS_GENERAL,,0.0,G2_GUARDED_PER_SHARE,0.0954,0.0954,0.0143,0.1096,-0.719,-0.81,-0.634
MO,ALTRIA GROUP INC,GENERAL,GENERAL,75.3,75.3,,PROVISIONAL,55.1,83.3,68.95,115128843698.0,NASDAQ_PUBLIC_SCREENER,34.4,133,IOS_GENERAL,,,IOS_GENERAL,SBC MISSING/CONFLICTING,,,,,,,,,
MOS,MOSAIC CO/THE,RESOURCES,RESOURCES,42.5,42.5,295,PROVISIONAL,67.3,100.0,24.37,7747116893.0,NASDAQ_PUBLIC_SCREENER,,,IOS_GENERAL,,,IOS_GENERAL,BQS<60,,,,,,,,,
MPC,MARATHON PETROLEUM CORP,RESOURCES,RESOURCES,47.0,47.0,281,PROVISIONAL,70.4,100.0,388.38,109066721454.0,NASDAQ_PUBLIC_SCREENER,,,IOS_GENERAL,,,IOS_GENERAL,BQS<60,,,,,,,,,
MPWR,MONOLITHIC POWER SYSTEMS INC,SEMICONDUCTOR,SEMICONDUCTOR,88.8,88.8,16,PROVISIONAL,63.3,100.0,1355.47,66611862210.0,NASDAQ_PUBLIC_SCREENER,33.8,138,IOS_GENERAL,50.5,49,IOS_GENERAL,,16.7,G2_GUARDED_PER_SHARE,0.15,0.12,0.0066,0.1566,-0.875,-0.913,-0.841
MRK,MERCK + CO. INC.,GENERAL,GENERAL,67.8,67.8,,PROVISIONAL,32.7,83.3,148.08,365338776155.0,NASDAQ_PUBLIC_SCREENER,16.1,214,IOS_GENERAL,,,IOS_GENERAL,share_change MISSING/CONFLICTING,,,,,,,,,
MRNA,MODERNA INC,GENERAL,GENERAL,10.1,10.1,323,PROVISIONAL,58.2,100.0,182.11,72704847746.0,NASDAQ_PUBLIC_SCREENER,,,IOS_GENERAL,,,IOS_GENERAL,BQS<60,,,,,,,,,
MRSH,MARSH + MCLENNAN COS,INSURANCE,INSURANCE,82.4,82.4,65,PROVISIONAL,67.3,100.0,170.38,81307255842.0,NASDAQ_PUBLIC_SCREENER,,,IOS_INSURANCE,,,IOS_INSURANCE,combined ratio MISSING: sottoscrizione non valutabile,,,,,,,,,
MRVL,MARVELL TECHNOLOGY INC,SEMICONDUCTOR,SEMICONDUCTOR,64.8,64.8,193,PROVISIONAL,70.4,100.0,260.9,228783210000.0,NASDAQ_PUBLIC_SCREENER,27.6,167,IOS_GENERAL,21.2,95,IOS_GENERAL,,-6.4,G2_GUARDED_PER_SHARE,0.0809,0.0809,0.0035,0.0795,-0.947,-0.962,-0.932
MS,MORGAN STANLEY,ASSETMGR_EXCH,ASSETMGR_EXCH,64.2,64.2,,PROVISIONAL,46.9,83.3,198.39,311584646670.0,NASDAQ_PUBLIC_SCREENER,43.5,86,IOS_BANK,43.5,67,IOS_BANK,,0.0,,,,0.0541,0.1341,-0.152,-0.364,0.103
MSCI,MSCI INC,SOFTWARE,SOFTWARE,85.0,85.0,40,PROVISIONAL,77.6,100.0,555.7,40399390000.0,NASDAQ_PUBLIC_SCREENER,42.9,87,IOS_GENERAL,48.6,53,IOS_GENERAL,,5.7,G2_GUARDED_PER_SHARE,0.1171,0.1171,0.0356,0.1527,-0.335,-0.536,-0.152
MSFT,MICROSOFT CORP,SOFTWARE,SOFTWARE,88.3,88.3,20,PROVISIONAL,67.3,100.0,500.59,3717153817340.0,NASDAQ_PUBLIC_SCREENER,36.9,113,IOS_GENERAL,16.1,109,IOS_GENERAL,,-20.8,G2_GUARDED_PER_SHARE,0.0355,0.0355,0.016,0.0515,-0.754,-0.83,-0.679
MSI,MOTOROLA SOLUTIONS INC,SEMICONDUCTOR,SEMICONDUCTOR,87.1,87.1,27,PROVISIONAL,66.3,100.0,460.44,76199959747.0,NASDAQ_PUBLIC_SCREENER,36.8,115,IOS_GENERAL,36.8,74,IOS_GENERAL,,0.0,G2_GUARDED_PER_SHARE,0.0863,0.0863,0.0299,0.1163,-0.506,-0.655,-0.37
MTB,M + T BANK CORP,BANK,BANK,63.8,63.8,,PROVISIONAL,50.0,83.3,219.58,31710922810.0,NASDAQ_PUBLIC_SCREENER,46.8,72,IOS_BANK,46.8,59,IOS_BANK,,0.0,,,,0.0899,0.1568,-0.342,-0.507,-0.145
MTD,METTLER TOLEDO INTERNATIONAL,GENERAL,GENERAL,68.0,68.0,172,PROVISIONAL,44.9,100.0,1492.34,29901358458.0,NASDAQ_PUBLIC_SCREENER,10.2,287,IOS_GENERAL,10.2,146,IOS_GENERAL,,0.0,G2_GUARDED_PER_SHARE,0.009,0.009,0.0276,0.0366,-0.647,-0.723,-0.545
MU,MICRON TECHNOLOGY INC,SEMICONDUCTOR,SEMICONDUCTOR,48.2,48.2,278,PROVISIONAL,70.4,100.0,1071.88,1210573930694.0,NASDAQ_PUBLIC_SCREENER,,,IOS_GENERAL,,,IOS_GENERAL,BQS<60,,,,,,,,,
NCLH,NORWEGIAN CRUISE LINE HOLDIN,GENERAL,GENERAL,81.8,81.8,,PROVISIONAL,18.4,83.3,14.18,6511283656.0,NASDAQ_PUBLIC_SCREENER,12.3,242,IOS_GENERAL,,,IOS_GENERAL,guarded growth inputs MISSING/CONFLICTING,,G2_GUARDED_PER_SHARE,,,,,,,
NDAQ,NASDAQ INC,ASSETMGR_EXCH,ASSETMGR_EXCH,77.7,77.7,,PROVISIONAL,86.7,83.3,95.44,53348800384.0,NASDAQ_PUBLIC_SCREENER,34.5,132,IOS_BANK,,,IOS_BANK,share_change MISSING/CONFLICTING,,,,,,,,,
NDSN,NORDSON CORP,INDUSTRIAL,INDUSTRIAL,77.3,77.3,101,PROVISIONAL,70.4,100.0,321.42,17902890220.0,NASDAQ_PUBLIC_SCREENER,17.0,209,IOS_GENERAL,17.0,106,IOS_GENERAL,,0.0,G2_GUARDED_PER_SHARE,0.0253,0.0253,0.0359,0.0611,-0.474,-0.62,-0.313
NEE,NEXTERA ENERGY INC,UTILITY,UTILITY,81.9,81.9,,PROVISIONAL,23.5,66.7,77.02,160662041657.0,NASDAQ_PUBLIC_SCREENER,,,IOS_GENERAL,,,IOS_GENERAL,coverage<70,,,,,,,,,
NEM,NEWMONT CORP,RESOURCES,RESOURCES,98.5,98.5,1,PROVISIONAL,37.8,100.0,123.55,130183680082.0,NASDAQ_PUBLIC_SCREENER,63.0,43,IOS_GENERAL,,,IOS_GENERAL,SBC MISSING/CONFLICTING,,,,,,,,,
NFLX,NETFLIX INC,GENERAL,GENERAL,81.1,81.1,75,PROVISIONAL,70.4,100.0,71.36,297138735279.0,NASDAQ_PUBLIC_SCREENER,12.2,243,IOS_GENERAL,12.2,120,IOS_GENERAL,,0.0,G2_GUARDED_PER_SHARE,0.0,0.0,0.0306,-8.8584,-0.598,-0.676,-0.475
NI,NISOURCE INC,UTILITY,UTILITY,73.0,73.0,131,PROVISIONAL,64.3,100.0,39.25,18822733925.0,NASDAQ_PUBLIC_SCREENER,10.9,268,IOS_GENERAL,,,IOS_GENERAL,guarded growth inputs MISSING/CONFLICTING,,G2_GUARDED_PER_SHARE,,,,,,,
NKE,NIKE INC CL B,GENERAL,GENERAL,44.6,44.6,291,PROVISIONAL,44.9,100.0,36.05,53480128243.0,NASDAQ_PUBLIC_SCREENER,,,IOS_GENERAL,,,IOS_GENERAL,BQS<60,,,,,,,,,
NOC,NORTHROP GRUMMAN CORP,INDUSTRIAL,INDUSTRIAL,70.7,70.7,146,PROVISIONAL,70.4,100.0,514.42,73080061835.0,NASDAQ_PUBLIC_SCREENER,25.7,173,IOS_GENERAL,25.7,88,IOS_GENERAL,,0.0,G2_GUARDED_PER_SHARE,0.0465,0.0465,0.0436,0.0902,-0.3,-0.525,-0.086
NOW,SERVICENOW INC,SOFTWARE,SOFTWARE,77.4,77.4,99,PROVISIONAL,70.4,100.0,140.78,145566520000.0,NASDAQ_PUBLIC_SCREENER,11.6,251,IOS_GENERAL,11.6,123,IOS_GENERAL,,0.0,G2_GUARDED_PER_SHARE,0.0,0.0,0.018,-4.0039,-0.763,-0.809,-0.691
NRG,NRG ENERGY INC,UTILITY,UTILITY,53.8,53.8,264,PROVISIONAL,68.4,100.0,100.72,21172399848.0,NASDAQ_PUBLIC_SCREENER,,,IOS_GENERAL,,,IOS_GENERAL,BQS<60,,,,,,,,,
NSC,NORFOLK SOUTHERN CORP,GENERAL,GENERAL,66.6,66.6,,PROVISIONAL,62.2,83.3,315.01,70753883579.0,NASDAQ_PUBLIC_SCREENER,10.0,293,IOS_GENERAL,,,IOS_GENERAL,SBC MISSING/CONFLICTING,,,,,,,,,
NTAP,NETAPP INC,SEMICONDUCTOR,SEMICONDUCTOR,85.1,85.1,39,PROVISIONAL,67.3,100.0,196.33,38562943252.0,NASDAQ_PUBLIC_SCREENER,20.2,195,IOS_GENERAL,20.2,97,IOS_GENERAL,,0.0,G2_GUARDED_PER_SHARE,0.0287,0.0287,0.0386,0.0672,-0.498,-0.632,-0.359
NTRS,NORTHERN TRUST CORP,BANK,BANK,75.4,75.4,113,PROVISIONAL,74.5,100.0,173.99,31832454065.0,NASDAQ_PUBLIC_SCREENER,46.2,74,IOS_BANK,46.2,60,IOS_BANK,,0.0,,,,0.0546,0.1346,-0.12,-0.34,0.144
NUE,NUCOR CORP,GENERAL,GENERAL,49.2,49.2,,PROVISIONAL,32.7,83.3,246.98,56033754458.0,NASDAQ_PUBLIC_SCREENER,,,IOS_GENERAL,,,IOS_GENERAL,BQS<60,,,,,,,,,
NVDA,NVIDIA CORP,SEMICONDUCTOR,SEMICONDUCTOR,78.0,78.0,96,PROVISIONAL,63.3,100.0,225.51,5434791000000.0,NASDAQ_PUBLIC_SCREENER,35.6,124,IOS_GENERAL,,,IOS_GENERAL,guarded growth inputs MISSING/CONFLICTING,,G2_GUARDED_PER_SHARE,,,,,,,
NVR,NVR INC,GENERAL,GENERAL,45.4,45.4,290,PROVISIONAL,44.9,100.0,6241.61,16633016825.0,NASDAQ_PUBLIC_SCREENER,,,IOS_GENERAL,,,IOS_GENERAL,BQS<60,,,,,,,,,
NWS,NEWS CORP CLASS B,GENERAL,GENERAL,8.5,8.5,,PROVISIONAL,11.2,66.7,31.22,16891663358.0,NASDAQ_PUBLIC_SCREENER,,,IOS_GENERAL,,,IOS_GENERAL,BQS<60,,,,,,,,,
NWSA,NEWS CORP CLASS A,GENERAL,GENERAL,8.5,8.5,,PROVISIONAL,11.2,66.7,28.12,15214400181.0,NASDAQ_PUBLIC_SCREENER,,,IOS_GENERAL,,,IOS_GENERAL,BQS<60,,,,,,,,,
NXPI,NXP SEMICONDUCTORS NV,SEMICONDUCTOR,SEMICONDUCTOR,67.1,67.1,180,PROVISIONAL,77.6,100.0,235.44,59369533127.0,NASDAQ_PUBLIC_SCREENER,10.1,290,IOS_GENERAL,10.1,147,IOS_GENERAL,,0.0,G2_GUARDED_PER_SHARE,0.0,0.0,0.033,0.033,-0.679,-0.726,-0.6
O,REALTY INCOME CORP,REIT,REIT,62.2,62.2,216,PROVISIONAL,31.6,100.0,55.61,52619184815.0,NASDAQ_PUBLIC_SCREENER,,,IOS_REIT,,,IOS_REIT,AFFO MISSING: FFO e capex di manutenzione non separati,,,,,,,,,
ODFL,OLD DOMINION FREIGHT LINE,GENERAL,GENERAL,68.7,68.7,,PROVISIONAL,30.6,83.3,177.72,36851418862.0,NASDAQ_PUBLIC_SCREENER,10.3,285,IOS_GENERAL,,,IOS_GENERAL,guarded growth inputs MISSING/CONFLICTING,,G2_GUARDED_PER_SHARE,,,,,,,
OKE,ONEOK INC,UTILITY,UTILITY,65.1,65.1,192,PROVISIONAL,68.4,100.0,90.54,57073669650.0,NASDAQ_PUBLIC_SCREENER,21.7,189,IOS_GENERAL,,,IOS_GENERAL,SBC MISSING/CONFLICTING,,,,,,,,,
OMC,OMNICOM GROUP,GENERAL,GENERAL,54.9,54.9,,PROVISIONAL,62.2,83.3,75.49,20710377049.0,NASDAQ_PUBLIC_SCREENER,,,IOS_GENERAL,,,IOS_GENERAL,BQS<60,,,,,,,,,
ON,ON SEMICONDUCTOR,SEMICONDUCTOR,SEMICONDUCTOR,48.8,48.8,276,PROVISIONAL,70.4,100.0,74.1,28848509223.0,NASDAQ_PUBLIC_SCREENER,,,IOS_GENERAL,,,IOS_GENERAL,BQS<60,,,,,,,,,
ORCL,ORACLE CORP,SOFTWARE,SOFTWARE,67.0,67.0,183,PROVISIONAL,63.3,100.0,144.56,437111276160.0,NASDAQ_PUBLIC_SCREENER,10.1,292,IOS_GENERAL,,,IOS_GENERAL,guarded growth inputs MISSING/CONFLICTING,,G2_GUARDED_PER_SHARE,,,,,,,
ORLY,O REILLY AUTOMOTIVE INC,GENERAL,GENERAL,70.0,70.0,160,PROVISIONAL,70.4,100.0,85.9,69489732033.0,NASDAQ_PUBLIC_SCREENER,10.5,280,IOS_GENERAL,10.5,143,IOS_GENERAL,,0.0,G2_GUARDED_PER_SHARE,0.0,0.0,0.0224,-13.5576,-0.705,-0.763,-0.615
OTIS,OTIS WORLDWIDE CORP,INDUSTRIAL,INDUSTRIAL,60.2,60.2,237,PROVISIONAL,77.6,100.0,68.32,26007329240.0,NASDAQ_PUBLIC_SCREENER,17.5,206,IOS_GENERAL,17.5,104,IOS_GENERAL,,0.0,G2_GUARDED_PER_SHARE,0.0179,0.0179,0.0524,0.0703,-0.386,-0.523,-0.223
OXY,OCCIDENTAL PETROLEUM CORP,RESOURCES,RESOURCES,65.7,65.7,,PROVISIONAL,29.6,83.3,57.36,57339199601.0,NASDAQ_PUBLIC_SCREENER,20.9,191,IOS_GENERAL,,,IOS_GENERAL,SBC MISSING/CONFLICTING,,,,,,,,,
PANW,PALO ALTO NETWORKS INC,SEMICONDUCTOR,SEMICONDUCTOR,70.2,70.2,156,PROVISIONAL,65.3,100.0,393.3,321719400000.0,NASDAQ_PUBLIC_SCREENER,10.5,277,IOS_GENERAL,10.5,142,IOS_GENERAL,,0.0,G2_GUARDED_PER_SHARE,0.0,0.0,0.0068,-0.9969,-0.922,-0.936,-0.901
PAYX,PAYCHEX INC,GENERAL,GENERAL,82.5,82.5,64,PROVISIONAL,70.4,100.0,104.49,37196399624.0,NASDAQ_PUBLIC_SCREENER,32.1,146,IOS_GENERAL,32.1,80,IOS_GENERAL,,0.0,G2_GUARDED_PER_SHARE,0.0591,0.0591,0.0429,0.102,-0.273,-0.507,-0.052
PCAR,PACCAR INC,INDUSTRIAL,INDUSTRIAL,60.3,60.3,236,PROVISIONAL,37.8,100.0,112.09,59000247582.0,NASDAQ_PUBLIC_SCREENER,16.5,212,IOS_GENERAL,,,IOS_GENERAL,SBC MISSING/CONFLICTING,,,,,,,,,
PCG,P G + E CORP,UTILITY,UTILITY,62.0,62.0,219,PROVISIONAL,61.2,100.0,12.41,33260171255.0,NASDAQ_PUBLIC_SCREENER,9.3,302,IOS_GENERAL,,,IOS_GENERAL,SBC MISSING/CONFLICTING,,,,,,,,,
PEG,PUBLIC SERVICE ENTERPRISE GP,UTILITY,UTILITY,73.5,73.5,127,PROVISIONAL,61.2,100.0,67.31,33548652219.0,NASDAQ_PUBLIC_SCREENER,20.6,192,IOS_GENERAL,,,IOS_GENERAL,SBC MISSING/CONFLICTING,,,,,,,,,
PEP,PEPSICO INC,GENERAL,GENERAL,64.1,64.1,200,PROVISIONAL,77.6,100.0,130.18,177681583020.0,NASDAQ_PUBLIC_SCREENER,17.9,204,IOS_GENERAL,17.9,102,IOS_GENERAL,,0.0,G2_GUARDED_PER_SHARE,0.0283,0.0283,0.0416,0.0698,-0.492,-0.622,-0.357
PFE,PFIZER INC,GENERAL,GENERAL,45.7,45.7,286,PROVISIONAL,48.0,100.0,28.18,160616801738.0,NASDAQ_PUBLIC_SCREENER,,,IOS_GENERAL,,,IOS_GENERAL,BQS<60,,,,,,,,,
PFG,PRINCIPAL FINANCIAL GROUP,INSURANCE,INSURANCE,45.2,45.2,,PROVISIONAL,42.9,83.3,113.92,24390800703.0,NASDAQ_PUBLIC_SCREENER,,,IOS_INSURANCE,,,IOS_INSURANCE,BQS<60,,,,,,,,,
PG,PROCTER + GAMBLE CO/THE,GENERAL,GENERAL,78.8,78.8,,PROVISIONAL,62.2,83.3,147.39,342598188713.0,NASDAQ_PUBLIC_SCREENER,15.9,215,IOS_GENERAL,,,IOS_GENERAL,share_change MISSING/CONFLICTING,,,,,,,,,
PGR,PROGRESSIVE CORP,INSURANCE,INSURANCE,87.0,87.0,28,PROVISIONAL,52.0,100.0,203.13,118094047640.0,NASDAQ_PUBLIC_SCREENER,,,IOS_INSURANCE,,,IOS_INSURANCE,combined ratio MISSING: sottoscrizione non valutabile,,,,,,,,,
PH,PARKER HANNIFIN CORP,INDUSTRIAL,INDUSTRIAL,77.1,77.1,,PROVISIONAL,36.7,83.3,971.21,122481638572.0,NASDAQ_PUBLIC_SCREENER,31.1,153,IOS_GENERAL,,,IOS_GENERAL,share_change MISSING/CONFLICTING,,,,,,,,,
PHM,PULTEGROUP INC,GENERAL,GENERAL,59.8,59.8,240,PROVISIONAL,44.9,100.0,118.71,22252491023.0,NASDAQ_PUBLIC_SCREENER,,,IOS_GENERAL,,,IOS_GENERAL,BQS<60,,,,,,,,,
PKG,PACKAGING CORP OF AMERICA,GENERAL,GENERAL,67.6,67.6,,PROVISIONAL,59.2,83.3,240.98,21470908093.0,NASDAQ_PUBLIC_SCREENER,13.0,232,IOS_GENERAL,,,IOS_GENERAL,share_change MISSING/CONFLICTING,,,,,,,,,
PLD,PROLOGIS INC,REIT,REIT,63.2,63.2,209,PROVISIONAL,48.0,100.0,133.96,127004260960.0,NASDAQ_PUBLIC_SCREENER,,,IOS_REIT,,,IOS_REIT,AFFO MISSING: FFO e capex di manutenzione non separati,,,,,,,,,
PLTR,PALANTIR TECHNOLOGIES INC A,SOFTWARE,SOFTWARE,69.7,69.7,162,PROVISIONAL,62.2,100.0,191.79,460689836929.0,NASDAQ_PUBLIC_SCREENER,14.6,221,IOS_GENERAL,30.9,81,IOS_GENERAL,,16.3,G2_GUARDED_PER_SHARE,0.15,0.12,0.0031,0.1064,-0.938,-0.957,-0.92
PM,PHILIP MORRIS INTERNATIONAL,GENERAL,GENERAL,76.9,76.9,,PROVISIONAL,62.2,83.3,190.84,297445788699.0,NASDAQ_PUBLIC_SCREENER,37.1,111,IOS_GENERAL,,,IOS_GENERAL,SBC MISSING/CONFLICTING,,,,,,,,,
PNC,PNC FINANCIAL SERVICES GROUP,BANK,BANK,54.9,54.9,259,PROVISIONAL,63.3,100.0,224.03,89375349718.0,NASDAQ_PUBLIC_SCREENER,,,IOS_BANK,,,IOS_BANK,BQS<60,,,,,,,,,
PNR,PENTAIR PLC,INDUSTRIAL,INDUSTRIAL,81.9,81.9,69,PROVISIONAL,70.4,100.0,55.25,8819996738.0,NASDAQ_PUBLIC_SCREENER,39.4,101,IOS_GENERAL,39.4,72,IOS_GENERAL,,0.0,G2_GUARDED_PER_SHARE,0.0044,0.0044,0.0804,0.0847,0.077,-0.149,0.406
PNW,PINNACLE WEST CAPITAL,UTILITY,UTILITY,73.2,73.2,130,PROVISIONAL,64.3,100.0,92.05,11156205390.0,NASDAQ_PUBLIC_SCREENER,11.0,267,IOS_GENERAL,,,IOS_GENERAL,guarded growth inputs MISSING/CONFLICTING,,G2_GUARDED_PER_SHARE,,,,,,,
PODD,INSULET CORP,GENERAL,GENERAL,82.7,82.7,63,PROVISIONAL,63.3,100.0,136.49,9466154622.0,NASDAQ_PUBLIC_SCREENER,42.5,89,IOS_GENERAL,,,IOS_GENERAL,guarded growth inputs MISSING/CONFLICTING,,G2_GUARDED_PER_SHARE,,,,,,,
PPG,PPG INDUSTRIES INC,GENERAL,GENERAL,60.2,60.2,,PROVISIONAL,36.7,83.3,107.2,23830560000.0,NASDAQ_PUBLIC_SCREENER,10.7,275,IOS_GENERAL,,,IOS_GENERAL,share_change MISSING/CONFLICTING,,,,,,,,,
PPL,PPL CORP,UTILITY,UTILITY,75.7,75.7,110,PROVISIONAL,64.3,100.0,32.25,24269571122.0,NASDAQ_PUBLIC_SCREENER,11.4,253,IOS_GENERAL,,,IOS_GENERAL,guarded growth inputs MISSING/CONFLICTING,,G2_GUARDED_PER_SHARE,,,,,,,
PRU,PRUDENTIAL FINANCIAL INC,INSURANCE,INSURANCE,40.3,40.3,,PROVISIONAL,35.7,83.3,117.59,40568550000.0,NASDAQ_PUBLIC_SCREENER,,,IOS_INSURANCE,,,IOS_INSURANCE,BQS<60,,,,,,,,,
PSA,PUBLIC STORAGE,REIT,REIT,72.6,72.6,135,PROVISIONAL,35.7,100.0,286.73,50355847752.0,NASDAQ_PUBLIC_SCREENER,,,IOS_REIT,,,IOS_REIT,AFFO MISSING: FFO e capex di manutenzione non separati,,,,,,,,,
PSKY,PARAMOUNT SKYDANCE CL B,GENERAL,GENERAL,12.1,12.1,322,PROVISIONAL,42.9,100.0,9.96,11174579959.0,NASDAQ_PUBLIC_SCREENER,,,IOS_GENERAL,,,IOS_GENERAL,BQS<60,,,,,,,,,
PSX,PHILLIPS 66,RESOURCES,RESOURCES,58.6,58.6,245,PROVISIONAL,25.5,100.0,256.48,102340884536.0,NASDAQ_PUBLIC_SCREENER,,,IOS_GENERAL,,,IOS_GENERAL,BQS<60,,,,,,,,,
PTC,PTC INC,SOFTWARE,SOFTWARE,87.3,87.3,26,PROVISIONAL,70.4,100.0,140.4,15234279044.0,NASDAQ_PUBLIC_SCREENER,51.3,64,IOS_GENERAL,57.8,29,IOS_GENERAL,,6.5,G2_GUARDED_PER_SHARE,0.1232,0.12,0.042,0.1649,-0.086,-0.381,0.191
PWR,QUANTA SERVICES INC,INDUSTRIAL,INDUSTRIAL,67.3,67.3,178,PROVISIONAL,70.4,100.0,634.9,93539676687.0,NASDAQ_PUBLIC_SCREENER,30.8,155,IOS_GENERAL,47.5,57,IOS_GENERAL,,16.7,G2_GUARDED_PER_SHARE,0.15,0.12,0.0154,0.1572,-0.689,-0.786,-0.599
PYPL,PAYPAL HOLDINGS INC,SOFTWARE,SOFTWARE,81.8,81.8,70,PROVISIONAL,70.4,100.0,52.51,44920250494.0,NASDAQ_PUBLIC_SCREENER,93.3,17,IOS_GENERAL,93.3,6,IOS_GENERAL,,0.0,G2_GUARDED_PER_SHARE,0.0643,0.0643,0.1016,0.1658,0.756,0.191,1.292
Q,QNITY ELECTRONICS INC,SEMICONDUCTOR,SEMICONDUCTOR,70.2,70.2,157,PROVISIONAL,26.5,100.0,124.5,26046463604.0,NASDAQ_PUBLIC_SCREENER,10.5,278,IOS_GENERAL,,,IOS_GENERAL,guarded growth inputs MISSING/CONFLICTING,,G2_GUARDED_PER_SHARE,,,,,,,
QCOM,QUALCOMM INC,SEMICONDUCTOR,SEMICONDUCTOR,78.7,78.7,91,PROVISIONAL,70.4,100.0,197.24,207148138578.0,NASDAQ_PUBLIC_SCREENER,14.1,224,IOS_GENERAL,14.1,112,IOS_GENERAL,,0.0,G2_GUARDED_PER_SHARE,0.0006,0.0006,0.0485,0.0491,-0.44,-0.538,-0.285
RCL,ROYAL CARIBBEAN CRUISES LTD,GENERAL,GENERAL,74.9,74.9,,PROVISIONAL,60.2,83.3,230.3,61594214945.0,NASDAQ_PUBLIC_SCREENER,35.3,126,IOS_GENERAL,,,IOS_GENERAL,share_change MISSING/CONFLICTING,,,,,,,,,
RDDT,REDDIT INC CL A,SOFTWARE,SOFTWARE,41.8,41.8,297,PROVISIONAL,35.7,100.0,151.98,29240421590.0,NASDAQ_PUBLIC_SCREENER,,,IOS_GENERAL,,,IOS_GENERAL,BQS<60,,,,,,,,,
REG,REGENCY CENTERS CORP,REIT,REIT,71.0,71.0,,PROVISIONAL,26.5,83.3,72.73,13318357383.0,NASDAQ_PUBLIC_SCREENER,,,IOS_REIT,,,IOS_REIT,AFFO MISSING: FFO e capex di manutenzione non separati,,,,,,,,,
REGN,REGENERON PHARMACEUTICALS,GENERAL,GENERAL,75.1,75.1,114,PROVISIONAL,70.4,100.0,801.82,82551368478.0,NASDAQ_PUBLIC_SCREENER,27.5,168,IOS_GENERAL,11.3,127,IOS_GENERAL,,-16.2,G2_GUARDED_PER_SHARE,0.0,0.0,0.0374,0.0374,-0.509,-0.604,-0.358
RF,REGIONS FINANCIAL CORP,BANK,BANK,70.3,70.3,,PROVISIONAL,50.0,83.3,27.39,23334349169.0,NASDAQ_PUBLIC_SCREENER,56.3,55,IOS_BANK,56.3,32,IOS_BANK,,0.0,,,,0.0924,0.1577,-0.015,-0.261,0.281
RJF,RAYMOND JAMES FINANCIAL INC,ASSETMGR_EXCH,ASSETMGR_EXCH,83.7,83.7,52,PROVISIONAL,60.2,100.0,158.23,30437393532.0,NASDAQ_PUBLIC_SCREENER,90.9,21,IOS_BANK,90.9,10,IOS_BANK,,0.0,,,,0.0701,0.1451,0.967,0.475,1.557
RL,RALPH LAUREN CORP,GENERAL,GENERAL,84.9,84.9,42,PROVISIONAL,51.0,100.0,337.47,20107218195.0,NASDAQ_PUBLIC_SCREENER,48.8,67,IOS_GENERAL,,,IOS_GENERAL,capex MISSING/CONFLICTING,,,,,,,,,
RMD,RESMED INC,GENERAL,GENERAL,92.1,92.1,6,PROVISIONAL,70.4,100.0,222.3,32067287624.0,NASDAQ_PUBLIC_SCREENER,60.0,50,IOS_GENERAL,65.2,22,IOS_GENERAL,,5.2,G2_GUARDED_PER_SHARE,0.1288,0.12,0.049,0.1778,0.065,-0.279,0.387
ROK,ROCKWELL AUTOMATION INC,GENERAL,GENERAL,73.3,73.3,129,PROVISIONAL,44.9,100.0,432.89,48169381514.0,NASDAQ_PUBLIC_SCREENER,13.7,226,IOS_GENERAL,13.7,115,IOS_GENERAL,,0.0,G2_GUARDED_PER_SHARE,0.0244,0.0244,0.0264,0.0508,-0.614,-0.72,-0.496
ROL,ROLLINS INC,GENERAL,GENERAL,85.9,85.9,34,PROVISIONAL,70.4,100.0,32.49,15632414176.0,NASDAQ_PUBLIC_SCREENER,48.1,69,IOS_GENERAL,53.9,38,IOS_GENERAL,,5.8,G2_GUARDED_PER_SHARE,0.1174,0.1174,0.039,0.1564,-0.16,-0.431,0.095
ROP,ROPER TECHNOLOGIES INC,GENERAL,GENERAL,84.5,84.5,44,PROVISIONAL,58.2,100.0,366.36,36233324199.0,NASDAQ_PUBLIC_SCREENER,72.2,36,IOS_GENERAL,,,IOS_GENERAL,capex MISSING/CONFLICTING,,,,,,,,,
ROST,ROSS STORES INC,GENERAL,GENERAL,70.3,70.3,152,PROVISIONAL,57.1,100.0,233.98,74745638678.0,NASDAQ_PUBLIC_SCREENER,27.1,170,IOS_GENERAL,27.1,87,IOS_GENERAL,,0.0,G2_GUARDED_PER_SHARE,0.0676,0.0676,0.0272,0.0948,-0.523,-0.677,-0.378
RSG,REPUBLIC SERVICES INC,UTILITY,UTILITY,83.3,83.3,55,PROVISIONAL,68.4,100.0,213.1,65253985612.0,NASDAQ_PUBLIC_SCREENER,33.4,139,IOS_GENERAL,,,IOS_GENERAL,SBC MISSING/CONFLICTING,,,,,,,,,
RTX,RTX CORP,GENERAL,GENERAL,64.0,64.0,202,PROVISIONAL,63.3,100.0,192.19,259025637695.0,NASDAQ_PUBLIC_SCREENER,33.4,141,IOS_GENERAL,,,IOS_GENERAL,guarded growth inputs MISSING/CONFLICTING,,G2_GUARDED_PER_SHARE,,,,,,,
RVTY,REVVITY INC,GENERAL,GENERAL,61.9,61.9,,PROVISIONAL,62.2,83.3,142.11,15857543446.0,NASDAQ_PUBLIC_SCREENER,9.3,303,IOS_GENERAL,,,IOS_GENERAL,share_change MISSING/CONFLICTING,,,,,,,,,
SBAC,SBA COMMUNICATIONS CORP,REIT,REIT,21.2,21.2,319,PROVISIONAL,63.3,100.0,170.53,18091205398.0,NASDAQ_PUBLIC_SCREENER,,,IOS_REIT,,,IOS_REIT,BQS<60,,,,,,,,,
SBUX,STARBUCKS CORP,GENERAL,GENERAL,51.1,51.1,271,PROVISIONAL,70.4,100.0,94.14,107319600000.0,NASDAQ_PUBLIC_SCREENER,,,IOS_GENERAL,,,IOS_GENERAL,BQS<60,,,,,,,,,
SCHW,SCHWAB (CHARLES) CORP,ASSETMGR_EXCH,ASSETMGR_EXCH,85.0,85.0,41,PROVISIONAL,71.4,100.0,99.5,172068903543.0,NASDAQ_PUBLIC_SCREENER,74.6,34,IOS_BANK,74.6,16,IOS_BANK,,0.0,,,,0.0514,0.1264,0.495,0.121,0.944
SHW,SHERWIN WILLIAMS CO/THE,GENERAL,GENERAL,62.3,62.3,215,PROVISIONAL,52.0,100.0,326.46,79250825975.0,NASDAQ_PUBLIC_SCREENER,12.6,238,IOS_GENERAL,12.6,117,IOS_GENERAL,,0.0,G2_GUARDED_PER_SHARE,0.021,0.021,0.0319,0.0529,-0.621,-0.71,-0.521
SJM,JM SMUCKER CO/THE,GENERAL,GENERAL,30.1,30.1,,PROVISIONAL,26.5,66.7,122.41,13076225831.0,NASDAQ_PUBLIC_SCREENER,,,IOS_GENERAL,,,IOS_GENERAL,BQS<60,,,,,,,,,
SLB,SLB LTD,RESOURCES,RESOURCES,77.0,77.0,103,PROVISIONAL,44.9,100.0,51.87,76982509392.0,NASDAQ_PUBLIC_SCREENER,50.2,65,IOS_GENERAL,50.2,50,IOS_GENERAL,,0.0,G2_GUARDED_PER_SHARE,0.0833,0.0833,0.058,0.1405,-0.054,-0.34,0.206
SMCI,SUPER MICRO COMPUTER INC,SEMICONDUCTOR,SEMICONDUCTOR,67.8,67.8,173,PROVISIONAL,63.3,100.0,41.44,27224645513.0,NASDAQ_PUBLIC_SCREENER,31.5,149,IOS_GENERAL,,,IOS_GENERAL,guarded growth inputs MISSING/CONFLICTING,,G2_GUARDED_PER_SHARE,,,,,,,
SNA,SNAP ON INC,INDUSTRIAL,INDUSTRIAL,78.7,78.7,92,PROVISIONAL,51.0,100.0,370.25,19151967661.0,NASDAQ_PUBLIC_SCREENER,24.7,176,IOS_GENERAL,,,IOS_GENERAL,capex MISSING/CONFLICTING,,,,,,,,,
SNDK,SANDISK CORP,SEMICONDUCTOR,SEMICONDUCTOR,19.8,19.8,320,PROVISIONAL,45.9,100.0,1816.57,265980364647.0,NASDAQ_PUBLIC_SCREENER,,,IOS_GENERAL,,,IOS_GENERAL,BQS<60,,,,,,,,,
SNPS,SYNOPSYS INC,SOFTWARE,SOFTWARE,50.8,50.8,272,PROVISIONAL,77.6,100.0,413.06,79157432997.0,NASDAQ_PUBLIC_SCREENER,,,IOS_GENERAL,,,IOS_GENERAL,BQS<60,,,,,,,,,
SO,SOUTHERN CO/THE,UTILITY,UTILITY,67.8,67.8,174,PROVISIONAL,61.2,100.0,83.47,96020796772.0,NASDAQ_PUBLIC_SCREENER,10.2,288,IOS_GENERAL,,,IOS_GENERAL,SBC MISSING/CONFLICTING,,,,,,,,,
SOLV,SOLVENTUM CORP,GENERAL,GENERAL,34.9,34.9,310,PROVISIONAL,45.9,100.0,88.37,15042670932.0,NASDAQ_PUBLIC_SCREENER,,,IOS_GENERAL,,,IOS_GENERAL,BQS<60,,,,,,,,,
SPG,SIMON PROPERTY GROUP INC,REIT,REIT,56.4,56.4,,PROVISIONAL,48.0,83.3,204.16,66056277302.0,NASDAQ_PUBLIC_SCREENER,,,IOS_REIT,,,IOS_REIT,BQS<60,,,,,,,,,
SPGI,S+P GLOBAL INC,GENERAL,GENERAL,90.2,90.2,11,PROVISIONAL,70.4,100.0,406.5,119836200000.0,NASDAQ_PUBLIC_SCREENER,52.3,62,IOS_GENERAL,56.0,34,IOS_GENERAL,,3.7,G2_GUARDED_PER_SHARE,0.1111,0.1111,0.0436,0.1546,-0.086,-0.381,0.191
SRE,SEMPRA,UTILITY,UTILITY,61.4,61.4,,PROVISIONAL,24.5,83.3,79.0,51658127492.0,NASDAQ_PUBLIC_SCREENER,9.2,307,IOS_GENERAL,,,IOS_GENERAL,guarded growth inputs MISSING/CONFLICTING,,G2_GUARDED_PER_SHARE,,,,,,,
STE,STERIS PLC,GENERAL,GENERAL,85.6,85.6,,PROVISIONAL,62.2,83.3,209.98,20473073098.0,NASDAQ_PUBLIC_SCREENER,35.0,128,IOS_GENERAL,,,IOS_GENERAL,share_change MISSING/CONFLICTING,,,,,,,,,
STLD,STEEL DYNAMICS INC,GENERAL,GENERAL,56.0,56.0,253,PROVISIONAL,70.4,100.0,234.29,33580337738.0,NASDAQ_PUBLIC_SCREENER,,,IOS_GENERAL,,,IOS_GENERAL,BQS<60,,,,,,,,,
STT,STATE STREET CORP,BANK,BANK,59.3,59.3,241,PROVISIONAL,74.5,100.0,179.95,49432582612.0,NASDAQ_PUBLIC_SCREENER,,,IOS_BANK,,,IOS_BANK,BQS<60,,,,,,,,,
STX,SEAGATE TECHNOLOGY HOLDINGS,SEMICONDUCTOR,SEMICONDUCTOR,41.5,41.5,298,PROVISIONAL,77.6,100.0,923.86,211303920527.0,NASDAQ_PUBLIC_SCREENER,,,IOS_GENERAL,,,IOS_GENERAL,BQS<60,,,,,,,,,
STZ,CONSTELLATION BRANDS INC A,GENERAL,GENERAL,65.5,65.5,,PROVISIONAL,69.4,83.3,116.57,19907642051.0,NASDAQ_PUBLIC_SCREENER,30.4,159,IOS_GENERAL,,,IOS_GENERAL,share_change MISSING/CONFLICTING,,,,,,,,,
SW,SMURFIT WESTROCK PLC,GENERAL,GENERAL,,,,NOT_CALCULATED,0.0,0.0,46.49,24385069993.0,NASDAQ_PUBLIC_SCREENER,,,IOS_GENERAL,,,IOS_GENERAL,,,,,,,,,,
SWK,STANLEY BLACK + DECKER INC,INDUSTRIAL,INDUSTRIAL,29.7,29.7,,PROVISIONAL,39.8,83.3,91.76,13857286978.0,NASDAQ_PUBLIC_SCREENER,,,IOS_GENERAL,,,IOS_GENERAL,BQS<60,,,,,,,,,
SWKS,SKYWORKS SOLUTIONS INC,SEMICONDUCTOR,SEMICONDUCTOR,69.5,69.5,164,PROVISIONAL,70.4,100.0,91.45,13760735914.0,NASDAQ_PUBLIC_SCREENER,16.6,210,IOS_GENERAL,16.6,107,IOS_GENERAL,,0.0,G2_GUARDED_PER_SHARE,0.0,0.0,0.0635,0.0635,-0.311,-0.423,-0.128
SYF,SYNCHRONY FINANCIAL,BANK,BANK,98.5,98.5,,PROVISIONAL,44.9,66.7,70.67,26293306917.0,NASDAQ_PUBLIC_SCREENER,,,IOS_BANK,,,IOS_BANK,coverage<70,,,,,,,,,
SYK,STRYKER CORP,GENERAL,GENERAL,84.2,84.2,45,PROVISIONAL,66.3,100.0,273.4,104868870776.0,NASDAQ_PUBLIC_SCREENER,45.8,75,IOS_GENERAL,48.5,54,IOS_GENERAL,,2.7,G2_GUARDED_PER_SHARE,0.1083,0.1083,0.0385,0.1445,-0.201,-0.459,0.041
SYY,SYSCO CORP,GENERAL,GENERAL,58.6,58.6,244,PROVISIONAL,77.6,100.0,77.14,37946242874.0,NASDAQ_PUBLIC_SCREENER,,,IOS_GENERAL,,,IOS_GENERAL,BQS<60,,,,,,,,,
T,AT+T INC,GENERAL,GENERAL,62.9,62.9,,PROVISIONAL,45.9,83.3,25.3,173365356945.0,NASDAQ_PUBLIC_SCREENER,69.1,37,IOS_GENERAL,,,IOS_GENERAL,SBC MISSING/CONFLICTING,,,,,,,,,
TAP,MOLSON COORS BEVERAGE CO B,GENERAL,GENERAL,45.5,45.5,288,PROVISIONAL,72.4,100.0,36.62,6827943026.0,NASDAQ_PUBLIC_SCREENER,,,IOS_GENERAL,,,IOS_GENERAL,BQS<60,,,,,,,,,
TDG,TRANSDIGM GROUP INC,INDUSTRIAL,INDUSTRIAL,78.5,78.5,93,PROVISIONAL,70.4,100.0,1105.28,61096037552.0,NASDAQ_PUBLIC_SCREENER,37.7,107,IOS_GENERAL,,,IOS_GENERAL,SBC MISSING/CONFLICTING,,,,,,,,,
TDY,TELEDYNE TECHNOLOGIES INC,INDUSTRIAL,INDUSTRIAL,80.2,80.2,79,PROVISIONAL,63.3,100.0,621.05,28789190717.0,NASDAQ_PUBLIC_SCREENER,22.3,186,IOS_GENERAL,,,IOS_GENERAL,SBC MISSING/CONFLICTING,,,,,,,,,
TECH,BIO TECHNE CORP,GENERAL,GENERAL,62.6,62.6,212,PROVISIONAL,70.4,100.0,72.52,11372458620.0,NASDAQ_PUBLIC_SCREENER,12.4,240,IOS_GENERAL,9.4,153,IOS_GENERAL,,-3.0,G2_GUARDED_PER_SHARE,0.0,0.0,0.019,0.019,-0.767,-0.81,-0.699
TEL,TE CONNECTIVITY PLC,GENERAL,GENERAL,82.9,82.9,60,PROVISIONAL,70.4,100.0,214.39,62068740951.0,NASDAQ_PUBLIC_SCREENER,20.5,194,IOS_GENERAL,20.5,96,IOS_GENERAL,,0.0,G2_GUARDED_PER_SHARE,0.0197,0.0197,0.0492,0.0689,-0.296,-0.479,-0.08
TER,TERADYNE INC,SEMICONDUCTOR,SEMICONDUCTOR,74.2,74.2,122,PROVISIONAL,70.4,100.0,389.14,60838439455.0,NASDAQ_PUBLIC_SCREENER,11.1,261,IOS_GENERAL,11.1,132,IOS_GENERAL,,0.0,G2_GUARDED_PER_SHARE,0.0037,0.0037,0.0064,0.01,-0.926,-0.939,-0.905
TFC,TRUIST FINANCIAL CORP,BANK,BANK,52.9,52.9,,PROVISIONAL,50.0,83.3,47.0,57416430836.0,NASDAQ_PUBLIC_SCREENER,,,IOS_BANK,,,IOS_BANK,BQS<60,,,,,,,,,
TGT,TARGET CORP,GENERAL,GENERAL,61.9,61.9,220,PROVISIONAL,63.3,100.0,156.26,70988407967.0,NASDAQ_PUBLIC_SCREENER,9.3,304,IOS_GENERAL,,,IOS_GENERAL,guarded growth inputs MISSING/CONFLICTING,,G2_GUARDED_PER_SHARE,,,,,,,
TJX,TJX COMPANIES INC,GENERAL,GENERAL,97.8,97.8,,PROVISIONAL,22.4,83.3,131.59,144745586687.0,NASDAQ_PUBLIC_SCREENER,14.7,219,IOS_GENERAL,,,IOS_GENERAL,guarded growth inputs MISSING/CONFLICTING,,G2_GUARDED_PER_SHARE,,,,,,,
TKO,TKO GROUP HOLDINGS INC,GENERAL,GENERAL,69.1,69.1,167,PROVISIONAL,38.8,100.0,189.08,35787117334.0,NASDAQ_PUBLIC_SCREENER,10.4,283,IOS_GENERAL,,,IOS_GENERAL,capex MISSING/CONFLICTING,,,,,,,,,
TMO,THERMO FISHER SCIENTIFIC INC,GENERAL,GENERAL,61.5,61.5,223,PROVISIONAL,77.6,100.0,665.3,245992869376.0,NASDAQ_PUBLIC_SCREENER,9.2,306,IOS_GENERAL,9.2,157,IOS_GENERAL,,0.0,G2_GUARDED_PER_SHARE,0.0,0.0,0.0243,0.0243,-0.736,-0.779,-0.666
TMUS,T MOBILE US INC,GENERAL,GENERAL,86.1,86.1,33,PROVISIONAL,67.3,100.0,165.66,177698779410.0,NASDAQ_PUBLIC_SCREENER,75.9,32,IOS_GENERAL,75.9,15,IOS_GENERAL,,0.0,G2_GUARDED_PER_SHARE,0.0353,0.0353,0.0966,0.1319,0.479,0.023,0.93
TPL,TEXAS PACIFIC LAND CORP,REIT,REIT,66.9,66.9,187,PROVISIONAL,38.8,100.0,335.74,23157560070.0,NASDAQ_PUBLIC_SCREENER,,,IOS_REIT,,,IOS_REIT,AFFO MISSING: FFO e capex di manutenzione non separati,,,,,,,,,
TPR,TAPESTRY INC,GENERAL,GENERAL,58.8,58.8,243,PROVISIONAL,70.4,100.0,110.51,22034774336.0,NASDAQ_PUBLIC_SCREENER,,,IOS_GENERAL,,,IOS_GENERAL,BQS<60,,,,,,,,,
TRGP,TARGA RESOURCES CORP,UTILITY,UTILITY,75.7,75.7,108,PROVISIONAL,72.4,100.0,283.01,60686123253.0,NASDAQ_PUBLIC_SCREENER,11.4,254,IOS_GENERAL,11.4,125,IOS_GENERAL,,0.0,G2_GUARDED_PER_SHARE,0.0,0.0,0.0085,0.0085,-0.902,-0.919,-0.875
TRMB,TRIMBLE INC,GENERAL,GENERAL,64.4,64.4,198,PROVISIONAL,70.4,100.0,59.32,13832228583.0,NASDAQ_PUBLIC_SCREENER,9.7,297,IOS_GENERAL,9.7,151,IOS_GENERAL,,0.0,G2_GUARDED_PER_SHARE,0.0,0.0,0.0155,0.0155,-0.81,-0.844,-0.754
TROW,T ROWE PRICE GROUP INC,ASSETMGR_EXCH,ASSETMGR_EXCH,73.2,73.2,,PROVISIONAL,76.5,83.3,104.57,22306438435.0,NASDAQ_PUBLIC_SCREENER,95.0,9,IOS_BANK,,,IOS_BANK,share_change MISSING/CONFLICTING,,,,,,,,,
TRV,TRAVELERS COS INC/THE,INSURANCE,INSURANCE,88.9,88.9,15,PROVISIONAL,40.8,100.0,360.39,75168352179.0,NASDAQ_PUBLIC_SCREENER,,,IOS_INSURANCE,,,IOS_INSURANCE,combined ratio MISSING: sottoscrizione non valutabile,,,,,,,,,
TSCO,TRACTOR SUPPLY COMPANY,GENERAL,GENERAL,64.5,64.5,197,PROVISIONAL,70.4,100.0,32.29,16824386024.0,NASDAQ_PUBLIC_SCREENER,18.2,203,IOS_GENERAL,9.8,149,IOS_GENERAL,,-8.4,G2_GUARDED_PER_SHARE,0.0,0.0,0.0406,0.0406,-0.501,-0.592,-0.356
TSLA,TESLA INC,INDUSTRIAL,INDUSTRIAL,55.4,55.4,256,PROVISIONAL,66.3,100.0,380.12,1501301955407.0,NASDAQ_PUBLIC_SCREENER,,,IOS_GENERAL,,,IOS_GENERAL,BQS<60,,,,,,,,,
TSN,TYSON FOODS INC CL A,GENERAL,GENERAL,48.9,48.9,275,PROVISIONAL,73.5,100.0,51.36,18068525656.0,NASDAQ_PUBLIC_SCREENER,,,IOS_GENERAL,,,IOS_GENERAL,BQS<60,,,,,,,,,
TT,TRANE TECHNOLOGIES PLC,GENERAL,GENERAL,86.3,86.3,,PROVISIONAL,62.2,83.3,437.09,96169930435.0,NASDAQ_PUBLIC_SCREENER,40.7,99,IOS_GENERAL,,,IOS_GENERAL,share_change MISSING/CONFLICTING,,,,,,,,,
TTD,TRADE DESK INC/THE CLASS A,SOFTWARE,SOFTWARE,88.6,88.6,18,PROVISIONAL,70.4,100.0,12.68,5995041919.0,NASDAQ_PUBLIC_SCREENER,62.4,45,IOS_GENERAL,67.1,20,IOS_GENERAL,,4.7,G2_GUARDED_PER_SHARE,0.15,0.12,0.0509,0.2009,0.107,-0.25,0.442
TTWO,TAKE TWO INTERACTIVE SOFTWRE,SOFTWARE,SOFTWARE,25.6,25.6,,PROVISIONAL,49.0,83.3,206.32,38577805000.0,NASDAQ_PUBLIC_SCREENER,,,IOS_GENERAL,,,IOS_GENERAL,BQS<60,,,,,,,,,
TXN,TEXAS INSTRUMENTS INC,SEMICONDUCTOR,SEMICONDUCTOR,72.8,72.8,132,PROVISIONAL,70.4,100.0,272.62,248969584157.0,NASDAQ_PUBLIC_SCREENER,10.9,269,IOS_GENERAL,10.9,135,IOS_GENERAL,,0.0,G2_GUARDED_PER_SHARE,0.0,0.0,0.0088,0.0088,-0.899,-0.916,-0.871
TXT,TEXTRON INC,GENERAL,GENERAL,40.6,40.6,,PROVISIONAL,29.6,83.3,76.81,13210315095.0,NASDAQ_PUBLIC_SCREENER,,,IOS_GENERAL,,,IOS_GENERAL,BQS<60,,,,,,,,,
TYL,TYLER TECHNOLOGIES INC,SOFTWARE,SOFTWARE,82.1,82.1,,PROVISIONAL,62.2,83.3,332.53,13617859673.0,NASDAQ_PUBLIC_SCREENER,36.0,120,IOS_GENERAL,,,IOS_GENERAL,share_change MISSING/CONFLICTING,,,,,,,,,
UAL,UNITED AIRLINES HOLDINGS INC,GENERAL,GENERAL,65.1,65.1,,PROVISIONAL,55.1,83.3,110.72,35937915236.0,NASDAQ_PUBLIC_SCREENER,73.1,35,IOS_GENERAL,,,IOS_GENERAL,SBC MISSING/CONFLICTING,,,,,,,,,
UBER,UBER TECHNOLOGIES INC,SOFTWARE,SOFTWARE,79.8,79.8,82,PROVISIONAL,65.3,100.0,69.42,141794523600.0,NASDAQ_PUBLIC_SCREENER,68.8,38,IOS_GENERAL,71.8,17,IOS_GENERAL,,3.0,G2_GUARDED_PER_SHARE,0.15,0.12,0.056,0.206,0.217,-0.176,0.586
UDR,UDR INC,REIT,REIT,46.0,46.0,285,PROVISIONAL,52.0,100.0,33.79,10855518061.0,NASDAQ_PUBLIC_SCREENER,,,IOS_REIT,,,IOS_REIT,BQS<60,,,,,,,,,
UHS,UNIVERSAL HEALTH SERVICES B,GENERAL,GENERAL,79.2,79.2,89,PROVISIONAL,70.4,100.0,181.39,10690494456.0,NASDAQ_PUBLIC_SCREENER,77.8,29,IOS_GENERAL,77.8,14,IOS_GENERAL,,0.0,G2_GUARDED_PER_SHARE,0.0903,0.0903,0.0705,0.1607,0.358,-0.08,0.77
ULTA,ULTA BEAUTY INC,GENERAL,GENERAL,68.4,68.4,170,PROVISIONAL,70.4,100.0,543.81,23251940305.0,NASDAQ_PUBLIC_SCREENER,32.9,143,IOS_GENERAL,15.5,110,IOS_GENERAL,,-17.4,G2_GUARDED_PER_SHARE,0.0163,0.0163,0.0443,0.0607,-0.416,-0.555,-0.247
UNH,UNITEDHEALTH GROUP INC,INSURANCE,INSURANCE,56.7,56.7,250,PROVISIONAL,75.5,100.0,371.29,333267990743.0,NASDAQ_PUBLIC_SCREENER,,,IOS_INSURANCE,,,IOS_INSURANCE,BQS<60,,,,,,,,,
UNP,UNION PACIFIC CORP,GENERAL,GENERAL,70.0,70.0,161,PROVISIONAL,70.4,100.0,275.53,163685621964.0,NASDAQ_PUBLIC_SCREENER,10.5,281,IOS_GENERAL,,,IOS_GENERAL,SBC MISSING/CONFLICTING,,,,,,,,,
UPS,UNITED PARCEL SERVICE CL B,GENERAL,GENERAL,60.9,60.9,,PROVISIONAL,62.2,83.3,95.82,81521891187.0,NASDAQ_PUBLIC_SCREENER,13.7,227,IOS_GENERAL,,,IOS_GENERAL,share_change MISSING/CONFLICTING,,,,,,,,,
URI,UNITED RENTALS INC,GENERAL,GENERAL,84.6,84.6,,PROVISIONAL,45.9,83.3,1031.99,64233626223.0,NASDAQ_PUBLIC_SCREENER,93.3,16,IOS_GENERAL,,,IOS_GENERAL,capex MISSING/CONFLICTING,,,,,,,,,
USB,US BANCORP,BANK,BANK,66.1,66.1,,PROVISIONAL,50.0,83.3,58.48,91114848562.0,NASDAQ_PUBLIC_SCREENER,48.4,68,IOS_BANK,48.4,55,IOS_BANK,,0.0,,,,0.0831,0.1506,-0.181,-0.386,0.064
V,VISA INC CLASS A SHARES,SOFTWARE,SOFTWARE,89.2,89.2,,PROVISIONAL,62.2,83.3,361.52,645947748942.0,NASDAQ_PUBLIC_SCREENER,42.4,90,IOS_GENERAL,,,IOS_GENERAL,share_change MISSING/CONFLICTING,,,,,,,,,
VEEV,VEEVA SYSTEMS INC CLASS A,SOFTWARE,SOFTWARE,81.0,81.0,76,PROVISIONAL,48.0,100.0,270.75,43836821138.0,NASDAQ_PUBLIC_SCREENER,34.1,135,IOS_GENERAL,,,IOS_GENERAL,capex MISSING/CONFLICTING,,,,,,,,,
VICI,VICI PROPERTIES INC,REIT,REIT,57.9,57.9,248,PROVISIONAL,31.6,100.0,23.7,26095538219.0,NASDAQ_PUBLIC_SCREENER,,,IOS_REIT,,,IOS_REIT,BQS<60,,,,,,,,,
VLO,VALERO ENERGY CORP,RESOURCES,RESOURCES,66.2,66.2,,PROVISIONAL,19.4,83.3,375.84,108214656942.0,NASDAQ_PUBLIC_SCREENER,13.4,228,IOS_GENERAL,,,IOS_GENERAL,capex MISSING/CONFLICTING,,,,,,,,,
VLTO,VERALTO CORP,SEMICONDUCTOR,SEMICONDUCTOR,71.4,71.4,144,PROVISIONAL,46.9,100.0,95.88,23374905823.0,NASDAQ_PUBLIC_SCREENER,10.7,273,IOS_GENERAL,,,IOS_GENERAL,guarded growth inputs MISSING/CONFLICTING,,G2_GUARDED_PER_SHARE,,,,,,,
VMC,VULCAN MATERIALS CO,RESOURCES,RESOURCES,81.2,81.2,74,PROVISIONAL,70.4,100.0,244.4,31669043812.0,NASDAQ_PUBLIC_SCREENER,17.7,205,IOS_GENERAL,17.7,103,IOS_GENERAL,,0.0,G2_GUARDED_PER_SHARE,0.0277,0.0277,0.0339,0.0616,-0.561,-0.677,-0.44
VMRK,VIVMARK RESIDENTIAL,REIT,REIT,81.9,81.9,,PROVISIONAL,25.5,83.3,61.29,48265875000.0,NASDAQ_PUBLIC_SCREENER,,,IOS_REIT,,,IOS_REIT,AFFO MISSING: FFO e capex di manutenzione non separati,,,,,,,,,
VRSK,VERISK ANALYTICS INC,SOFTWARE,SOFTWARE,82.9,82.9,61,PROVISIONAL,70.4,100.0,171.8,22360802862.0,NASDAQ_PUBLIC_SCREENER,44.0,83,IOS_GENERAL,44.0,66,IOS_GENERAL,,0.0,G2_GUARDED_PER_SHARE,0.0716,0.0716,0.0509,0.1225,-0.093,-0.385,0.184
VRSN,VERISIGN INC,SOFTWARE,SOFTWARE,86.4,86.4,30,PROVISIONAL,70.4,100.0,293.28,26483184000.0,NASDAQ_PUBLIC_SCREENER,27.7,165,IOS_GENERAL,27.7,85,IOS_GENERAL,,0.0,G2_GUARDED_PER_SHARE,0.0515,0.0515,0.0377,0.0892,-0.382,-0.581,-0.193
VRT,VERTIV HOLDINGS CO A,GENERAL,GENERAL,77.2,77.2,102,PROVISIONAL,63.3,100.0,248.78,95777357679.0,NASDAQ_PUBLIC_SCREENER,32.6,144,IOS_GENERAL,,,IOS_GENERAL,guarded growth inputs MISSING/CONFLICTING,,G2_GUARDED_PER_SHARE,,,,,,,
VRTX,VERTEX PHARMACEUTICALS INC,GENERAL,GENERAL,64.7,64.7,195,PROVISIONAL,70.4,100.0,516.34,130872013498.0,NASDAQ_PUBLIC_SCREENER,34.3,134,IOS_GENERAL,9.7,150,IOS_GENERAL,,-24.6,G2_GUARDED_PER_SHARE,0.0,0.0,0.0192,0.0188,-0.765,-0.808,-0.696
VST,VISTRA CORP,UTILITY,UTILITY,66.4,66.4,189,PROVISIONAL,63.3,100.0,137.97,46307587854.0,NASDAQ_PUBLIC_SCREENER,33.4,140,IOS_GENERAL,,,IOS_GENERAL,guarded growth inputs MISSING/CONFLICTING,,G2_GUARDED_PER_SHARE,,,,,,,
VTR,VENTAS INC,REIT,REIT,53.9,53.9,,PROVISIONAL,26.5,83.3,86.64,44441672544.0,NASDAQ_PUBLIC_SCREENER,,,IOS_REIT,,,IOS_REIT,BQS<60,,,,,,,,,
VTRS,VIATRIS INC,GENERAL,GENERAL,39.5,39.5,301,PROVISIONAL,72.4,100.0,17.12,19663875592.0,NASDAQ_PUBLIC_SCREENER,,,IOS_GENERAL,,,IOS_GENERAL,BQS<60,,,,,,,,,
VZ,VERIZON COMMUNICATIONS INC,GENERAL,GENERAL,60.5,60.5,233,PROVISIONAL,51.0,100.0,46.52,193280142397.0,NASDAQ_PUBLIC_SCREENER,94.1,15,IOS_GENERAL,,,IOS_GENERAL,capex MISSING/CONFLICTING,,,,,,,,,
WAB,WABTEC CORP,GENERAL,GENERAL,83.4,83.4,54,PROVISIONAL,70.4,100.0,292.22,49359128879.0,NASDAQ_PUBLIC_SCREENER,40.4,100,IOS_GENERAL,40.8,71,IOS_GENERAL,,0.4,G2_GUARDED_PER_SHARE,0.1012,0.1012,0.0287,0.13,-0.421,-0.608,-0.245
WAT,WATERS CORP,GENERAL,GENERAL,70.1,70.1,158,PROVISIONAL,63.3,100.0,420.57,41320208043.0,NASDAQ_PUBLIC_SCREENER,10.5,279,IOS_GENERAL,,,IOS_GENERAL,guarded growth inputs MISSING/CONFLICTING,,G2_GUARDED_PER_SHARE,,,,,,,
WBD,WARNER BROS DISCOVERY INC,GENERAL,GENERAL,36.8,36.8,307,PROVISIONAL,68.4,100.0,30.76,77229233939.0,NASDAQ_PUBLIC_SCREENER,,,IOS_GENERAL,,,IOS_GENERAL,BQS<60,,,,,,,,,
WDAY,WORKDAY INC CLASS A,SOFTWARE,SOFTWARE,70.1,70.1,159,PROVISIONAL,58.2,100.0,192.38,46363580000.0,NASDAQ_PUBLIC_SCREENER,37.1,112,IOS_GENERAL,,,IOS_GENERAL,guarded growth inputs MISSING/CONFLICTING,,G2_GUARDED_PER_SHARE,,,,,,,
WDC,WESTERN DIGITAL CORP,SEMICONDUCTOR,SEMICONDUCTOR,57.1,57.1,,PROVISIONAL,62.2,83.3,473.69,170784639763.0,NASDAQ_PUBLIC_SCREENER,,,IOS_GENERAL,,,IOS_GENERAL,BQS<60,,,,,,,,,
WEC,WEC ENERGY GROUP INC,UTILITY,UTILITY,57.1,57.1,249,PROVISIONAL,57.1,100.0,101.17,32966182078.0,NASDAQ_PUBLIC_SCREENER,,,IOS_GENERAL,,,IOS_GENERAL,BQS<60,,,,,,,,,
WELL,WELLTOWER INC,REIT,REIT,70.4,70.4,151,PROVISIONAL,31.6,100.0,229.87,165677641886.0,NASDAQ_PUBLIC_SCREENER,,,IOS_REIT,,,IOS_REIT,AFFO MISSING: FFO e capex di manutenzione non separati,,,,,,,,,
WFC,WELLS FARGO + CO,BANK,BANK,60.5,60.5,,PROVISIONAL,50.0,83.3,81.9,247665545618.0,NASDAQ_PUBLIC_SCREENER,54.1,59,IOS_BANK,54.1,37,IOS_BANK,,0.0,,,,0.0862,0.1662,-0.078,-0.309,0.198
WM,WASTE MANAGEMENT INC,UTILITY,UTILITY,83.9,83.9,,PROVISIONAL,60.2,83.3,207.88,83092792450.0,NASDAQ_PUBLIC_SCREENER,36.7,117,IOS_GENERAL,,,IOS_GENERAL,share_change MISSING/CONFLICTING,,,,,,,,,
WMB,WILLIAMS COS INC,UTILITY,UTILITY,72.3,72.3,137,PROVISIONAL,75.5,100.0,71.11,86979438934.0,NASDAQ_PUBLIC_SCREENER,10.8,271,IOS_GENERAL,10.8,137,IOS_GENERAL,,0.0,G2_GUARDED_PER_SHARE,0.0,0.0,0.0105,0.0088,-0.879,-0.9,-0.846
WMT,WALMART INC,GENERAL,GENERAL,60.6,60.6,232,PROVISIONAL,63.3,100.0,110.53,876916972018.0,NASDAQ_PUBLIC_SCREENER,17.3,208,IOS_GENERAL,,,IOS_GENERAL,SBC MISSING/CONFLICTING,,,,,,,,,
WRB,WR BERKLEY CORP,INSURANCE,INSURANCE,90.7,90.7,,PROVISIONAL,42.9,83.3,67.67,25120966887.0,NASDAQ_PUBLIC_SCREENER,,,IOS_INSURANCE,,,IOS_INSURANCE,combined ratio MISSING: sottoscrizione non valutabile,,,,,,,,,
WSM,WILLIAMS SONOMA INC,GENERAL,GENERAL,74.1,74.1,123,PROVISIONAL,70.4,100.0,227.83,26833628985.0,NASDAQ_PUBLIC_SCREENER,11.1,263,IOS_GENERAL,11.1,133,IOS_GENERAL,,0.0,G2_GUARDED_PER_SHARE,0.0,0.0,0.0354,0.0354,-0.535,-0.626,-0.393
WST,WEST PHARMACEUTICAL SERVICES,GENERAL,GENERAL,75.1,75.1,115,PROVISIONAL,70.4,100.0,375.87,26452137663.0,NASDAQ_PUBLIC_SCREENER,11.3,256,IOS_GENERAL,11.3,128,IOS_GENERAL,,0.0,G2_GUARDED_PER_SHARE,0.0212,0.0212,0.0168,0.038,-0.758,-0.822,-0.684
WTW,WILLIS TOWERS WATSON PLC,INSURANCE,INSURANCE,82.6,82.6,,PROVISIONAL,63.3,83.3,298.99,27767780444.0,NASDAQ_PUBLIC_SCREENER,,,IOS_INSURANCE,,,IOS_INSURANCE,combined ratio MISSING: sottoscrizione non valutabile,,,,,,,,,
WY,WEYERHAEUSER CO,REIT,REIT,39.0,39.0,303,PROVISIONAL,52.0,100.0,21.17,15257981120.0,NASDAQ_PUBLIC_SCREENER,,,IOS_REIT,,,IOS_REIT,BQS<60,,,,,,,,,
WYNN,WYNN RESORTS LTD,GENERAL,GENERAL,81.8,81.8,,PROVISIONAL,25.5,83.3,81.45,8387223422.0,NASDAQ_PUBLIC_SCREENER,24.6,178,IOS_GENERAL,,,IOS_GENERAL,guarded growth inputs MISSING/CONFLICTING,,G2_GUARDED_PER_SHARE,,,,,,,
XEL,XCEL ENERGY INC,UTILITY,UTILITY,43.8,43.8,,PROVISIONAL,28.6,83.3,70.66,44136660062.0,NASDAQ_PUBLIC_SCREENER,,,IOS_GENERAL,,,IOS_GENERAL,BQS<60,,,,,,,,,
XOM,EXXONMOBIL HOLDINGS CORP,UNKNOWN,UNKNOWN,,,,NOT_CALCULATED,0.0,0.0,161.23,662963565311.0,NASDAQ_PUBLIC_SCREENER,,,IOS_GENERAL,,,IOS_GENERAL,,,,,,,,,,
XYL,XYLEM INC,INDUSTRIAL,INDUSTRIAL,79.5,79.5,85,PROVISIONAL,70.4,100.0,108.64,25366007256.0,NASDAQ_PUBLIC_SCREENER,41.8,92,IOS_GENERAL,52.9,41,IOS_GENERAL,,11.1,G2_GUARDED_PER_SHARE,0.15,0.12,0.0338,0.1818,-0.265,-0.502,-0.043
XYZ,BLOCK INC,SOFTWARE,SOFTWARE,71.5,71.5,143,PROVISIONAL,62.2,100.0,74.68,44867370600.0,NASDAQ_PUBLIC_SCREENER,38.0,105,IOS_GENERAL,42.5,68,IOS_GENERAL,,4.5,G2_GUARDED_PER_SHARE,0.1133,0.1133,0.027,0.1403,-0.43,-0.614,-0.257
YUM,YUM BRANDS INC,GENERAL,GENERAL,77.2,77.2,,PROVISIONAL,66.3,83.3,140.63,38378079584.0,NASDAQ_PUBLIC_SCREENER,31.1,152,IOS_GENERAL,,,IOS_GENERAL,share_change MISSING/CONFLICTING,,,,,,,,,
ZBH,ZIMMER BIOMET HOLDINGS INC,GENERAL,GENERAL,70.6,70.6,149,PROVISIONAL,67.3,100.0,90.88,17334241176.0,NASDAQ_PUBLIC_SCREENER,59.2,51,IOS_GENERAL,,,IOS_GENERAL,guarded growth inputs MISSING/CONFLICTING,,G2_GUARDED_PER_SHARE,,,,,,,
ZBRA,ZEBRA TECHNOLOGIES CORP CL A,INDUSTRIAL,INDUSTRIAL,71.4,71.4,,PROVISIONAL,62.2,83.3,371.02,17553201073.0,NASDAQ_PUBLIC_SCREENER,10.7,274,IOS_GENERAL,,,IOS_GENERAL,share_change MISSING/CONFLICTING,,,,,,,,,
ZTS,ZOETIS INC,GENERAL,GENERAL,84.2,84.2,46,PROVISIONAL,44.9,100.0,71.61,29590942139.0,NASDAQ_PUBLIC_SCREENER,61.2,49,IOS_GENERAL,61.2,26,IOS_GENERAL,,0.0,G2_GUARDED_PER_SHARE,0.0542,0.0542,0.0743,0.1286,0.233,-0.164,0.609
